PLAZA,Fecha_Descarga,CDE,CDD,Addon,Soportes,Instalaciones,Recolecciones
ACAPULCO,2025-08-24,NA,2,NA,2,2,2
ACAPULCO,2025-08-25,NA,NA,1,1,2,NA
ACAPULCO,2025-08-28,NA,1,1,6,4,3
ACAPULCO,2025-08-29,NA,2,NA,4,2,2
ACAPULCO,2025-08-30,NA,1,NA,2,1,2
ACAPULCO,2025-08-31,NA,1,1,2,3,2
ACAPULCO,2025-09-01,NA,NA,NA,NA,2,2
ACAPULCO,2025-09-02,NA,NA,1,NA,1,3
ACAPULCO,2025-09-03,NA,NA,NA,3,2,5
ACAPULCO,2025-09-04,NA,4,NA,5,2,7
ACAPULCO,2025-09-05,NA,1,NA,3,2,3
ACAPULCO,2025-09-06,NA,NA,1,1,1,3
ACAPULCO,2025-09-07,NA,2,NA,1,2,3
ACAPULCO,2025-09-08,NA,2,1,1,2,2
ACAPULCO,2025-09-09,NA,1,NA,3,2,3
ACAPULCO,2025-09-11,NA,2,NA,3,3,NA
ACAPULCO,2025-09-13,NA,NA,1,4,2,NA
ACAPULCO,2025-09-15,NA,NA,1,2,2,2
ACAPULCO,2025-09-16,NA,1,1,4,3,2
ACAPULCO,2025-09-17,NA,NA,1,3,2,2
ACAPULCO,2025-09-19,NA,NA,NA,2,2,2
ACAPULCO,2025-09-20,NA,NA,1,2,7,3
ACAPULCO,2025-09-21,NA,NA,1,2,7,4
ACAPULCO,2025-09-22,NA,1,NA,6,6,NA
ACAPULCO,2025-09-23,NA,1,NA,2,2,1
ACAPULCO,2025-09-24,NA,1,1,3,4,5
ACAPULCO,2025-09-25,NA,1,1,3,2,3
ACAPULCO,2025-09-26,NA,1,NA,3,2,4
ACAPULCO,2025-09-27,NA,1,2,3,4,4
ACAPULCO,2025-09-28,NA,NA,1,1,3,2
ACAPULCO,2025-09-29,NA,NA,2,3,2,1
ACAPULCO,2025-09-30,NA,NA,1,1,6,2
ACAPULCO,2025-10-01,NA,NA,NA,4,3,4
ACAPULCO,2025-10-02,NA,NA,1,1,2,2
ACAPULCO,2025-10-03,NA,NA,NA,3,1,6
ACAPULCO,2025-10-05,NA,NA,NA,1,5,1
ACAPULCO,2025-10-07,NA,NA,NA,2,2,3
ACAPULCO,2025-10-08,NA,NA,NA,6,2,2
ACAPULCO,2025-10-09,NA,1,2,NA,1,2
ACAPULCO,2025-10-10,NA,NA,1,2,1,2
ACAPULCO,2025-10-11,NA,1,1,3,2,3
ACAPULCO,2025-10-12,NA,1,NA,3,1,1
ACAPULCO,2025-10-14,NA,2,1,2,1,NA
ACAPULCO,2025-10-15,NA,3,NA,1,1,2
ACAPULCO,2025-10-16,NA,5,NA,2,3,1
ACAPULCO,2025-10-17,NA,1,NA,3,3,1
ACAPULCO,2025-10-18,NA,1,1,3,3,2
ACAPULCO,2025-10-20,NA,3,NA,1,1,2
ACAPULCO,2025-10-22,NA,2,1,2,2,6
ACAPULCO,2025-10-23,NA,2,1,5,1,5
ACAPULCO,2025-10-24,NA,1,1,5,1,2
ACAPULCO,2025-10-25,NA,1,NA,5,1,1
ACAPULCO,2025-10-26,NA,1,NA,3,3,1
ACAPULCO,2025-10-27,NA,3,NA,5,2,1
ACAPULCO,2025-10-28,NA,1,NA,4,1,1
ACAPULCO,2025-10-30,NA,1,NA,1,2,2
ACAPULCO,2025-10-31,NA,2,NA,2,1,3
ACAPULCO,2025-11-03,NA,3,NA,1,5,NA
ACAPULCO,2025-11-04,NA,3,NA,1,3,1
ACAPULCO,2025-11-05,NA,1,1,5,2,1
ACAPULCO,2025-11-06,NA,1,2,3,3,1
ACAPULCO,2025-11-07,NA,2,2,3,5,3
ACAPULCO,2025-11-08,NA,NA,2,NA,2,4
ACAPULCO,2025-11-09,NA,NA,1,2,4,1
ACAPULCO,2025-11-10,NA,NA,NA,2,6,3
ACAPULCO,2025-11-11,NA,1,NA,2,2,4
ACAPULCO,2025-11-12,NA,NA,NA,2,2,2
ACAPULCO,2025-11-13,NA,NA,1,2,4,2
ACAPULCO,2025-11-14,NA,1,6,1,3,3
ACAPULCO,2025-11-15,NA,3,1,4,3,3
ACAPULCO,2025-11-16,NA,2,NA,1,2,3
ACAPULCO,2025-11-17,NA,2,NA,1,2,4
ACAPULCO,2025-11-18,NA,2,NA,1,2,4
ACAPULCO,2025-11-20,NA,2,1,NA,4,3
ACAPULCO,2025-11-21,NA,2,NA,1,1,3
ACAPULCO,2025-11-22,NA,3,NA,5,1,NA
ACAPULCO,2025-11-23,NA,3,1,3,2,1
ACAPULCO,2025-11-24,NA,3,1,1,1,1
ACAPULCO,2025-11-25,NA,4,NA,3,4,2
ACAPULCO,2025-11-27,NA,1,NA,1,2,3
ACAPULCO,2025-11-28,NA,1,NA,2,1,1
ACAPULCO,2025-11-29,NA,2,1,1,3,4
ACAPULCO,2025-11-30,NA,2,NA,1,4,1
ACAPULCO,2025-12-02,NA,1,1,NA,1,1
ACAPULCO,2025-12-03,NA,3,NA,3,5,1
ACAPULCO,2025-12-04,NA,2,NA,1,3,2
ACAPULCO,2025-12-05,NA,1,NA,2,2,2
ACAPULCO,2025-12-06,NA,1,NA,2,5,1
ACAPULCO,2025-12-07,NA,NA,NA,1,2,1
ACAPULCO,2025-12-08,NA,1,1,1,5,2
ACAPULCO,2025-12-09,NA,NA,NA,2,3,1
ACAPULCO,2025-12-10,NA,1,NA,2,3,2
ACAPULCO,2025-12-11,NA,NA,NA,3,4,2
ACAPULCO,2025-12-12,NA,3,NA,2,3,1
ACAPULCO,2025-12-13,NA,2,NA,4,3,NA
ACAPULCO,2025-12-14,NA,2,1,NA,5,1
ACAPULCO,2025-12-15,NA,1,NA,1,6,NA
ACAPULCO,2025-12-16,NA,NA,NA,4,3,2
ACAPULCO,2025-12-17,NA,NA,NA,2,1,4
ACAPULCO,2025-12-18,NA,NA,NA,3,2,5
ACAPULCO,2025-12-19,NA,NA,1,2,2,4
ACAPULCO,2025-12-20,NA,NA,1,NA,3,3
ACAPULCO,2025-12-21,NA,1,NA,2,1,8
ACAPULCO,2025-12-22,NA,1,NA,3,2,7
ACAPULCO,2025-12-23,NA,NA,1,NA,1,4
ACAPULCO,2025-12-24,NA,2,NA,2,4,6
ACAPULCO,2025-12-25,NA,NA,NA,3,1,3
ACAPULCO,2025-12-27,NA,1,NA,2,2,3
ACAPULCO,2025-12-28,NA,1,NA,5,2,3
ACAPULCO,2025-12-29,NA,NA,NA,NA,1,2
ACAPULCO,2025-12-30,NA,NA,NA,4,1,2
ACAPULCO,2025-12-31,NA,NA,1,5,2,1
ACAPULCO,2026-01-01,NA,NA,NA,1,1,3
ACAPULCO,2026-01-02,NA,NA,NA,4,1,3
ACAPULCO,2026-01-04,NA,NA,NA,2,2,3
ACAPULCO,2026-01-05,NA,1,NA,2,3,1
ACAPULCO,2026-01-06,NA,1,NA,2,2,2
ACAPULCO,2026-01-07,NA,2,NA,1,1,4
ACAPULCO,2026-01-08,NA,1,NA,2,3,4
ACAPULCO,2026-01-12,NA,NA,NA,NA,1,2
ACAPULCO,2026-01-13,NA,NA,NA,1,4,1
ACAPULCO,2026-01-14,NA,1,NA,2,5,NA
ACAPULCO,2026-01-15,NA,2,1,3,4,2
ACAPULCO,2026-01-17,NA,2,NA,4,4,3
ACAPULCO,2026-01-18,NA,2,1,3,6,1
ACAPULCO,2026-01-19,NA,1,NA,NA,6,1
ACAPULCO,2026-01-20,NA,2,NA,1,3,4
ACAPULCO,2026-01-21,NA,1,1,2,3,6
ACAPULCO,2026-01-22,NA,2,NA,7,3,NA
ACAPULCO,2026-01-25,NA,2,NA,1,3,2
ACAPULCO,2026-01-28,NA,1,1,2,1,2
ACAPULCO,2026-01-29,NA,NA,NA,4,1,1
ACAPULCO,2026-01-30,NA,NA,NA,3,1,2
ACAPULCO,2026-01-31,NA,NA,NA,2,1,4
ACAPULCO,2026-02-01,NA,3,NA,3,2,1
ACAPULCO,2026-02-02,NA,NA,1,1,2,1
ACAPULCO,2026-02-03,NA,NA,NA,3,2,1
ACAPULCO,2026-02-04,NA,2,NA,2,1,2
ACAPULCO,2026-02-05,NA,NA,NA,1,1,3
ACAPULCO,2026-02-08,NA,NA,NA,1,1,2
ACAPULCO,2026-02-10,NA,1,2,3,1,5
ACAPULCO,2026-02-11,NA,NA,6,2,3,2
ACAPULCO,2026-02-12,NA,NA,2,2,1,2
ACAPULCO,2026-02-13,NA,NA,2,3,1,1
ACAPULCO,2026-02-14,NA,2,NA,1,1,2
ACAPULCO,2026-02-17,NA,3,1,NA,3,4
ACAPULCO,2026-02-18,NA,1,NA,7,2,3
ACAPULCO,2026-02-19,NA,4,NA,1,2,2
ACAPULCO,2026-02-20,NA,NA,NA,4,3,3
ACAPULCO,2026-02-21,NA,2,NA,7,3,3
ACAPULCO,2026-02-22,NA,1,NA,4,2,3
ACAPULCO,2026-02-23,NA,1,NA,10,7,3
ACAPULCO,2026-02-24,NA,NA,1,2,1,1
ACAPULCO,2026-02-25,NA,1,NA,NA,1,1
ACAPULCO,2026-02-27,NA,2,1,3,2,2
ACAPULCO,2026-02-28,NA,NA,NA,5,1,1
ACAPULCO,2026-03-01,NA,NA,NA,3,1,4
ACAPULCO,2026-03-02,NA,NA,2,2,1,3
ACAPULCO,2026-03-03,NA,NA,2,3,3,1
ACAPULCO,2026-03-04,NA,2,NA,5,1,2
ACAPULCO,2026-03-05,NA,2,NA,4,2,2
ACAPULCO,2026-03-06,NA,4,NA,4,3,1
ACAPULCO,2026-03-07,NA,2,NA,5,4,2
ACAPULCO,2026-03-08,NA,NA,NA,2,1,5
ACAPULCO,2026-03-10,NA,NA,NA,3,3,1
ACAPULCO,2026-03-11,NA,NA,NA,1,2,4
ACAPULCO,2026-03-12,NA,NA,1,4,2,8
ACAPULCO,2026-03-13,NA,1,NA,4,2,1
ACAPULCO,2026-03-14,NA,1,NA,2,2,NA
ACAPULCO,2026-03-15,NA,1,NA,4,2,1
ACAPULCO,2026-03-16,NA,NA,NA,1,3,2
ACAPULCO,2026-03-18,NA,NA,NA,3,4,1
ACAPULCO,2026-03-19,NA,1,1,4,3,1
ACAPULCO,2026-03-20,NA,2,2,1,5,3
ACAPULCO,2026-03-21,NA,1,1,1,1,3
ACAPULCO,2026-03-22,NA,2,NA,2,2,3
ACAPULCO,2026-03-23,NA,2,NA,4,1,3
ACAPULCO,2026-03-24,NA,1,NA,2,1,3
ACAPULCO,2026-03-25,NA,NA,1,3,1,5
ACAPULCO,2026-03-26,NA,NA,1,4,2,4
ACAPULCO,2026-03-27,NA,2,NA,1,3,1
ACAPULCO,2026-03-28,NA,1,NA,4,4,2
ACAPULCO,2026-03-29,NA,1,1,4,3,3
ACAPULCO,2026-03-30,NA,NA,NA,5,1,3
ACAPULCO,2026-03-31,NA,NA,1,1,2,1
ACAPULCO,2026-04-01,NA,NA,1,4,2,2
ACAPULCO,2026-04-02,NA,NA,1,2,2,5
ACAPULCO,2026-04-03,NA,1,NA,2,1,NA
ACAPULCO,2026-04-04,NA,1,NA,NA,1,3
ACAPULCO,2026-04-05,NA,1,NA,NA,1,1
ACAPULCO,2026-04-06,NA,NA,1,3,2,1
ACAPULCO,2026-04-07,NA,NA,NA,4,3,1
ACAPULCO,2026-04-08,NA,1,NA,4,3,2
ACAPULCO,2026-04-09,NA,3,1,5,6,NA
ACAPULCO,2026-04-10,NA,NA,1,NA,2,4
ACAPULCO,2026-04-12,NA,NA,NA,4,1,2
ACAPULCO,2026-04-13,NA,NA,1,2,2,3
ACAPULCO,2026-04-14,NA,NA,1,2,4,3
ACAPULCO,2026-04-15,NA,NA,NA,NA,2,5
ACAPULCO,2026-04-18,NA,1,NA,3,2,1
ACAPULCO,2026-04-19,NA,2,NA,7,3,1
ACAPULCO,2026-04-20,NA,2,NA,4,2,1
ACAPULCO,2026-04-21,NA,NA,1,3,5,1
ACAPULCO,2026-04-22,NA,1,NA,1,1,1
ACAPULCO,2026-04-23,NA,NA,2,5,1,1
ACAPULCO,2026-04-24,NA,NA,2,1,2,2
ACAPULCO,2026-04-25,NA,NA,2,4,1,2
ACAPULCO,2026-04-26,NA,NA,NA,5,2,3
ACAPULCO,2026-04-27,NA,NA,NA,NA,1,1
ACAPULCO,2026-04-28,NA,1,1,1,2,NA
ACAPULCO,2026-04-29,NA,4,1,3,2,4
ACAPULCO,2026-04-30,NA,1,1,1,1,6
ACAPULCO,2026-05-01,NA,NA,NA,3,1,7
ACAPULCO,2026-05-02,NA,1,NA,1,2,1
ACAPULCO,2026-05-03,NA,NA,1,1,1,2
ACAPULCO,2026-05-05,NA,NA,NA,8,2,1
ACAPULCO,2026-05-06,NA,NA,NA,6,3,1
ACAPULCO,2026-05-08,NA,1,1,8,1,NA
ACAPULCO,2026-05-09,NA,NA,1,6,2,1
ACAPULCO,2026-05-10,NA,NA,NA,3,2,1
ACAPULCO,2026-05-11,NA,NA,1,3,1,1
ACAPULCO,2026-05-12,NA,NA,1,3,2,2
ACAPULCO,2026-05-13,NA,NA,1,3,2,4
ACAPULCO,2026-05-14,NA,NA,NA,4,2,NA
ACAPULCO,2026-05-17,NA,NA,NA,3,2,1
ACAPULCO,2026-05-18,NA,1,NA,5,3,1
ACAPULCO,2026-05-19,NA,NA,NA,2,2,3
ACAPULCO,2026-05-20,NA,NA,NA,6,3,NA
ACAPULCO,2026-05-21,NA,1,NA,4,4,2
ACAPULCO,2026-05-22,NA,1,NA,6,2,NA
ACAPULCO,2026-05-23,NA,3,1,3,4,NA
ACAPULCO,2026-05-24,NA,2,1,4,4,NA
ACAPULCO,2026-05-25,NA,NA,NA,1,4,NA
ACAPULCO,2026-05-26,NA,1,1,5,2,2
ACAPULCO,2026-05-27,NA,2,NA,8,3,3
ACAPULCO,2026-05-28,NA,1,NA,5,4,3
ACAPULCO,2026-05-29,NA,1,NA,8,3,3
ACAPULCO,2026-05-30,NA,2,1,3,3,1
ACAPULCO,2026-05-31,NA,1,NA,4,7,1
ACAPULCO,2026-06-01,NA,1,NA,4,1,NA
ACAPULCO,2026-06-03,NA,NA,NA,6,1,7
ACAPULCO,2026-06-04,NA,1,NA,3,5,4
ACAPULCO,2026-06-05,NA,1,NA,2,5,4
ACAPULCO,2026-06-06,NA,NA,NA,3,3,6
ACAPULCO,2026-06-07,NA,1,NA,5,3,3
ACAPULCO,2026-06-09,NA,1,2,3,3,1
ACAPULCO,2026-06-11,NA,4,NA,4,4,4
ACAPULCO,2026-06-12,NA,5,NA,3,1,2
ACAPULCO,2026-06-13,NA,4,NA,3,4,4
ACAPULCO,2026-06-14,NA,2,1,3,4,4
ACAPULCO,2026-06-15,NA,3,NA,7,3,3
ACAPULCO,2026-06-16,NA,7,NA,6,1,5
ACAPULCO,2026-06-17,NA,3,1,4,1,6
ACAPULCO,2026-06-18,NA,1,1,2,1,NA
ACAPULCO,2026-06-19,NA,1,1,1,1,2
ACAPULCO,2026-06-20,NA,5,NA,3,1,3
ACAPULCO,2026-06-23,NA,1,NA,4,3,4
ACAPULCO,2026-06-24,NA,3,2,1,3,1
ACAPULCO,2026-06-25,NA,1,1,4,1,2
ACAPULCO,2026-06-26,NA,3,NA,6,1,2
ACAPULCO,2026-06-27,NA,5,NA,8,4,4
ACAPULCO,2026-06-28,NA,1,NA,6,7,5
ACAPULCO,2026-06-29,NA,2,NA,7,3,4
ACAPULCO,2026-06-30,NA,2,NA,6,2,2
ACAPULCO,2026-07-01,NA,3,1,7,3,4
ACAPULCO,2026-07-02,NA,2,NA,5,4,3
ACAPULCO,2026-07-03,NA,1,1,3,3,5
ACAPULCO,2026-07-04,NA,1,1,2,2,4
ACAPULCO,2026-07-05,NA,NA,NA,5,2,4
ACAPULCO,2026-07-07,NA,NA,NA,3,1,1
ACAPULCO,2026-07-08,NA,NA,NA,6,1,1
ACAPULCO,2026-07-10,NA,NA,4,3,3,3
ACAPULCO,2026-07-11,NA,NA,NA,5,4,NA
ACAPULCO,2026-07-12,NA,NA,NA,7,4,1
ACAPULCO,2026-07-13,NA,1,1,5,1,1
ACAPULCO,2026-07-14,NA,1,NA,3,1,2
ACAPULCO,2026-07-15,NA,1,NA,5,3,2
ACAPULCO,2026-07-17,NA,1,2,20,2,2
ACAPULCO,2026-07-18,NA,2,1,10,2,3
ACAPULCO,2026-07-19,NA,1,3,8,5,6
ACAPULCO,2026-07-20,NA,1,1,4,3,4
ACAPULCO,2026-07-21,NA,1,1,3,3,2
ACAPULCO,2026-07-22,NA,2,NA,5,5,1
ACAPULCO,2026-07-23,NA,3,NA,6,1,1
ACAPULCO,2026-07-24,NA,NA,1,3,1,2
ACAPULCO,2026-07-25,NA,1,NA,3,1,3
ACAPULCO,2026-07-26,NA,NA,1,9,2,1
ACAPULCO,2026-07-27,NA,2,2,7,1,1
ACAPULCO,2026-07-29,NA,2,NA,5,3,1
ACAPULCO,2026-07-30,NA,NA,NA,5,2,4
ACAPULCO,2026-07-31,NA,NA,NA,3,1,4
ACAPULCO,2026-08-01,NA,NA,2,1,3,2
ACAPULCO,2026-08-02,NA,NA,1,4,1,3
ACAPULCO,2026-08-06,NA,NA,NA,8,2,1
ACAPULCO,2026-08-07,NA,1,NA,9,3,1
ACAPULCO,2026-08-08,1,1,NA,4,3,2
ACAPULCO,2026-08-09,2,NA,1,4,1,3
ACAPULCO,2026-08-12,NA,2,2,8,1,4
ACAPULCO,2026-08-13,NA,1,1,8,4,4
ACAPULCO,2026-08-14,1,2,1,6,5,NA
ACAPULCO,2026-08-15,NA,3,1,3,3,5
ACAPULCO,2026-08-16,NA,3,1,8,2,5
ACAPULCO,2026-08-17,NA,1,NA,8,4,4
ACAPULCO,2026-08-18,1,2,NA,6,2,4
ACAPULCO,2026-08-19,NA,1,NA,7,1,5
ACAPULCO,2026-08-20,NA,1,1,2,2,6
ACAPULCO,2026-08-21,NA,NA,1,5,2,7
ACAPULCO,2026-08-22,1,NA,2,5,2,6
ACAPULCO,2026-08-23,NA,NA,2,4,2,7
ACAPULCO,2026-08-24,NA,NA,2,6,5,8
AGUASCALIENTES,2025-08-24,NA,10,6,29,22,26
AGUASCALIENTES,2025-08-25,NA,12,5,21,14,29
AGUASCALIENTES,2025-08-26,NA,11,5,20,27,25
AGUASCALIENTES,2025-08-27,NA,8,4,21,32,19
AGUASCALIENTES,2025-08-28,NA,6,6,23,38,30
AGUASCALIENTES,2025-08-29,NA,13,5,16,32,22
AGUASCALIENTES,2025-08-30,NA,15,6,26,37,21
AGUASCALIENTES,2025-08-31,NA,8,4,20,24,28
AGUASCALIENTES,2025-09-01,NA,10,3,22,22,20
AGUASCALIENTES,2025-09-02,NA,14,6,30,35,36
AGUASCALIENTES,2025-09-03,NA,12,10,42,33,37
AGUASCALIENTES,2025-09-04,NA,14,10,37,44,28
AGUASCALIENTES,2025-09-05,NA,11,9,26,34,26
AGUASCALIENTES,2025-09-06,NA,12,9,34,39,21
AGUASCALIENTES,2025-09-07,NA,12,3,26,30,21
AGUASCALIENTES,2025-09-08,NA,8,3,27,25,22
AGUASCALIENTES,2025-09-09,NA,10,5,23,33,31
AGUASCALIENTES,2025-09-10,NA,16,7,37,28,33
AGUASCALIENTES,2025-09-11,NA,12,14,26,34,30
AGUASCALIENTES,2025-09-12,NA,14,6,23,48,27
AGUASCALIENTES,2025-09-13,NA,14,5,34,32,26
AGUASCALIENTES,2025-09-14,NA,9,3,28,16,16
AGUASCALIENTES,2025-09-15,NA,8,3,16,20,16
AGUASCALIENTES,2025-09-16,NA,9,3,25,22,25
AGUASCALIENTES,2025-09-17,NA,10,3,26,34,20
AGUASCALIENTES,2025-09-18,NA,10,4,30,45,25
AGUASCALIENTES,2025-09-19,NA,11,5,33,36,26
AGUASCALIENTES,2025-09-20,NA,12,6,26,33,28
AGUASCALIENTES,2025-09-21,NA,5,9,25,31,18
AGUASCALIENTES,2025-09-22,NA,6,6,30,24,24
AGUASCALIENTES,2025-09-23,NA,9,6,29,26,37
AGUASCALIENTES,2025-09-24,NA,4,9,28,26,26
AGUASCALIENTES,2025-09-25,NA,6,7,20,23,26
AGUASCALIENTES,2025-09-26,NA,6,7,29,42,34
AGUASCALIENTES,2025-09-27,NA,9,7,35,41,33
AGUASCALIENTES,2025-09-28,NA,9,5,31,23,32
AGUASCALIENTES,2025-09-29,NA,8,4,23,21,27
AGUASCALIENTES,2025-09-30,NA,7,4,25,26,34
AGUASCALIENTES,2025-10-01,NA,8,5,25,22,33
AGUASCALIENTES,2025-10-02,NA,13,3,27,30,32
AGUASCALIENTES,2025-10-03,NA,10,7,21,31,42
AGUASCALIENTES,2025-10-04,NA,13,5,30,24,45
AGUASCALIENTES,2025-10-05,NA,9,8,16,23,48
AGUASCALIENTES,2025-10-06,NA,9,4,14,17,38
AGUASCALIENTES,2025-10-07,NA,8,8,32,28,24
AGUASCALIENTES,2025-10-08,NA,8,7,18,23,34
AGUASCALIENTES,2025-10-09,NA,3,6,25,24,26
AGUASCALIENTES,2025-10-10,NA,7,9,31,28,29
AGUASCALIENTES,2025-10-11,NA,14,12,32,31,28
AGUASCALIENTES,2025-10-12,NA,8,9,15,32,28
AGUASCALIENTES,2025-10-13,NA,8,3,17,28,12
AGUASCALIENTES,2025-10-14,NA,12,5,35,35,29
AGUASCALIENTES,2025-10-15,NA,13,9,40,36,39
AGUASCALIENTES,2025-10-16,NA,14,6,35,36,33
AGUASCALIENTES,2025-10-17,NA,14,3,15,49,33
AGUASCALIENTES,2025-10-18,NA,16,6,29,41,26
AGUASCALIENTES,2025-10-19,NA,11,3,17,28,32
AGUASCALIENTES,2025-10-20,NA,5,2,21,25,20
AGUASCALIENTES,2025-10-21,NA,10,7,32,35,16
AGUASCALIENTES,2025-10-22,NA,12,9,21,40,26
AGUASCALIENTES,2025-10-23,NA,15,10,30,40,32
AGUASCALIENTES,2025-10-24,NA,16,10,20,43,41
AGUASCALIENTES,2025-10-25,NA,15,8,21,51,32
AGUASCALIENTES,2025-10-26,NA,7,2,14,37,16
AGUASCALIENTES,2025-10-27,NA,8,7,22,25,17
AGUASCALIENTES,2025-10-28,NA,10,6,17,29,24
AGUASCALIENTES,2025-10-29,NA,10,6,27,40,28
AGUASCALIENTES,2025-10-30,NA,16,4,21,46,14
AGUASCALIENTES,2025-10-31,NA,13,4,26,56,21
AGUASCALIENTES,2025-11-01,NA,18,6,18,32,19
AGUASCALIENTES,2025-11-02,NA,10,4,20,21,16
AGUASCALIENTES,2025-11-03,NA,12,4,26,21,13
AGUASCALIENTES,2025-11-04,NA,10,5,29,36,13
AGUASCALIENTES,2025-11-05,NA,13,13,29,37,15
AGUASCALIENTES,2025-11-06,NA,10,11,33,46,20
AGUASCALIENTES,2025-11-07,NA,11,9,25,48,20
AGUASCALIENTES,2025-11-08,NA,10,5,25,46,20
AGUASCALIENTES,2025-11-09,NA,8,6,22,29,16
AGUASCALIENTES,2025-11-10,NA,8,5,12,26,12
AGUASCALIENTES,2025-11-11,NA,11,12,16,30,22
AGUASCALIENTES,2025-11-12,NA,9,13,29,34,21
AGUASCALIENTES,2025-11-13,NA,8,16,21,39,22
AGUASCALIENTES,2025-11-14,NA,15,10,40,51,23
AGUASCALIENTES,2025-11-15,NA,15,16,28,56,26
AGUASCALIENTES,2025-11-16,NA,9,17,26,38,23
AGUASCALIENTES,2025-11-17,NA,7,12,28,36,27
AGUASCALIENTES,2025-11-18,NA,10,13,24,58,35
AGUASCALIENTES,2025-11-19,NA,10,9,25,57,41
AGUASCALIENTES,2025-11-20,NA,11,9,30,64,30
AGUASCALIENTES,2025-11-21,NA,10,9,32,66,46
AGUASCALIENTES,2025-11-22,NA,16,15,36,73,47
AGUASCALIENTES,2025-11-23,NA,11,12,30,57,43
AGUASCALIENTES,2025-11-24,NA,9,9,27,51,28
AGUASCALIENTES,2025-11-25,NA,9,9,26,53,32
AGUASCALIENTES,2025-11-26,NA,12,10,36,49,30
AGUASCALIENTES,2025-11-27,NA,13,15,31,61,41
AGUASCALIENTES,2025-11-28,NA,18,14,22,67,44
AGUASCALIENTES,2025-11-29,NA,18,11,18,68,43
AGUASCALIENTES,2025-11-30,NA,14,9,34,56,29
AGUASCALIENTES,2025-12-01,NA,9,9,19,45,31
AGUASCALIENTES,2025-12-02,NA,19,10,20,59,33
AGUASCALIENTES,2025-12-03,NA,18,10,36,58,26
AGUASCALIENTES,2025-12-04,NA,11,8,31,52,32
AGUASCALIENTES,2025-12-05,NA,13,8,28,53,23
AGUASCALIENTES,2025-12-06,NA,11,6,41,53,30
AGUASCALIENTES,2025-12-07,NA,7,10,43,48,23
AGUASCALIENTES,2025-12-08,NA,9,11,21,48,24
AGUASCALIENTES,2025-12-09,NA,14,10,25,39,30
AGUASCALIENTES,2025-12-10,NA,16,12,28,51,23
AGUASCALIENTES,2025-12-11,NA,13,9,27,51,21
AGUASCALIENTES,2025-12-12,NA,11,4,17,57,18
AGUASCALIENTES,2025-12-13,NA,12,7,32,58,15
AGUASCALIENTES,2025-12-14,NA,16,11,32,61,13
AGUASCALIENTES,2025-12-15,NA,13,10,21,51,15
AGUASCALIENTES,2025-12-16,NA,10,8,28,50,22
AGUASCALIENTES,2025-12-17,NA,14,13,37,50,33
AGUASCALIENTES,2025-12-18,NA,14,6,30,50,35
AGUASCALIENTES,2025-12-19,NA,20,9,29,54,31
AGUASCALIENTES,2025-12-20,NA,13,18,35,56,22
AGUASCALIENTES,2025-12-21,NA,16,11,42,42,25
AGUASCALIENTES,2025-12-22,NA,15,13,28,24,19
AGUASCALIENTES,2025-12-23,NA,25,5,33,38,32
AGUASCALIENTES,2025-12-24,NA,17,10,18,28,16
AGUASCALIENTES,2025-12-25,NA,14,5,17,26,15
AGUASCALIENTES,2025-12-26,NA,13,4,15,29,13
AGUASCALIENTES,2025-12-27,NA,21,14,34,38,15
AGUASCALIENTES,2025-12-28,NA,15,7,14,38,12
AGUASCALIENTES,2025-12-29,NA,16,5,21,33,14
AGUASCALIENTES,2025-12-30,NA,18,14,26,41,20
AGUASCALIENTES,2025-12-31,NA,13,11,23,40,20
AGUASCALIENTES,2026-01-01,NA,8,11,26,35,27
AGUASCALIENTES,2026-01-02,NA,11,10,26,36,21
AGUASCALIENTES,2026-01-03,NA,13,13,31,46,27
AGUASCALIENTES,2026-01-04,NA,11,9,29,46,15
AGUASCALIENTES,2026-01-05,NA,11,14,37,35,20
AGUASCALIENTES,2026-01-06,NA,12,9,23,33,30
AGUASCALIENTES,2026-01-07,NA,13,5,33,43,40
AGUASCALIENTES,2026-01-08,NA,9,6,41,55,45
AGUASCALIENTES,2026-01-09,NA,12,9,29,49,43
AGUASCALIENTES,2026-01-10,NA,14,8,36,67,41
AGUASCALIENTES,2026-01-11,NA,7,8,28,47,17
AGUASCALIENTES,2026-01-12,NA,6,8,26,44,18
AGUASCALIENTES,2026-01-13,NA,14,10,31,55,20
AGUASCALIENTES,2026-01-14,NA,16,15,35,63,32
AGUASCALIENTES,2026-01-15,NA,18,13,22,61,33
AGUASCALIENTES,2026-01-16,NA,15,18,27,80,29
AGUASCALIENTES,2026-01-17,NA,13,15,30,68,17
AGUASCALIENTES,2026-01-18,NA,12,12,25,55,25
AGUASCALIENTES,2026-01-19,NA,10,6,30,42,14
AGUASCALIENTES,2026-01-20,NA,14,10,25,61,24
AGUASCALIENTES,2026-01-21,NA,13,14,37,54,24
AGUASCALIENTES,2026-01-22,NA,14,15,45,67,20
AGUASCALIENTES,2026-01-23,NA,18,14,52,73,31
AGUASCALIENTES,2026-01-24,NA,14,8,52,73,36
AGUASCALIENTES,2026-01-25,NA,12,11,40,52,26
AGUASCALIENTES,2026-01-26,NA,14,9,36,49,13
AGUASCALIENTES,2026-01-27,NA,18,5,39,87,27
AGUASCALIENTES,2026-01-28,NA,21,7,27,74,38
AGUASCALIENTES,2026-01-29,NA,16,11,22,58,49
AGUASCALIENTES,2026-01-30,NA,19,11,26,72,26
AGUASCALIENTES,2026-01-31,NA,19,11,27,83,27
AGUASCALIENTES,2026-02-01,NA,18,8,27,63,28
AGUASCALIENTES,2026-02-02,NA,16,6,29,60,29
AGUASCALIENTES,2026-02-03,NA,14,7,30,60,45
AGUASCALIENTES,2026-02-04,NA,8,10,28,58,44
AGUASCALIENTES,2026-02-05,NA,9,8,26,61,25
AGUASCALIENTES,2026-02-06,NA,16,8,22,63,21
AGUASCALIENTES,2026-02-07,NA,17,7,41,65,16
AGUASCALIENTES,2026-02-08,NA,9,9,37,57,24
AGUASCALIENTES,2026-02-09,NA,7,14,38,43,20
AGUASCALIENTES,2026-02-10,NA,5,9,30,53,28
AGUASCALIENTES,2026-02-11,NA,6,9,29,65,17
AGUASCALIENTES,2026-02-12,NA,6,6,24,69,15
AGUASCALIENTES,2026-02-13,NA,9,13,21,78,21
AGUASCALIENTES,2026-02-14,NA,9,11,30,81,25
AGUASCALIENTES,2026-02-15,NA,6,11,34,52,29
AGUASCALIENTES,2026-02-16,NA,4,13,31,50,23
AGUASCALIENTES,2026-02-17,NA,8,18,38,65,39
AGUASCALIENTES,2026-02-18,NA,10,11,45,56,39
AGUASCALIENTES,2026-02-19,NA,9,14,36,53,25
AGUASCALIENTES,2026-02-20,NA,16,8,26,57,34
AGUASCALIENTES,2026-02-21,NA,16,9,32,53,36
AGUASCALIENTES,2026-02-22,NA,13,8,21,51,31
AGUASCALIENTES,2026-02-23,NA,10,6,20,35,28
AGUASCALIENTES,2026-02-24,NA,14,11,37,36,32
AGUASCALIENTES,2026-02-25,NA,14,12,24,45,38
AGUASCALIENTES,2026-02-26,NA,13,15,23,46,38
AGUASCALIENTES,2026-02-27,NA,17,10,34,52,33
AGUASCALIENTES,2026-02-28,NA,19,8,20,62,44
AGUASCALIENTES,2026-03-01,NA,15,7,25,28,30
AGUASCALIENTES,2026-03-02,NA,13,8,17,28,25
AGUASCALIENTES,2026-03-03,NA,14,6,25,29,35
AGUASCALIENTES,2026-03-04,NA,7,7,29,29,29
AGUASCALIENTES,2026-03-05,NA,12,13,25,41,43
AGUASCALIENTES,2026-03-06,NA,10,11,31,42,41
AGUASCALIENTES,2026-03-07,NA,17,12,18,42,30
AGUASCALIENTES,2026-03-08,NA,6,6,25,38,19
AGUASCALIENTES,2026-03-09,NA,8,8,25,29,20
AGUASCALIENTES,2026-03-10,NA,10,15,35,43,23
AGUASCALIENTES,2026-03-11,NA,10,10,33,53,21
AGUASCALIENTES,2026-03-12,NA,12,9,32,51,32
AGUASCALIENTES,2026-03-13,NA,15,6,38,67,29
AGUASCALIENTES,2026-03-14,NA,17,13,59,57,33
AGUASCALIENTES,2026-03-15,NA,7,9,34,52,35
AGUASCALIENTES,2026-03-16,NA,10,6,28,36,30
AGUASCALIENTES,2026-03-17,NA,7,9,26,36,31
AGUASCALIENTES,2026-03-18,NA,8,6,28,44,22
AGUASCALIENTES,2026-03-19,NA,8,11,32,42,34
AGUASCALIENTES,2026-03-20,NA,11,14,24,52,38
AGUASCALIENTES,2026-03-21,NA,14,8,21,74,34
AGUASCALIENTES,2026-03-22,NA,9,8,31,45,32
AGUASCALIENTES,2026-03-23,NA,7,5,24,28,25
AGUASCALIENTES,2026-03-24,NA,10,7,24,38,32
AGUASCALIENTES,2026-03-25,NA,6,10,28,28,20
AGUASCALIENTES,2026-03-26,NA,13,6,27,45,21
AGUASCALIENTES,2026-03-27,NA,10,10,21,34,23
AGUASCALIENTES,2026-03-28,NA,17,9,28,47,16
AGUASCALIENTES,2026-03-29,NA,14,7,29,34,17
AGUASCALIENTES,2026-03-30,NA,15,8,29,32,19
AGUASCALIENTES,2026-03-31,NA,12,14,49,46,34
AGUASCALIENTES,2026-04-01,NA,14,14,50,31,23
AGUASCALIENTES,2026-04-02,NA,16,10,31,44,30
AGUASCALIENTES,2026-04-03,NA,17,9,30,39,23
AGUASCALIENTES,2026-04-04,NA,15,8,38,35,19
AGUASCALIENTES,2026-04-05,NA,11,7,22,44,11
AGUASCALIENTES,2026-04-06,NA,10,7,27,50,11
AGUASCALIENTES,2026-04-07,NA,13,11,55,50,24
AGUASCALIENTES,2026-04-08,NA,10,11,39,50,30
AGUASCALIENTES,2026-04-09,NA,10,8,42,49,41
AGUASCALIENTES,2026-04-10,NA,6,9,35,46,30
AGUASCALIENTES,2026-04-11,NA,8,11,31,52,32
AGUASCALIENTES,2026-04-12,NA,7,9,36,34,20
AGUASCALIENTES,2026-04-13,NA,6,8,27,28,13
AGUASCALIENTES,2026-04-14,NA,14,8,34,28,19
AGUASCALIENTES,2026-04-15,NA,14,8,31,49,35
AGUASCALIENTES,2026-04-16,NA,12,6,35,47,38
AGUASCALIENTES,2026-04-17,NA,15,8,39,47,26
AGUASCALIENTES,2026-04-18,NA,18,9,38,52,27
AGUASCALIENTES,2026-04-19,NA,9,6,36,37,21
AGUASCALIENTES,2026-04-20,NA,9,4,51,27,17
AGUASCALIENTES,2026-04-21,NA,16,11,46,36,35
AGUASCALIENTES,2026-04-22,NA,10,10,39,30,25
AGUASCALIENTES,2026-04-23,NA,13,9,28,30,21
AGUASCALIENTES,2026-04-24,NA,10,9,34,39,19
AGUASCALIENTES,2026-04-25,NA,13,8,26,43,24
AGUASCALIENTES,2026-04-26,NA,9,6,32,41,13
AGUASCALIENTES,2026-04-27,NA,8,3,22,29,20
AGUASCALIENTES,2026-04-28,NA,14,10,29,39,30
AGUASCALIENTES,2026-04-29,NA,16,9,34,33,23
AGUASCALIENTES,2026-04-30,NA,13,16,37,38,33
AGUASCALIENTES,2026-05-01,NA,7,19,34,37,38
AGUASCALIENTES,2026-05-02,NA,9,17,34,38,42
AGUASCALIENTES,2026-05-03,NA,9,17,29,34,24
AGUASCALIENTES,2026-05-04,NA,9,13,30,26,18
AGUASCALIENTES,2026-05-05,NA,11,9,47,29,35
AGUASCALIENTES,2026-05-06,NA,9,10,32,40,35
AGUASCALIENTES,2026-05-07,NA,7,7,26,30,39
AGUASCALIENTES,2026-05-08,NA,8,5,29,38,29
AGUASCALIENTES,2026-05-09,NA,11,9,38,46,26
AGUASCALIENTES,2026-05-10,NA,6,5,27,21,28
AGUASCALIENTES,2026-05-11,NA,9,4,19,14,24
AGUASCALIENTES,2026-05-12,NA,10,3,30,29,11
AGUASCALIENTES,2026-05-13,NA,11,8,28,30,20
AGUASCALIENTES,2026-05-14,NA,14,11,30,54,30
AGUASCALIENTES,2026-05-15,NA,7,9,36,49,29
AGUASCALIENTES,2026-05-16,NA,11,8,29,64,29
AGUASCALIENTES,2026-05-17,NA,11,9,38,40,24
AGUASCALIENTES,2026-05-18,NA,12,10,32,28,28
AGUASCALIENTES,2026-05-19,NA,12,13,41,53,31
AGUASCALIENTES,2026-05-20,NA,14,8,45,41,26
AGUASCALIENTES,2026-05-21,NA,13,9,39,50,35
AGUASCALIENTES,2026-05-22,NA,15,12,39,56,37
AGUASCALIENTES,2026-05-23,NA,23,14,49,65,36
AGUASCALIENTES,2026-05-24,NA,18,5,34,49,24
AGUASCALIENTES,2026-05-25,NA,14,9,26,24,17
AGUASCALIENTES,2026-05-26,NA,12,9,40,37,32
AGUASCALIENTES,2026-05-27,NA,8,3,27,40,18
AGUASCALIENTES,2026-05-28,NA,19,8,26,34,38
AGUASCALIENTES,2026-05-29,NA,23,7,29,51,23
AGUASCALIENTES,2026-05-30,NA,23,12,27,48,30
AGUASCALIENTES,2026-05-31,NA,15,9,29,30,22
AGUASCALIENTES,2026-06-01,NA,16,10,27,30,23
AGUASCALIENTES,2026-06-02,NA,14,8,42,29,27
AGUASCALIENTES,2026-06-03,NA,16,5,44,41,34
AGUASCALIENTES,2026-06-04,NA,18,9,57,46,34
AGUASCALIENTES,2026-06-05,NA,16,8,45,41,29
AGUASCALIENTES,2026-06-06,NA,16,11,45,53,27
AGUASCALIENTES,2026-06-07,NA,15,7,45,29,30
AGUASCALIENTES,2026-06-08,NA,12,9,51,24,22
AGUASCALIENTES,2026-06-09,NA,11,10,45,29,17
AGUASCALIENTES,2026-06-10,NA,10,10,29,46,21
AGUASCALIENTES,2026-06-11,NA,10,13,57,49,32
AGUASCALIENTES,2026-06-12,NA,14,10,32,44,34
AGUASCALIENTES,2026-06-13,NA,10,9,38,50,32
AGUASCALIENTES,2026-06-14,NA,12,6,53,26,32
AGUASCALIENTES,2026-06-15,NA,10,8,37,21,25
AGUASCALIENTES,2026-06-16,NA,10,10,50,39,19
AGUASCALIENTES,2026-06-17,NA,10,9,56,24,14
AGUASCALIENTES,2026-06-18,NA,14,12,57,38,29
AGUASCALIENTES,2026-06-19,NA,10,10,49,44,33
AGUASCALIENTES,2026-06-20,NA,13,11,57,56,33
AGUASCALIENTES,2026-06-21,NA,8,5,37,31,32
AGUASCALIENTES,2026-06-22,NA,8,8,45,35,33
AGUASCALIENTES,2026-06-23,NA,11,8,70,40,46
AGUASCALIENTES,2026-06-24,NA,12,17,70,35,40
AGUASCALIENTES,2026-06-25,NA,14,10,61,36,42
AGUASCALIENTES,2026-06-26,NA,14,8,71,55,44
AGUASCALIENTES,2026-06-27,NA,16,17,62,45,44
AGUASCALIENTES,2026-06-28,NA,15,24,68,43,39
AGUASCALIENTES,2026-06-29,NA,17,28,43,31,40
AGUASCALIENTES,2026-06-30,NA,17,26,60,41,38
AGUASCALIENTES,2026-07-01,NA,23,29,64,40,48
AGUASCALIENTES,2026-07-02,NA,18,21,55,59,54
AGUASCALIENTES,2026-07-03,NA,17,19,62,56,51
AGUASCALIENTES,2026-07-04,NA,23,17,82,54,47
AGUASCALIENTES,2026-07-05,NA,20,19,80,33,43
AGUASCALIENTES,2026-07-06,NA,16,14,69,18,38
AGUASCALIENTES,2026-07-07,NA,19,25,93,43,52
AGUASCALIENTES,2026-07-08,NA,24,33,94,32,59
AGUASCALIENTES,2026-07-09,NA,16,20,55,34,54
AGUASCALIENTES,2026-07-10,NA,18,16,52,40,41
AGUASCALIENTES,2026-07-11,NA,15,16,73,50,46
AGUASCALIENTES,2026-07-12,NA,12,18,55,41,47
AGUASCALIENTES,2026-07-13,NA,10,18,57,25,50
AGUASCALIENTES,2026-07-14,NA,12,21,58,50,54
AGUASCALIENTES,2026-07-15,NA,20,22,93,57,52
AGUASCALIENTES,2026-07-16,NA,27,28,134,73,47
AGUASCALIENTES,2026-07-17,NA,34,31,154,75,52
AGUASCALIENTES,2026-07-18,NA,34,37,143,61,58
AGUASCALIENTES,2026-07-19,NA,31,36,118,44,73
AGUASCALIENTES,2026-07-20,NA,27,35,102,38,64
AGUASCALIENTES,2026-07-21,NA,18,42,108,46,71
AGUASCALIENTES,2026-07-22,NA,18,38,97,54,84
AGUASCALIENTES,2026-07-23,NA,22,38,89,52,104
AGUASCALIENTES,2026-07-24,NA,19,39,87,53,108
AGUASCALIENTES,2026-07-25,NA,20,32,82,59,97
AGUASCALIENTES,2026-07-26,NA,13,31,65,50,99
AGUASCALIENTES,2026-07-27,NA,15,35,38,44,85
AGUASCALIENTES,2026-07-28,NA,14,26,39,51,86
AGUASCALIENTES,2026-07-29,NA,18,26,50,51,71
AGUASCALIENTES,2026-07-30,NA,20,18,64,64,44
AGUASCALIENTES,2026-07-31,NA,23,23,85,65,60
AGUASCALIENTES,2026-08-01,16,24,28,84,64,63
AGUASCALIENTES,2026-08-02,16,20,30,75,34,59
AGUASCALIENTES,2026-08-03,12,20,27,81,23,56
AGUASCALIENTES,2026-08-04,13,23,31,79,49,71
AGUASCALIENTES,2026-08-05,14,20,29,81,57,70
AGUASCALIENTES,2026-08-06,14,17,30,82,68,78
AGUASCALIENTES,2026-08-07,11,20,27,73,75,80
AGUASCALIENTES,2026-08-08,12,26,34,93,90,84
AGUASCALIENTES,2026-08-09,10,25,33,68,60,84
AGUASCALIENTES,2026-08-10,9,22,31,56,43,78
AGUASCALIENTES,2026-08-11,16,22,31,81,52,96
AGUASCALIENTES,2026-08-12,16,22,40,98,66,104
AGUASCALIENTES,2026-08-13,12,19,43,75,74,113
AGUASCALIENTES,2026-08-14,14,25,41,78,81,114
AGUASCALIENTES,2026-08-15,19,31,45,68,93,117
AGUASCALIENTES,2026-08-16,23,34,54,77,87,122
AGUASCALIENTES,2026-08-17,21,26,51,72,65,117
AGUASCALIENTES,2026-08-18,26,31,51,88,79,131
AGUASCALIENTES,2026-08-19,32,28,52,114,91,147
AGUASCALIENTES,2026-08-20,34,22,54,114,79,153
AGUASCALIENTES,2026-08-21,40,30,65,86,85,153
AGUASCALIENTES,2026-08-22,40,31,66,85,80,153
AGUASCALIENTES,2026-08-23,39,32,55,66,69,149
AGUASCALIENTES,2026-08-24,38,20,51,62,46,140
CANCUN,2025-08-24,NA,16,6,32,35,29
CANCUN,2025-08-25,NA,16,8,42,29,21
CANCUN,2025-08-26,NA,21,8,40,38,25
CANCUN,2025-08-27,NA,16,7,37,21,37
CANCUN,2025-08-28,NA,17,8,42,34,39
CANCUN,2025-08-29,NA,14,6,38,38,37
CANCUN,2025-08-30,NA,16,7,51,39,33
CANCUN,2025-08-31,NA,19,4,40,33,28
CANCUN,2025-09-01,NA,19,3,32,29,25
CANCUN,2025-09-02,NA,25,6,40,19,22
CANCUN,2025-09-03,NA,12,4,48,57,31
CANCUN,2025-09-04,NA,14,3,32,56,28
CANCUN,2025-09-05,NA,17,6,45,59,26
CANCUN,2025-09-06,NA,20,3,39,38,32
CANCUN,2025-09-07,NA,16,2,40,36,29
CANCUN,2025-09-08,NA,20,5,34,39,23
CANCUN,2025-09-09,NA,15,12,58,39,33
CANCUN,2025-09-10,NA,19,4,39,41,31
CANCUN,2025-09-11,NA,8,8,47,49,28
CANCUN,2025-09-12,NA,12,4,44,49,27
CANCUN,2025-09-13,NA,13,5,45,42,19
CANCUN,2025-09-14,NA,18,3,33,32,22
CANCUN,2025-09-15,NA,15,3,35,26,20
CANCUN,2025-09-16,NA,17,5,50,37,26
CANCUN,2025-09-17,NA,24,10,56,32,28
CANCUN,2025-09-18,NA,19,12,81,44,42
CANCUN,2025-09-19,NA,19,14,63,40,50
CANCUN,2025-09-20,NA,21,14,53,38,45
CANCUN,2025-09-21,NA,21,12,55,20,40
CANCUN,2025-09-22,NA,15,12,40,24,25
CANCUN,2025-09-23,NA,13,9,57,35,45
CANCUN,2025-09-24,NA,11,7,55,29,42
CANCUN,2025-09-25,NA,10,8,50,26,35
CANCUN,2025-09-26,NA,14,8,48,32,33
CANCUN,2025-09-27,NA,18,5,55,34,33
CANCUN,2025-09-28,NA,22,9,59,27,25
CANCUN,2025-09-29,NA,23,7,52,27,23
CANCUN,2025-09-30,NA,24,4,52,35,29
CANCUN,2025-10-01,NA,23,6,55,28,41
CANCUN,2025-10-02,NA,26,11,63,25,31
CANCUN,2025-10-03,NA,22,10,78,26,30
CANCUN,2025-10-04,NA,23,7,70,32,31
CANCUN,2025-10-05,NA,13,8,62,23,19
CANCUN,2025-10-06,NA,12,8,55,24,17
CANCUN,2025-10-07,NA,24,4,49,29,29
CANCUN,2025-10-08,NA,19,8,60,30,34
CANCUN,2025-10-09,NA,17,8,53,38,36
CANCUN,2025-10-10,NA,19,9,62,37,34
CANCUN,2025-10-11,NA,17,6,39,57,38
CANCUN,2025-10-12,NA,16,5,55,42,30
CANCUN,2025-10-13,NA,16,7,50,41,20
CANCUN,2025-10-14,NA,19,7,43,49,33
CANCUN,2025-10-15,NA,22,3,48,49,31
CANCUN,2025-10-16,NA,20,10,69,41,32
CANCUN,2025-10-17,NA,18,13,61,43,36
CANCUN,2025-10-18,NA,15,10,49,33,37
CANCUN,2025-10-19,NA,15,5,47,32,24
CANCUN,2025-10-20,NA,17,8,47,27,13
CANCUN,2025-10-21,NA,15,10,70,37,34
CANCUN,2025-10-22,NA,16,12,64,40,43
CANCUN,2025-10-23,NA,15,11,60,35,42
CANCUN,2025-10-24,NA,16,8,66,39,44
CANCUN,2025-10-25,NA,22,9,57,37,44
CANCUN,2025-10-26,NA,9,9,54,41,29
CANCUN,2025-10-27,NA,15,8,52,25,24
CANCUN,2025-10-28,NA,16,9,61,44,33
CANCUN,2025-10-29,NA,14,10,51,33,29
CANCUN,2025-10-30,NA,26,11,61,40,28
CANCUN,2025-10-31,NA,27,11,60,33,31
CANCUN,2025-11-01,NA,25,14,64,21,32
CANCUN,2025-11-02,NA,24,8,53,35,32
CANCUN,2025-11-03,NA,22,6,44,25,23
CANCUN,2025-11-04,NA,20,6,55,26,35
CANCUN,2025-11-05,NA,13,7,60,19,35
CANCUN,2025-11-06,NA,11,7,52,40,35
CANCUN,2025-11-07,NA,14,7,61,48,35
CANCUN,2025-11-08,NA,11,8,57,47,39
CANCUN,2025-11-09,NA,11,6,56,42,30
CANCUN,2025-11-10,NA,9,5,39,34,25
CANCUN,2025-11-11,NA,12,6,55,25,29
CANCUN,2025-11-12,NA,18,4,59,37,29
CANCUN,2025-11-13,NA,15,12,53,50,33
CANCUN,2025-11-14,NA,14,13,54,41,33
CANCUN,2025-11-15,NA,15,6,53,44,28
CANCUN,2025-11-16,NA,17,4,55,43,27
CANCUN,2025-11-17,NA,18,3,51,42,22
CANCUN,2025-11-18,NA,15,12,60,41,27
CANCUN,2025-11-19,NA,12,18,57,42,20
CANCUN,2025-11-20,NA,16,12,55,47,35
CANCUN,2025-11-21,NA,14,12,60,50,28
CANCUN,2025-11-22,NA,13,16,63,58,40
CANCUN,2025-11-23,NA,14,12,48,43,36
CANCUN,2025-11-24,NA,12,14,47,39,28
CANCUN,2025-11-25,NA,18,9,65,52,44
CANCUN,2025-11-26,NA,22,13,69,42,34
CANCUN,2025-11-27,NA,22,7,53,55,35
CANCUN,2025-11-28,NA,19,13,61,42,27
CANCUN,2025-11-29,NA,20,11,66,46,32
CANCUN,2025-11-30,NA,17,13,69,58,30
CANCUN,2025-12-01,NA,18,10,60,28,24
CANCUN,2025-12-02,NA,20,15,57,36,29
CANCUN,2025-12-03,NA,31,17,55,32,29
CANCUN,2025-12-04,NA,21,16,66,43,23
CANCUN,2025-12-05,NA,18,18,59,42,22
CANCUN,2025-12-06,NA,18,8,62,33,23
CANCUN,2025-12-07,NA,18,10,50,32,25
CANCUN,2025-12-08,NA,16,9,46,28,19
CANCUN,2025-12-09,NA,13,9,57,39,28
CANCUN,2025-12-10,NA,13,6,70,40,30
CANCUN,2025-12-11,NA,16,7,67,34,28
CANCUN,2025-12-12,NA,11,10,63,36,35
CANCUN,2025-12-13,NA,14,12,49,43,36
CANCUN,2025-12-14,NA,17,10,50,36,31
CANCUN,2025-12-15,NA,14,11,41,40,29
CANCUN,2025-12-16,NA,24,19,41,52,39
CANCUN,2025-12-17,NA,20,12,61,60,31
CANCUN,2025-12-18,NA,25,15,58,61,40
CANCUN,2025-12-19,NA,19,11,59,62,39
CANCUN,2025-12-20,NA,26,6,66,48,38
CANCUN,2025-12-21,NA,17,4,66,35,31
CANCUN,2025-12-22,NA,15,1,56,16,21
CANCUN,2025-12-23,NA,12,2,63,30,25
CANCUN,2025-12-24,NA,11,7,42,24,31
CANCUN,2025-12-25,NA,8,2,41,19,19
CANCUN,2025-12-26,NA,10,1,30,9,17
CANCUN,2025-12-27,NA,12,5,49,34,24
CANCUN,2025-12-28,NA,11,3,30,46,20
CANCUN,2025-12-29,NA,19,4,42,41,20
CANCUN,2025-12-30,NA,15,5,53,34,43
CANCUN,2025-12-31,NA,17,6,43,41,40
CANCUN,2026-01-01,NA,14,4,38,18,37
CANCUN,2026-01-02,NA,17,4,44,19,33
CANCUN,2026-01-03,NA,20,5,40,29,35
CANCUN,2026-01-04,NA,15,3,49,26,25
CANCUN,2026-01-05,NA,10,4,45,27,21
CANCUN,2026-01-06,NA,19,9,53,48,34
CANCUN,2026-01-07,NA,18,7,41,44,39
CANCUN,2026-01-08,NA,18,9,40,63,39
CANCUN,2026-01-09,NA,17,9,45,67,39
CANCUN,2026-01-10,NA,23,6,41,58,32
CANCUN,2026-01-11,NA,21,5,45,42,30
CANCUN,2026-01-12,NA,19,8,28,35,23
CANCUN,2026-01-13,NA,25,8,54,43,29
CANCUN,2026-01-14,NA,28,13,58,98,44
CANCUN,2026-01-15,NA,26,10,64,112,43
CANCUN,2026-01-16,NA,27,20,64,94,48
CANCUN,2026-01-17,NA,36,24,56,89,58
CANCUN,2026-01-18,NA,37,11,65,82,52
CANCUN,2026-01-19,NA,28,15,60,75,43
CANCUN,2026-01-20,NA,40,21,61,66,47
CANCUN,2026-01-21,NA,29,19,68,59,54
CANCUN,2026-01-22,NA,33,18,65,68,53
CANCUN,2026-01-23,NA,37,17,62,63,48
CANCUN,2026-01-24,NA,32,12,54,68,49
CANCUN,2026-01-25,NA,27,8,57,57,32
CANCUN,2026-01-26,NA,23,8,44,69,22
CANCUN,2026-01-27,NA,21,5,53,72,44
CANCUN,2026-01-28,NA,27,8,57,52,49
CANCUN,2026-01-29,NA,33,16,42,56,40
CANCUN,2026-01-30,NA,30,13,48,56,48
CANCUN,2026-01-31,NA,28,7,42,63,44
CANCUN,2026-02-01,NA,32,5,66,48,35
CANCUN,2026-02-02,NA,29,10,40,46,28
CANCUN,2026-02-03,NA,32,24,32,44,26
CANCUN,2026-02-04,NA,32,19,51,35,39
CANCUN,2026-02-05,NA,24,12,52,59,46
CANCUN,2026-02-06,NA,25,16,58,50,50
CANCUN,2026-02-07,NA,23,16,45,50,39
CANCUN,2026-02-08,NA,19,9,46,52,38
CANCUN,2026-02-09,NA,12,13,39,41,31
CANCUN,2026-02-10,NA,17,13,58,40,30
CANCUN,2026-02-11,NA,14,9,52,41,46
CANCUN,2026-02-12,NA,25,11,53,38,46
CANCUN,2026-02-13,NA,23,15,58,43,39
CANCUN,2026-02-14,NA,21,14,59,57,43
CANCUN,2026-02-15,NA,17,8,54,49,38
CANCUN,2026-02-16,NA,18,10,42,28,32
CANCUN,2026-02-17,NA,23,10,38,46,33
CANCUN,2026-02-18,NA,16,11,40,40,32
CANCUN,2026-02-19,NA,22,13,46,40,46
CANCUN,2026-02-20,NA,19,8,43,53,46
CANCUN,2026-02-21,NA,17,9,61,60,46
CANCUN,2026-02-22,NA,19,9,38,43,37
CANCUN,2026-02-23,NA,19,7,45,46,20
CANCUN,2026-02-24,NA,19,10,52,45,31
CANCUN,2026-02-25,NA,24,6,39,51,43
CANCUN,2026-02-26,NA,19,9,40,57,42
CANCUN,2026-02-27,NA,18,16,55,62,39
CANCUN,2026-02-28,NA,17,9,53,86,39
CANCUN,2026-03-01,NA,25,11,59,48,38
CANCUN,2026-03-02,NA,27,13,53,36,40
CANCUN,2026-03-03,NA,24,9,57,42,31
CANCUN,2026-03-04,NA,19,8,61,62,35
CANCUN,2026-03-05,NA,16,10,57,34,35
CANCUN,2026-03-06,NA,18,9,56,44,34
CANCUN,2026-03-07,NA,16,7,52,33,39
CANCUN,2026-03-08,NA,19,9,58,42,42
CANCUN,2026-03-09,NA,14,9,57,30,42
CANCUN,2026-03-10,NA,17,14,48,35,31
CANCUN,2026-03-11,NA,16,11,37,39,38
CANCUN,2026-03-12,NA,15,15,50,42,31
CANCUN,2026-03-13,NA,19,13,53,37,42
CANCUN,2026-03-14,NA,18,9,60,67,31
CANCUN,2026-03-15,NA,18,11,68,55,37
CANCUN,2026-03-16,NA,24,7,54,35,29
CANCUN,2026-03-17,NA,32,10,48,46,40
CANCUN,2026-03-18,NA,20,15,62,62,50
CANCUN,2026-03-19,NA,18,11,65,53,40
CANCUN,2026-03-20,NA,19,8,57,50,29
CANCUN,2026-03-21,NA,15,9,65,74,33
CANCUN,2026-03-22,NA,19,9,59,51,35
CANCUN,2026-03-23,NA,10,10,52,33,28
CANCUN,2026-03-24,NA,10,6,49,41,26
CANCUN,2026-03-25,NA,7,10,50,36,31
CANCUN,2026-03-26,NA,15,12,44,48,23
CANCUN,2026-03-27,NA,25,8,41,60,21
CANCUN,2026-03-28,NA,22,6,55,66,30
CANCUN,2026-03-29,NA,19,5,52,45,26
CANCUN,2026-03-30,NA,16,6,43,41,16
CANCUN,2026-03-31,NA,20,10,50,44,21
CANCUN,2026-04-01,NA,26,10,50,46,29
CANCUN,2026-04-02,NA,26,14,45,50,36
CANCUN,2026-04-03,NA,21,6,49,53,24
CANCUN,2026-04-04,NA,17,9,61,47,30
CANCUN,2026-04-05,NA,13,7,49,40,33
CANCUN,2026-04-06,NA,15,8,53,33,28
CANCUN,2026-04-07,NA,15,10,54,32,33
CANCUN,2026-04-08,NA,17,18,33,25,39
CANCUN,2026-04-09,NA,16,10,30,34,37
CANCUN,2026-04-10,NA,14,6,42,36,38
CANCUN,2026-04-11,NA,22,5,37,53,37
CANCUN,2026-04-12,NA,25,3,42,43,39
CANCUN,2026-04-13,NA,20,3,40,34,28
CANCUN,2026-04-14,NA,24,4,38,38,33
CANCUN,2026-04-15,NA,24,11,36,39,44
CANCUN,2026-04-16,NA,25,11,49,44,45
CANCUN,2026-04-17,NA,19,10,48,60,41
CANCUN,2026-04-18,NA,18,9,63,75,44
CANCUN,2026-04-19,NA,14,6,47,54,49
CANCUN,2026-04-20,NA,15,10,41,32,40
CANCUN,2026-04-21,NA,13,10,53,29,44
CANCUN,2026-04-22,NA,8,17,55,37,48
CANCUN,2026-04-23,NA,15,14,70,38,54
CANCUN,2026-04-24,NA,15,17,55,38,41
CANCUN,2026-04-25,NA,19,15,50,35,49
CANCUN,2026-04-26,NA,13,10,42,25,37
CANCUN,2026-04-27,NA,10,9,32,19,32
CANCUN,2026-04-28,NA,6,9,37,21,36
CANCUN,2026-04-29,NA,15,10,38,34,34
CANCUN,2026-04-30,NA,19,10,39,33,40
CANCUN,2026-05-01,NA,16,12,39,37,37
CANCUN,2026-05-02,NA,18,16,42,28,24
CANCUN,2026-05-03,NA,23,13,50,30,26
CANCUN,2026-05-04,NA,18,11,39,23,24
CANCUN,2026-05-05,NA,14,10,45,30,42
CANCUN,2026-05-06,NA,16,6,43,30,43
CANCUN,2026-05-07,NA,8,9,47,30,44
CANCUN,2026-05-08,NA,15,9,41,37,38
CANCUN,2026-05-09,NA,11,15,56,53,41
CANCUN,2026-05-10,NA,13,7,50,30,29
CANCUN,2026-05-11,NA,11,5,45,20,24
CANCUN,2026-05-12,NA,7,9,50,36,36
CANCUN,2026-05-13,NA,15,8,47,40,35
CANCUN,2026-05-14,NA,10,10,74,36,32
CANCUN,2026-05-15,NA,14,13,46,59,34
CANCUN,2026-05-16,NA,16,16,45,56,44
CANCUN,2026-05-17,NA,16,24,46,53,41
CANCUN,2026-05-18,NA,17,15,52,32,39
CANCUN,2026-05-19,NA,14,14,56,41,44
CANCUN,2026-05-20,NA,15,12,65,51,45
CANCUN,2026-05-21,NA,16,16,56,41,43
CANCUN,2026-05-22,NA,19,12,48,42,49
CANCUN,2026-05-23,NA,15,15,39,38,38
CANCUN,2026-05-24,NA,15,9,58,37,53
CANCUN,2026-05-25,NA,15,6,42,35,49
CANCUN,2026-05-26,NA,13,12,47,45,44
CANCUN,2026-05-27,NA,19,14,54,33,44
CANCUN,2026-05-28,NA,20,8,70,41,38
CANCUN,2026-05-29,NA,17,11,48,60,33
CANCUN,2026-05-30,NA,22,12,40,61,27
CANCUN,2026-05-31,NA,14,14,52,38,29
CANCUN,2026-06-01,NA,15,17,40,23,25
CANCUN,2026-06-02,NA,20,14,50,33,28
CANCUN,2026-06-03,NA,19,18,39,35,33
CANCUN,2026-06-04,NA,19,15,55,40,45
CANCUN,2026-06-05,NA,21,8,43,41,47
CANCUN,2026-06-06,NA,23,11,71,38,45
CANCUN,2026-06-07,NA,15,12,71,35,37
CANCUN,2026-06-08,NA,18,12,56,20,33
CANCUN,2026-06-09,NA,19,10,60,53,44
CANCUN,2026-06-10,NA,22,14,82,39,48
CANCUN,2026-06-11,NA,18,21,94,54,43
CANCUN,2026-06-12,NA,18,17,118,56,38
CANCUN,2026-06-13,NA,20,18,134,74,54
CANCUN,2026-06-14,NA,22,17,128,72,49
CANCUN,2026-06-15,NA,22,16,96,55,37
CANCUN,2026-06-16,NA,30,25,89,74,48
CANCUN,2026-06-17,NA,24,18,99,66,59
CANCUN,2026-06-18,NA,27,17,112,60,63
CANCUN,2026-06-19,NA,27,18,115,53,61
CANCUN,2026-06-20,NA,21,22,114,72,55
CANCUN,2026-06-21,NA,21,22,104,64,56
CANCUN,2026-06-22,NA,23,23,92,44,50
CANCUN,2026-06-23,NA,24,25,75,61,47
CANCUN,2026-06-24,NA,21,27,78,63,53
CANCUN,2026-06-25,NA,23,20,86,45,60
CANCUN,2026-06-26,NA,23,10,48,36,55
CANCUN,2026-06-27,NA,20,12,59,32,40
CANCUN,2026-06-28,NA,16,7,48,54,37
CANCUN,2026-06-29,NA,15,9,54,39,34
CANCUN,2026-06-30,NA,20,8,52,51,33
CANCUN,2026-07-01,NA,17,8,47,34,32
CANCUN,2026-07-02,NA,16,12,49,30,38
CANCUN,2026-07-03,NA,16,13,78,42,45
CANCUN,2026-07-04,NA,16,11,63,45,44
CANCUN,2026-07-05,NA,12,9,65,43,44
CANCUN,2026-07-06,NA,11,6,54,25,36
CANCUN,2026-07-07,NA,14,11,56,35,44
CANCUN,2026-07-08,NA,14,10,70,43,39
CANCUN,2026-07-09,NA,15,9,58,53,43
CANCUN,2026-07-10,NA,16,5,59,29,34
CANCUN,2026-07-11,NA,20,3,40,41,39
CANCUN,2026-07-12,NA,15,6,52,36,28
CANCUN,2026-07-13,NA,21,5,48,36,31
CANCUN,2026-07-14,NA,16,10,76,44,43
CANCUN,2026-07-15,NA,21,13,57,42,42
CANCUN,2026-07-16,NA,17,10,77,48,47
CANCUN,2026-07-17,NA,18,9,77,60,55
CANCUN,2026-07-18,NA,15,13,79,66,56
CANCUN,2026-07-19,NA,15,13,71,33,55
CANCUN,2026-07-20,NA,20,12,50,25,42
CANCUN,2026-07-21,NA,11,9,53,30,47
CANCUN,2026-07-22,NA,11,11,55,40,34
CANCUN,2026-07-23,NA,7,12,50,37,38
CANCUN,2026-07-24,NA,13,12,54,27,34
CANCUN,2026-07-25,NA,18,11,58,43,34
CANCUN,2026-07-26,NA,23,10,57,33,39
CANCUN,2026-07-27,NA,19,8,49,20,31
CANCUN,2026-07-28,NA,18,9,47,26,38
CANCUN,2026-07-29,NA,19,7,57,27,37
CANCUN,2026-07-30,NA,27,8,44,39,28
CANCUN,2026-07-31,NA,25,8,46,39,31
CANCUN,2026-08-01,3,29,8,53,35,41
CANCUN,2026-08-02,2,23,13,57,36,44
CANCUN,2026-08-03,2,16,14,45,27,35
CANCUN,2026-08-04,4,22,16,61,41,48
CANCUN,2026-08-05,4,15,12,73,46,39
CANCUN,2026-08-06,2,14,7,55,40,36
CANCUN,2026-08-07,4,14,8,43,38,45
CANCUN,2026-08-08,3,17,5,49,35,44
CANCUN,2026-08-09,1,13,7,55,34,45
CANCUN,2026-08-10,1,11,10,42,38,32
CANCUN,2026-08-11,1,14,8,44,34,32
CANCUN,2026-08-12,3,15,7,52,33,38
CANCUN,2026-08-13,8,18,9,47,28,44
CANCUN,2026-08-14,5,24,11,56,31,53
CANCUN,2026-08-15,5,19,12,56,44,56
CANCUN,2026-08-16,3,19,11,68,49,58
CANCUN,2026-08-17,4,14,11,62,34,40
CANCUN,2026-08-18,5,22,12,59,50,44
CANCUN,2026-08-19,2,24,10,55,33,46
CANCUN,2026-08-20,5,19,11,49,43,31
CANCUN,2026-08-21,2,11,10,59,41,41
CANCUN,2026-08-22,3,21,16,50,40,51
CANCUN,2026-08-23,3,22,18,45,32,54
CANCUN,2026-08-24,3,21,11,39,26,30
CELAYA,2025-08-24,NA,10,1,16,15,20
CELAYA,2025-08-25,NA,7,1,16,11,14
CELAYA,2025-08-26,NA,14,5,26,16,17
CELAYA,2025-08-27,NA,9,5,26,22,25
CELAYA,2025-08-28,NA,9,7,33,22,24
CELAYA,2025-08-29,NA,6,5,19,25,25
CELAYA,2025-08-30,NA,11,2,16,15,26
CELAYA,2025-08-31,NA,7,4,14,13,22
CELAYA,2025-09-01,NA,6,2,14,7,21
CELAYA,2025-09-02,NA,8,5,9,7,18
CELAYA,2025-09-03,NA,13,6,20,17,34
CELAYA,2025-09-04,NA,11,3,21,18,27
CELAYA,2025-09-05,NA,8,5,22,19,29
CELAYA,2025-09-06,NA,11,8,17,28,33
CELAYA,2025-09-07,NA,11,4,14,24,31
CELAYA,2025-09-08,NA,11,1,19,10,24
CELAYA,2025-09-09,NA,8,2,22,20,27
CELAYA,2025-09-10,NA,8,4,25,17,34
CELAYA,2025-09-11,NA,9,4,28,17,32
CELAYA,2025-09-12,NA,12,4,29,19,29
CELAYA,2025-09-13,NA,10,2,16,17,19
CELAYA,2025-09-14,NA,7,2,10,16,14
CELAYA,2025-09-15,NA,6,NA,12,12,13
CELAYA,2025-09-16,NA,7,2,19,24,13
CELAYA,2025-09-17,NA,4,1,11,14,14
CELAYA,2025-09-18,NA,8,2,23,9,21
CELAYA,2025-09-19,NA,8,2,17,18,21
CELAYA,2025-09-20,NA,7,5,28,16,21
CELAYA,2025-09-21,NA,3,4,14,16,16
CELAYA,2025-09-22,NA,3,1,10,8,15
CELAYA,2025-09-23,NA,10,3,18,9,16
CELAYA,2025-09-24,NA,4,5,17,9,27
CELAYA,2025-09-25,NA,3,2,10,7,22
CELAYA,2025-09-26,NA,4,NA,13,7,21
CELAYA,2025-09-27,NA,9,3,15,15,15
CELAYA,2025-09-28,NA,6,3,15,15,21
CELAYA,2025-09-29,NA,7,4,14,11,20
CELAYA,2025-09-30,NA,5,10,25,18,17
CELAYA,2025-10-01,NA,5,7,26,10,17
CELAYA,2025-10-02,NA,7,8,23,7,19
CELAYA,2025-10-03,NA,5,4,15,11,20
CELAYA,2025-10-04,NA,9,6,15,14,19
CELAYA,2025-10-05,NA,7,3,11,7,21
CELAYA,2025-10-06,NA,7,1,12,7,18
CELAYA,2025-10-07,NA,8,3,9,14,19
CELAYA,2025-10-08,NA,10,6,19,12,25
CELAYA,2025-10-09,NA,7,5,16,16,23
CELAYA,2025-10-10,NA,10,5,9,14,22
CELAYA,2025-10-11,NA,7,7,17,13,17
CELAYA,2025-10-12,NA,6,5,18,9,14
CELAYA,2025-10-13,NA,3,7,20,6,8
CELAYA,2025-10-14,NA,5,5,17,6,15
CELAYA,2025-10-15,NA,8,1,23,13,22
CELAYA,2025-10-16,NA,9,3,26,21,20
CELAYA,2025-10-17,NA,7,3,22,21,19
CELAYA,2025-10-18,NA,9,2,18,25,19
CELAYA,2025-10-19,NA,4,2,17,23,21
CELAYA,2025-10-20,NA,2,3,17,9,16
CELAYA,2025-10-21,NA,4,4,18,15,23
CELAYA,2025-10-22,NA,6,3,20,13,32
CELAYA,2025-10-23,NA,6,1,16,12,24
CELAYA,2025-10-24,NA,4,3,14,15,21
CELAYA,2025-10-25,NA,7,1,10,20,10
CELAYA,2025-10-26,NA,5,1,15,15,13
CELAYA,2025-10-27,NA,4,2,6,12,13
CELAYA,2025-10-28,NA,4,1,13,18,13
CELAYA,2025-10-29,NA,6,4,9,23,18
CELAYA,2025-10-30,NA,3,1,11,21,14
CELAYA,2025-10-31,NA,6,2,7,22,11
CELAYA,2025-11-01,NA,8,1,13,13,11
CELAYA,2025-11-02,NA,8,2,8,14,11
CELAYA,2025-11-03,NA,3,NA,9,10,10
CELAYA,2025-11-04,NA,5,2,9,15,17
CELAYA,2025-11-05,NA,7,6,10,15,26
CELAYA,2025-11-06,NA,6,2,10,17,28
CELAYA,2025-11-07,NA,5,1,5,19,23
CELAYA,2025-11-08,NA,8,1,8,13,17
CELAYA,2025-11-09,NA,6,5,14,23,12
CELAYA,2025-11-10,NA,5,5,4,15,11
CELAYA,2025-11-11,NA,4,2,10,21,13
CELAYA,2025-11-12,NA,9,3,15,25,16
CELAYA,2025-11-13,NA,13,7,12,23,11
CELAYA,2025-11-14,NA,13,2,10,23,17
CELAYA,2025-11-15,NA,6,3,11,27,15
CELAYA,2025-11-16,NA,6,1,11,14,14
CELAYA,2025-11-17,NA,6,3,8,10,11
CELAYA,2025-11-18,NA,5,5,9,15,11
CELAYA,2025-11-19,NA,3,6,9,21,18
CELAYA,2025-11-20,NA,5,2,14,21,14
CELAYA,2025-11-21,NA,6,3,13,19,18
CELAYA,2025-11-22,NA,4,3,16,24,19
CELAYA,2025-11-23,NA,5,3,12,17,21
CELAYA,2025-11-24,NA,3,2,9,14,18
CELAYA,2025-11-25,NA,3,4,15,18,21
CELAYA,2025-11-26,NA,6,6,21,17,25
CELAYA,2025-11-27,NA,2,8,15,21,17
CELAYA,2025-11-28,NA,6,4,11,28,10
CELAYA,2025-11-29,NA,6,7,15,32,12
CELAYA,2025-11-30,NA,4,5,13,23,13
CELAYA,2025-12-01,NA,3,3,8,17,13
CELAYA,2025-12-02,NA,7,5,11,23,12
CELAYA,2025-12-03,NA,6,6,16,16,20
CELAYA,2025-12-04,NA,8,8,17,19,19
CELAYA,2025-12-05,NA,11,11,15,17,20
CELAYA,2025-12-06,NA,11,4,12,17,20
CELAYA,2025-12-07,NA,7,5,13,16,16
CELAYA,2025-12-08,NA,7,5,16,10,10
CELAYA,2025-12-09,NA,10,4,25,25,14
CELAYA,2025-12-10,NA,9,6,18,23,19
CELAYA,2025-12-11,NA,5,3,15,18,16
CELAYA,2025-12-12,NA,4,8,24,14,12
CELAYA,2025-12-13,NA,4,7,19,21,10
CELAYA,2025-12-14,NA,6,5,9,21,11
CELAYA,2025-12-15,NA,4,4,9,17,9
CELAYA,2025-12-16,NA,5,1,5,22,15
CELAYA,2025-12-17,NA,8,5,14,16,27
CELAYA,2025-12-18,NA,7,7,17,12,21
CELAYA,2025-12-19,NA,8,5,11,14,19
CELAYA,2025-12-20,NA,8,5,19,25,21
CELAYA,2025-12-21,NA,5,5,14,11,17
CELAYA,2025-12-22,NA,6,5,8,9,12
CELAYA,2025-12-23,NA,6,6,11,24,13
CELAYA,2025-12-24,NA,8,9,13,14,5
CELAYA,2025-12-25,NA,5,4,8,14,6
CELAYA,2025-12-26,NA,5,2,10,12,4
CELAYA,2025-12-27,NA,8,6,13,22,10
CELAYA,2025-12-28,NA,11,8,9,21,11
CELAYA,2025-12-29,NA,7,5,5,19,10
CELAYA,2025-12-30,NA,8,8,3,13,14
CELAYA,2025-12-31,NA,5,4,16,19,9
CELAYA,2026-01-01,NA,9,4,10,9,9
CELAYA,2026-01-02,NA,13,4,12,9,9
CELAYA,2026-01-03,NA,14,11,12,11,10
CELAYA,2026-01-04,NA,9,8,8,12,13
CELAYA,2026-01-05,NA,4,5,10,2,9
CELAYA,2026-01-06,NA,11,2,10,16,12
CELAYA,2026-01-07,NA,9,2,12,15,20
CELAYA,2026-01-08,NA,5,5,28,31,18
CELAYA,2026-01-09,NA,4,5,17,27,25
CELAYA,2026-01-10,NA,8,7,15,25,20
CELAYA,2026-01-11,NA,8,8,14,23,20
CELAYA,2026-01-12,NA,6,4,11,18,14
CELAYA,2026-01-13,NA,5,5,21,28,9
CELAYA,2026-01-14,NA,7,4,13,21,21
CELAYA,2026-01-15,NA,10,6,15,19,18
CELAYA,2026-01-16,NA,8,2,12,19,24
CELAYA,2026-01-17,NA,17,4,11,17,29
CELAYA,2026-01-18,NA,10,2,10,11,25
CELAYA,2026-01-19,NA,7,2,11,7,17
CELAYA,2026-01-20,NA,8,5,21,11,21
CELAYA,2026-01-21,NA,10,5,11,21,16
CELAYA,2026-01-22,NA,10,7,11,18,25
CELAYA,2026-01-23,NA,12,3,16,20,25
CELAYA,2026-01-24,NA,6,3,20,20,20
CELAYA,2026-01-25,NA,6,3,12,12,24
CELAYA,2026-01-26,NA,6,NA,5,16,19
CELAYA,2026-01-27,NA,6,2,9,12,18
CELAYA,2026-01-28,NA,5,2,13,12,27
CELAYA,2026-01-29,NA,5,1,15,12,20
CELAYA,2026-01-30,NA,7,3,11,17,13
CELAYA,2026-01-31,NA,6,2,15,23,22
CELAYA,2026-02-01,NA,17,2,9,19,24
CELAYA,2026-02-02,NA,9,2,4,8,22
CELAYA,2026-02-03,NA,9,7,6,7,22
CELAYA,2026-02-04,NA,10,9,9,11,29
CELAYA,2026-02-05,NA,10,8,13,13,24
CELAYA,2026-02-06,NA,9,5,8,13,18
CELAYA,2026-02-07,NA,12,3,11,21,21
CELAYA,2026-02-08,NA,7,2,19,8,24
CELAYA,2026-02-09,NA,5,2,12,4,18
CELAYA,2026-02-10,NA,4,1,18,9,22
CELAYA,2026-02-11,NA,5,2,16,15,25
CELAYA,2026-02-12,NA,3,3,16,11,23
CELAYA,2026-02-13,NA,5,1,16,15,15
CELAYA,2026-02-14,NA,4,3,22,19,15
CELAYA,2026-02-15,NA,6,2,22,17,11
CELAYA,2026-02-16,NA,4,4,13,11,11
CELAYA,2026-02-17,NA,8,7,14,15,15
CELAYA,2026-02-18,NA,7,5,19,13,28
CELAYA,2026-02-19,NA,7,4,20,17,21
CELAYA,2026-02-20,NA,5,2,14,22,13
CELAYA,2026-02-21,NA,5,3,15,21,13
CELAYA,2026-02-22,NA,9,1,15,10,16
CELAYA,2026-02-23,NA,7,NA,13,7,15
CELAYA,2026-02-24,NA,5,4,23,8,23
CELAYA,2026-02-25,NA,13,2,15,15,32
CELAYA,2026-02-26,NA,7,3,14,16,33
CELAYA,2026-02-27,NA,7,5,13,15,33
CELAYA,2026-02-28,NA,15,8,12,11,34
CELAYA,2026-03-01,NA,7,3,13,13,31
CELAYA,2026-03-02,NA,3,6,5,6,23
CELAYA,2026-03-03,NA,8,5,16,11,16
CELAYA,2026-03-04,NA,6,7,13,9,28
CELAYA,2026-03-05,NA,4,5,10,13,23
CELAYA,2026-03-06,NA,7,4,15,16,19
CELAYA,2026-03-07,NA,7,2,10,16,19
CELAYA,2026-03-08,NA,6,4,9,15,12
CELAYA,2026-03-09,NA,5,2,7,10,13
CELAYA,2026-03-10,NA,3,3,14,27,22
CELAYA,2026-03-11,NA,4,6,12,19,29
CELAYA,2026-03-12,NA,4,7,25,19,24
CELAYA,2026-03-13,NA,9,6,24,9,11
CELAYA,2026-03-14,NA,5,4,20,19,11
CELAYA,2026-03-15,NA,4,2,12,9,14
CELAYA,2026-03-16,NA,3,2,11,4,9
CELAYA,2026-03-17,NA,5,2,12,8,10
CELAYA,2026-03-18,NA,7,4,15,7,15
CELAYA,2026-03-19,NA,8,3,12,15,20
CELAYA,2026-03-20,NA,7,3,12,13,22
CELAYA,2026-03-21,NA,7,5,7,15,24
CELAYA,2026-03-22,NA,9,4,10,12,22
CELAYA,2026-03-23,NA,8,6,11,7,19
CELAYA,2026-03-24,NA,8,4,12,14,20
CELAYA,2026-03-25,NA,4,4,11,21,31
CELAYA,2026-03-26,NA,7,6,11,22,32
CELAYA,2026-03-27,NA,13,3,13,20,24
CELAYA,2026-03-28,NA,6,4,12,15,22
CELAYA,2026-03-29,NA,3,2,15,15,19
CELAYA,2026-03-30,NA,3,1,7,15,13
CELAYA,2026-03-31,NA,8,1,15,24,12
CELAYA,2026-04-01,NA,2,10,21,24,17
CELAYA,2026-04-02,NA,2,4,15,15,11
CELAYA,2026-04-03,NA,5,2,12,9,13
CELAYA,2026-04-04,NA,5,1,15,7,9
CELAYA,2026-04-05,NA,4,4,16,5,9
CELAYA,2026-04-06,NA,3,2,10,6,9
CELAYA,2026-04-07,NA,3,7,18,17,18
CELAYA,2026-04-08,NA,3,2,19,10,24
CELAYA,2026-04-09,NA,4,1,17,12,17
CELAYA,2026-04-10,NA,7,3,33,18,16
CELAYA,2026-04-11,NA,5,5,15,17,13
CELAYA,2026-04-12,NA,4,9,15,16,10
CELAYA,2026-04-13,NA,NA,5,9,12,6
CELAYA,2026-04-14,NA,4,5,20,14,3
CELAYA,2026-04-15,NA,6,11,21,16,14
CELAYA,2026-04-16,NA,6,10,24,23,12
CELAYA,2026-04-17,NA,8,13,23,23,10
CELAYA,2026-04-18,NA,9,7,15,33,19
CELAYA,2026-04-19,NA,5,6,13,15,16
CELAYA,2026-04-20,NA,5,6,12,8,14
CELAYA,2026-04-21,NA,8,6,15,17,16
CELAYA,2026-04-22,NA,3,7,25,17,31
CELAYA,2026-04-23,NA,4,5,17,11,21
CELAYA,2026-04-24,NA,2,6,19,17,15
CELAYA,2026-04-25,NA,7,6,27,11,18
CELAYA,2026-04-26,NA,5,3,17,8,20
CELAYA,2026-04-27,NA,2,1,13,6,20
CELAYA,2026-04-28,NA,2,3,11,18,23
CELAYA,2026-04-29,NA,4,3,18,16,24
CELAYA,2026-04-30,NA,2,3,23,17,13
CELAYA,2026-05-01,NA,4,5,14,10,13
CELAYA,2026-05-02,NA,3,4,14,13,14
CELAYA,2026-05-03,NA,3,5,21,12,9
CELAYA,2026-05-04,NA,4,1,11,7,8
CELAYA,2026-05-05,NA,4,2,9,13,15
CELAYA,2026-05-06,NA,4,2,12,10,19
CELAYA,2026-05-07,NA,10,4,10,12,16
CELAYA,2026-05-08,NA,6,4,17,12,24
CELAYA,2026-05-09,NA,7,4,20,9,20
CELAYA,2026-05-10,NA,4,3,12,20,19
CELAYA,2026-05-11,NA,3,4,12,9,18
CELAYA,2026-05-12,NA,6,4,19,15,17
CELAYA,2026-05-13,NA,6,4,32,15,23
CELAYA,2026-05-14,NA,6,3,35,14,18
CELAYA,2026-05-15,NA,11,3,28,26,18
CELAYA,2026-05-16,NA,9,8,26,23,16
CELAYA,2026-05-17,NA,6,5,28,15,14
CELAYA,2026-05-18,NA,9,5,28,7,13
CELAYA,2026-05-19,NA,9,6,20,20,19
CELAYA,2026-05-20,NA,13,3,20,15,25
CELAYA,2026-05-21,NA,8,3,18,19,20
CELAYA,2026-05-22,NA,6,5,14,14,21
CELAYA,2026-05-23,NA,7,6,22,17,18
CELAYA,2026-05-24,NA,6,2,18,16,17
CELAYA,2026-05-25,NA,4,2,13,12,17
CELAYA,2026-05-26,NA,7,6,15,21,25
CELAYA,2026-05-27,NA,6,3,15,13,30
CELAYA,2026-05-28,NA,6,4,19,27,20
CELAYA,2026-05-29,NA,3,8,21,24,21
CELAYA,2026-05-30,NA,6,4,11,31,16
CELAYA,2026-05-31,NA,6,10,6,12,15
CELAYA,2026-06-01,NA,1,5,1,1,13
CELAYA,2026-06-02,NA,7,5,13,12,15
CELAYA,2026-06-03,NA,4,7,26,15,27
CELAYA,2026-06-04,NA,3,5,14,20,21
CELAYA,2026-06-05,NA,3,6,23,23,27
CELAYA,2026-06-06,NA,9,4,25,29,22
CELAYA,2026-06-07,NA,7,7,17,22,17
CELAYA,2026-06-08,NA,5,5,10,12,15
CELAYA,2026-06-09,NA,2,7,3,9,9
CELAYA,2026-06-10,NA,4,8,12,22,21
CELAYA,2026-06-11,NA,7,7,18,26,24
CELAYA,2026-06-12,NA,11,9,20,23,26
CELAYA,2026-06-13,NA,11,14,25,24,24
CELAYA,2026-06-14,NA,6,10,16,20,21
CELAYA,2026-06-15,NA,6,11,10,8,10
CELAYA,2026-06-16,NA,5,16,26,15,11
CELAYA,2026-06-17,NA,9,14,24,11,20
CELAYA,2026-06-18,NA,7,12,17,11,22
CELAYA,2026-06-19,NA,4,11,25,19,20
CELAYA,2026-06-20,NA,8,8,31,16,14
CELAYA,2026-06-21,NA,5,9,22,8,15
CELAYA,2026-06-22,NA,3,9,16,7,15
CELAYA,2026-06-23,NA,5,5,33,21,13
CELAYA,2026-06-24,NA,5,12,28,19,16
CELAYA,2026-06-25,NA,7,6,25,23,18
CELAYA,2026-06-26,NA,3,8,14,18,21
CELAYA,2026-06-27,NA,16,6,18,23,27
CELAYA,2026-06-28,NA,12,6,13,18,24
CELAYA,2026-06-29,NA,5,7,15,17,15
CELAYA,2026-06-30,NA,4,7,20,15,20
CELAYA,2026-07-01,NA,8,8,18,19,18
CELAYA,2026-07-02,NA,13,12,24,13,23
CELAYA,2026-07-03,NA,14,10,28,13,19
CELAYA,2026-07-04,NA,14,7,28,32,18
CELAYA,2026-07-05,NA,14,5,22,19,15
CELAYA,2026-07-06,NA,13,3,9,8,16
CELAYA,2026-07-07,NA,10,3,17,19,11
CELAYA,2026-07-08,NA,7,2,11,19,19
CELAYA,2026-07-09,NA,10,NA,14,27,21
CELAYA,2026-07-10,NA,12,1,24,31,19
CELAYA,2026-07-11,NA,13,1,18,20,24
CELAYA,2026-07-12,NA,11,3,15,14,21
CELAYA,2026-07-13,NA,8,3,8,13,21
CELAYA,2026-07-14,NA,9,5,12,15,26
CELAYA,2026-07-15,NA,13,9,12,19,32
CELAYA,2026-07-16,NA,11,9,16,22,38
CELAYA,2026-07-17,NA,6,10,16,22,30
CELAYA,2026-07-18,NA,8,9,15,32,22
CELAYA,2026-07-19,NA,8,6,9,20,6
CELAYA,2026-07-20,NA,5,8,8,8,8
CELAYA,2026-07-21,NA,9,4,26,10,10
CELAYA,2026-07-22,NA,4,8,26,17,13
CELAYA,2026-07-23,NA,4,6,18,23,13
CELAYA,2026-07-24,NA,5,6,18,28,13
CELAYA,2026-07-25,NA,8,5,11,25,19
CELAYA,2026-07-26,NA,6,5,15,20,18
CELAYA,2026-07-27,NA,7,5,5,14,13
CELAYA,2026-07-28,NA,7,9,10,22,20
CELAYA,2026-07-29,NA,9,9,12,26,23
CELAYA,2026-07-30,NA,9,5,12,24,18
CELAYA,2026-07-31,NA,11,4,12,21,19
CELAYA,2026-08-01,NA,7,5,22,16,16
CELAYA,2026-08-02,1,13,6,17,23,15
CELAYA,2026-08-03,1,6,2,18,12,13
CELAYA,2026-08-04,2,7,4,32,15,17
CELAYA,2026-08-05,3,10,4,39,29,17
CELAYA,2026-08-06,2,11,7,42,27,17
CELAYA,2026-08-07,3,9,11,48,22,18
CELAYA,2026-08-08,1,9,8,33,24,14
CELAYA,2026-08-09,2,5,7,26,15,14
CELAYA,2026-08-10,1,7,3,11,22,9
CELAYA,2026-08-11,3,5,2,14,19,14
CELAYA,2026-08-12,3,12,9,27,29,18
CELAYA,2026-08-13,NA,9,3,11,26,18
CELAYA,2026-08-14,2,12,5,18,23,26
CELAYA,2026-08-15,3,13,9,25,35,26
CELAYA,2026-08-16,3,7,7,10,28,18
CELAYA,2026-08-17,NA,4,5,7,21,7
CELAYA,2026-08-18,1,3,7,9,31,8
CELAYA,2026-08-19,2,9,13,10,18,17
CELAYA,2026-08-20,1,9,6,15,29,22
CELAYA,2026-08-21,1,4,4,21,35,28
CELAYA,2026-08-22,3,3,9,18,31,17
CELAYA,2026-08-23,3,7,5,12,29,14
CELAYA,2026-08-24,2,8,2,12,12,11
CHIHUAHUA,2025-08-24,NA,14,11,46,17,30
CHIHUAHUA,2025-08-25,NA,13,5,38,19,20
CHIHUAHUA,2025-08-26,NA,15,2,42,19,20
CHIHUAHUA,2025-08-27,NA,16,4,45,14,22
CHIHUAHUA,2025-08-28,NA,16,4,43,21,28
CHIHUAHUA,2025-08-29,NA,16,3,45,24,19
CHIHUAHUA,2025-08-30,NA,21,6,39,23,27
CHIHUAHUA,2025-08-31,NA,22,14,47,22,27
CHIHUAHUA,2025-09-01,NA,19,12,50,17,26
CHIHUAHUA,2025-09-02,NA,21,12,80,25,18
CHIHUAHUA,2025-09-03,NA,26,16,56,29,28
CHIHUAHUA,2025-09-04,NA,16,10,56,27,32
CHIHUAHUA,2025-09-05,NA,10,6,40,28,32
CHIHUAHUA,2025-09-06,NA,9,5,31,19,26
CHIHUAHUA,2025-09-07,NA,10,4,37,24,22
CHIHUAHUA,2025-09-08,NA,8,5,38,11,28
CHIHUAHUA,2025-09-09,NA,13,7,68,27,24
CHIHUAHUA,2025-09-10,NA,15,5,45,20,23
CHIHUAHUA,2025-09-11,NA,12,5,38,26,19
CHIHUAHUA,2025-09-12,NA,13,5,41,24,18
CHIHUAHUA,2025-09-13,NA,12,3,29,26,21
CHIHUAHUA,2025-09-14,NA,10,7,36,22,27
CHIHUAHUA,2025-09-15,NA,10,4,28,9,21
CHIHUAHUA,2025-09-16,NA,13,7,47,38,23
CHIHUAHUA,2025-09-17,NA,9,6,38,36,21
CHIHUAHUA,2025-09-18,NA,6,11,51,25,13
CHIHUAHUA,2025-09-19,NA,6,3,41,23,19
CHIHUAHUA,2025-09-20,NA,12,4,53,27,19
CHIHUAHUA,2025-09-21,NA,10,8,51,31,23
CHIHUAHUA,2025-09-22,NA,9,11,58,24,15
CHIHUAHUA,2025-09-23,NA,15,29,35,20,23
CHIHUAHUA,2025-09-24,NA,15,10,37,19,29
CHIHUAHUA,2025-09-25,NA,12,7,43,21,23
CHIHUAHUA,2025-09-26,NA,12,5,54,21,13
CHIHUAHUA,2025-09-27,NA,11,7,45,24,11
CHIHUAHUA,2025-09-28,NA,16,7,44,19,23
CHIHUAHUA,2025-09-29,NA,12,3,31,16,22
CHIHUAHUA,2025-09-30,NA,14,7,50,18,14
CHIHUAHUA,2025-10-01,NA,14,10,50,14,17
CHIHUAHUA,2025-10-02,NA,10,7,45,15,21
CHIHUAHUA,2025-10-03,NA,12,4,38,17,32
CHIHUAHUA,2025-10-04,NA,11,4,39,19,34
CHIHUAHUA,2025-10-05,NA,8,7,33,4,25
CHIHUAHUA,2025-10-06,NA,7,4,28,14,17
CHIHUAHUA,2025-10-07,NA,6,2,41,19,23
CHIHUAHUA,2025-10-08,NA,6,7,35,18,22
CHIHUAHUA,2025-10-09,NA,8,7,34,22,18
CHIHUAHUA,2025-10-10,NA,10,5,33,22,20
CHIHUAHUA,2025-10-11,NA,7,10,49,28,24
CHIHUAHUA,2025-10-12,NA,10,3,38,14,25
CHIHUAHUA,2025-10-13,NA,14,1,46,9,31
CHIHUAHUA,2025-10-14,NA,8,5,31,23,30
CHIHUAHUA,2025-10-15,NA,13,9,32,21,25
CHIHUAHUA,2025-10-16,NA,13,8,53,15,34
CHIHUAHUA,2025-10-17,NA,13,7,35,24,35
CHIHUAHUA,2025-10-18,NA,15,8,28,17,35
CHIHUAHUA,2025-10-19,NA,11,3,37,23,30
CHIHUAHUA,2025-10-20,NA,13,5,29,19,23
CHIHUAHUA,2025-10-21,NA,11,3,36,25,22
CHIHUAHUA,2025-10-22,NA,9,3,36,19,29
CHIHUAHUA,2025-10-23,NA,12,3,34,18,22
CHIHUAHUA,2025-10-24,NA,13,4,45,26,23
CHIHUAHUA,2025-10-25,NA,14,3,55,23,22
CHIHUAHUA,2025-10-26,NA,8,2,45,19,21
CHIHUAHUA,2025-10-27,NA,9,3,44,13,19
CHIHUAHUA,2025-10-28,NA,12,3,44,15,19
CHIHUAHUA,2025-10-29,NA,14,3,38,18,16
CHIHUAHUA,2025-10-30,NA,9,9,57,16,13
CHIHUAHUA,2025-10-31,NA,13,10,52,22,20
CHIHUAHUA,2025-11-01,NA,16,8,35,17,26
CHIHUAHUA,2025-11-02,NA,9,3,28,12,16
CHIHUAHUA,2025-11-03,NA,9,4,22,12,16
CHIHUAHUA,2025-11-04,NA,11,3,28,14,22
CHIHUAHUA,2025-11-05,NA,14,5,25,22,12
CHIHUAHUA,2025-11-06,NA,5,10,27,16,16
CHIHUAHUA,2025-11-07,NA,12,8,39,19,11
CHIHUAHUA,2025-11-08,NA,15,3,34,14,25
CHIHUAHUA,2025-11-09,NA,9,5,35,19,23
CHIHUAHUA,2025-11-10,NA,8,4,26,14,18
CHIHUAHUA,2025-11-11,NA,9,10,52,16,27
CHIHUAHUA,2025-11-12,NA,10,7,47,20,25
CHIHUAHUA,2025-11-13,NA,13,8,47,22,22
CHIHUAHUA,2025-11-14,NA,14,11,43,33,20
CHIHUAHUA,2025-11-15,NA,14,10,36,34,16
CHIHUAHUA,2025-11-16,NA,19,11,35,26,18
CHIHUAHUA,2025-11-17,NA,15,6,33,13,12
CHIHUAHUA,2025-11-18,NA,17,10,36,19,23
CHIHUAHUA,2025-11-19,NA,18,10,30,20,32
CHIHUAHUA,2025-11-20,NA,14,6,31,16,36
CHIHUAHUA,2025-11-21,NA,15,4,45,26,37
CHIHUAHUA,2025-11-22,NA,17,8,43,32,46
CHIHUAHUA,2025-11-23,NA,21,10,39,20,37
CHIHUAHUA,2025-11-24,NA,23,18,36,19,36
CHIHUAHUA,2025-11-25,NA,10,13,54,32,28
CHIHUAHUA,2025-11-26,NA,13,7,47,26,31
CHIHUAHUA,2025-11-27,NA,9,9,44,27,33
CHIHUAHUA,2025-11-28,NA,9,7,34,28,25
CHIHUAHUA,2025-11-29,NA,10,2,39,18,18
CHIHUAHUA,2025-11-30,NA,12,4,38,10,18
CHIHUAHUA,2025-12-01,NA,8,3,29,12,15
CHIHUAHUA,2025-12-02,NA,9,5,28,28,25
CHIHUAHUA,2025-12-03,NA,9,5,35,17,27
CHIHUAHUA,2025-12-04,NA,3,8,38,16,21
CHIHUAHUA,2025-12-05,NA,1,5,43,23,20
CHIHUAHUA,2025-12-06,NA,7,7,43,39,17
CHIHUAHUA,2025-12-07,NA,11,8,50,31,21
CHIHUAHUA,2025-12-08,NA,6,6,42,29,16
CHIHUAHUA,2025-12-09,NA,9,13,48,19,30
CHIHUAHUA,2025-12-10,NA,11,12,53,28,40
CHIHUAHUA,2025-12-11,NA,10,8,35,34,33
CHIHUAHUA,2025-12-12,NA,9,7,38,47,26
CHIHUAHUA,2025-12-13,NA,12,2,38,59,18
CHIHUAHUA,2025-12-14,NA,10,6,31,51,23
CHIHUAHUA,2025-12-15,NA,5,4,40,37,23
CHIHUAHUA,2025-12-16,NA,10,12,40,45,22
CHIHUAHUA,2025-12-17,NA,10,9,47,44,25
CHIHUAHUA,2025-12-18,NA,16,7,38,45,21
CHIHUAHUA,2025-12-19,NA,18,4,44,47,29
CHIHUAHUA,2025-12-20,NA,20,5,41,40,25
CHIHUAHUA,2025-12-21,NA,15,5,41,27,21
CHIHUAHUA,2025-12-22,NA,13,2,30,19,16
CHIHUAHUA,2025-12-23,NA,9,3,34,34,12
CHIHUAHUA,2025-12-24,NA,6,2,28,20,12
CHIHUAHUA,2025-12-25,NA,6,6,34,19,18
CHIHUAHUA,2025-12-26,NA,5,6,30,16,15
CHIHUAHUA,2025-12-27,NA,7,5,32,34,11
CHIHUAHUA,2025-12-28,NA,8,3,23,29,18
CHIHUAHUA,2025-12-29,NA,10,5,29,19,14
CHIHUAHUA,2025-12-30,NA,15,9,39,34,14
CHIHUAHUA,2025-12-31,NA,11,9,37,34,16
CHIHUAHUA,2026-01-01,NA,9,10,34,27,17
CHIHUAHUA,2026-01-02,NA,10,12,41,37,16
CHIHUAHUA,2026-01-03,NA,10,19,40,22,26
CHIHUAHUA,2026-01-04,NA,12,6,36,28,21
CHIHUAHUA,2026-01-05,NA,14,4,34,21,16
CHIHUAHUA,2026-01-06,NA,12,11,46,23,30
CHIHUAHUA,2026-01-07,NA,13,7,36,24,30
CHIHUAHUA,2026-01-08,NA,11,10,43,38,21
CHIHUAHUA,2026-01-09,NA,14,11,54,45,33
CHIHUAHUA,2026-01-10,NA,21,11,48,43,37
CHIHUAHUA,2026-01-11,NA,15,11,50,23,17
CHIHUAHUA,2026-01-12,NA,13,10,29,18,21
CHIHUAHUA,2026-01-13,NA,21,18,58,42,27
CHIHUAHUA,2026-01-14,NA,24,24,57,41,36
CHIHUAHUA,2026-01-15,NA,16,15,43,45,25
CHIHUAHUA,2026-01-16,NA,15,11,49,53,21
CHIHUAHUA,2026-01-17,NA,15,10,40,51,24
CHIHUAHUA,2026-01-18,NA,19,12,30,28,25
CHIHUAHUA,2026-01-19,NA,21,22,29,25,25
CHIHUAHUA,2026-01-20,NA,18,19,35,32,36
CHIHUAHUA,2026-01-21,NA,12,12,31,37,37
CHIHUAHUA,2026-01-22,NA,8,10,28,35,22
CHIHUAHUA,2026-01-23,NA,10,8,28,46,20
CHIHUAHUA,2026-01-24,NA,12,8,48,80,30
CHIHUAHUA,2026-01-25,NA,15,11,48,40,39
CHIHUAHUA,2026-01-26,NA,22,15,34,35,46
CHIHUAHUA,2026-01-27,NA,17,15,29,47,40
CHIHUAHUA,2026-01-28,NA,16,6,44,47,24
CHIHUAHUA,2026-01-29,NA,12,5,43,27,19
CHIHUAHUA,2026-01-30,NA,13,11,45,42,20
CHIHUAHUA,2026-01-31,NA,19,13,50,58,14
CHIHUAHUA,2026-02-01,NA,13,9,62,46,16
CHIHUAHUA,2026-02-02,NA,12,8,49,39,26
CHIHUAHUA,2026-02-03,NA,21,6,52,43,32
CHIHUAHUA,2026-02-04,NA,18,9,48,51,48
CHIHUAHUA,2026-02-05,NA,17,11,49,49,31
CHIHUAHUA,2026-02-06,NA,12,15,46,37,16
CHIHUAHUA,2026-02-07,NA,11,8,52,42,22
CHIHUAHUA,2026-02-08,NA,10,12,39,30,28
CHIHUAHUA,2026-02-09,NA,12,13,45,26,25
CHIHUAHUA,2026-02-10,NA,15,11,52,43,26
CHIHUAHUA,2026-02-11,NA,19,16,75,53,37
CHIHUAHUA,2026-02-12,NA,25,17,71,59,40
CHIHUAHUA,2026-02-13,NA,19,13,54,80,36
CHIHUAHUA,2026-02-14,NA,19,11,70,66,37
CHIHUAHUA,2026-02-15,NA,21,9,59,35,46
CHIHUAHUA,2026-02-16,NA,23,10,50,21,49
CHIHUAHUA,2026-02-17,NA,15,17,48,56,61
CHIHUAHUA,2026-02-18,NA,17,7,43,38,50
CHIHUAHUA,2026-02-19,NA,8,7,49,43,44
CHIHUAHUA,2026-02-20,NA,9,14,44,67,44
CHIHUAHUA,2026-02-21,NA,9,8,56,61,26
CHIHUAHUA,2026-02-22,NA,16,17,51,51,27
CHIHUAHUA,2026-02-23,NA,13,13,29,32,16
CHIHUAHUA,2026-02-24,NA,14,11,52,49,28
CHIHUAHUA,2026-02-25,NA,16,13,29,38,35
CHIHUAHUA,2026-02-26,NA,13,12,29,50,32
CHIHUAHUA,2026-02-27,NA,15,21,38,54,24
CHIHUAHUA,2026-02-28,NA,17,17,41,56,30
CHIHUAHUA,2026-03-01,NA,25,20,51,37,35
CHIHUAHUA,2026-03-02,NA,27,22,41,23,34
CHIHUAHUA,2026-03-03,NA,25,29,65,37,45
CHIHUAHUA,2026-03-04,NA,18,21,40,47,39
CHIHUAHUA,2026-03-05,NA,20,19,80,48,42
CHIHUAHUA,2026-03-06,NA,13,20,50,46,41
CHIHUAHUA,2026-03-07,NA,23,13,52,50,31
CHIHUAHUA,2026-03-08,NA,12,5,58,45,39
CHIHUAHUA,2026-03-09,NA,12,9,52,26,45
CHIHUAHUA,2026-03-10,NA,21,13,52,39,48
CHIHUAHUA,2026-03-11,NA,18,19,53,40,58
CHIHUAHUA,2026-03-12,NA,12,13,55,45,41
CHIHUAHUA,2026-03-13,NA,18,5,48,45,32
CHIHUAHUA,2026-03-14,NA,16,8,61,38,42
CHIHUAHUA,2026-03-15,NA,16,12,54,38,42
CHIHUAHUA,2026-03-16,NA,15,11,44,29,39
CHIHUAHUA,2026-03-17,NA,16,16,38,37,39
CHIHUAHUA,2026-03-18,NA,12,15,47,46,51
CHIHUAHUA,2026-03-19,NA,15,15,46,56,53
CHIHUAHUA,2026-03-20,NA,14,18,56,39,48
CHIHUAHUA,2026-03-21,NA,18,12,59,52,43
CHIHUAHUA,2026-03-22,NA,17,13,59,67,42
CHIHUAHUA,2026-03-23,NA,26,16,54,47,40
CHIHUAHUA,2026-03-24,NA,24,17,33,49,39
CHIHUAHUA,2026-03-25,NA,15,21,40,68,48
CHIHUAHUA,2026-03-26,NA,10,17,60,59,50
CHIHUAHUA,2026-03-27,NA,13,14,42,47,43
CHIHUAHUA,2026-03-28,NA,16,17,44,57,36
CHIHUAHUA,2026-03-29,NA,13,7,37,37,38
CHIHUAHUA,2026-03-30,NA,10,6,43,27,36
CHIHUAHUA,2026-03-31,NA,17,7,42,50,47
CHIHUAHUA,2026-04-01,NA,17,11,44,42,36
CHIHUAHUA,2026-04-02,NA,19,11,46,45,31
CHIHUAHUA,2026-04-03,NA,20,11,45,38,36
CHIHUAHUA,2026-04-04,NA,18,7,31,34,33
CHIHUAHUA,2026-04-05,NA,18,16,38,27,29
CHIHUAHUA,2026-04-06,NA,17,13,30,38,28
CHIHUAHUA,2026-04-07,NA,17,17,51,42,31
CHIHUAHUA,2026-04-08,NA,9,14,55,40,32
CHIHUAHUA,2026-04-09,NA,16,6,48,60,31
CHIHUAHUA,2026-04-10,NA,15,7,53,54,40
CHIHUAHUA,2026-04-11,NA,19,9,55,50,48
CHIHUAHUA,2026-04-12,NA,25,17,56,32,44
CHIHUAHUA,2026-04-13,NA,13,16,39,25,37
CHIHUAHUA,2026-04-14,NA,24,17,71,39,29
CHIHUAHUA,2026-04-15,NA,22,19,71,64,41
CHIHUAHUA,2026-04-16,NA,27,20,61,53,53
CHIHUAHUA,2026-04-17,NA,14,17,67,43,51
CHIHUAHUA,2026-04-18,NA,13,16,61,69,54
CHIHUAHUA,2026-04-19,NA,16,19,64,41,52
CHIHUAHUA,2026-04-20,NA,17,21,49,25,49
CHIHUAHUA,2026-04-21,NA,22,25,68,44,61
CHIHUAHUA,2026-04-22,NA,18,28,74,41,44
CHIHUAHUA,2026-04-23,NA,23,18,56,36,42
CHIHUAHUA,2026-04-24,NA,21,21,66,53,46
CHIHUAHUA,2026-04-25,NA,19,29,53,53,56
CHIHUAHUA,2026-04-26,NA,14,29,59,43,38
CHIHUAHUA,2026-04-27,NA,16,19,52,38,34
CHIHUAHUA,2026-04-28,NA,19,25,49,33,45
CHIHUAHUA,2026-04-29,NA,10,13,51,41,31
CHIHUAHUA,2026-04-30,NA,10,3,40,41,26
CHIHUAHUA,2026-05-01,NA,10,6,38,24,20
CHIHUAHUA,2026-05-02,NA,15,7,38,27,27
CHIHUAHUA,2026-05-03,NA,13,10,46,33,22
CHIHUAHUA,2026-05-04,NA,17,12,37,19,24
CHIHUAHUA,2026-05-05,NA,19,13,54,39,26
CHIHUAHUA,2026-05-06,NA,16,8,56,55,42
CHIHUAHUA,2026-05-07,NA,14,6,53,45,53
CHIHUAHUA,2026-05-08,NA,11,7,47,37,31
CHIHUAHUA,2026-05-09,NA,8,7,50,41,29
CHIHUAHUA,2026-05-10,NA,10,3,32,32,31
CHIHUAHUA,2026-05-11,NA,10,2,40,24,30
CHIHUAHUA,2026-05-12,NA,21,11,47,47,48
CHIHUAHUA,2026-05-13,NA,17,15,51,48,46
CHIHUAHUA,2026-05-14,NA,16,19,51,43,44
CHIHUAHUA,2026-05-15,NA,16,12,43,48,50
CHIHUAHUA,2026-05-16,NA,19,17,48,49,39
CHIHUAHUA,2026-05-17,NA,13,15,42,25,33
CHIHUAHUA,2026-05-18,NA,10,3,47,27,18
CHIHUAHUA,2026-05-19,NA,17,8,41,43,28
CHIHUAHUA,2026-05-20,NA,14,8,49,32,25
CHIHUAHUA,2026-05-21,NA,11,9,56,47,34
CHIHUAHUA,2026-05-22,NA,16,8,60,42,38
CHIHUAHUA,2026-05-23,NA,26,7,86,50,37
CHIHUAHUA,2026-05-24,NA,23,7,77,48,47
CHIHUAHUA,2026-05-25,NA,22,11,62,36,41
CHIHUAHUA,2026-05-26,NA,17,5,47,31,41
CHIHUAHUA,2026-05-27,NA,10,5,53,43,37
CHIHUAHUA,2026-05-28,NA,13,7,57,41,47
CHIHUAHUA,2026-05-29,NA,20,12,50,33,44
CHIHUAHUA,2026-05-30,NA,23,9,53,47,27
CHIHUAHUA,2026-05-31,NA,13,9,60,26,28
CHIHUAHUA,2026-06-01,NA,9,7,57,17,28
CHIHUAHUA,2026-06-02,NA,12,9,54,40,38
CHIHUAHUA,2026-06-03,NA,14,9,48,51,37
CHIHUAHUA,2026-06-04,NA,9,11,58,60,25
CHIHUAHUA,2026-06-05,NA,13,14,88,72,22
CHIHUAHUA,2026-06-06,NA,14,13,84,46,29
CHIHUAHUA,2026-06-07,NA,23,16,110,34,34
CHIHUAHUA,2026-06-08,NA,23,15,90,33,37
CHIHUAHUA,2026-06-09,NA,23,23,73,33,47
CHIHUAHUA,2026-06-10,NA,19,22,92,40,54
CHIHUAHUA,2026-06-11,NA,16,23,76,47,56
CHIHUAHUA,2026-06-12,NA,15,17,53,55,52
CHIHUAHUA,2026-06-13,NA,15,15,72,61,38
CHIHUAHUA,2026-06-14,NA,18,14,93,44,40
CHIHUAHUA,2026-06-15,NA,15,10,82,28,35
CHIHUAHUA,2026-06-16,NA,12,15,105,42,27
CHIHUAHUA,2026-06-17,NA,12,17,68,54,36
CHIHUAHUA,2026-06-18,NA,17,10,69,43,35
CHIHUAHUA,2026-06-19,NA,20,13,54,32,38
CHIHUAHUA,2026-06-20,NA,22,8,61,46,29
CHIHUAHUA,2026-06-21,NA,15,5,44,30,26
CHIHUAHUA,2026-06-22,NA,16,1,42,19,18
CHIHUAHUA,2026-06-23,NA,11,5,69,39,29
CHIHUAHUA,2026-06-24,NA,10,13,47,43,31
CHIHUAHUA,2026-06-25,NA,11,8,50,33,23
CHIHUAHUA,2026-06-26,NA,13,11,52,41,34
CHIHUAHUA,2026-06-27,NA,13,9,58,34,36
CHIHUAHUA,2026-06-28,NA,20,8,65,33,35
CHIHUAHUA,2026-06-29,NA,14,7,44,30,31
CHIHUAHUA,2026-06-30,NA,22,12,52,46,31
CHIHUAHUA,2026-07-01,NA,22,16,65,27,29
CHIHUAHUA,2026-07-02,NA,19,11,79,64,34
CHIHUAHUA,2026-07-03,NA,18,16,78,57,30
CHIHUAHUA,2026-07-04,NA,18,8,72,56,30
CHIHUAHUA,2026-07-05,NA,19,8,55,42,27
CHIHUAHUA,2026-07-06,NA,20,11,38,16,22
CHIHUAHUA,2026-07-07,NA,20,9,53,40,38
CHIHUAHUA,2026-07-08,NA,13,11,52,35,28
CHIHUAHUA,2026-07-09,NA,9,9,56,43,27
CHIHUAHUA,2026-07-10,NA,21,14,47,44,30
CHIHUAHUA,2026-07-11,NA,15,11,53,48,37
CHIHUAHUA,2026-07-12,NA,16,7,59,25,30
CHIHUAHUA,2026-07-13,NA,13,5,46,16,18
CHIHUAHUA,2026-07-14,NA,18,11,54,30,31
CHIHUAHUA,2026-07-15,NA,15,9,70,55,44
CHIHUAHUA,2026-07-16,NA,16,11,78,59,54
CHIHUAHUA,2026-07-17,NA,17,13,70,72,48
CHIHUAHUA,2026-07-18,NA,31,17,81,52,39
CHIHUAHUA,2026-07-19,NA,37,23,54,32,39
CHIHUAHUA,2026-07-20,NA,32,25,27,20,30
CHIHUAHUA,2026-07-21,NA,15,19,58,35,27
CHIHUAHUA,2026-07-22,NA,18,18,74,40,30
CHIHUAHUA,2026-07-23,NA,16,16,79,38,24
CHIHUAHUA,2026-07-24,NA,23,12,57,46,27
CHIHUAHUA,2026-07-25,NA,17,8,64,46,31
CHIHUAHUA,2026-07-26,NA,16,7,51,37,24
CHIHUAHUA,2026-07-27,NA,14,4,39,34,29
CHIHUAHUA,2026-07-28,NA,9,12,66,34,36
CHIHUAHUA,2026-07-29,NA,13,10,77,31,37
CHIHUAHUA,2026-07-30,NA,18,6,67,29,42
CHIHUAHUA,2026-07-31,NA,17,7,63,58,45
CHIHUAHUA,2026-08-01,13,25,11,56,51,49
CHIHUAHUA,2026-08-02,12,23,17,51,33,49
CHIHUAHUA,2026-08-03,12,23,14,59,28,55
CHIHUAHUA,2026-08-04,5,15,14,49,39,45
CHIHUAHUA,2026-08-05,4,11,7,35,55,47
CHIHUAHUA,2026-08-06,6,12,13,45,48,44
CHIHUAHUA,2026-08-07,4,11,10,36,65,50
CHIHUAHUA,2026-08-08,5,9,5,40,49,40
CHIHUAHUA,2026-08-09,5,15,6,70,41,36
CHIHUAHUA,2026-08-10,NA,13,5,45,44,40
CHIHUAHUA,2026-08-11,9,19,11,45,30,38
CHIHUAHUA,2026-08-12,4,13,8,57,51,33
CHIHUAHUA,2026-08-13,7,13,8,80,51,31
CHIHUAHUA,2026-08-14,5,15,21,85,59,28
CHIHUAHUA,2026-08-15,6,19,21,86,76,27
CHIHUAHUA,2026-08-16,7,18,26,85,44,38
CHIHUAHUA,2026-08-17,6,14,19,71,34,44
CHIHUAHUA,2026-08-18,12,12,24,94,70,49
CHIHUAHUA,2026-08-19,14,19,21,98,40,30
CHIHUAHUA,2026-08-20,8,17,14,76,32,33
CHIHUAHUA,2026-08-21,3,12,4,67,52,27
CHIHUAHUA,2026-08-22,4,17,9,59,49,31
CHIHUAHUA,2026-08-23,2,11,6,43,49,30
CHIHUAHUA,2026-08-24,2,10,2,38,32,37
CIUDAD DE MEXICO,2025-08-24,NA,611,308,1004,925,1010
CIUDAD DE MEXICO,2025-08-25,NA,537,233,929,846,786
CIUDAD DE MEXICO,2025-08-26,NA,605,303,1132,898,937
CIUDAD DE MEXICO,2025-08-27,NA,635,320,1211,910,1019
CIUDAD DE MEXICO,2025-08-28,NA,710,304,1064,1005,1006
CIUDAD DE MEXICO,2025-08-29,NA,849,319,1001,974,892
CIUDAD DE MEXICO,2025-08-30,NA,907,315,1082,1123,937
CIUDAD DE MEXICO,2025-08-31,NA,903,310,1053,930,891
CIUDAD DE MEXICO,2025-09-01,NA,767,307,944,770,721
CIUDAD DE MEXICO,2025-09-02,NA,760,338,1162,861,925
CIUDAD DE MEXICO,2025-09-03,NA,718,374,1331,919,1116
CIUDAD DE MEXICO,2025-09-04,NA,713,360,1343,954,1196
CIUDAD DE MEXICO,2025-09-05,NA,735,383,1273,950,1211
CIUDAD DE MEXICO,2025-09-06,NA,750,368,1257,944,1117
CIUDAD DE MEXICO,2025-09-07,NA,639,335,1163,860,944
CIUDAD DE MEXICO,2025-09-08,NA,528,246,980,790,785
CIUDAD DE MEXICO,2025-09-09,NA,548,278,1104,893,879
CIUDAD DE MEXICO,2025-09-10,NA,566,299,971,972,883
CIUDAD DE MEXICO,2025-09-11,NA,571,280,1071,975,840
CIUDAD DE MEXICO,2025-09-12,NA,593,256,963,998,842
CIUDAD DE MEXICO,2025-09-13,NA,653,226,996,1041,812
CIUDAD DE MEXICO,2025-09-14,NA,563,232,916,843,716
CIUDAD DE MEXICO,2025-09-15,NA,489,221,983,861,601
CIUDAD DE MEXICO,2025-09-16,NA,422,195,888,826,653
CIUDAD DE MEXICO,2025-09-17,NA,429,217,934,816,641
CIUDAD DE MEXICO,2025-09-18,NA,478,268,1043,886,784
CIUDAD DE MEXICO,2025-09-19,NA,496,265,1092,853,816
CIUDAD DE MEXICO,2025-09-20,NA,508,255,1139,880,879
CIUDAD DE MEXICO,2025-09-21,NA,491,226,906,828,934
CIUDAD DE MEXICO,2025-09-22,NA,415,231,863,743,761
CIUDAD DE MEXICO,2025-09-23,NA,453,262,1045,842,1007
CIUDAD DE MEXICO,2025-09-24,NA,482,275,992,963,1076
CIUDAD DE MEXICO,2025-09-25,NA,515,253,1114,851,1033
CIUDAD DE MEXICO,2025-09-26,NA,586,276,1164,948,999
CIUDAD DE MEXICO,2025-09-27,NA,675,296,1222,959,949
CIUDAD DE MEXICO,2025-09-28,NA,612,300,1164,924,910
CIUDAD DE MEXICO,2025-09-29,NA,573,270,1031,833,729
CIUDAD DE MEXICO,2025-09-30,NA,629,359,1205,894,838
CIUDAD DE MEXICO,2025-10-01,NA,653,359,1192,773,881
CIUDAD DE MEXICO,2025-10-02,NA,630,368,1225,806,916
CIUDAD DE MEXICO,2025-10-03,NA,635,367,1162,812,837
CIUDAD DE MEXICO,2025-10-04,NA,669,349,1042,855,795
CIUDAD DE MEXICO,2025-10-05,NA,579,331,922,725,729
CIUDAD DE MEXICO,2025-10-06,NA,486,272,876,708,607
CIUDAD DE MEXICO,2025-10-07,NA,486,333,1061,804,806
CIUDAD DE MEXICO,2025-10-08,NA,488,327,1020,734,804
CIUDAD DE MEXICO,2025-10-09,NA,523,320,1035,779,796
CIUDAD DE MEXICO,2025-10-10,NA,600,345,1053,862,834
CIUDAD DE MEXICO,2025-10-11,NA,663,379,1128,899,791
CIUDAD DE MEXICO,2025-10-12,NA,624,341,1132,805,713
CIUDAD DE MEXICO,2025-10-13,NA,538,328,1022,799,559
CIUDAD DE MEXICO,2025-10-14,NA,544,346,1095,876,741
CIUDAD DE MEXICO,2025-10-15,NA,611,337,1109,1018,787
CIUDAD DE MEXICO,2025-10-16,NA,662,414,1173,1103,834
CIUDAD DE MEXICO,2025-10-17,NA,657,364,1134,1049,819
CIUDAD DE MEXICO,2025-10-18,NA,687,356,1129,1046,798
CIUDAD DE MEXICO,2025-10-19,NA,628,312,1031,916,758
CIUDAD DE MEXICO,2025-10-20,NA,513,275,961,821,601
CIUDAD DE MEXICO,2025-10-21,NA,544,307,1061,933,776
CIUDAD DE MEXICO,2025-10-22,NA,576,330,1000,987,843
CIUDAD DE MEXICO,2025-10-23,NA,569,311,1027,949,844
CIUDAD DE MEXICO,2025-10-24,NA,601,298,1070,1001,858
CIUDAD DE MEXICO,2025-10-25,NA,648,286,1106,1000,867
CIUDAD DE MEXICO,2025-10-26,NA,577,235,927,927,755
CIUDAD DE MEXICO,2025-10-27,NA,499,209,893,866,606
CIUDAD DE MEXICO,2025-10-28,NA,549,263,978,948,719
CIUDAD DE MEXICO,2025-10-29,NA,604,265,979,899,765
CIUDAD DE MEXICO,2025-10-30,NA,683,246,961,972,709
CIUDAD DE MEXICO,2025-10-31,NA,740,258,941,985,726
CIUDAD DE MEXICO,2025-11-01,NA,735,268,982,780,679
CIUDAD DE MEXICO,2025-11-02,NA,624,242,825,667,574
CIUDAD DE MEXICO,2025-11-03,NA,543,254,876,631,486
CIUDAD DE MEXICO,2025-11-04,NA,542,320,1033,725,670
CIUDAD DE MEXICO,2025-11-05,NA,528,320,972,751,733
CIUDAD DE MEXICO,2025-11-06,NA,557,324,985,910,740
CIUDAD DE MEXICO,2025-11-07,NA,589,323,966,961,725
CIUDAD DE MEXICO,2025-11-08,NA,623,331,1022,1023,684
CIUDAD DE MEXICO,2025-11-09,NA,530,283,899,938,612
CIUDAD DE MEXICO,2025-11-10,NA,467,262,871,1034,503
CIUDAD DE MEXICO,2025-11-11,NA,510,357,1029,974,657
CIUDAD DE MEXICO,2025-11-12,NA,556,370,1014,1037,688
CIUDAD DE MEXICO,2025-11-13,NA,586,351,953,1115,725
CIUDAD DE MEXICO,2025-11-14,NA,659,374,1019,1291,740
CIUDAD DE MEXICO,2025-11-15,NA,713,345,1072,1460,777
CIUDAD DE MEXICO,2025-11-16,NA,622,380,985,1264,716
CIUDAD DE MEXICO,2025-11-17,NA,550,371,909,1378,614
CIUDAD DE MEXICO,2025-11-18,NA,565,483,1100,1559,757
CIUDAD DE MEXICO,2025-11-19,NA,586,506,1185,1258,903
CIUDAD DE MEXICO,2025-11-20,NA,577,447,1102,1240,895
CIUDAD DE MEXICO,2025-11-21,NA,604,373,1060,1285,930
CIUDAD DE MEXICO,2025-11-22,NA,628,364,1096,1283,1170
CIUDAD DE MEXICO,2025-11-23,NA,533,273,898,1147,1080
CIUDAD DE MEXICO,2025-11-24,NA,474,241,882,1236,833
CIUDAD DE MEXICO,2025-11-25,NA,557,302,1046,1187,917
CIUDAD DE MEXICO,2025-11-26,NA,632,284,910,1150,856
CIUDAD DE MEXICO,2025-11-27,NA,679,309,1110,1160,871
CIUDAD DE MEXICO,2025-11-28,NA,743,313,1054,1311,905
CIUDAD DE MEXICO,2025-11-29,NA,845,322,1044,1351,834
CIUDAD DE MEXICO,2025-11-30,NA,757,325,1061,1225,701
CIUDAD DE MEXICO,2025-12-01,NA,627,325,1012,1219,592
CIUDAD DE MEXICO,2025-12-02,NA,645,360,1184,1212,688
CIUDAD DE MEXICO,2025-12-03,NA,647,368,1129,1085,797
CIUDAD DE MEXICO,2025-12-04,NA,658,353,1093,986,781
CIUDAD DE MEXICO,2025-12-05,NA,675,326,1055,1055,793
CIUDAD DE MEXICO,2025-12-06,NA,643,325,1066,1086,726
CIUDAD DE MEXICO,2025-12-07,NA,570,308,938,990,607
CIUDAD DE MEXICO,2025-12-08,NA,486,265,895,912,473
CIUDAD DE MEXICO,2025-12-09,NA,531,317,1116,937,638
CIUDAD DE MEXICO,2025-12-10,NA,527,314,1103,951,629
CIUDAD DE MEXICO,2025-12-11,NA,560,310,1109,1028,711
CIUDAD DE MEXICO,2025-12-12,NA,587,288,1126,1057,705
CIUDAD DE MEXICO,2025-12-13,NA,626,294,1099,1156,671
CIUDAD DE MEXICO,2025-12-14,NA,585,264,1043,1075,609
CIUDAD DE MEXICO,2025-12-15,NA,498,259,1001,1080,500
CIUDAD DE MEXICO,2025-12-16,NA,566,354,1153,1185,703
CIUDAD DE MEXICO,2025-12-17,NA,605,425,1209,1231,777
CIUDAD DE MEXICO,2025-12-18,NA,642,399,1251,1186,828
CIUDAD DE MEXICO,2025-12-19,NA,665,429,1209,1147,794
CIUDAD DE MEXICO,2025-12-20,NA,694,391,1208,1195,743
CIUDAD DE MEXICO,2025-12-21,NA,644,330,1018,1047,744
CIUDAD DE MEXICO,2025-12-22,NA,580,295,994,968,612
CIUDAD DE MEXICO,2025-12-23,NA,568,346,1048,923,793
CIUDAD DE MEXICO,2025-12-24,NA,441,293,1001,845,701
CIUDAD DE MEXICO,2025-12-25,NA,379,207,743,651,556
CIUDAD DE MEXICO,2025-12-26,NA,414,205,819,660,501
CIUDAD DE MEXICO,2025-12-27,NA,486,279,975,830,589
CIUDAD DE MEXICO,2025-12-28,NA,482,273,848,815,554
CIUDAD DE MEXICO,2025-12-29,NA,449,263,876,772,420
CIUDAD DE MEXICO,2025-12-30,NA,505,322,1011,860,581
CIUDAD DE MEXICO,2025-12-31,NA,483,259,878,717,618
CIUDAD DE MEXICO,2026-01-01,NA,412,214,728,537,554
CIUDAD DE MEXICO,2026-01-02,NA,486,251,933,625,547
CIUDAD DE MEXICO,2026-01-03,NA,561,310,1124,821,632
CIUDAD DE MEXICO,2026-01-04,NA,495,275,962,840,561
CIUDAD DE MEXICO,2026-01-05,NA,457,246,965,813,461
CIUDAD DE MEXICO,2026-01-06,NA,500,329,1119,968,691
CIUDAD DE MEXICO,2026-01-07,NA,542,354,1184,971,662
CIUDAD DE MEXICO,2026-01-08,NA,585,353,1237,1141,729
CIUDAD DE MEXICO,2026-01-09,NA,632,366,1191,1122,796
CIUDAD DE MEXICO,2026-01-10,NA,705,439,1197,1217,855
CIUDAD DE MEXICO,2026-01-11,NA,607,375,1081,1035,761
CIUDAD DE MEXICO,2026-01-12,NA,532,323,981,998,595
CIUDAD DE MEXICO,2026-01-13,NA,573,404,1214,1095,715
CIUDAD DE MEXICO,2026-01-14,NA,572,377,1172,1209,700
CIUDAD DE MEXICO,2026-01-15,NA,654,384,1173,1236,767
CIUDAD DE MEXICO,2026-01-16,NA,705,380,1104,1325,775
CIUDAD DE MEXICO,2026-01-17,NA,695,420,1156,1316,782
CIUDAD DE MEXICO,2026-01-18,NA,626,367,1081,1179,781
CIUDAD DE MEXICO,2026-01-19,NA,561,369,1041,1040,629
CIUDAD DE MEXICO,2026-01-20,NA,582,395,1139,1219,843
CIUDAD DE MEXICO,2026-01-21,NA,578,407,1188,1163,865
CIUDAD DE MEXICO,2026-01-22,NA,596,416,1158,1183,894
CIUDAD DE MEXICO,2026-01-23,NA,636,392,1227,1193,909
CIUDAD DE MEXICO,2026-01-24,NA,675,395,1239,1313,837
CIUDAD DE MEXICO,2026-01-25,NA,604,325,1020,1142,713
CIUDAD DE MEXICO,2026-01-26,NA,545,278,908,1069,522
CIUDAD DE MEXICO,2026-01-27,NA,583,375,1106,1136,714
CIUDAD DE MEXICO,2026-01-28,NA,708,399,1078,1177,808
CIUDAD DE MEXICO,2026-01-29,NA,809,394,1134,1288,831
CIUDAD DE MEXICO,2026-01-30,NA,906,401,1153,1337,824
CIUDAD DE MEXICO,2026-01-31,NA,992,431,1204,1404,845
CIUDAD DE MEXICO,2026-02-01,NA,1004,505,1174,1089,805
CIUDAD DE MEXICO,2026-02-02,NA,881,510,1067,1127,645
CIUDAD DE MEXICO,2026-02-03,NA,900,611,1249,1017,836
CIUDAD DE MEXICO,2026-02-04,NA,832,603,1279,1136,936
CIUDAD DE MEXICO,2026-02-05,NA,762,558,1264,1268,923
CIUDAD DE MEXICO,2026-02-06,NA,734,533,1177,1275,899
CIUDAD DE MEXICO,2026-02-07,NA,779,478,1193,1249,848
CIUDAD DE MEXICO,2026-02-08,NA,721,458,1040,1122,744
CIUDAD DE MEXICO,2026-02-09,NA,591,393,1011,983,618
CIUDAD DE MEXICO,2026-02-10,NA,575,387,1159,1070,738
CIUDAD DE MEXICO,2026-02-11,NA,586,345,1162,1032,799
CIUDAD DE MEXICO,2026-02-12,NA,583,391,1216,1179,712
CIUDAD DE MEXICO,2026-02-13,NA,638,359,1188,1219,723
CIUDAD DE MEXICO,2026-02-14,NA,701,356,1177,1314,728
CIUDAD DE MEXICO,2026-02-15,NA,663,346,1221,1161,681
CIUDAD DE MEXICO,2026-02-16,NA,582,328,1038,978,596
CIUDAD DE MEXICO,2026-02-17,NA,656,439,1376,1155,883
CIUDAD DE MEXICO,2026-02-18,NA,661,469,1237,1098,959
CIUDAD DE MEXICO,2026-02-19,NA,626,375,1231,1127,931
CIUDAD DE MEXICO,2026-02-20,NA,659,360,1308,1208,936
CIUDAD DE MEXICO,2026-02-21,NA,706,357,1249,1255,871
CIUDAD DE MEXICO,2026-02-22,NA,587,329,1143,1072,837
CIUDAD DE MEXICO,2026-02-23,NA,519,266,1032,925,660
CIUDAD DE MEXICO,2026-02-24,NA,596,335,1183,955,851
CIUDAD DE MEXICO,2026-02-25,NA,602,362,1218,1058,889
CIUDAD DE MEXICO,2026-02-26,NA,693,358,1209,1074,941
CIUDAD DE MEXICO,2026-02-27,NA,834,356,1176,1108,932
CIUDAD DE MEXICO,2026-02-28,NA,910,379,1282,1181,924
CIUDAD DE MEXICO,2026-03-01,NA,846,388,1220,886,827
CIUDAD DE MEXICO,2026-03-02,NA,724,378,1165,848,682
CIUDAD DE MEXICO,2026-03-03,NA,717,463,1394,1019,889
CIUDAD DE MEXICO,2026-03-04,NA,673,467,1317,1009,909
CIUDAD DE MEXICO,2026-03-05,NA,662,442,1295,1056,949
CIUDAD DE MEXICO,2026-03-06,NA,698,391,1292,1034,850
CIUDAD DE MEXICO,2026-03-07,NA,746,386,1310,1110,863
CIUDAD DE MEXICO,2026-03-08,NA,689,382,1228,881,839
CIUDAD DE MEXICO,2026-03-09,NA,561,338,1072,816,784
CIUDAD DE MEXICO,2026-03-10,NA,581,406,1287,927,950
CIUDAD DE MEXICO,2026-03-11,NA,616,429,1324,956,997
CIUDAD DE MEXICO,2026-03-12,NA,650,409,1260,1037,1010
CIUDAD DE MEXICO,2026-03-13,NA,713,368,1206,1066,994
CIUDAD DE MEXICO,2026-03-14,NA,763,328,1157,1106,965
CIUDAD DE MEXICO,2026-03-15,NA,663,322,1072,1030,851
CIUDAD DE MEXICO,2026-03-16,NA,552,272,947,906,698
CIUDAD DE MEXICO,2026-03-17,NA,550,344,1021,873,732
CIUDAD DE MEXICO,2026-03-18,NA,599,361,1411,998,851
CIUDAD DE MEXICO,2026-03-19,NA,602,451,1526,963,899
CIUDAD DE MEXICO,2026-03-20,NA,587,380,1357,1032,851
CIUDAD DE MEXICO,2026-03-21,NA,625,400,1306,1115,923
CIUDAD DE MEXICO,2026-03-22,NA,541,339,1117,894,895
CIUDAD DE MEXICO,2026-03-23,NA,456,275,1029,815,701
CIUDAD DE MEXICO,2026-03-24,NA,523,315,1134,919,795
CIUDAD DE MEXICO,2026-03-25,NA,558,311,1138,854,885
CIUDAD DE MEXICO,2026-03-26,NA,597,287,1136,919,881
CIUDAD DE MEXICO,2026-03-27,NA,641,305,1133,957,836
CIUDAD DE MEXICO,2026-03-28,NA,743,297,1239,1064,850
CIUDAD DE MEXICO,2026-03-29,NA,676,270,1080,942,755
CIUDAD DE MEXICO,2026-03-30,NA,592,268,1004,953,604
CIUDAD DE MEXICO,2026-03-31,NA,723,383,1259,918,738
CIUDAD DE MEXICO,2026-04-01,NA,771,454,1403,856,883
CIUDAD DE MEXICO,2026-04-02,NA,803,455,1516,1015,890
CIUDAD DE MEXICO,2026-04-03,NA,716,419,1294,895,825
CIUDAD DE MEXICO,2026-04-04,NA,625,338,1083,699,738
CIUDAD DE MEXICO,2026-04-05,NA,524,343,1074,710,661
CIUDAD DE MEXICO,2026-04-06,NA,444,296,1076,723,580
CIUDAD DE MEXICO,2026-04-07,NA,524,409,1254,895,783
CIUDAD DE MEXICO,2026-04-08,NA,540,423,1362,882,795
CIUDAD DE MEXICO,2026-04-09,NA,572,453,1517,995,796
CIUDAD DE MEXICO,2026-04-10,NA,606,483,1466,947,804
CIUDAD DE MEXICO,2026-04-11,NA,626,451,1530,1021,823
CIUDAD DE MEXICO,2026-04-12,NA,570,483,1396,864,694
CIUDAD DE MEXICO,2026-04-13,NA,463,413,1337,882,624
CIUDAD DE MEXICO,2026-04-14,NA,466,471,1554,975,733
CIUDAD DE MEXICO,2026-04-15,NA,552,516,1585,1010,1027
CIUDAD DE MEXICO,2026-04-16,NA,605,567,1594,1118,1084
CIUDAD DE MEXICO,2026-04-17,NA,664,581,1602,1071,1173
CIUDAD DE MEXICO,2026-04-18,NA,697,546,1531,1185,1076
CIUDAD DE MEXICO,2026-04-19,NA,625,504,1491,982,1043
CIUDAD DE MEXICO,2026-04-20,NA,512,452,1375,811,963
CIUDAD DE MEXICO,2026-04-21,NA,563,478,1460,896,1109
CIUDAD DE MEXICO,2026-04-22,NA,570,503,1473,854,1124
CIUDAD DE MEXICO,2026-04-23,NA,576,483,1586,841,1136
CIUDAD DE MEXICO,2026-04-24,NA,591,432,1486,819,1068
CIUDAD DE MEXICO,2026-04-25,NA,642,420,1463,1048,994
CIUDAD DE MEXICO,2026-04-26,NA,594,352,1313,900,860
CIUDAD DE MEXICO,2026-04-27,NA,538,374,1285,860,769
CIUDAD DE MEXICO,2026-04-28,NA,604,441,1494,969,951
CIUDAD DE MEXICO,2026-04-29,NA,689,473,1563,955,938
CIUDAD DE MEXICO,2026-04-30,NA,754,453,1486,907,1039
CIUDAD DE MEXICO,2026-05-01,NA,843,413,1535,786,1079
CIUDAD DE MEXICO,2026-05-02,NA,897,454,1701,892,994
CIUDAD DE MEXICO,2026-05-03,NA,734,466,1514,807,897
CIUDAD DE MEXICO,2026-05-04,NA,651,414,1449,746,802
CIUDAD DE MEXICO,2026-05-05,NA,670,467,1671,873,947
CIUDAD DE MEXICO,2026-05-06,NA,645,505,1519,959,1048
CIUDAD DE MEXICO,2026-05-07,NA,604,480,1554,879,1081
CIUDAD DE MEXICO,2026-05-08,NA,606,417,1505,934,1030
CIUDAD DE MEXICO,2026-05-09,NA,641,402,1530,1013,1030
CIUDAD DE MEXICO,2026-05-10,NA,564,343,1318,833,874
CIUDAD DE MEXICO,2026-05-11,NA,489,331,1306,757,791
CIUDAD DE MEXICO,2026-05-12,NA,527,360,1427,957,856
CIUDAD DE MEXICO,2026-05-13,NA,549,373,1622,1037,922
CIUDAD DE MEXICO,2026-05-14,NA,620,398,1651,1059,934
CIUDAD DE MEXICO,2026-05-15,NA,660,383,1604,1251,1012
CIUDAD DE MEXICO,2026-05-16,NA,680,422,1704,1341,1038
CIUDAD DE MEXICO,2026-05-17,NA,640,457,1625,1084,967
CIUDAD DE MEXICO,2026-05-18,NA,543,466,1695,944,867
CIUDAD DE MEXICO,2026-05-19,NA,565,508,1692,1069,976
CIUDAD DE MEXICO,2026-05-20,NA,565,528,1627,1166,1080
CIUDAD DE MEXICO,2026-05-21,NA,580,510,1756,1171,1119
CIUDAD DE MEXICO,2026-05-22,NA,615,532,1500,1220,1053
CIUDAD DE MEXICO,2026-05-23,NA,676,483,1682,1284,1035
CIUDAD DE MEXICO,2026-05-24,NA,635,449,1609,1188,1005
CIUDAD DE MEXICO,2026-05-25,NA,548,405,1420,950,808
CIUDAD DE MEXICO,2026-05-26,NA,604,488,1672,1151,1005
CIUDAD DE MEXICO,2026-05-27,NA,655,508,1683,1170,1133
CIUDAD DE MEXICO,2026-05-28,NA,724,492,1655,1246,1227
CIUDAD DE MEXICO,2026-05-29,NA,806,463,1605,1310,1248
CIUDAD DE MEXICO,2026-05-30,NA,897,478,1704,1580,1261
CIUDAD DE MEXICO,2026-05-31,NA,835,538,1799,1258,1346
CIUDAD DE MEXICO,2026-06-01,NA,789,550,1803,1041,1346
CIUDAD DE MEXICO,2026-06-02,NA,866,741,2103,1335,1608
CIUDAD DE MEXICO,2026-06-03,NA,861,785,2126,1437,1811
CIUDAD DE MEXICO,2026-06-04,NA,883,789,2313,1526,1879
CIUDAD DE MEXICO,2026-06-05,NA,872,755,2256,1548,1956
CIUDAD DE MEXICO,2026-06-06,NA,909,753,2235,1663,1933
CIUDAD DE MEXICO,2026-06-07,NA,843,772,2033,1526,1860
CIUDAD DE MEXICO,2026-06-08,NA,789,808,1994,1282,1721
CIUDAD DE MEXICO,2026-06-09,NA,818,957,2376,1451,1894
CIUDAD DE MEXICO,2026-06-10,NA,868,1047,2462,1596,2049
CIUDAD DE MEXICO,2026-06-11,NA,868,957,2250,1684,2137
CIUDAD DE MEXICO,2026-06-12,NA,886,943,2276,1519,2135
CIUDAD DE MEXICO,2026-06-13,NA,963,958,2322,1684,2210
CIUDAD DE MEXICO,2026-06-14,NA,923,945,2195,1477,2207
CIUDAD DE MEXICO,2026-06-15,NA,859,883,2142,1316,2123
CIUDAD DE MEXICO,2026-06-16,NA,892,936,2477,1583,2308
CIUDAD DE MEXICO,2026-06-17,NA,913,1010,2537,1688,2459
CIUDAD DE MEXICO,2026-06-18,NA,896,1034,2354,1660,2570
CIUDAD DE MEXICO,2026-06-19,NA,881,1007,2316,1567,2695
CIUDAD DE MEXICO,2026-06-20,NA,931,996,2457,1515,2757
CIUDAD DE MEXICO,2026-06-21,NA,847,951,2280,1381,2741
CIUDAD DE MEXICO,2026-06-22,NA,755,872,2008,1201,2602
CIUDAD DE MEXICO,2026-06-23,NA,814,852,2215,1384,2724
CIUDAD DE MEXICO,2026-06-24,NA,873,859,2182,1426,2803
CIUDAD DE MEXICO,2026-06-25,NA,922,841,2141,1287,2868
CIUDAD DE MEXICO,2026-06-26,NA,947,816,2009,1289,3021
CIUDAD DE MEXICO,2026-06-27,NA,1015,812,2147,1410,3047
CIUDAD DE MEXICO,2026-06-28,NA,967,758,2005,1307,3050
CIUDAD DE MEXICO,2026-06-29,NA,931,710,1945,1205,2889
CIUDAD DE MEXICO,2026-06-30,NA,960,804,2122,1424,2953
CIUDAD DE MEXICO,2026-07-01,NA,1010,866,2340,1213,2991
CIUDAD DE MEXICO,2026-07-02,NA,1052,901,2513,1387,3077
CIUDAD DE MEXICO,2026-07-03,NA,1049,879,2318,1526,3103
CIUDAD DE MEXICO,2026-07-04,NA,1071,847,2188,1602,3132
CIUDAD DE MEXICO,2026-07-05,NA,932,711,2093,1487,3043
CIUDAD DE MEXICO,2026-07-06,NA,828,629,1841,1147,2880
CIUDAD DE MEXICO,2026-07-07,NA,828,653,2049,1306,2939
CIUDAD DE MEXICO,2026-07-08,NA,833,699,2042,1418,2841
CIUDAD DE MEXICO,2026-07-09,NA,843,720,2048,1443,2778
CIUDAD DE MEXICO,2026-07-10,NA,877,605,1898,1472,2781
CIUDAD DE MEXICO,2026-07-11,NA,876,580,1825,1474,2786
CIUDAD DE MEXICO,2026-07-12,NA,791,541,1634,1205,2578
CIUDAD DE MEXICO,2026-07-13,NA,710,458,1489,1160,2304
CIUDAD DE MEXICO,2026-07-14,NA,769,496,1762,1272,2329
CIUDAD DE MEXICO,2026-07-15,NA,767,516,1682,1334,2323
CIUDAD DE MEXICO,2026-07-16,NA,781,529,1615,1374,2299
CIUDAD DE MEXICO,2026-07-17,NA,835,509,1480,1432,2320
CIUDAD DE MEXICO,2026-07-18,NA,802,462,1649,1453,2350
CIUDAD DE MEXICO,2026-07-19,NA,708,446,1605,1302,2331
CIUDAD DE MEXICO,2026-07-20,NA,619,400,1465,1049,2099
CIUDAD DE MEXICO,2026-07-21,NA,611,426,1631,1171,2089
CIUDAD DE MEXICO,2026-07-22,NA,650,482,1655,1345,2039
CIUDAD DE MEXICO,2026-07-23,NA,653,454,1609,1298,1897
CIUDAD DE MEXICO,2026-07-24,NA,763,485,1572,1545,1756
CIUDAD DE MEXICO,2026-07-25,NA,767,435,1564,1497,1663
CIUDAD DE MEXICO,2026-07-26,NA,646,413,1396,1298,1445
CIUDAD DE MEXICO,2026-07-27,NA,558,351,1180,1072,1224
CIUDAD DE MEXICO,2026-07-28,NA,602,385,1395,1178,1274
CIUDAD DE MEXICO,2026-07-29,NA,696,370,1481,1235,1191
CIUDAD DE MEXICO,2026-07-30,NA,797,415,1507,1295,1157
CIUDAD DE MEXICO,2026-07-31,NA,884,430,1553,1358,1165
CIUDAD DE MEXICO,2026-08-01,160,907,485,1628,1262,1177
CIUDAD DE MEXICO,2026-08-02,159,872,494,1684,1206,1106
CIUDAD DE MEXICO,2026-08-03,146,771,457,1547,1064,1042
CIUDAD DE MEXICO,2026-08-04,193,798,565,1791,1290,1241
CIUDAD DE MEXICO,2026-08-05,206,786,594,1690,1374,1285
CIUDAD DE MEXICO,2026-08-06,224,792,580,1608,1240,1270
CIUDAD DE MEXICO,2026-08-07,211,812,533,1548,1280,1151
CIUDAD DE MEXICO,2026-08-08,188,813,509,1573,1358,1123
CIUDAD DE MEXICO,2026-08-09,177,695,478,1491,1184,1029
CIUDAD DE MEXICO,2026-08-10,150,581,458,1241,1038,923
CIUDAD DE MEXICO,2026-08-11,181,600,503,1454,1023,1043
CIUDAD DE MEXICO,2026-08-12,174,664,574,1584,1251,1117
CIUDAD DE MEXICO,2026-08-13,206,685,593,1507,1325,1120
CIUDAD DE MEXICO,2026-08-14,192,746,508,1459,1324,1093
CIUDAD DE MEXICO,2026-08-15,195,791,467,1584,1407,1069
CIUDAD DE MEXICO,2026-08-16,159,684,454,1512,1349,1082
CIUDAD DE MEXICO,2026-08-17,131,592,454,1329,1105,996
CIUDAD DE MEXICO,2026-08-18,196,615,552,1623,1301,1228
CIUDAD DE MEXICO,2026-08-19,176,666,571,1524,1358,1295
CIUDAD DE MEXICO,2026-08-20,186,647,565,1407,1413,1271
CIUDAD DE MEXICO,2026-08-21,184,682,540,1555,1486,1255
CIUDAD DE MEXICO,2026-08-22,185,683,529,1578,1532,1115
CIUDAD DE MEXICO,2026-08-23,186,629,493,1431,1276,1009
CIUDAD DE MEXICO,2026-08-24,166,552,428,1209,1103,864
CIUDAD JUAREZ,2025-08-24,NA,117,67,214,71,88
CIUDAD JUAREZ,2025-08-25,NA,111,69,130,72,85
CIUDAD JUAREZ,2025-08-26,NA,100,58,162,82,84
CIUDAD JUAREZ,2025-08-27,NA,73,51,196,84,68
CIUDAD JUAREZ,2025-08-28,NA,65,52,205,93,63
CIUDAD JUAREZ,2025-08-29,NA,70,45,181,98,69
CIUDAD JUAREZ,2025-08-30,NA,68,41,210,91,58
CIUDAD JUAREZ,2025-08-31,NA,81,43,222,61,60
CIUDAD JUAREZ,2025-09-01,NA,71,42,138,30,57
CIUDAD JUAREZ,2025-09-02,NA,54,36,178,64,44
CIUDAD JUAREZ,2025-09-03,NA,47,35,203,77,46
CIUDAD JUAREZ,2025-09-04,NA,44,41,184,72,57
CIUDAD JUAREZ,2025-09-05,NA,42,25,144,77,61
CIUDAD JUAREZ,2025-09-06,NA,38,21,167,77,65
CIUDAD JUAREZ,2025-09-07,NA,25,14,150,51,59
CIUDAD JUAREZ,2025-09-08,NA,30,17,173,41,45
CIUDAD JUAREZ,2025-09-09,NA,34,20,175,68,54
CIUDAD JUAREZ,2025-09-10,NA,23,14,162,50,31
CIUDAD JUAREZ,2025-09-11,NA,31,9,141,66,35
CIUDAD JUAREZ,2025-09-12,NA,34,6,167,70,37
CIUDAD JUAREZ,2025-09-13,NA,32,10,191,72,28
CIUDAD JUAREZ,2025-09-14,NA,41,10,174,58,29
CIUDAD JUAREZ,2025-09-15,NA,34,15,192,48,30
CIUDAD JUAREZ,2025-09-16,NA,31,15,242,85,35
CIUDAD JUAREZ,2025-09-17,NA,38,25,313,87,39
CIUDAD JUAREZ,2025-09-18,NA,36,28,291,84,49
CIUDAD JUAREZ,2025-09-19,NA,37,24,285,78,48
CIUDAD JUAREZ,2025-09-20,NA,38,30,288,74,53
CIUDAD JUAREZ,2025-09-21,NA,35,31,307,48,56
CIUDAD JUAREZ,2025-09-22,NA,40,29,203,45,56
CIUDAD JUAREZ,2025-09-23,NA,41,30,188,70,75
CIUDAD JUAREZ,2025-09-24,NA,39,44,168,62,82
CIUDAD JUAREZ,2025-09-25,NA,42,29,155,94,59
CIUDAD JUAREZ,2025-09-26,NA,29,26,120,69,43
CIUDAD JUAREZ,2025-09-27,NA,42,19,148,79,40
CIUDAD JUAREZ,2025-09-28,NA,48,21,112,48,52
CIUDAD JUAREZ,2025-09-29,NA,34,13,114,79,21
CIUDAD JUAREZ,2025-09-30,NA,44,21,184,56,24
CIUDAD JUAREZ,2025-10-01,NA,53,28,200,69,36
CIUDAD JUAREZ,2025-10-02,NA,48,22,182,52,45
CIUDAD JUAREZ,2025-10-03,NA,41,24,129,64,56
CIUDAD JUAREZ,2025-10-04,NA,34,18,119,62,36
CIUDAD JUAREZ,2025-10-05,NA,28,14,94,36,33
CIUDAD JUAREZ,2025-10-06,NA,21,15,82,26,15
CIUDAD JUAREZ,2025-10-07,NA,13,16,130,49,31
CIUDAD JUAREZ,2025-10-08,NA,15,11,125,47,38
CIUDAD JUAREZ,2025-10-09,NA,19,13,140,76,33
CIUDAD JUAREZ,2025-10-10,NA,21,13,164,90,24
CIUDAD JUAREZ,2025-10-11,NA,27,17,168,86,29
CIUDAD JUAREZ,2025-10-12,NA,36,14,157,70,20
CIUDAD JUAREZ,2025-10-13,NA,35,11,296,58,21
CIUDAD JUAREZ,2025-10-14,NA,41,23,355,57,49
CIUDAD JUAREZ,2025-10-15,NA,47,35,440,79,77
CIUDAD JUAREZ,2025-10-16,NA,51,45,436,88,82
CIUDAD JUAREZ,2025-10-17,NA,68,51,381,73,92
CIUDAD JUAREZ,2025-10-18,NA,77,60,335,86,95
CIUDAD JUAREZ,2025-10-19,NA,89,78,281,52,98
CIUDAD JUAREZ,2025-10-20,NA,98,77,176,41,104
CIUDAD JUAREZ,2025-10-21,NA,75,62,178,63,97
CIUDAD JUAREZ,2025-10-22,NA,51,50,166,67,84
CIUDAD JUAREZ,2025-10-23,NA,39,32,157,74,65
CIUDAD JUAREZ,2025-10-24,NA,33,32,135,83,60
CIUDAD JUAREZ,2025-10-25,NA,24,19,146,69,44
CIUDAD JUAREZ,2025-10-26,NA,19,19,113,47,25
CIUDAD JUAREZ,2025-10-27,NA,15,14,105,41,16
CIUDAD JUAREZ,2025-10-28,NA,20,9,117,42,23
CIUDAD JUAREZ,2025-10-29,NA,14,17,111,78,23
CIUDAD JUAREZ,2025-10-30,NA,22,13,151,74,24
CIUDAD JUAREZ,2025-10-31,NA,33,25,134,83,34
CIUDAD JUAREZ,2025-11-01,NA,38,26,113,69,24
CIUDAD JUAREZ,2025-11-02,NA,26,20,119,58,19
CIUDAD JUAREZ,2025-11-03,NA,18,15,94,50,13
CIUDAD JUAREZ,2025-11-04,NA,18,14,125,67,24
CIUDAD JUAREZ,2025-11-05,NA,18,12,131,70,35
CIUDAD JUAREZ,2025-11-06,NA,16,13,111,72,30
CIUDAD JUAREZ,2025-11-07,NA,18,9,95,76,30
CIUDAD JUAREZ,2025-11-08,NA,23,9,95,85,35
CIUDAD JUAREZ,2025-11-09,NA,25,9,75,60,27
CIUDAD JUAREZ,2025-11-10,NA,11,5,72,63,18
CIUDAD JUAREZ,2025-11-11,NA,17,12,89,79,23
CIUDAD JUAREZ,2025-11-12,NA,15,24,97,70,27
CIUDAD JUAREZ,2025-11-13,NA,23,31,89,85,38
CIUDAD JUAREZ,2025-11-14,NA,17,25,109,80,52
CIUDAD JUAREZ,2025-11-15,NA,20,20,100,92,33
CIUDAD JUAREZ,2025-11-16,NA,20,20,107,57,27
CIUDAD JUAREZ,2025-11-17,NA,20,21,67,53,24
CIUDAD JUAREZ,2025-11-18,NA,29,31,144,58,44
CIUDAD JUAREZ,2025-11-19,NA,23,23,119,69,34
CIUDAD JUAREZ,2025-11-20,NA,33,18,113,75,49
CIUDAD JUAREZ,2025-11-21,NA,32,25,161,77,55
CIUDAD JUAREZ,2025-11-22,NA,36,26,178,75,47
CIUDAD JUAREZ,2025-11-23,NA,29,27,122,69,33
CIUDAD JUAREZ,2025-11-24,NA,28,28,91,32,20
CIUDAD JUAREZ,2025-11-25,NA,28,32,110,59,25
CIUDAD JUAREZ,2025-11-26,NA,24,18,113,85,36
CIUDAD JUAREZ,2025-11-27,NA,20,17,85,89,54
CIUDAD JUAREZ,2025-11-28,NA,17,16,96,91,37
CIUDAD JUAREZ,2025-11-29,NA,19,13,100,89,39
CIUDAD JUAREZ,2025-11-30,NA,15,20,92,66,33
CIUDAD JUAREZ,2025-12-01,NA,16,16,82,55,29
CIUDAD JUAREZ,2025-12-02,NA,16,19,96,79,41
CIUDAD JUAREZ,2025-12-03,NA,25,5,77,77,30
CIUDAD JUAREZ,2025-12-04,NA,14,15,105,93,24
CIUDAD JUAREZ,2025-12-05,NA,27,25,107,107,31
CIUDAD JUAREZ,2025-12-06,NA,27,22,106,120,28
CIUDAD JUAREZ,2025-12-07,NA,21,17,79,78,23
CIUDAD JUAREZ,2025-12-08,NA,17,13,50,56,19
CIUDAD JUAREZ,2025-12-09,NA,28,15,81,82,28
CIUDAD JUAREZ,2025-12-10,NA,19,19,90,90,42
CIUDAD JUAREZ,2025-12-11,NA,28,18,96,94,43
CIUDAD JUAREZ,2025-12-12,NA,23,20,93,101,40
CIUDAD JUAREZ,2025-12-13,NA,24,18,96,84,23
CIUDAD JUAREZ,2025-12-14,NA,20,11,79,82,22
CIUDAD JUAREZ,2025-12-15,NA,16,10,70,71,25
CIUDAD JUAREZ,2025-12-16,NA,19,15,65,108,34
CIUDAD JUAREZ,2025-12-17,NA,34,32,105,124,41
CIUDAD JUAREZ,2025-12-18,NA,32,36,101,148,42
CIUDAD JUAREZ,2025-12-19,NA,31,30,83,134,43
CIUDAD JUAREZ,2025-12-20,NA,41,33,64,114,49
CIUDAD JUAREZ,2025-12-21,NA,48,28,52,99,48
CIUDAD JUAREZ,2025-12-22,NA,42,22,58,63,39
CIUDAD JUAREZ,2025-12-23,NA,30,21,74,97,51
CIUDAD JUAREZ,2025-12-24,NA,24,21,86,70,49
CIUDAD JUAREZ,2025-12-25,NA,24,13,67,69,41
CIUDAD JUAREZ,2025-12-26,NA,33,19,69,78,37
CIUDAD JUAREZ,2025-12-27,NA,20,17,94,79,42
CIUDAD JUAREZ,2025-12-28,NA,20,10,76,68,26
CIUDAD JUAREZ,2025-12-29,NA,17,10,73,56,13
CIUDAD JUAREZ,2025-12-30,NA,14,11,77,60,18
CIUDAD JUAREZ,2025-12-31,NA,19,15,81,56,25
CIUDAD JUAREZ,2026-01-01,NA,18,15,80,68,28
CIUDAD JUAREZ,2026-01-02,NA,25,22,100,71,26
CIUDAD JUAREZ,2026-01-03,NA,32,18,108,80,30
CIUDAD JUAREZ,2026-01-04,NA,22,16,101,63,39
CIUDAD JUAREZ,2026-01-05,NA,11,12,63,57,24
CIUDAD JUAREZ,2026-01-06,NA,19,16,95,79,27
CIUDAD JUAREZ,2026-01-07,NA,22,22,79,71,26
CIUDAD JUAREZ,2026-01-08,NA,25,16,116,108,31
CIUDAD JUAREZ,2026-01-09,NA,32,32,109,105,51
CIUDAD JUAREZ,2026-01-10,NA,42,24,126,118,44
CIUDAD JUAREZ,2026-01-11,NA,44,27,123,106,44
CIUDAD JUAREZ,2026-01-12,NA,33,31,72,67,35
CIUDAD JUAREZ,2026-01-13,NA,27,26,87,93,41
CIUDAD JUAREZ,2026-01-14,NA,28,33,75,113,33
CIUDAD JUAREZ,2026-01-15,NA,27,19,75,120,35
CIUDAD JUAREZ,2026-01-16,NA,23,15,104,108,44
CIUDAD JUAREZ,2026-01-17,NA,35,24,110,126,60
CIUDAD JUAREZ,2026-01-18,NA,29,29,89,105,59
CIUDAD JUAREZ,2026-01-19,NA,28,28,64,66,60
CIUDAD JUAREZ,2026-01-20,NA,32,24,103,93,46
CIUDAD JUAREZ,2026-01-21,NA,23,19,119,106,45
CIUDAD JUAREZ,2026-01-22,NA,24,23,106,125,51
CIUDAD JUAREZ,2026-01-23,NA,28,18,104,119,43
CIUDAD JUAREZ,2026-01-24,NA,34,29,197,110,48
CIUDAD JUAREZ,2026-01-25,NA,46,39,251,118,62
CIUDAD JUAREZ,2026-01-26,NA,49,47,435,98,66
CIUDAD JUAREZ,2026-01-27,NA,56,57,453,130,74
CIUDAD JUAREZ,2026-01-28,NA,59,54,421,142,76
CIUDAD JUAREZ,2026-01-29,NA,60,46,382,129,76
CIUDAD JUAREZ,2026-01-30,NA,57,63,375,128,76
CIUDAD JUAREZ,2026-01-31,NA,67,75,309,110,86
CIUDAD JUAREZ,2026-02-01,NA,62,71,278,85,76
CIUDAD JUAREZ,2026-02-02,NA,65,66,230,72,74
CIUDAD JUAREZ,2026-02-03,NA,67,68,302,90,75
CIUDAD JUAREZ,2026-02-04,NA,67,73,211,81,60
CIUDAD JUAREZ,2026-02-05,NA,60,54,168,94,69
CIUDAD JUAREZ,2026-02-06,NA,51,44,93,95,66
CIUDAD JUAREZ,2026-02-07,NA,42,34,86,97,70
CIUDAD JUAREZ,2026-02-08,NA,36,25,89,71,51
CIUDAD JUAREZ,2026-02-09,NA,32,22,78,61,40
CIUDAD JUAREZ,2026-02-10,NA,33,18,95,111,42
CIUDAD JUAREZ,2026-02-11,NA,39,17,139,98,49
CIUDAD JUAREZ,2026-02-12,NA,35,19,113,99,51
CIUDAD JUAREZ,2026-02-13,NA,39,15,111,106,43
CIUDAD JUAREZ,2026-02-14,NA,39,21,108,98,46
CIUDAD JUAREZ,2026-02-15,NA,43,19,95,71,38
CIUDAD JUAREZ,2026-02-16,NA,36,14,103,63,31
CIUDAD JUAREZ,2026-02-17,NA,31,40,118,93,43
CIUDAD JUAREZ,2026-02-18,NA,41,36,158,99,54
CIUDAD JUAREZ,2026-02-19,NA,42,32,204,126,47
CIUDAD JUAREZ,2026-02-20,NA,47,38,223,117,62
CIUDAD JUAREZ,2026-02-21,NA,55,42,190,98,64
CIUDAD JUAREZ,2026-02-22,NA,47,53,151,88,77
CIUDAD JUAREZ,2026-02-23,NA,42,47,102,67,77
CIUDAD JUAREZ,2026-02-24,NA,40,38,125,97,88
CIUDAD JUAREZ,2026-02-25,NA,36,29,93,83,75
CIUDAD JUAREZ,2026-02-26,NA,34,21,110,97,74
CIUDAD JUAREZ,2026-02-27,NA,34,14,107,97,40
CIUDAD JUAREZ,2026-02-28,NA,39,21,135,100,37
CIUDAD JUAREZ,2026-03-01,NA,38,18,137,52,28
CIUDAD JUAREZ,2026-03-02,NA,27,13,82,56,17
CIUDAD JUAREZ,2026-03-03,NA,18,16,97,44,29
CIUDAD JUAREZ,2026-03-04,NA,24,12,95,72,30
CIUDAD JUAREZ,2026-03-05,NA,28,12,88,80,32
CIUDAD JUAREZ,2026-03-06,NA,34,17,103,72,39
CIUDAD JUAREZ,2026-03-07,NA,35,18,122,67,49
CIUDAD JUAREZ,2026-03-08,NA,26,14,111,65,38
CIUDAD JUAREZ,2026-03-09,NA,17,15,79,57,19
CIUDAD JUAREZ,2026-03-10,NA,19,25,91,85,38
CIUDAD JUAREZ,2026-03-11,NA,25,38,122,81,39
CIUDAD JUAREZ,2026-03-12,NA,28,24,150,103,65
CIUDAD JUAREZ,2026-03-13,NA,32,31,124,93,54
CIUDAD JUAREZ,2026-03-14,NA,33,34,121,102,51
CIUDAD JUAREZ,2026-03-15,NA,31,32,103,93,41
CIUDAD JUAREZ,2026-03-16,NA,35,20,106,61,27
CIUDAD JUAREZ,2026-03-17,NA,50,34,104,87,31
CIUDAD JUAREZ,2026-03-18,NA,37,36,133,78,43
CIUDAD JUAREZ,2026-03-19,NA,26,29,117,103,42
CIUDAD JUAREZ,2026-03-20,NA,25,21,160,85,41
CIUDAD JUAREZ,2026-03-21,NA,28,25,167,111,39
CIUDAD JUAREZ,2026-03-22,NA,31,23,153,50,40
CIUDAD JUAREZ,2026-03-23,NA,28,6,79,47,15
CIUDAD JUAREZ,2026-03-24,NA,27,11,104,52,26
CIUDAD JUAREZ,2026-03-25,NA,27,12,106,60,23
CIUDAD JUAREZ,2026-03-26,NA,33,13,114,81,27
CIUDAD JUAREZ,2026-03-27,NA,31,13,95,62,38
CIUDAD JUAREZ,2026-03-28,NA,38,7,108,82,37
CIUDAD JUAREZ,2026-03-29,NA,39,8,70,67,34
CIUDAD JUAREZ,2026-03-30,NA,21,10,66,54,11
CIUDAD JUAREZ,2026-03-31,NA,32,17,103,74,34
CIUDAD JUAREZ,2026-04-01,NA,28,14,122,64,44
CIUDAD JUAREZ,2026-04-02,NA,32,22,149,73,62
CIUDAD JUAREZ,2026-04-03,NA,45,18,120,73,56
CIUDAD JUAREZ,2026-04-04,NA,29,12,104,44,37
CIUDAD JUAREZ,2026-04-05,NA,23,12,65,38,31
CIUDAD JUAREZ,2026-04-06,NA,26,9,65,45,11
CIUDAD JUAREZ,2026-04-07,NA,23,14,103,48,24
CIUDAD JUAREZ,2026-04-08,NA,23,21,104,70,45
CIUDAD JUAREZ,2026-04-09,NA,29,10,136,85,40
CIUDAD JUAREZ,2026-04-10,NA,31,23,144,83,48
CIUDAD JUAREZ,2026-04-11,NA,34,26,202,86,51
CIUDAD JUAREZ,2026-04-12,NA,31,22,180,58,40
CIUDAD JUAREZ,2026-04-13,NA,31,20,149,49,29
CIUDAD JUAREZ,2026-04-14,NA,30,28,185,63,39
CIUDAD JUAREZ,2026-04-15,NA,36,41,184,74,60
CIUDAD JUAREZ,2026-04-16,NA,33,33,179,82,67
CIUDAD JUAREZ,2026-04-17,NA,40,30,172,70,70
CIUDAD JUAREZ,2026-04-18,NA,56,29,163,77,82
CIUDAD JUAREZ,2026-04-19,NA,41,27,136,56,70
CIUDAD JUAREZ,2026-04-20,NA,31,18,110,46,51
CIUDAD JUAREZ,2026-04-21,NA,29,21,121,74,50
CIUDAD JUAREZ,2026-04-22,NA,28,22,140,74,62
CIUDAD JUAREZ,2026-04-23,NA,26,15,141,81,51
CIUDAD JUAREZ,2026-04-24,NA,30,14,104,73,42
CIUDAD JUAREZ,2026-04-25,NA,33,18,118,84,56
CIUDAD JUAREZ,2026-04-26,NA,31,12,98,56,52
CIUDAD JUAREZ,2026-04-27,NA,24,13,107,55,46
CIUDAD JUAREZ,2026-04-28,NA,31,26,128,88,53
CIUDAD JUAREZ,2026-04-29,NA,39,29,139,81,58
CIUDAD JUAREZ,2026-04-30,NA,37,23,98,86,54
CIUDAD JUAREZ,2026-05-01,NA,34,26,140,58,51
CIUDAD JUAREZ,2026-05-02,NA,54,33,327,62,56
CIUDAD JUAREZ,2026-05-03,NA,67,43,259,59,71
CIUDAD JUAREZ,2026-05-04,NA,77,51,213,46,78
CIUDAD JUAREZ,2026-05-05,NA,62,58,164,71,84
CIUDAD JUAREZ,2026-05-06,NA,44,53,148,81,75
CIUDAD JUAREZ,2026-05-07,NA,31,28,131,76,75
CIUDAD JUAREZ,2026-05-08,NA,30,34,122,72,58
CIUDAD JUAREZ,2026-05-09,NA,34,33,136,75,53
CIUDAD JUAREZ,2026-05-10,NA,34,28,138,58,46
CIUDAD JUAREZ,2026-05-11,NA,26,26,126,48,40
CIUDAD JUAREZ,2026-05-12,NA,34,24,187,67,43
CIUDAD JUAREZ,2026-05-13,NA,33,23,188,99,52
CIUDAD JUAREZ,2026-05-14,NA,33,29,201,96,54
CIUDAD JUAREZ,2026-05-15,NA,43,32,170,106,53
CIUDAD JUAREZ,2026-05-16,NA,33,29,180,118,53
CIUDAD JUAREZ,2026-05-17,NA,33,13,160,109,43
CIUDAD JUAREZ,2026-05-18,NA,37,13,178,96,38
CIUDAD JUAREZ,2026-05-19,NA,32,21,141,89,61
CIUDAD JUAREZ,2026-05-20,NA,33,16,147,95,51
CIUDAD JUAREZ,2026-05-21,NA,39,22,153,104,63
CIUDAD JUAREZ,2026-05-22,NA,45,16,124,104,52
CIUDAD JUAREZ,2026-05-23,NA,43,16,135,114,45
CIUDAD JUAREZ,2026-05-24,NA,35,16,132,93,42
CIUDAD JUAREZ,2026-05-25,NA,29,22,123,72,35
CIUDAD JUAREZ,2026-05-26,NA,24,21,184,81,40
CIUDAD JUAREZ,2026-05-27,NA,27,29,248,88,49
CIUDAD JUAREZ,2026-05-28,NA,30,22,202,86,41
CIUDAD JUAREZ,2026-05-29,NA,30,27,135,86,44
CIUDAD JUAREZ,2026-05-30,NA,28,28,153,84,48
CIUDAD JUAREZ,2026-05-31,NA,40,31,167,48,48
CIUDAD JUAREZ,2026-06-01,NA,30,32,145,36,40
CIUDAD JUAREZ,2026-06-02,NA,33,44,184,54,57
CIUDAD JUAREZ,2026-06-03,NA,36,42,193,67,57
CIUDAD JUAREZ,2026-06-04,NA,38,42,230,87,74
CIUDAD JUAREZ,2026-06-05,NA,31,53,352,94,83
CIUDAD JUAREZ,2026-06-06,NA,40,72,358,108,85
CIUDAD JUAREZ,2026-06-07,NA,62,89,366,71,90
CIUDAD JUAREZ,2026-06-08,NA,68,99,303,59,94
CIUDAD JUAREZ,2026-06-09,NA,64,84,239,94,78
CIUDAD JUAREZ,2026-06-10,NA,75,106,203,81,92
CIUDAD JUAREZ,2026-06-11,NA,66,92,172,74,97
CIUDAD JUAREZ,2026-06-12,NA,58,90,134,92,92
CIUDAD JUAREZ,2026-06-13,NA,54,94,144,75,93
CIUDAD JUAREZ,2026-06-14,NA,51,92,151,74,89
CIUDAD JUAREZ,2026-06-15,NA,37,88,169,49,74
CIUDAD JUAREZ,2026-06-16,NA,57,100,340,92,84
CIUDAD JUAREZ,2026-06-17,NA,67,107,310,77,92
CIUDAD JUAREZ,2026-06-18,NA,72,126,246,101,100
CIUDAD JUAREZ,2026-06-19,NA,86,135,223,88,118
CIUDAD JUAREZ,2026-06-20,NA,81,148,291,92,128
CIUDAD JUAREZ,2026-06-21,NA,78,159,263,88,130
CIUDAD JUAREZ,2026-06-22,NA,80,172,165,67,124
CIUDAD JUAREZ,2026-06-23,NA,68,109,159,66,86
CIUDAD JUAREZ,2026-06-24,NA,61,98,149,74,80
CIUDAD JUAREZ,2026-06-25,NA,54,73,155,77,72
CIUDAD JUAREZ,2026-06-26,NA,49,59,129,79,66
CIUDAD JUAREZ,2026-06-27,NA,53,62,135,82,66
CIUDAD JUAREZ,2026-06-28,NA,49,60,147,74,47
CIUDAD JUAREZ,2026-06-29,NA,32,55,127,41,44
CIUDAD JUAREZ,2026-06-30,NA,22,31,117,52,54
CIUDAD JUAREZ,2026-07-01,NA,21,13,106,47,47
CIUDAD JUAREZ,2026-07-02,NA,31,17,102,61,43
CIUDAD JUAREZ,2026-07-03,NA,29,20,135,58,49
CIUDAD JUAREZ,2026-07-04,NA,33,21,180,91,61
CIUDAD JUAREZ,2026-07-05,NA,34,34,159,76,52
CIUDAD JUAREZ,2026-07-06,NA,28,22,153,56,41
CIUDAD JUAREZ,2026-07-07,NA,31,39,176,76,50
CIUDAD JUAREZ,2026-07-08,NA,32,38,164,79,60
CIUDAD JUAREZ,2026-07-09,NA,30,21,114,77,57
CIUDAD JUAREZ,2026-07-10,NA,23,17,105,91,58
CIUDAD JUAREZ,2026-07-11,NA,23,15,117,97,55
CIUDAD JUAREZ,2026-07-12,NA,25,11,121,68,53
CIUDAD JUAREZ,2026-07-13,NA,27,9,116,43,33
CIUDAD JUAREZ,2026-07-14,NA,36,27,159,125,59
CIUDAD JUAREZ,2026-07-15,NA,35,32,243,167,51
CIUDAD JUAREZ,2026-07-16,NA,48,51,256,168,67
CIUDAD JUAREZ,2026-07-17,NA,69,68,191,164,86
CIUDAD JUAREZ,2026-07-18,NA,89,80,178,149,98
CIUDAD JUAREZ,2026-07-19,NA,106,94,203,120,116
CIUDAD JUAREZ,2026-07-20,NA,117,99,178,95,119
CIUDAD JUAREZ,2026-07-21,NA,98,117,199,120,129
CIUDAD JUAREZ,2026-07-22,NA,95,124,201,147,131
CIUDAD JUAREZ,2026-07-23,NA,95,125,199,137,137
CIUDAD JUAREZ,2026-07-24,NA,76,129,171,112,140
CIUDAD JUAREZ,2026-07-25,NA,68,99,189,116,121
CIUDAD JUAREZ,2026-07-26,NA,79,105,138,112,122
CIUDAD JUAREZ,2026-07-27,NA,54,85,159,79,123
CIUDAD JUAREZ,2026-07-28,NA,48,87,219,96,96
CIUDAD JUAREZ,2026-07-29,NA,41,64,202,111,104
CIUDAD JUAREZ,2026-07-30,NA,44,53,180,118,93
CIUDAD JUAREZ,2026-07-31,NA,46,40,153,96,74
CIUDAD JUAREZ,2026-08-01,16,43,31,188,104,55
CIUDAD JUAREZ,2026-08-02,16,33,34,226,104,52
CIUDAD JUAREZ,2026-08-03,12,43,37,269,89,52
CIUDAD JUAREZ,2026-08-04,38,81,48,276,98,58
CIUDAD JUAREZ,2026-08-05,30,85,52,263,119,65
CIUDAD JUAREZ,2026-08-06,20,79,49,207,117,57
CIUDAD JUAREZ,2026-08-07,18,77,51,188,112,67
CIUDAD JUAREZ,2026-08-08,5,48,39,208,106,64
CIUDAD JUAREZ,2026-08-09,3,39,37,203,101,73
CIUDAD JUAREZ,2026-08-10,3,44,35,155,64,68
CIUDAD JUAREZ,2026-08-11,22,37,41,184,90,86
CIUDAD JUAREZ,2026-08-12,16,39,39,181,85,79
CIUDAD JUAREZ,2026-08-13,16,31,32,145,91,63
CIUDAD JUAREZ,2026-08-14,33,23,21,124,82,43
CIUDAD JUAREZ,2026-08-15,25,28,11,132,134,46
CIUDAD JUAREZ,2026-08-16,36,44,15,189,99,49
CIUDAD JUAREZ,2026-08-17,23,38,15,186,87,46
CIUDAD JUAREZ,2026-08-18,44,40,26,201,133,65
CIUDAD JUAREZ,2026-08-19,13,35,36,192,121,66
CIUDAD JUAREZ,2026-08-20,9,38,34,198,125,66
CIUDAD JUAREZ,2026-08-21,6,42,24,184,135,59
CIUDAD JUAREZ,2026-08-22,4,42,31,166,121,52
CIUDAD JUAREZ,2026-08-23,1,40,33,172,93,40
CIUDAD JUAREZ,2026-08-24,3,25,21,113,67,32
CIUDAD OBREGON / NAVOJOA,2025-08-24,NA,3,4,17,9,9
CIUDAD OBREGON / NAVOJOA,2025-08-25,NA,2,5,18,6,7
CIUDAD OBREGON / NAVOJOA,2025-08-26,NA,2,5,38,9,10
CIUDAD OBREGON / NAVOJOA,2025-08-27,NA,1,5,57,12,9
CIUDAD OBREGON / NAVOJOA,2025-08-28,NA,4,7,71,16,4
CIUDAD OBREGON / NAVOJOA,2025-08-29,NA,6,6,86,33,10
CIUDAD OBREGON / NAVOJOA,2025-08-30,NA,8,2,56,25,12
CIUDAD OBREGON / NAVOJOA,2025-08-31,NA,12,4,47,28,14
CIUDAD OBREGON / NAVOJOA,2025-09-01,NA,13,4,44,18,13
CIUDAD OBREGON / NAVOJOA,2025-09-02,NA,13,7,55,24,13
CIUDAD OBREGON / NAVOJOA,2025-09-03,NA,16,6,44,23,13
CIUDAD OBREGON / NAVOJOA,2025-09-04,NA,14,6,51,29,17
CIUDAD OBREGON / NAVOJOA,2025-09-05,NA,14,4,42,33,14
CIUDAD OBREGON / NAVOJOA,2025-09-06,NA,15,5,76,37,10
CIUDAD OBREGON / NAVOJOA,2025-09-07,NA,10,4,83,27,9
CIUDAD OBREGON / NAVOJOA,2025-09-08,NA,12,6,70,21,7
CIUDAD OBREGON / NAVOJOA,2025-09-09,NA,11,6,56,17,6
CIUDAD OBREGON / NAVOJOA,2025-09-10,NA,15,3,56,27,10
CIUDAD OBREGON / NAVOJOA,2025-09-11,NA,8,1,41,29,10
CIUDAD OBREGON / NAVOJOA,2025-09-12,NA,8,3,36,24,14
CIUDAD OBREGON / NAVOJOA,2025-09-13,NA,10,5,32,15,12
CIUDAD OBREGON / NAVOJOA,2025-09-14,NA,9,6,27,15,13
CIUDAD OBREGON / NAVOJOA,2025-09-15,NA,7,2,17,7,10
CIUDAD OBREGON / NAVOJOA,2025-09-16,NA,5,2,28,7,13
CIUDAD OBREGON / NAVOJOA,2025-09-17,NA,2,4,30,7,10
CIUDAD OBREGON / NAVOJOA,2025-09-18,NA,2,6,27,12,13
CIUDAD OBREGON / NAVOJOA,2025-09-19,NA,4,6,24,8,15
CIUDAD OBREGON / NAVOJOA,2025-09-20,NA,8,6,21,8,14
CIUDAD OBREGON / NAVOJOA,2025-09-21,NA,4,5,24,7,11
CIUDAD OBREGON / NAVOJOA,2025-09-22,NA,4,3,12,1,9
CIUDAD OBREGON / NAVOJOA,2025-09-23,NA,NA,3,7,5,11
CIUDAD OBREGON / NAVOJOA,2025-09-24,NA,1,1,14,5,11
CIUDAD OBREGON / NAVOJOA,2025-09-25,NA,4,3,11,5,15
CIUDAD OBREGON / NAVOJOA,2025-09-26,NA,4,7,19,9,21
CIUDAD OBREGON / NAVOJOA,2025-09-27,NA,4,5,23,9,19
CIUDAD OBREGON / NAVOJOA,2025-09-28,NA,4,8,29,7,19
CIUDAD OBREGON / NAVOJOA,2025-09-29,NA,5,5,18,6,14
CIUDAD OBREGON / NAVOJOA,2025-09-30,NA,7,5,20,9,14
CIUDAD OBREGON / NAVOJOA,2025-10-01,NA,6,4,19,7,14
CIUDAD OBREGON / NAVOJOA,2025-10-02,NA,5,6,24,14,16
CIUDAD OBREGON / NAVOJOA,2025-10-03,NA,5,5,20,12,15
CIUDAD OBREGON / NAVOJOA,2025-10-04,NA,8,7,29,9,9
CIUDAD OBREGON / NAVOJOA,2025-10-05,NA,10,6,17,3,8
CIUDAD OBREGON / NAVOJOA,2025-10-06,NA,6,5,12,1,8
CIUDAD OBREGON / NAVOJOA,2025-10-07,NA,7,4,17,7,11
CIUDAD OBREGON / NAVOJOA,2025-10-08,NA,5,5,21,6,11
CIUDAD OBREGON / NAVOJOA,2025-10-09,NA,6,2,19,12,7
CIUDAD OBREGON / NAVOJOA,2025-10-10,NA,3,3,18,10,8
CIUDAD OBREGON / NAVOJOA,2025-10-11,NA,3,6,18,12,12
CIUDAD OBREGON / NAVOJOA,2025-10-12,NA,4,4,23,8,14
CIUDAD OBREGON / NAVOJOA,2025-10-13,NA,8,1,31,10,13
CIUDAD OBREGON / NAVOJOA,2025-10-14,NA,4,2,23,11,14
CIUDAD OBREGON / NAVOJOA,2025-10-15,NA,2,1,19,6,12
CIUDAD OBREGON / NAVOJOA,2025-10-16,NA,5,2,33,4,7
CIUDAD OBREGON / NAVOJOA,2025-10-17,NA,6,4,18,10,13
CIUDAD OBREGON / NAVOJOA,2025-10-18,NA,4,1,17,5,11
CIUDAD OBREGON / NAVOJOA,2025-10-19,NA,4,1,14,5,9
CIUDAD OBREGON / NAVOJOA,2025-10-20,NA,3,1,10,7,8
CIUDAD OBREGON / NAVOJOA,2025-10-21,NA,3,1,16,5,8
CIUDAD OBREGON / NAVOJOA,2025-10-22,NA,6,NA,17,6,4
CIUDAD OBREGON / NAVOJOA,2025-10-23,NA,3,1,19,9,4
CIUDAD OBREGON / NAVOJOA,2025-10-24,NA,2,1,16,11,6
CIUDAD OBREGON / NAVOJOA,2025-10-25,NA,1,1,19,6,7
CIUDAD OBREGON / NAVOJOA,2025-10-26,NA,3,2,16,5,6
CIUDAD OBREGON / NAVOJOA,2025-10-27,NA,1,NA,8,3,5
CIUDAD OBREGON / NAVOJOA,2025-10-28,NA,5,3,15,7,7
CIUDAD OBREGON / NAVOJOA,2025-10-29,NA,4,4,17,2,7
CIUDAD OBREGON / NAVOJOA,2025-10-30,NA,3,5,14,10,9
CIUDAD OBREGON / NAVOJOA,2025-10-31,NA,4,2,23,7,6
CIUDAD OBREGON / NAVOJOA,2025-11-01,NA,3,4,26,11,5
CIUDAD OBREGON / NAVOJOA,2025-11-02,NA,2,1,17,5,4
CIUDAD OBREGON / NAVOJOA,2025-11-03,NA,2,1,19,5,6
CIUDAD OBREGON / NAVOJOA,2025-11-04,NA,3,2,24,7,6
CIUDAD OBREGON / NAVOJOA,2025-11-05,NA,3,2,23,5,6
CIUDAD OBREGON / NAVOJOA,2025-11-06,NA,6,1,21,13,8
CIUDAD OBREGON / NAVOJOA,2025-11-07,NA,6,2,12,14,8
CIUDAD OBREGON / NAVOJOA,2025-11-08,NA,10,4,15,13,7
CIUDAD OBREGON / NAVOJOA,2025-11-09,NA,8,2,13,16,7
CIUDAD OBREGON / NAVOJOA,2025-11-10,NA,6,2,5,11,9
CIUDAD OBREGON / NAVOJOA,2025-11-11,NA,8,1,14,14,12
CIUDAD OBREGON / NAVOJOA,2025-11-12,NA,7,NA,15,13,14
CIUDAD OBREGON / NAVOJOA,2025-11-13,NA,5,3,17,11,14
CIUDAD OBREGON / NAVOJOA,2025-11-14,NA,2,2,10,13,11
CIUDAD OBREGON / NAVOJOA,2025-11-15,NA,3,2,9,18,6
CIUDAD OBREGON / NAVOJOA,2025-11-16,NA,6,NA,14,7,5
CIUDAD OBREGON / NAVOJOA,2025-11-17,NA,4,1,15,9,5
CIUDAD OBREGON / NAVOJOA,2025-11-18,NA,3,1,15,8,6
CIUDAD OBREGON / NAVOJOA,2025-11-19,NA,1,1,15,11,10
CIUDAD OBREGON / NAVOJOA,2025-11-20,NA,1,1,13,8,9
CIUDAD OBREGON / NAVOJOA,2025-11-21,NA,2,3,18,5,8
CIUDAD OBREGON / NAVOJOA,2025-11-22,NA,4,3,13,7,7
CIUDAD OBREGON / NAVOJOA,2025-11-23,NA,5,2,21,9,12
CIUDAD OBREGON / NAVOJOA,2025-11-24,NA,5,1,16,8,11
CIUDAD OBREGON / NAVOJOA,2025-11-25,NA,7,1,13,6,17
CIUDAD OBREGON / NAVOJOA,2025-11-26,NA,4,1,7,10,12
CIUDAD OBREGON / NAVOJOA,2025-11-27,NA,5,1,10,21,9
CIUDAD OBREGON / NAVOJOA,2025-11-28,NA,5,4,10,8,8
CIUDAD OBREGON / NAVOJOA,2025-11-29,NA,7,3,14,8,7
CIUDAD OBREGON / NAVOJOA,2025-11-30,NA,5,1,8,7,5
CIUDAD OBREGON / NAVOJOA,2025-12-01,NA,5,2,9,5,6
CIUDAD OBREGON / NAVOJOA,2025-12-02,NA,6,4,12,15,11
CIUDAD OBREGON / NAVOJOA,2025-12-03,NA,4,5,17,6,7
CIUDAD OBREGON / NAVOJOA,2025-12-04,NA,5,4,8,14,11
CIUDAD OBREGON / NAVOJOA,2025-12-05,NA,5,3,12,23,14
CIUDAD OBREGON / NAVOJOA,2025-12-06,NA,5,3,11,35,14
CIUDAD OBREGON / NAVOJOA,2025-12-07,NA,7,1,23,36,16
CIUDAD OBREGON / NAVOJOA,2025-12-08,NA,10,1,17,21,12
CIUDAD OBREGON / NAVOJOA,2025-12-09,NA,9,5,12,42,11
CIUDAD OBREGON / NAVOJOA,2025-12-10,NA,6,4,44,29,7
CIUDAD OBREGON / NAVOJOA,2025-12-11,NA,10,5,33,39,11
CIUDAD OBREGON / NAVOJOA,2025-12-12,NA,7,4,25,50,13
CIUDAD OBREGON / NAVOJOA,2025-12-13,NA,9,7,19,50,8
CIUDAD OBREGON / NAVOJOA,2025-12-14,NA,8,6,15,28,10
CIUDAD OBREGON / NAVOJOA,2025-12-15,NA,2,3,14,20,7
CIUDAD OBREGON / NAVOJOA,2025-12-16,NA,2,5,13,34,8
CIUDAD OBREGON / NAVOJOA,2025-12-17,NA,5,5,21,31,7
CIUDAD OBREGON / NAVOJOA,2025-12-18,NA,8,4,23,32,10
CIUDAD OBREGON / NAVOJOA,2025-12-19,NA,7,3,23,38,8
CIUDAD OBREGON / NAVOJOA,2025-12-20,NA,6,7,24,24,6
CIUDAD OBREGON / NAVOJOA,2025-12-21,NA,7,5,21,22,8
CIUDAD OBREGON / NAVOJOA,2025-12-22,NA,5,5,13,13,9
CIUDAD OBREGON / NAVOJOA,2025-12-23,NA,3,4,12,21,9
CIUDAD OBREGON / NAVOJOA,2025-12-24,NA,6,3,14,8,8
CIUDAD OBREGON / NAVOJOA,2025-12-25,NA,3,3,8,6,10
CIUDAD OBREGON / NAVOJOA,2025-12-26,NA,4,2,9,8,8
CIUDAD OBREGON / NAVOJOA,2025-12-27,NA,7,3,10,15,11
CIUDAD OBREGON / NAVOJOA,2025-12-28,NA,4,NA,7,6,3
CIUDAD OBREGON / NAVOJOA,2025-12-29,NA,3,NA,15,6,1
CIUDAD OBREGON / NAVOJOA,2025-12-30,NA,2,1,12,11,5
CIUDAD OBREGON / NAVOJOA,2025-12-31,NA,6,3,18,4,8
CIUDAD OBREGON / NAVOJOA,2026-01-01,NA,6,1,6,3,8
CIUDAD OBREGON / NAVOJOA,2026-01-02,NA,4,1,7,2,7
CIUDAD OBREGON / NAVOJOA,2026-01-03,NA,3,3,12,8,4
CIUDAD OBREGON / NAVOJOA,2026-01-04,NA,3,2,11,17,10
CIUDAD OBREGON / NAVOJOA,2026-01-05,NA,3,4,12,13,6
CIUDAD OBREGON / NAVOJOA,2026-01-06,NA,5,4,13,19,8
CIUDAD OBREGON / NAVOJOA,2026-01-07,NA,5,1,22,31,10
CIUDAD OBREGON / NAVOJOA,2026-01-08,NA,6,NA,24,47,8
CIUDAD OBREGON / NAVOJOA,2026-01-09,NA,7,2,19,56,10
CIUDAD OBREGON / NAVOJOA,2026-01-10,NA,11,7,23,49,11
CIUDAD OBREGON / NAVOJOA,2026-01-11,NA,10,3,35,35,13
CIUDAD OBREGON / NAVOJOA,2026-01-12,NA,9,2,20,21,14
CIUDAD OBREGON / NAVOJOA,2026-01-13,NA,7,1,12,29,11
CIUDAD OBREGON / NAVOJOA,2026-01-14,NA,7,6,18,30,9
CIUDAD OBREGON / NAVOJOA,2026-01-15,NA,5,6,18,39,6
CIUDAD OBREGON / NAVOJOA,2026-01-16,NA,10,3,15,50,10
CIUDAD OBREGON / NAVOJOA,2026-01-17,NA,7,3,19,46,12
CIUDAD OBREGON / NAVOJOA,2026-01-18,NA,6,1,21,34,13
CIUDAD OBREGON / NAVOJOA,2026-01-19,NA,2,1,35,17,7
CIUDAD OBREGON / NAVOJOA,2026-01-20,NA,6,5,36,45,7
CIUDAD OBREGON / NAVOJOA,2026-01-21,NA,6,6,27,38,16
CIUDAD OBREGON / NAVOJOA,2026-01-22,NA,2,4,26,34,12
CIUDAD OBREGON / NAVOJOA,2026-01-23,NA,4,4,14,22,9
CIUDAD OBREGON / NAVOJOA,2026-01-24,NA,5,NA,14,25,9
CIUDAD OBREGON / NAVOJOA,2026-01-25,NA,5,NA,21,12,5
CIUDAD OBREGON / NAVOJOA,2026-01-26,NA,6,NA,12,12,4
CIUDAD OBREGON / NAVOJOA,2026-01-27,NA,7,2,16,13,9
CIUDAD OBREGON / NAVOJOA,2026-01-28,NA,5,1,16,17,8
CIUDAD OBREGON / NAVOJOA,2026-01-29,NA,5,1,11,14,9
CIUDAD OBREGON / NAVOJOA,2026-01-30,NA,6,2,31,20,6
CIUDAD OBREGON / NAVOJOA,2026-01-31,NA,4,5,15,22,6
CIUDAD OBREGON / NAVOJOA,2026-02-01,NA,4,4,18,7,10
CIUDAD OBREGON / NAVOJOA,2026-02-02,NA,4,2,20,7,7
CIUDAD OBREGON / NAVOJOA,2026-02-03,NA,4,4,21,16,10
CIUDAD OBREGON / NAVOJOA,2026-02-04,NA,4,4,17,24,8
CIUDAD OBREGON / NAVOJOA,2026-02-05,NA,5,5,10,10,10
CIUDAD OBREGON / NAVOJOA,2026-02-06,NA,5,1,11,27,7
CIUDAD OBREGON / NAVOJOA,2026-02-07,NA,6,2,12,23,9
CIUDAD OBREGON / NAVOJOA,2026-02-08,NA,7,1,11,12,14
CIUDAD OBREGON / NAVOJOA,2026-02-09,NA,4,NA,6,16,14
CIUDAD OBREGON / NAVOJOA,2026-02-10,NA,7,2,15,16,13
CIUDAD OBREGON / NAVOJOA,2026-02-11,NA,7,NA,18,13,11
CIUDAD OBREGON / NAVOJOA,2026-02-12,NA,5,1,17,15,9
CIUDAD OBREGON / NAVOJOA,2026-02-13,NA,7,NA,16,21,7
CIUDAD OBREGON / NAVOJOA,2026-02-14,NA,8,3,18,19,7
CIUDAD OBREGON / NAVOJOA,2026-02-15,NA,5,1,13,15,11
CIUDAD OBREGON / NAVOJOA,2026-02-16,NA,6,1,14,3,11
CIUDAD OBREGON / NAVOJOA,2026-02-17,NA,7,4,18,22,16
CIUDAD OBREGON / NAVOJOA,2026-02-18,NA,8,4,15,13,19
CIUDAD OBREGON / NAVOJOA,2026-02-19,NA,8,3,15,18,14
CIUDAD OBREGON / NAVOJOA,2026-02-20,NA,5,3,9,15,14
CIUDAD OBREGON / NAVOJOA,2026-02-21,NA,8,1,19,22,13
CIUDAD OBREGON / NAVOJOA,2026-02-22,NA,5,2,13,10,13
CIUDAD OBREGON / NAVOJOA,2026-02-23,NA,4,NA,10,5,15
CIUDAD OBREGON / NAVOJOA,2026-02-24,NA,5,2,10,10,12
CIUDAD OBREGON / NAVOJOA,2026-02-25,NA,6,NA,13,14,18
CIUDAD OBREGON / NAVOJOA,2026-02-26,NA,7,1,12,17,17
CIUDAD OBREGON / NAVOJOA,2026-02-27,NA,8,1,10,16,11
CIUDAD OBREGON / NAVOJOA,2026-02-28,NA,6,2,16,22,15
CIUDAD OBREGON / NAVOJOA,2026-03-01,NA,9,4,10,18,12
CIUDAD OBREGON / NAVOJOA,2026-03-02,NA,10,6,13,15,11
CIUDAD OBREGON / NAVOJOA,2026-03-03,NA,6,6,15,21,10
CIUDAD OBREGON / NAVOJOA,2026-03-04,NA,4,7,23,35,12
CIUDAD OBREGON / NAVOJOA,2026-03-05,NA,4,5,18,32,13
CIUDAD OBREGON / NAVOJOA,2026-03-06,NA,5,7,15,18,12
CIUDAD OBREGON / NAVOJOA,2026-03-07,NA,7,5,17,29,11
CIUDAD OBREGON / NAVOJOA,2026-03-08,NA,4,3,23,17,13
CIUDAD OBREGON / NAVOJOA,2026-03-09,NA,2,2,9,10,10
CIUDAD OBREGON / NAVOJOA,2026-03-10,NA,5,3,7,17,10
CIUDAD OBREGON / NAVOJOA,2026-03-11,NA,6,6,13,29,8
CIUDAD OBREGON / NAVOJOA,2026-03-12,NA,7,3,16,23,10
CIUDAD OBREGON / NAVOJOA,2026-03-13,NA,11,7,22,16,10
CIUDAD OBREGON / NAVOJOA,2026-03-14,NA,2,4,9,11,12
CIUDAD OBREGON / NAVOJOA,2026-03-15,NA,3,NA,3,15,6
CIUDAD OBREGON / NAVOJOA,2026-03-16,NA,3,1,5,9,8
CIUDAD OBREGON / NAVOJOA,2026-03-17,NA,4,NA,7,13,8
CIUDAD OBREGON / NAVOJOA,2026-03-18,NA,1,3,14,14,7
CIUDAD OBREGON / NAVOJOA,2026-03-19,NA,3,1,15,13,17
CIUDAD OBREGON / NAVOJOA,2026-03-20,NA,4,2,10,9,11
CIUDAD OBREGON / NAVOJOA,2026-03-21,NA,8,4,19,17,6
CIUDAD OBREGON / NAVOJOA,2026-03-22,NA,2,1,12,13,5
CIUDAD OBREGON / NAVOJOA,2026-03-23,NA,2,1,11,4,5
CIUDAD OBREGON / NAVOJOA,2026-03-24,NA,4,5,7,10,11
CIUDAD OBREGON / NAVOJOA,2026-03-25,NA,1,NA,17,12,4
CIUDAD OBREGON / NAVOJOA,2026-03-26,NA,1,3,11,26,10
CIUDAD OBREGON / NAVOJOA,2026-03-27,NA,3,1,15,21,11
CIUDAD OBREGON / NAVOJOA,2026-03-28,NA,2,NA,18,13,9
CIUDAD OBREGON / NAVOJOA,2026-03-29,NA,1,NA,16,19,8
CIUDAD OBREGON / NAVOJOA,2026-03-30,NA,2,1,15,13,7
CIUDAD OBREGON / NAVOJOA,2026-03-31,NA,5,3,30,28,7
CIUDAD OBREGON / NAVOJOA,2026-04-01,NA,6,7,53,17,14
CIUDAD OBREGON / NAVOJOA,2026-04-02,NA,4,3,50,16,14
CIUDAD OBREGON / NAVOJOA,2026-04-03,NA,4,4,42,14,15
CIUDAD OBREGON / NAVOJOA,2026-04-04,NA,5,2,48,6,9
CIUDAD OBREGON / NAVOJOA,2026-04-05,NA,2,2,19,8,7
CIUDAD OBREGON / NAVOJOA,2026-04-06,NA,2,2,15,5,7
CIUDAD OBREGON / NAVOJOA,2026-04-07,NA,5,NA,22,16,11
CIUDAD OBREGON / NAVOJOA,2026-04-08,NA,6,3,22,15,11
CIUDAD OBREGON / NAVOJOA,2026-04-09,NA,5,2,12,20,12
CIUDAD OBREGON / NAVOJOA,2026-04-10,NA,6,5,18,29,9
CIUDAD OBREGON / NAVOJOA,2026-04-11,NA,11,3,20,38,11
CIUDAD OBREGON / NAVOJOA,2026-04-12,NA,9,1,31,28,10
CIUDAD OBREGON / NAVOJOA,2026-04-13,NA,5,2,20,15,8
CIUDAD OBREGON / NAVOJOA,2026-04-14,NA,6,2,19,21,6
CIUDAD OBREGON / NAVOJOA,2026-04-15,NA,9,2,21,23,7
CIUDAD OBREGON / NAVOJOA,2026-04-16,NA,7,7,17,24,9
CIUDAD OBREGON / NAVOJOA,2026-04-17,NA,6,6,14,17,12
CIUDAD OBREGON / NAVOJOA,2026-04-18,NA,8,8,16,25,11
CIUDAD OBREGON / NAVOJOA,2026-04-19,NA,7,6,12,18,11
CIUDAD OBREGON / NAVOJOA,2026-04-20,NA,6,5,11,10,10
CIUDAD OBREGON / NAVOJOA,2026-04-21,NA,5,5,15,7,13
CIUDAD OBREGON / NAVOJOA,2026-04-22,NA,4,6,15,10,16
CIUDAD OBREGON / NAVOJOA,2026-04-23,NA,7,5,14,12,15
CIUDAD OBREGON / NAVOJOA,2026-04-24,NA,7,2,8,10,10
CIUDAD OBREGON / NAVOJOA,2026-04-25,NA,4,1,9,21,7
CIUDAD OBREGON / NAVOJOA,2026-04-26,NA,2,NA,18,13,9
CIUDAD OBREGON / NAVOJOA,2026-04-27,NA,3,NA,10,10,7
CIUDAD OBREGON / NAVOJOA,2026-04-28,NA,4,5,15,13,10
CIUDAD OBREGON / NAVOJOA,2026-04-29,NA,5,1,14,8,4
CIUDAD OBREGON / NAVOJOA,2026-04-30,NA,6,1,10,12,6
CIUDAD OBREGON / NAVOJOA,2026-05-01,NA,7,1,19,10,7
CIUDAD OBREGON / NAVOJOA,2026-05-02,NA,4,4,18,9,9
CIUDAD OBREGON / NAVOJOA,2026-05-03,NA,6,4,15,18,6
CIUDAD OBREGON / NAVOJOA,2026-05-04,NA,5,1,12,8,4
CIUDAD OBREGON / NAVOJOA,2026-05-05,NA,5,2,14,16,10
CIUDAD OBREGON / NAVOJOA,2026-05-06,NA,4,2,15,10,15
CIUDAD OBREGON / NAVOJOA,2026-05-07,NA,4,2,15,14,16
CIUDAD OBREGON / NAVOJOA,2026-05-08,NA,1,4,14,13,11
CIUDAD OBREGON / NAVOJOA,2026-05-09,NA,2,1,16,19,9
CIUDAD OBREGON / NAVOJOA,2026-05-10,NA,1,1,14,14,13
CIUDAD OBREGON / NAVOJOA,2026-05-11,NA,1,NA,11,7,9
CIUDAD OBREGON / NAVOJOA,2026-05-12,NA,3,NA,12,16,10
CIUDAD OBREGON / NAVOJOA,2026-05-13,NA,5,1,17,14,8
CIUDAD OBREGON / NAVOJOA,2026-05-14,NA,6,2,24,21,10
CIUDAD OBREGON / NAVOJOA,2026-05-15,NA,4,2,32,17,13
CIUDAD OBREGON / NAVOJOA,2026-05-16,NA,5,4,30,25,10
CIUDAD OBREGON / NAVOJOA,2026-05-17,NA,3,5,23,13,8
CIUDAD OBREGON / NAVOJOA,2026-05-18,NA,3,1,18,10,8
CIUDAD OBREGON / NAVOJOA,2026-05-19,NA,3,2,19,18,11
CIUDAD OBREGON / NAVOJOA,2026-05-20,NA,2,2,18,15,10
CIUDAD OBREGON / NAVOJOA,2026-05-21,NA,5,3,20,18,10
CIUDAD OBREGON / NAVOJOA,2026-05-22,NA,7,2,21,23,8
CIUDAD OBREGON / NAVOJOA,2026-05-23,NA,7,2,15,21,4
CIUDAD OBREGON / NAVOJOA,2026-05-24,NA,4,3,23,14,5
CIUDAD OBREGON / NAVOJOA,2026-05-25,NA,2,NA,21,6,4
CIUDAD OBREGON / NAVOJOA,2026-05-26,NA,3,1,17,13,8
CIUDAD OBREGON / NAVOJOA,2026-05-27,NA,6,1,14,9,8
CIUDAD OBREGON / NAVOJOA,2026-05-28,NA,7,NA,18,11,9
CIUDAD OBREGON / NAVOJOA,2026-05-29,NA,9,2,27,13,10
CIUDAD OBREGON / NAVOJOA,2026-05-30,NA,7,4,26,16,15
CIUDAD OBREGON / NAVOJOA,2026-05-31,NA,8,4,17,15,12
CIUDAD OBREGON / NAVOJOA,2026-06-01,NA,9,4,13,10,13
CIUDAD OBREGON / NAVOJOA,2026-06-02,NA,10,6,22,15,17
CIUDAD OBREGON / NAVOJOA,2026-06-03,NA,10,7,21,13,12
CIUDAD OBREGON / NAVOJOA,2026-06-04,NA,10,5,20,15,7
CIUDAD OBREGON / NAVOJOA,2026-06-05,NA,8,7,13,9,6
CIUDAD OBREGON / NAVOJOA,2026-06-06,NA,11,7,17,22,6
CIUDAD OBREGON / NAVOJOA,2026-06-07,NA,9,2,18,25,10
CIUDAD OBREGON / NAVOJOA,2026-06-08,NA,8,3,23,10,11
CIUDAD OBREGON / NAVOJOA,2026-06-09,NA,7,8,23,24,13
CIUDAD OBREGON / NAVOJOA,2026-06-10,NA,7,4,25,24,6
CIUDAD OBREGON / NAVOJOA,2026-06-11,NA,6,4,27,35,8
CIUDAD OBREGON / NAVOJOA,2026-06-12,NA,6,5,36,24,6
CIUDAD OBREGON / NAVOJOA,2026-06-13,NA,6,5,22,38,11
CIUDAD OBREGON / NAVOJOA,2026-06-14,NA,7,3,19,51,12
CIUDAD OBREGON / NAVOJOA,2026-06-15,NA,8,6,27,30,10
CIUDAD OBREGON / NAVOJOA,2026-06-16,NA,11,6,37,42,11
CIUDAD OBREGON / NAVOJOA,2026-06-17,NA,8,9,41,41,13
CIUDAD OBREGON / NAVOJOA,2026-06-18,NA,10,9,33,44,17
CIUDAD OBREGON / NAVOJOA,2026-06-19,NA,12,11,32,27,20
CIUDAD OBREGON / NAVOJOA,2026-06-20,NA,5,5,28,14,22
CIUDAD OBREGON / NAVOJOA,2026-06-21,NA,3,5,17,7,18
CIUDAD OBREGON / NAVOJOA,2026-06-22,NA,2,6,16,9,11
CIUDAD OBREGON / NAVOJOA,2026-06-23,NA,3,10,22,19,12
CIUDAD OBREGON / NAVOJOA,2026-06-24,NA,3,7,28,19,11
CIUDAD OBREGON / NAVOJOA,2026-06-25,NA,2,6,35,21,14
CIUDAD OBREGON / NAVOJOA,2026-06-26,NA,5,7,41,18,16
CIUDAD OBREGON / NAVOJOA,2026-06-27,NA,3,7,23,12,14
CIUDAD OBREGON / NAVOJOA,2026-06-28,NA,5,7,15,17,10
CIUDAD OBREGON / NAVOJOA,2026-06-29,NA,4,4,16,12,9
CIUDAD OBREGON / NAVOJOA,2026-06-30,NA,6,5,29,18,11
CIUDAD OBREGON / NAVOJOA,2026-07-01,NA,4,5,24,15,12
CIUDAD OBREGON / NAVOJOA,2026-07-02,NA,6,7,30,19,12
CIUDAD OBREGON / NAVOJOA,2026-07-03,NA,6,7,45,24,14
CIUDAD OBREGON / NAVOJOA,2026-07-04,NA,8,5,34,25,11
CIUDAD OBREGON / NAVOJOA,2026-07-05,NA,4,8,28,31,8
CIUDAD OBREGON / NAVOJOA,2026-07-06,NA,3,5,25,14,10
CIUDAD OBREGON / NAVOJOA,2026-07-07,NA,6,4,31,18,8
CIUDAD OBREGON / NAVOJOA,2026-07-08,NA,7,4,30,22,11
CIUDAD OBREGON / NAVOJOA,2026-07-09,NA,6,1,41,22,13
CIUDAD OBREGON / NAVOJOA,2026-07-10,NA,5,4,35,19,10
CIUDAD OBREGON / NAVOJOA,2026-07-11,NA,4,2,19,30,7
CIUDAD OBREGON / NAVOJOA,2026-07-12,NA,6,1,16,11,8
CIUDAD OBREGON / NAVOJOA,2026-07-13,NA,3,2,14,8,9
CIUDAD OBREGON / NAVOJOA,2026-07-14,NA,4,3,20,25,11
CIUDAD OBREGON / NAVOJOA,2026-07-15,NA,2,6,26,28,11
CIUDAD OBREGON / NAVOJOA,2026-07-16,NA,4,5,34,37,16
CIUDAD OBREGON / NAVOJOA,2026-07-17,NA,9,6,33,42,15
CIUDAD OBREGON / NAVOJOA,2026-07-18,NA,9,5,38,42,21
CIUDAD OBREGON / NAVOJOA,2026-07-19,NA,7,6,30,27,15
CIUDAD OBREGON / NAVOJOA,2026-07-20,NA,6,6,22,14,12
CIUDAD OBREGON / NAVOJOA,2026-07-21,NA,4,7,21,32,15
CIUDAD OBREGON / NAVOJOA,2026-07-22,NA,4,8,23,34,21
CIUDAD OBREGON / NAVOJOA,2026-07-23,NA,3,5,18,36,18
CIUDAD OBREGON / NAVOJOA,2026-07-24,NA,5,4,34,36,14
CIUDAD OBREGON / NAVOJOA,2026-07-25,NA,5,7,43,25,14
CIUDAD OBREGON / NAVOJOA,2026-07-26,NA,6,6,39,24,5
CIUDAD OBREGON / NAVOJOA,2026-07-27,NA,6,3,14,6,4
CIUDAD OBREGON / NAVOJOA,2026-07-28,NA,11,5,34,29,5
CIUDAD OBREGON / NAVOJOA,2026-07-29,NA,10,4,39,26,6
CIUDAD OBREGON / NAVOJOA,2026-07-30,NA,12,10,26,25,12
CIUDAD OBREGON / NAVOJOA,2026-07-31,NA,9,8,34,28,8
CIUDAD OBREGON / NAVOJOA,2026-08-01,NA,8,7,43,25,7
CIUDAD OBREGON / NAVOJOA,2026-08-02,1,14,6,36,26,9
CIUDAD OBREGON / NAVOJOA,2026-08-03,NA,12,4,31,15,8
CIUDAD OBREGON / NAVOJOA,2026-08-04,NA,9,5,23,36,10
CIUDAD OBREGON / NAVOJOA,2026-08-05,1,4,6,41,24,11
CIUDAD OBREGON / NAVOJOA,2026-08-06,3,3,3,37,26,10
CIUDAD OBREGON / NAVOJOA,2026-08-07,2,1,6,36,19,11
CIUDAD OBREGON / NAVOJOA,2026-08-08,2,3,5,30,21,12
CIUDAD OBREGON / NAVOJOA,2026-08-09,2,4,4,65,23,14
CIUDAD OBREGON / NAVOJOA,2026-08-10,3,5,5,83,22,15
CIUDAD OBREGON / NAVOJOA,2026-08-11,3,6,8,107,35,17
CIUDAD OBREGON / NAVOJOA,2026-08-12,3,7,5,98,60,18
CIUDAD OBREGON / NAVOJOA,2026-08-13,2,7,5,90,60,17
CIUDAD OBREGON / NAVOJOA,2026-08-14,2,11,3,73,59,22
CIUDAD OBREGON / NAVOJOA,2026-08-15,3,11,8,69,56,20
CIUDAD OBREGON / NAVOJOA,2026-08-16,2,15,4,59,45,18
CIUDAD OBREGON / NAVOJOA,2026-08-17,2,12,6,48,23,14
CIUDAD OBREGON / NAVOJOA,2026-08-18,4,12,9,60,35,15
CIUDAD OBREGON / NAVOJOA,2026-08-19,5,10,8,87,27,13
CIUDAD OBREGON / NAVOJOA,2026-08-20,1,8,7,90,44,11
CIUDAD OBREGON / NAVOJOA,2026-08-21,2,6,9,74,42,10
CIUDAD OBREGON / NAVOJOA,2026-08-22,NA,6,12,68,45,12
CIUDAD OBREGON / NAVOJOA,2026-08-23,1,6,10,56,42,10
CIUDAD OBREGON / NAVOJOA,2026-08-24,NA,9,7,104,40,10
CIUDAD VICTORIA,2025-08-24,NA,1,1,9,14,4
CIUDAD VICTORIA,2025-08-25,NA,2,2,8,5,6
CIUDAD VICTORIA,2025-08-26,NA,3,1,16,9,2
CIUDAD VICTORIA,2025-08-27,NA,4,NA,15,14,3
CIUDAD VICTORIA,2025-08-28,NA,1,NA,9,11,2
CIUDAD VICTORIA,2025-08-29,NA,4,2,17,12,4
CIUDAD VICTORIA,2025-08-30,NA,5,2,10,21,3
CIUDAD VICTORIA,2025-08-31,NA,4,2,11,17,1
CIUDAD VICTORIA,2025-09-01,NA,6,1,9,14,1
CIUDAD VICTORIA,2025-09-02,NA,13,1,13,23,7
CIUDAD VICTORIA,2025-09-03,NA,10,1,21,16,6
CIUDAD VICTORIA,2025-09-04,NA,11,1,19,12,5
CIUDAD VICTORIA,2025-09-05,NA,8,2,16,6,4
CIUDAD VICTORIA,2025-09-06,NA,10,2,9,8,3
CIUDAD VICTORIA,2025-09-07,NA,5,1,8,7,2
CIUDAD VICTORIA,2025-09-08,NA,3,1,7,11,1
CIUDAD VICTORIA,2025-09-09,NA,7,NA,8,12,4
CIUDAD VICTORIA,2025-09-10,NA,5,NA,11,11,9
CIUDAD VICTORIA,2025-09-11,NA,4,1,6,15,5
CIUDAD VICTORIA,2025-09-12,NA,4,3,9,11,7
CIUDAD VICTORIA,2025-09-13,NA,4,1,9,13,3
CIUDAD VICTORIA,2025-09-14,NA,5,NA,16,9,4
CIUDAD VICTORIA,2025-09-15,NA,6,NA,12,9,4
CIUDAD VICTORIA,2025-09-16,NA,6,NA,14,13,7
CIUDAD VICTORIA,2025-09-17,NA,4,NA,5,5,5
CIUDAD VICTORIA,2025-09-18,NA,2,NA,15,5,6
CIUDAD VICTORIA,2025-09-19,NA,1,1,17,8,3
CIUDAD VICTORIA,2025-09-20,NA,4,3,12,11,6
CIUDAD VICTORIA,2025-09-21,NA,3,2,7,10,4
CIUDAD VICTORIA,2025-09-22,NA,3,2,10,6,4
CIUDAD VICTORIA,2025-09-23,NA,5,3,6,9,4
CIUDAD VICTORIA,2025-09-24,NA,5,1,13,18,9
CIUDAD VICTORIA,2025-09-25,NA,6,NA,15,14,7
CIUDAD VICTORIA,2025-09-26,NA,2,1,18,18,7
CIUDAD VICTORIA,2025-09-27,NA,3,1,13,18,1
CIUDAD VICTORIA,2025-09-28,NA,7,2,12,21,1
CIUDAD VICTORIA,2025-09-29,NA,13,3,15,11,3
CIUDAD VICTORIA,2025-09-30,NA,5,3,21,15,7
CIUDAD VICTORIA,2025-10-01,NA,4,2,16,8,1
CIUDAD VICTORIA,2025-10-02,NA,3,NA,12,10,NA
CIUDAD VICTORIA,2025-10-03,NA,6,1,16,9,3
CIUDAD VICTORIA,2025-10-04,NA,8,1,9,8,2
CIUDAD VICTORIA,2025-10-05,NA,8,1,11,9,3
CIUDAD VICTORIA,2025-10-06,NA,8,2,4,7,5
CIUDAD VICTORIA,2025-10-07,NA,7,1,6,7,8
CIUDAD VICTORIA,2025-10-08,NA,4,3,19,8,6
CIUDAD VICTORIA,2025-10-09,NA,3,2,13,9,7
CIUDAD VICTORIA,2025-10-10,NA,2,1,24,12,4
CIUDAD VICTORIA,2025-10-11,NA,3,1,22,11,2
CIUDAD VICTORIA,2025-10-12,NA,5,2,20,10,4
CIUDAD VICTORIA,2025-10-13,NA,5,2,12,8,7
CIUDAD VICTORIA,2025-10-14,NA,2,NA,15,6,12
CIUDAD VICTORIA,2025-10-15,NA,5,1,12,4,9
CIUDAD VICTORIA,2025-10-16,NA,1,1,8,8,5
CIUDAD VICTORIA,2025-10-17,NA,1,4,10,6,7
CIUDAD VICTORIA,2025-10-18,NA,NA,1,16,16,4
CIUDAD VICTORIA,2025-10-19,NA,5,2,9,19,2
CIUDAD VICTORIA,2025-10-20,NA,4,1,13,7,1
CIUDAD VICTORIA,2025-10-21,NA,2,1,17,10,4
CIUDAD VICTORIA,2025-10-22,NA,6,2,12,22,7
CIUDAD VICTORIA,2025-10-23,NA,2,NA,12,20,4
CIUDAD VICTORIA,2025-10-24,NA,4,1,7,20,5
CIUDAD VICTORIA,2025-10-25,NA,6,2,19,14,7
CIUDAD VICTORIA,2025-10-26,NA,3,NA,9,13,2
CIUDAD VICTORIA,2025-10-27,NA,NA,NA,7,14,3
CIUDAD VICTORIA,2025-10-28,NA,2,NA,6,18,4
CIUDAD VICTORIA,2025-10-29,NA,3,NA,13,15,1
CIUDAD VICTORIA,2025-10-30,NA,3,NA,38,22,2
CIUDAD VICTORIA,2025-10-31,NA,7,3,39,32,4
CIUDAD VICTORIA,2025-11-01,NA,10,4,42,21,6
CIUDAD VICTORIA,2025-11-02,NA,14,6,35,17,5
CIUDAD VICTORIA,2025-11-03,NA,5,4,18,6,4
CIUDAD VICTORIA,2025-11-04,NA,7,1,20,11,3
CIUDAD VICTORIA,2025-11-05,NA,4,NA,14,19,5
CIUDAD VICTORIA,2025-11-06,NA,8,3,17,17,6
CIUDAD VICTORIA,2025-11-07,NA,7,1,17,14,5
CIUDAD VICTORIA,2025-11-08,NA,7,3,23,25,7
CIUDAD VICTORIA,2025-11-09,NA,8,5,14,18,3
CIUDAD VICTORIA,2025-11-10,NA,4,5,19,17,1
CIUDAD VICTORIA,2025-11-11,NA,6,7,13,17,2
CIUDAD VICTORIA,2025-11-12,NA,6,3,9,18,3
CIUDAD VICTORIA,2025-11-13,NA,8,NA,4,12,3
CIUDAD VICTORIA,2025-11-14,NA,4,1,8,21,4
CIUDAD VICTORIA,2025-11-15,NA,9,4,8,22,6
CIUDAD VICTORIA,2025-11-16,NA,9,2,3,14,3
CIUDAD VICTORIA,2025-11-17,NA,7,NA,10,16,4
CIUDAD VICTORIA,2025-11-18,NA,4,1,13,27,6
CIUDAD VICTORIA,2025-11-19,NA,2,NA,9,19,6
CIUDAD VICTORIA,2025-11-20,NA,5,1,5,13,7
CIUDAD VICTORIA,2025-11-21,NA,4,2,7,19,6
CIUDAD VICTORIA,2025-11-22,NA,2,1,10,13,5
CIUDAD VICTORIA,2025-11-23,NA,NA,1,17,16,3
CIUDAD VICTORIA,2025-11-24,NA,4,2,16,13,5
CIUDAD VICTORIA,2025-11-25,NA,5,3,15,17,6
CIUDAD VICTORIA,2025-11-26,NA,7,2,13,18,6
CIUDAD VICTORIA,2025-11-27,NA,5,2,11,27,7
CIUDAD VICTORIA,2025-11-28,NA,3,1,13,31,9
CIUDAD VICTORIA,2025-11-29,NA,4,1,12,17,12
CIUDAD VICTORIA,2025-11-30,NA,5,4,8,14,8
CIUDAD VICTORIA,2025-12-01,NA,3,NA,5,15,7
CIUDAD VICTORIA,2025-12-02,NA,3,1,6,17,8
CIUDAD VICTORIA,2025-12-03,NA,4,2,11,19,2
CIUDAD VICTORIA,2025-12-04,NA,9,1,14,15,3
CIUDAD VICTORIA,2025-12-05,NA,7,1,9,22,3
CIUDAD VICTORIA,2025-12-06,NA,4,1,7,16,4
CIUDAD VICTORIA,2025-12-07,NA,3,4,14,21,3
CIUDAD VICTORIA,2025-12-08,NA,1,1,8,17,6
CIUDAD VICTORIA,2025-12-09,NA,7,2,6,20,7
CIUDAD VICTORIA,2025-12-10,NA,2,3,4,26,5
CIUDAD VICTORIA,2025-12-11,NA,2,4,3,28,4
CIUDAD VICTORIA,2025-12-12,NA,4,3,12,20,5
CIUDAD VICTORIA,2025-12-13,NA,5,3,9,19,NA
CIUDAD VICTORIA,2025-12-14,NA,6,4,11,19,2
CIUDAD VICTORIA,2025-12-15,NA,3,4,13,10,2
CIUDAD VICTORIA,2025-12-16,NA,1,3,14,13,2
CIUDAD VICTORIA,2025-12-17,NA,3,2,13,12,2
CIUDAD VICTORIA,2025-12-18,NA,4,3,5,21,1
CIUDAD VICTORIA,2025-12-19,NA,2,2,13,20,2
CIUDAD VICTORIA,2025-12-20,NA,4,5,10,16,2
CIUDAD VICTORIA,2025-12-21,NA,5,5,9,16,1
CIUDAD VICTORIA,2025-12-22,NA,11,3,7,15,1
CIUDAD VICTORIA,2025-12-23,NA,9,5,9,14,3
CIUDAD VICTORIA,2025-12-24,NA,5,2,19,23,3
CIUDAD VICTORIA,2025-12-25,NA,5,2,8,11,5
CIUDAD VICTORIA,2025-12-26,NA,1,2,6,12,5
CIUDAD VICTORIA,2025-12-27,NA,3,NA,10,25,4
CIUDAD VICTORIA,2025-12-28,NA,10,1,12,25,5
CIUDAD VICTORIA,2025-12-29,NA,4,3,10,14,5
CIUDAD VICTORIA,2025-12-30,NA,7,5,35,22,9
CIUDAD VICTORIA,2025-12-31,NA,6,3,39,26,4
CIUDAD VICTORIA,2026-01-01,NA,2,4,35,15,4
CIUDAD VICTORIA,2026-01-02,NA,3,4,41,17,4
CIUDAD VICTORIA,2026-01-03,NA,8,9,19,24,5
CIUDAD VICTORIA,2026-01-04,NA,7,7,22,27,8
CIUDAD VICTORIA,2026-01-05,NA,7,4,13,9,8
CIUDAD VICTORIA,2026-01-06,NA,6,5,18,21,8
CIUDAD VICTORIA,2026-01-07,NA,4,4,13,18,7
CIUDAD VICTORIA,2026-01-08,NA,9,4,22,27,5
CIUDAD VICTORIA,2026-01-09,NA,13,3,12,34,3
CIUDAD VICTORIA,2026-01-10,NA,9,2,17,27,3
CIUDAD VICTORIA,2026-01-11,NA,7,1,20,29,2
CIUDAD VICTORIA,2026-01-12,NA,4,2,16,21,2
CIUDAD VICTORIA,2026-01-13,NA,7,7,13,27,5
CIUDAD VICTORIA,2026-01-14,NA,6,1,13,21,3
CIUDAD VICTORIA,2026-01-15,NA,9,NA,5,27,1
CIUDAD VICTORIA,2026-01-16,NA,7,NA,12,20,3
CIUDAD VICTORIA,2026-01-17,NA,3,2,13,16,3
CIUDAD VICTORIA,2026-01-18,NA,3,NA,5,14,2
CIUDAD VICTORIA,2026-01-19,NA,1,2,8,10,6
CIUDAD VICTORIA,2026-01-20,NA,1,1,8,23,5
CIUDAD VICTORIA,2026-01-21,NA,2,3,8,14,6
CIUDAD VICTORIA,2026-01-22,NA,5,2,8,17,3
CIUDAD VICTORIA,2026-01-23,NA,3,1,6,19,2
CIUDAD VICTORIA,2026-01-24,NA,7,1,5,20,4
CIUDAD VICTORIA,2026-01-25,NA,3,1,12,18,3
CIUDAD VICTORIA,2026-01-26,NA,2,3,6,16,4
CIUDAD VICTORIA,2026-01-27,NA,5,NA,3,8,4
CIUDAD VICTORIA,2026-01-28,NA,5,3,7,19,2
CIUDAD VICTORIA,2026-01-29,NA,3,4,13,11,5
CIUDAD VICTORIA,2026-01-30,NA,10,4,8,21,7
CIUDAD VICTORIA,2026-01-31,NA,11,3,16,26,5
CIUDAD VICTORIA,2026-02-01,NA,14,5,20,22,4
CIUDAD VICTORIA,2026-02-02,NA,10,5,13,14,4
CIUDAD VICTORIA,2026-02-03,NA,7,1,10,9,6
CIUDAD VICTORIA,2026-02-04,NA,6,3,4,14,5
CIUDAD VICTORIA,2026-02-05,NA,2,1,3,23,6
CIUDAD VICTORIA,2026-02-06,NA,4,NA,6,20,8
CIUDAD VICTORIA,2026-02-07,NA,9,3,10,20,8
CIUDAD VICTORIA,2026-02-08,NA,9,3,9,23,9
CIUDAD VICTORIA,2026-02-09,NA,3,NA,8,15,10
CIUDAD VICTORIA,2026-02-10,NA,4,1,10,10,3
CIUDAD VICTORIA,2026-02-11,NA,5,2,7,19,5
CIUDAD VICTORIA,2026-02-12,NA,4,NA,13,16,8
CIUDAD VICTORIA,2026-02-13,NA,2,1,10,18,5
CIUDAD VICTORIA,2026-02-14,NA,3,1,7,27,5
CIUDAD VICTORIA,2026-02-15,NA,5,NA,7,19,10
CIUDAD VICTORIA,2026-02-16,NA,3,1,7,12,12
CIUDAD VICTORIA,2026-02-17,NA,7,3,13,23,11
CIUDAD VICTORIA,2026-02-18,NA,3,5,16,28,11
CIUDAD VICTORIA,2026-02-19,NA,4,4,7,24,11
CIUDAD VICTORIA,2026-02-20,NA,3,1,12,27,7
CIUDAD VICTORIA,2026-02-21,NA,3,2,12,24,7
CIUDAD VICTORIA,2026-02-22,NA,2,1,10,16,8
CIUDAD VICTORIA,2026-02-23,NA,3,1,11,15,7
CIUDAD VICTORIA,2026-02-24,NA,2,2,15,20,9
CIUDAD VICTORIA,2026-02-25,NA,3,2,8,21,5
CIUDAD VICTORIA,2026-02-26,NA,5,NA,10,17,5
CIUDAD VICTORIA,2026-02-27,NA,2,1,5,20,6
CIUDAD VICTORIA,2026-02-28,NA,6,1,11,34,7
CIUDAD VICTORIA,2026-03-01,NA,6,5,14,21,4
CIUDAD VICTORIA,2026-03-02,NA,5,5,8,16,4
CIUDAD VICTORIA,2026-03-03,NA,5,1,13,26,4
CIUDAD VICTORIA,2026-03-04,NA,5,3,14,18,4
CIUDAD VICTORIA,2026-03-05,NA,7,1,19,20,5
CIUDAD VICTORIA,2026-03-06,NA,9,5,16,21,6
CIUDAD VICTORIA,2026-03-07,NA,9,4,15,13,8
CIUDAD VICTORIA,2026-03-08,NA,5,3,13,13,9
CIUDAD VICTORIA,2026-03-09,NA,3,3,12,9,11
CIUDAD VICTORIA,2026-03-10,NA,1,3,16,16,8
CIUDAD VICTORIA,2026-03-11,NA,1,1,7,18,4
CIUDAD VICTORIA,2026-03-12,NA,5,3,14,16,5
CIUDAD VICTORIA,2026-03-13,NA,2,1,16,21,5
CIUDAD VICTORIA,2026-03-14,NA,2,2,12,17,6
CIUDAD VICTORIA,2026-03-15,NA,5,2,10,19,8
CIUDAD VICTORIA,2026-03-16,NA,2,1,15,14,10
CIUDAD VICTORIA,2026-03-17,NA,5,3,38,16,6
CIUDAD VICTORIA,2026-03-18,NA,10,1,32,23,8
CIUDAD VICTORIA,2026-03-19,NA,11,4,19,21,12
CIUDAD VICTORIA,2026-03-20,NA,7,4,17,30,13
CIUDAD VICTORIA,2026-03-21,NA,6,1,17,38,13
CIUDAD VICTORIA,2026-03-22,NA,5,2,10,16,7
CIUDAD VICTORIA,2026-03-23,NA,2,2,11,12,7
CIUDAD VICTORIA,2026-03-24,NA,5,4,7,17,4
CIUDAD VICTORIA,2026-03-25,NA,3,3,8,15,2
CIUDAD VICTORIA,2026-03-26,NA,3,1,4,18,3
CIUDAD VICTORIA,2026-03-27,NA,4,3,3,24,3
CIUDAD VICTORIA,2026-03-28,NA,3,NA,7,24,2
CIUDAD VICTORIA,2026-03-29,NA,4,1,12,31,3
CIUDAD VICTORIA,2026-03-30,NA,5,1,19,27,3
CIUDAD VICTORIA,2026-03-31,NA,7,5,15,27,9
CIUDAD VICTORIA,2026-04-01,NA,5,5,11,33,10
CIUDAD VICTORIA,2026-04-02,NA,11,8,13,36,4
CIUDAD VICTORIA,2026-04-03,NA,7,6,13,36,6
CIUDAD VICTORIA,2026-04-04,NA,4,3,9,20,9
CIUDAD VICTORIA,2026-04-05,NA,3,5,6,15,11
CIUDAD VICTORIA,2026-04-06,NA,3,4,12,15,9
CIUDAD VICTORIA,2026-04-07,NA,3,4,22,23,6
CIUDAD VICTORIA,2026-04-08,NA,3,4,17,22,8
CIUDAD VICTORIA,2026-04-09,NA,5,3,10,21,8
CIUDAD VICTORIA,2026-04-10,NA,7,3,9,24,10
CIUDAD VICTORIA,2026-04-11,NA,5,3,11,17,9
CIUDAD VICTORIA,2026-04-12,NA,7,2,9,21,4
CIUDAD VICTORIA,2026-04-13,NA,5,1,20,21,7
CIUDAD VICTORIA,2026-04-14,NA,2,4,34,39,10
CIUDAD VICTORIA,2026-04-15,NA,5,6,34,37,13
CIUDAD VICTORIA,2026-04-16,NA,11,7,33,33,9
CIUDAD VICTORIA,2026-04-17,NA,12,6,25,31,10
CIUDAD VICTORIA,2026-04-18,NA,14,5,27,33,12
CIUDAD VICTORIA,2026-04-19,NA,6,9,19,26,9
CIUDAD VICTORIA,2026-04-20,NA,6,7,17,27,11
CIUDAD VICTORIA,2026-04-21,NA,7,9,28,35,13
CIUDAD VICTORIA,2026-04-22,NA,2,3,27,34,9
CIUDAD VICTORIA,2026-04-23,NA,6,8,23,26,8
CIUDAD VICTORIA,2026-04-24,NA,6,5,21,40,11
CIUDAD VICTORIA,2026-04-25,NA,3,6,20,33,6
CIUDAD VICTORIA,2026-04-26,NA,5,7,14,31,9
CIUDAD VICTORIA,2026-04-27,NA,3,3,10,25,10
CIUDAD VICTORIA,2026-04-28,NA,7,7,10,19,9
CIUDAD VICTORIA,2026-04-29,NA,4,3,15,26,9
CIUDAD VICTORIA,2026-04-30,NA,3,1,8,36,10
CIUDAD VICTORIA,2026-05-01,NA,4,8,8,43,7
CIUDAD VICTORIA,2026-05-02,NA,7,10,15,25,5
CIUDAD VICTORIA,2026-05-03,NA,6,10,21,29,8
CIUDAD VICTORIA,2026-05-04,NA,6,5,10,18,9
CIUDAD VICTORIA,2026-05-05,NA,3,7,15,35,10
CIUDAD VICTORIA,2026-05-06,NA,5,4,17,34,13
CIUDAD VICTORIA,2026-05-07,NA,2,7,10,40,12
CIUDAD VICTORIA,2026-05-08,NA,2,9,9,24,6
CIUDAD VICTORIA,2026-05-09,NA,5,8,17,26,4
CIUDAD VICTORIA,2026-05-10,NA,5,4,26,20,7
CIUDAD VICTORIA,2026-05-11,NA,1,5,21,17,7
CIUDAD VICTORIA,2026-05-12,NA,1,4,26,19,5
CIUDAD VICTORIA,2026-05-13,NA,5,4,15,24,3
CIUDAD VICTORIA,2026-05-14,NA,4,2,10,22,6
CIUDAD VICTORIA,2026-05-15,NA,3,NA,14,33,4
CIUDAD VICTORIA,2026-05-16,NA,5,4,18,37,11
CIUDAD VICTORIA,2026-05-17,NA,11,5,10,39,8
CIUDAD VICTORIA,2026-05-18,NA,5,4,14,24,10
CIUDAD VICTORIA,2026-05-19,NA,7,NA,14,25,7
CIUDAD VICTORIA,2026-05-20,NA,10,3,20,31,7
CIUDAD VICTORIA,2026-05-21,NA,7,8,49,31,6
CIUDAD VICTORIA,2026-05-22,NA,2,5,50,32,5
CIUDAD VICTORIA,2026-05-23,NA,8,7,50,38,7
CIUDAD VICTORIA,2026-05-24,NA,11,12,39,38,8
CIUDAD VICTORIA,2026-05-25,NA,12,14,30,26,10
CIUDAD VICTORIA,2026-05-26,NA,7,9,36,43,8
CIUDAD VICTORIA,2026-05-27,NA,2,5,26,32,6
CIUDAD VICTORIA,2026-05-28,NA,5,4,16,23,4
CIUDAD VICTORIA,2026-05-29,NA,7,3,16,26,4
CIUDAD VICTORIA,2026-05-30,NA,14,5,19,26,5
CIUDAD VICTORIA,2026-05-31,NA,12,3,16,18,5
CIUDAD VICTORIA,2026-06-01,NA,10,3,11,12,6
CIUDAD VICTORIA,2026-06-02,NA,10,1,15,27,11
CIUDAD VICTORIA,2026-06-03,NA,11,3,22,62,11
CIUDAD VICTORIA,2026-06-04,NA,8,7,28,73,10
CIUDAD VICTORIA,2026-06-05,NA,17,9,26,64,15
CIUDAD VICTORIA,2026-06-06,NA,22,11,30,60,14
CIUDAD VICTORIA,2026-06-07,NA,23,10,39,54,13
CIUDAD VICTORIA,2026-06-08,NA,19,11,33,41,15
CIUDAD VICTORIA,2026-06-09,NA,19,10,25,45,10
CIUDAD VICTORIA,2026-06-10,NA,10,9,8,39,9
CIUDAD VICTORIA,2026-06-11,NA,4,3,6,34,10
CIUDAD VICTORIA,2026-06-12,NA,3,NA,12,20,4
CIUDAD VICTORIA,2026-06-13,NA,4,1,10,20,2
CIUDAD VICTORIA,2026-06-14,NA,9,1,17,25,1
CIUDAD VICTORIA,2026-06-15,NA,2,NA,20,19,1
CIUDAD VICTORIA,2026-06-16,NA,6,3,25,27,3
CIUDAD VICTORIA,2026-06-17,NA,3,NA,34,19,4
CIUDAD VICTORIA,2026-06-18,NA,2,4,24,24,11
CIUDAD VICTORIA,2026-06-19,NA,4,2,22,25,8
CIUDAD VICTORIA,2026-06-20,NA,3,4,12,16,5
CIUDAD VICTORIA,2026-06-21,NA,3,3,45,13,5
CIUDAD VICTORIA,2026-06-22,NA,2,4,20,8,5
CIUDAD VICTORIA,2026-06-23,NA,4,3,21,14,3
CIUDAD VICTORIA,2026-06-24,NA,6,3,14,17,3
CIUDAD VICTORIA,2026-06-25,NA,2,2,7,15,2
CIUDAD VICTORIA,2026-06-26,NA,4,2,6,15,3
CIUDAD VICTORIA,2026-06-27,NA,3,1,8,22,7
CIUDAD VICTORIA,2026-06-28,NA,4,1,13,25,7
CIUDAD VICTORIA,2026-06-29,NA,2,1,13,16,8
CIUDAD VICTORIA,2026-06-30,NA,8,5,10,29,5
CIUDAD VICTORIA,2026-07-01,NA,5,4,24,22,5
CIUDAD VICTORIA,2026-07-02,NA,6,7,22,24,7
CIUDAD VICTORIA,2026-07-03,NA,8,5,20,28,11
CIUDAD VICTORIA,2026-07-04,NA,6,5,29,22,5
CIUDAD VICTORIA,2026-07-05,NA,7,2,14,23,5
CIUDAD VICTORIA,2026-07-06,NA,3,NA,13,14,4
CIUDAD VICTORIA,2026-07-07,NA,4,1,7,18,2
CIUDAD VICTORIA,2026-07-08,NA,5,NA,14,14,8
CIUDAD VICTORIA,2026-07-09,NA,5,4,8,24,4
CIUDAD VICTORIA,2026-07-10,NA,4,2,11,26,5
CIUDAD VICTORIA,2026-07-11,NA,6,2,10,23,7
CIUDAD VICTORIA,2026-07-12,NA,2,2,13,18,4
CIUDAD VICTORIA,2026-07-13,NA,2,NA,5,16,4
CIUDAD VICTORIA,2026-07-14,NA,3,2,17,16,6
CIUDAD VICTORIA,2026-07-15,NA,5,3,20,24,8
CIUDAD VICTORIA,2026-07-16,NA,3,4,26,25,10
CIUDAD VICTORIA,2026-07-17,NA,7,6,24,31,9
CIUDAD VICTORIA,2026-07-18,NA,3,7,21,22,6
CIUDAD VICTORIA,2026-07-19,NA,3,5,10,15,9
CIUDAD VICTORIA,2026-07-20,NA,2,4,15,12,9
CIUDAD VICTORIA,2026-07-21,NA,5,3,26,17,8
CIUDAD VICTORIA,2026-07-22,NA,2,4,19,11,4
CIUDAD VICTORIA,2026-07-23,NA,6,2,10,14,6
CIUDAD VICTORIA,2026-07-24,NA,5,3,9,18,5
CIUDAD VICTORIA,2026-07-25,NA,5,3,19,20,5
CIUDAD VICTORIA,2026-07-26,NA,4,2,11,18,1
CIUDAD VICTORIA,2026-07-27,NA,5,2,11,12,2
CIUDAD VICTORIA,2026-07-28,NA,5,1,7,14,3
CIUDAD VICTORIA,2026-07-29,NA,7,2,10,22,6
CIUDAD VICTORIA,2026-07-30,NA,7,4,15,19,4
CIUDAD VICTORIA,2026-07-31,NA,10,2,18,24,4
CIUDAD VICTORIA,2026-08-01,NA,11,NA,25,24,4
CIUDAD VICTORIA,2026-08-02,NA,8,1,11,19,3
CIUDAD VICTORIA,2026-08-03,NA,3,NA,9,16,4
CIUDAD VICTORIA,2026-08-04,NA,6,NA,23,14,2
CIUDAD VICTORIA,2026-08-05,1,10,2,18,16,7
CIUDAD VICTORIA,2026-08-06,1,4,3,8,20,4
CIUDAD VICTORIA,2026-08-07,1,5,4,11,19,9
CIUDAD VICTORIA,2026-08-08,1,7,2,8,24,9
CIUDAD VICTORIA,2026-08-09,1,7,1,4,21,8
CIUDAD VICTORIA,2026-08-10,NA,4,1,13,16,9
CIUDAD VICTORIA,2026-08-11,NA,9,1,9,10,6
CIUDAD VICTORIA,2026-08-12,NA,8,3,17,17,6
CIUDAD VICTORIA,2026-08-13,1,9,4,13,26,2
CIUDAD VICTORIA,2026-08-14,5,13,6,18,25,5
CIUDAD VICTORIA,2026-08-15,3,10,8,23,21,6
CIUDAD VICTORIA,2026-08-16,2,8,2,8,21,3
CIUDAD VICTORIA,2026-08-17,1,6,1,10,16,3
CIUDAD VICTORIA,2026-08-18,1,6,4,13,20,11
CIUDAD VICTORIA,2026-08-19,NA,4,2,11,25,11
CIUDAD VICTORIA,2026-08-20,NA,7,2,13,22,12
CIUDAD VICTORIA,2026-08-21,1,2,3,10,26,10
CIUDAD VICTORIA,2026-08-22,NA,2,5,18,28,9
CIUDAD VICTORIA,2026-08-23,NA,1,2,6,19,6
CIUDAD VICTORIA,2026-08-24,NA,2,2,7,14,7
COATZA / MINA,2025-08-24,NA,2,1,8,14,13
COATZA / MINA,2025-08-25,NA,7,4,11,7,17
COATZA / MINA,2025-08-26,NA,7,3,12,8,22
COATZA / MINA,2025-08-27,NA,6,4,14,12,19
COATZA / MINA,2025-08-28,NA,2,3,22,15,16
COATZA / MINA,2025-08-29,NA,8,5,21,28,24
COATZA / MINA,2025-08-30,NA,4,6,13,21,24
COATZA / MINA,2025-08-31,NA,1,1,12,20,16
COATZA / MINA,2025-09-01,NA,4,2,7,16,13
COATZA / MINA,2025-09-02,NA,3,4,12,10,18
COATZA / MINA,2025-09-03,NA,5,4,14,11,16
COATZA / MINA,2025-09-04,NA,3,3,7,11,11
COATZA / MINA,2025-09-05,NA,6,5,14,12,19
COATZA / MINA,2025-09-06,NA,7,3,13,15,13
COATZA / MINA,2025-09-07,NA,6,2,14,15,11
COATZA / MINA,2025-09-08,NA,4,4,14,7,7
COATZA / MINA,2025-09-09,NA,5,1,11,14,8
COATZA / MINA,2025-09-10,NA,6,3,14,19,10
COATZA / MINA,2025-09-11,NA,4,2,21,15,18
COATZA / MINA,2025-09-12,NA,3,3,21,15,18
COATZA / MINA,2025-09-13,NA,4,2,12,18,16
COATZA / MINA,2025-09-14,NA,3,2,14,16,12
COATZA / MINA,2025-09-15,NA,1,1,8,16,10
COATZA / MINA,2025-09-16,NA,4,2,18,22,12
COATZA / MINA,2025-09-17,NA,5,2,14,17,13
COATZA / MINA,2025-09-18,NA,3,3,13,17,16
COATZA / MINA,2025-09-19,NA,2,4,13,14,17
COATZA / MINA,2025-09-20,NA,4,1,8,17,18
COATZA / MINA,2025-09-21,NA,5,3,15,21,22
COATZA / MINA,2025-09-22,NA,3,3,13,13,14
COATZA / MINA,2025-09-23,NA,2,3,18,16,21
COATZA / MINA,2025-09-24,NA,5,3,17,16,25
COATZA / MINA,2025-09-25,NA,8,5,9,16,19
COATZA / MINA,2025-09-26,NA,9,4,13,40,24
COATZA / MINA,2025-09-27,NA,7,4,13,33,19
COATZA / MINA,2025-09-28,NA,8,5,8,26,16
COATZA / MINA,2025-09-29,NA,7,3,13,24,14
COATZA / MINA,2025-09-30,NA,9,8,14,20,16
COATZA / MINA,2025-10-01,NA,10,2,12,16,13
COATZA / MINA,2025-10-02,NA,9,3,13,12,18
COATZA / MINA,2025-10-03,NA,10,2,5,14,19
COATZA / MINA,2025-10-04,NA,9,1,11,15,13
COATZA / MINA,2025-10-05,NA,9,4,11,11,11
COATZA / MINA,2025-10-06,NA,7,1,9,8,14
COATZA / MINA,2025-10-07,NA,6,1,14,10,20
COATZA / MINA,2025-10-08,NA,8,3,12,12,9
COATZA / MINA,2025-10-09,NA,5,3,14,16,12
COATZA / MINA,2025-10-10,NA,6,2,16,18,16
COATZA / MINA,2025-10-11,NA,9,1,17,18,21
COATZA / MINA,2025-10-12,NA,4,2,11,13,13
COATZA / MINA,2025-10-13,NA,2,1,15,13,11
COATZA / MINA,2025-10-14,NA,3,3,14,14,12
COATZA / MINA,2025-10-15,NA,6,6,12,16,10
COATZA / MINA,2025-10-16,NA,6,7,20,10,15
COATZA / MINA,2025-10-17,NA,7,4,15,18,20
COATZA / MINA,2025-10-18,NA,9,3,20,17,12
COATZA / MINA,2025-10-19,NA,5,4,15,15,9
COATZA / MINA,2025-10-20,NA,3,6,12,8,9
COATZA / MINA,2025-10-21,NA,6,8,19,4,24
COATZA / MINA,2025-10-22,NA,6,7,19,5,25
COATZA / MINA,2025-10-23,NA,6,8,12,11,19
COATZA / MINA,2025-10-24,NA,6,10,19,39,22
COATZA / MINA,2025-10-25,NA,9,4,19,53,24
COATZA / MINA,2025-10-26,NA,6,2,10,43,22
COATZA / MINA,2025-10-27,NA,3,6,8,37,15
COATZA / MINA,2025-10-28,NA,6,5,11,30,21
COATZA / MINA,2025-10-29,NA,10,7,14,26,19
COATZA / MINA,2025-10-30,NA,6,3,17,27,19
COATZA / MINA,2025-10-31,NA,5,3,20,25,21
COATZA / MINA,2025-11-01,NA,6,2,17,29,18
COATZA / MINA,2025-11-02,NA,6,2,16,20,18
COATZA / MINA,2025-11-03,NA,7,6,15,15,9
COATZA / MINA,2025-11-04,NA,5,6,18,17,14
COATZA / MINA,2025-11-05,NA,2,4,12,23,10
COATZA / MINA,2025-11-06,NA,3,5,17,14,13
COATZA / MINA,2025-11-07,NA,4,9,13,13,13
COATZA / MINA,2025-11-08,NA,3,6,13,22,8
COATZA / MINA,2025-11-09,NA,5,5,16,26,10
COATZA / MINA,2025-11-10,NA,5,2,18,23,7
COATZA / MINA,2025-11-11,NA,9,6,48,26,21
COATZA / MINA,2025-11-12,NA,9,9,61,36,25
COATZA / MINA,2025-11-13,NA,6,9,25,27,30
COATZA / MINA,2025-11-14,NA,9,8,24,14,27
COATZA / MINA,2025-11-15,NA,16,7,17,19,19
COATZA / MINA,2025-11-16,NA,10,7,16,24,16
COATZA / MINA,2025-11-17,NA,8,6,13,20,13
COATZA / MINA,2025-11-18,NA,7,8,18,16,15
COATZA / MINA,2025-11-19,NA,3,9,18,16,23
COATZA / MINA,2025-11-20,NA,4,9,16,11,21
COATZA / MINA,2025-11-21,NA,9,6,15,8,23
COATZA / MINA,2025-11-22,NA,7,6,16,28,26
COATZA / MINA,2025-11-23,NA,4,5,15,31,23
COATZA / MINA,2025-11-24,NA,6,3,12,30,15
COATZA / MINA,2025-11-25,NA,12,5,15,23,19
COATZA / MINA,2025-11-26,NA,15,6,16,18,22
COATZA / MINA,2025-11-27,NA,7,4,12,23,12
COATZA / MINA,2025-11-28,NA,7,6,12,20,17
COATZA / MINA,2025-11-29,NA,9,4,22,30,18
COATZA / MINA,2025-11-30,NA,9,4,16,17,15
COATZA / MINA,2025-12-01,NA,4,5,13,21,14
COATZA / MINA,2025-12-02,NA,5,4,15,24,13
COATZA / MINA,2025-12-03,NA,5,3,23,23,16
COATZA / MINA,2025-12-04,NA,6,6,20,13,16
COATZA / MINA,2025-12-05,NA,3,8,18,14,24
COATZA / MINA,2025-12-06,NA,1,7,16,12,7
COATZA / MINA,2025-12-07,NA,4,7,15,15,7
COATZA / MINA,2025-12-08,NA,7,4,12,12,4
COATZA / MINA,2025-12-09,NA,4,4,14,11,15
COATZA / MINA,2025-12-10,NA,3,3,21,14,22
COATZA / MINA,2025-12-11,NA,4,5,14,11,18
COATZA / MINA,2025-12-12,NA,6,3,16,11,16
COATZA / MINA,2025-12-13,NA,3,5,21,18,18
COATZA / MINA,2025-12-14,NA,5,4,15,16,8
COATZA / MINA,2025-12-15,NA,7,5,18,9,5
COATZA / MINA,2025-12-16,NA,4,3,15,17,4
COATZA / MINA,2025-12-17,NA,6,2,18,12,9
COATZA / MINA,2025-12-18,NA,8,2,14,8,12
COATZA / MINA,2025-12-19,NA,6,2,24,16,21
COATZA / MINA,2025-12-20,NA,10,6,29,18,12
COATZA / MINA,2025-12-21,NA,9,6,15,12,9
COATZA / MINA,2025-12-22,NA,7,6,19,9,8
COATZA / MINA,2025-12-23,NA,7,2,24,11,8
COATZA / MINA,2025-12-24,NA,3,2,20,18,8
COATZA / MINA,2025-12-25,NA,3,3,12,18,6
COATZA / MINA,2025-12-26,NA,3,4,22,11,5
COATZA / MINA,2025-12-27,NA,6,2,18,16,11
COATZA / MINA,2025-12-28,NA,5,5,13,7,10
COATZA / MINA,2025-12-29,NA,1,3,11,4,9
COATZA / MINA,2025-12-30,NA,3,7,20,13,6
COATZA / MINA,2025-12-31,NA,5,3,60,23,4
COATZA / MINA,2026-01-01,NA,6,5,76,17,8
COATZA / MINA,2026-01-02,NA,8,5,92,26,7
COATZA / MINA,2026-01-03,NA,9,10,96,41,13
COATZA / MINA,2026-01-04,NA,8,13,67,53,17
COATZA / MINA,2026-01-05,NA,8,14,37,54,17
COATZA / MINA,2026-01-06,NA,14,18,32,50,20
COATZA / MINA,2026-01-07,NA,12,16,23,27,19
COATZA / MINA,2026-01-08,NA,9,11,35,20,21
COATZA / MINA,2026-01-09,NA,11,12,29,20,17
COATZA / MINA,2026-01-10,NA,6,7,22,16,11
COATZA / MINA,2026-01-11,NA,8,3,17,25,9
COATZA / MINA,2026-01-12,NA,9,4,54,24,10
COATZA / MINA,2026-01-13,NA,13,11,112,34,20
COATZA / MINA,2026-01-14,NA,18,13,106,68,18
COATZA / MINA,2026-01-15,NA,20,17,102,81,24
COATZA / MINA,2026-01-16,NA,18,19,105,102,34
COATZA / MINA,2026-01-17,NA,23,21,101,86,32
COATZA / MINA,2026-01-18,NA,24,20,81,62,33
COATZA / MINA,2026-01-19,NA,19,20,64,57,32
COATZA / MINA,2026-01-20,NA,22,28,34,51,41
COATZA / MINA,2026-01-21,NA,19,25,21,35,43
COATZA / MINA,2026-01-22,NA,13,19,21,34,45
COATZA / MINA,2026-01-23,NA,14,5,32,25,30
COATZA / MINA,2026-01-24,NA,16,7,19,24,17
COATZA / MINA,2026-01-25,NA,16,4,11,17,12
COATZA / MINA,2026-01-26,NA,12,5,17,14,9
COATZA / MINA,2026-01-27,NA,9,6,24,19,14
COATZA / MINA,2026-01-28,NA,4,4,20,25,13
COATZA / MINA,2026-01-29,NA,3,2,22,22,15
COATZA / MINA,2026-01-30,NA,4,2,23,19,15
COATZA / MINA,2026-01-31,NA,7,8,24,31,16
COATZA / MINA,2026-02-01,NA,6,8,30,21,17
COATZA / MINA,2026-02-02,NA,7,7,15,15,14
COATZA / MINA,2026-02-03,NA,6,7,17,18,15
COATZA / MINA,2026-02-04,NA,7,6,22,18,10
COATZA / MINA,2026-02-05,NA,10,5,17,23,15
COATZA / MINA,2026-02-06,NA,6,5,19,23,17
COATZA / MINA,2026-02-07,NA,5,7,11,18,13
COATZA / MINA,2026-02-08,NA,8,9,16,16,18
COATZA / MINA,2026-02-09,NA,4,7,10,14,20
COATZA / MINA,2026-02-10,NA,4,5,19,16,18
COATZA / MINA,2026-02-11,NA,6,4,23,20,18
COATZA / MINA,2026-02-12,NA,5,7,17,17,25
COATZA / MINA,2026-02-13,NA,3,7,21,18,21
COATZA / MINA,2026-02-14,NA,5,11,17,22,22
COATZA / MINA,2026-02-15,NA,6,9,16,15,22
COATZA / MINA,2026-02-16,NA,6,6,11,12,25
COATZA / MINA,2026-02-17,NA,5,8,15,16,20
COATZA / MINA,2026-02-18,NA,9,11,20,18,20
COATZA / MINA,2026-02-19,NA,8,9,16,23,25
COATZA / MINA,2026-02-20,NA,8,8,24,19,28
COATZA / MINA,2026-02-21,NA,8,8,20,17,26
COATZA / MINA,2026-02-22,NA,6,8,19,14,26
COATZA / MINA,2026-02-23,NA,7,3,16,12,18
COATZA / MINA,2026-02-24,NA,2,6,40,24,23
COATZA / MINA,2026-02-25,NA,6,6,20,20,21
COATZA / MINA,2026-02-26,NA,8,8,30,17,27
COATZA / MINA,2026-02-27,NA,12,11,27,16,27
COATZA / MINA,2026-02-28,NA,14,11,23,20,31
COATZA / MINA,2026-03-01,NA,11,12,22,17,32
COATZA / MINA,2026-03-02,NA,6,6,16,6,15
COATZA / MINA,2026-03-03,NA,2,6,13,14,11
COATZA / MINA,2026-03-04,NA,4,10,16,8,12
COATZA / MINA,2026-03-05,NA,4,10,19,15,18
COATZA / MINA,2026-03-06,NA,6,13,16,14,18
COATZA / MINA,2026-03-07,NA,5,10,20,15,17
COATZA / MINA,2026-03-08,NA,5,6,17,21,16
COATZA / MINA,2026-03-09,NA,7,5,18,12,16
COATZA / MINA,2026-03-10,NA,6,5,23,16,30
COATZA / MINA,2026-03-11,NA,5,5,20,15,20
COATZA / MINA,2026-03-12,NA,6,6,19,12,23
COATZA / MINA,2026-03-13,NA,10,5,25,14,30
COATZA / MINA,2026-03-14,NA,10,7,27,22,28
COATZA / MINA,2026-03-15,NA,8,3,16,18,26
COATZA / MINA,2026-03-16,NA,7,6,15,13,17
COATZA / MINA,2026-03-17,NA,8,3,40,18,15
COATZA / MINA,2026-03-18,NA,7,7,41,27,25
COATZA / MINA,2026-03-19,NA,5,10,27,23,30
COATZA / MINA,2026-03-20,NA,6,8,21,19,32
COATZA / MINA,2026-03-21,NA,6,5,15,17,31
COATZA / MINA,2026-03-22,NA,6,4,16,9,21
COATZA / MINA,2026-03-23,NA,2,9,15,11,16
COATZA / MINA,2026-03-24,NA,4,10,23,20,16
COATZA / MINA,2026-03-25,NA,6,12,26,14,20
COATZA / MINA,2026-03-26,NA,10,7,16,11,20
COATZA / MINA,2026-03-27,NA,10,7,15,13,17
COATZA / MINA,2026-03-28,NA,10,8,17,18,16
COATZA / MINA,2026-03-29,NA,7,6,19,18,15
COATZA / MINA,2026-03-30,NA,6,7,18,11,16
COATZA / MINA,2026-03-31,NA,5,8,14,10,17
COATZA / MINA,2026-04-01,NA,4,9,15,15,16
COATZA / MINA,2026-04-02,NA,4,10,17,13,19
COATZA / MINA,2026-04-03,NA,1,8,19,18,17
COATZA / MINA,2026-04-04,NA,4,4,16,13,25
COATZA / MINA,2026-04-05,NA,2,2,14,9,20
COATZA / MINA,2026-04-06,NA,3,4,19,7,14
COATZA / MINA,2026-04-07,NA,4,8,27,14,15
COATZA / MINA,2026-04-08,NA,NA,3,20,18,19
COATZA / MINA,2026-04-09,NA,1,4,18,15,15
COATZA / MINA,2026-04-10,NA,3,6,19,20,22
COATZA / MINA,2026-04-11,NA,2,2,15,20,17
COATZA / MINA,2026-04-12,NA,5,3,16,15,8
COATZA / MINA,2026-04-13,NA,5,5,16,10,8
COATZA / MINA,2026-04-14,NA,7,4,16,23,13
COATZA / MINA,2026-04-15,NA,6,4,20,17,18
COATZA / MINA,2026-04-16,NA,8,3,24,23,20
COATZA / MINA,2026-04-17,NA,7,5,18,15,31
COATZA / MINA,2026-04-18,NA,8,4,22,21,30
COATZA / MINA,2026-04-19,NA,9,9,16,13,31
COATZA / MINA,2026-04-20,NA,8,9,18,13,23
COATZA / MINA,2026-04-21,NA,5,8,24,23,29
COATZA / MINA,2026-04-22,NA,6,9,26,15,22
COATZA / MINA,2026-04-23,NA,6,5,21,13,16
COATZA / MINA,2026-04-24,NA,11,7,22,17,17
COATZA / MINA,2026-04-25,NA,10,7,26,23,25
COATZA / MINA,2026-04-26,NA,7,4,20,20,22
COATZA / MINA,2026-04-27,NA,9,4,16,17,20
COATZA / MINA,2026-04-28,NA,10,7,21,16,25
COATZA / MINA,2026-04-29,NA,10,8,23,15,28
COATZA / MINA,2026-04-30,NA,9,5,20,26,31
COATZA / MINA,2026-05-01,NA,6,4,24,23,31
COATZA / MINA,2026-05-02,NA,10,4,18,11,32
COATZA / MINA,2026-05-03,NA,10,2,19,11,28
COATZA / MINA,2026-05-04,NA,9,2,20,15,30
COATZA / MINA,2026-05-05,NA,11,5,29,15,34
COATZA / MINA,2026-05-06,NA,10,4,21,16,26
COATZA / MINA,2026-05-07,NA,11,6,19,13,31
COATZA / MINA,2026-05-08,NA,7,7,26,24,23
COATZA / MINA,2026-05-09,NA,8,7,17,22,21
COATZA / MINA,2026-05-10,NA,7,6,25,19,24
COATZA / MINA,2026-05-11,NA,5,6,20,17,19
COATZA / MINA,2026-05-12,NA,6,4,22,16,28
COATZA / MINA,2026-05-13,NA,5,4,30,17,33
COATZA / MINA,2026-05-14,NA,7,4,31,24,31
COATZA / MINA,2026-05-15,NA,6,5,18,22,27
COATZA / MINA,2026-05-16,NA,6,6,25,24,34
COATZA / MINA,2026-05-17,NA,3,2,18,12,28
COATZA / MINA,2026-05-18,NA,3,3,22,7,16
COATZA / MINA,2026-05-19,NA,7,3,24,11,24
COATZA / MINA,2026-05-20,NA,6,1,19,14,24
COATZA / MINA,2026-05-21,NA,7,NA,20,20,24
COATZA / MINA,2026-05-22,NA,7,3,20,13,26
COATZA / MINA,2026-05-23,NA,7,5,26,12,26
COATZA / MINA,2026-05-24,NA,4,3,26,7,28
COATZA / MINA,2026-05-25,NA,5,3,16,9,13
COATZA / MINA,2026-05-26,NA,6,5,22,17,20
COATZA / MINA,2026-05-27,NA,6,9,17,19,25
COATZA / MINA,2026-05-28,NA,6,6,30,22,26
COATZA / MINA,2026-05-29,NA,9,5,29,19,31
COATZA / MINA,2026-05-30,NA,11,5,20,19,25
COATZA / MINA,2026-05-31,NA,11,6,20,14,26
COATZA / MINA,2026-06-01,NA,10,4,28,8,24
COATZA / MINA,2026-06-02,NA,10,2,24,13,28
COATZA / MINA,2026-06-03,NA,16,3,25,15,31
COATZA / MINA,2026-06-04,NA,11,2,15,17,31
COATZA / MINA,2026-06-05,NA,9,5,22,19,25
COATZA / MINA,2026-06-06,NA,12,7,27,19,21
COATZA / MINA,2026-06-07,NA,13,7,28,18,19
COATZA / MINA,2026-06-08,NA,13,7,20,20,19
COATZA / MINA,2026-06-09,NA,17,8,24,22,24
COATZA / MINA,2026-06-10,NA,10,9,28,18,19
COATZA / MINA,2026-06-11,NA,10,4,26,24,21
COATZA / MINA,2026-06-12,NA,9,7,14,19,20
COATZA / MINA,2026-06-13,NA,8,7,25,23,24
COATZA / MINA,2026-06-14,NA,6,13,31,19,26
COATZA / MINA,2026-06-15,NA,4,12,29,15,17
COATZA / MINA,2026-06-16,NA,3,16,30,21,21
COATZA / MINA,2026-06-17,NA,6,14,28,18,23
COATZA / MINA,2026-06-18,NA,7,15,28,21,27
COATZA / MINA,2026-06-19,NA,10,17,29,70,35
COATZA / MINA,2026-06-20,NA,12,23,29,109,42
COATZA / MINA,2026-06-21,NA,17,23,41,114,42
COATZA / MINA,2026-06-22,NA,12,25,26,107,38
COATZA / MINA,2026-06-23,NA,10,23,34,105,42
COATZA / MINA,2026-06-24,NA,9,12,38,138,46
COATZA / MINA,2026-06-25,NA,13,11,32,127,45
COATZA / MINA,2026-06-26,NA,10,18,33,107,46
COATZA / MINA,2026-06-27,NA,9,16,38,102,44
COATZA / MINA,2026-06-28,NA,12,13,19,84,37
COATZA / MINA,2026-06-29,NA,13,9,19,60,38
COATZA / MINA,2026-06-30,NA,13,13,29,37,35
COATZA / MINA,2026-07-01,NA,9,7,29,33,27
COATZA / MINA,2026-07-02,NA,8,7,22,23,26
COATZA / MINA,2026-07-03,NA,8,5,24,19,27
COATZA / MINA,2026-07-04,NA,10,3,17,18,29
COATZA / MINA,2026-07-05,NA,12,3,24,13,25
COATZA / MINA,2026-07-06,NA,8,4,21,9,19
COATZA / MINA,2026-07-07,NA,8,3,25,15,24
COATZA / MINA,2026-07-08,NA,4,7,18,28,23
COATZA / MINA,2026-07-09,NA,3,4,21,13,22
COATZA / MINA,2026-07-10,NA,5,4,12,19,20
COATZA / MINA,2026-07-11,NA,6,2,22,20,19
COATZA / MINA,2026-07-12,NA,5,3,24,15,20
COATZA / MINA,2026-07-13,NA,5,2,20,14,20
COATZA / MINA,2026-07-14,NA,4,7,25,22,24
COATZA / MINA,2026-07-15,NA,9,4,21,22,20
COATZA / MINA,2026-07-16,NA,9,3,13,15,21
COATZA / MINA,2026-07-17,NA,6,2,21,15,28
COATZA / MINA,2026-07-18,NA,10,3,17,26,27
COATZA / MINA,2026-07-19,NA,12,6,31,29,27
COATZA / MINA,2026-07-20,NA,5,3,14,17,24
COATZA / MINA,2026-07-21,NA,9,10,35,31,28
COATZA / MINA,2026-07-22,NA,11,11,44,34,35
COATZA / MINA,2026-07-23,NA,9,15,46,42,38
COATZA / MINA,2026-07-24,NA,10,17,37,38,36
COATZA / MINA,2026-07-25,NA,12,17,46,40,38
COATZA / MINA,2026-07-26,NA,9,23,39,29,44
COATZA / MINA,2026-07-27,NA,7,23,19,19,40
COATZA / MINA,2026-07-28,NA,10,19,19,25,28
COATZA / MINA,2026-07-29,NA,10,22,20,27,23
COATZA / MINA,2026-07-30,NA,3,14,18,20,24
COATZA / MINA,2026-07-31,NA,10,13,26,29,25
COATZA / MINA,2026-08-01,2,13,3,30,26,22
COATZA / MINA,2026-08-02,4,9,3,25,30,25
COATZA / MINA,2026-08-03,1,5,1,13,23,26
COATZA / MINA,2026-08-04,1,11,2,23,17,32
COATZA / MINA,2026-08-05,2,13,3,40,20,34
COATZA / MINA,2026-08-06,2,14,2,36,26,37
COATZA / MINA,2026-08-07,3,11,6,39,24,38
COATZA / MINA,2026-08-08,2,13,11,41,19,42
COATZA / MINA,2026-08-09,1,6,6,30,21,40
COATZA / MINA,2026-08-10,1,5,4,25,14,29
COATZA / MINA,2026-08-11,2,10,2,28,5,33
COATZA / MINA,2026-08-12,3,9,7,28,13,29
COATZA / MINA,2026-08-13,3,9,11,42,32,25
COATZA / MINA,2026-08-14,4,11,10,40,43,24
COATZA / MINA,2026-08-15,5,15,9,30,53,27
COATZA / MINA,2026-08-16,6,13,3,38,38,27
COATZA / MINA,2026-08-17,4,11,5,36,34,24
COATZA / MINA,2026-08-18,7,16,7,38,35,30
COATZA / MINA,2026-08-19,4,13,10,32,34,31
COATZA / MINA,2026-08-20,3,11,13,33,23,34
COATZA / MINA,2026-08-21,3,8,7,26,29,38
COATZA / MINA,2026-08-22,1,7,6,30,30,29
COATZA / MINA,2026-08-23,1,7,7,20,27,29
COATZA / MINA,2026-08-24,1,6,12,30,18,27
COLIMA / MANZANILLO,2025-08-24,NA,10,5,55,17,29
COLIMA / MANZANILLO,2025-08-25,NA,5,3,39,14,29
COLIMA / MANZANILLO,2025-08-26,NA,8,6,60,13,36
COLIMA / MANZANILLO,2025-08-27,NA,10,5,68,14,42
COLIMA / MANZANILLO,2025-08-28,NA,10,5,56,13,39
COLIMA / MANZANILLO,2025-08-29,NA,11,4,47,18,40
COLIMA / MANZANILLO,2025-08-30,NA,10,5,60,25,39
COLIMA / MANZANILLO,2025-08-31,NA,11,4,56,24,38
COLIMA / MANZANILLO,2025-09-01,NA,14,4,108,13,38
COLIMA / MANZANILLO,2025-09-02,NA,14,8,74,16,46
COLIMA / MANZANILLO,2025-09-03,NA,14,7,82,20,47
COLIMA / MANZANILLO,2025-09-04,NA,17,7,58,23,48
COLIMA / MANZANILLO,2025-09-05,NA,9,6,26,28,52
COLIMA / MANZANILLO,2025-09-06,NA,11,4,37,26,50
COLIMA / MANZANILLO,2025-09-07,NA,14,6,34,21,48
COLIMA / MANZANILLO,2025-09-08,NA,13,7,29,9,50
COLIMA / MANZANILLO,2025-09-09,NA,12,10,31,14,59
COLIMA / MANZANILLO,2025-09-10,NA,7,9,32,14,57
COLIMA / MANZANILLO,2025-09-11,NA,9,7,37,16,62
COLIMA / MANZANILLO,2025-09-12,NA,9,8,36,24,60
COLIMA / MANZANILLO,2025-09-13,NA,9,5,35,31,62
COLIMA / MANZANILLO,2025-09-14,NA,10,6,50,14,66
COLIMA / MANZANILLO,2025-09-15,NA,7,6,45,10,66
COLIMA / MANZANILLO,2025-09-16,NA,6,3,48,15,66
COLIMA / MANZANILLO,2025-09-17,NA,9,5,50,20,67
COLIMA / MANZANILLO,2025-09-18,NA,10,2,52,21,71
COLIMA / MANZANILLO,2025-09-19,NA,9,5,63,19,67
COLIMA / MANZANILLO,2025-09-20,NA,10,6,66,14,70
COLIMA / MANZANILLO,2025-09-21,NA,12,9,71,16,64
COLIMA / MANZANILLO,2025-09-22,NA,11,10,69,10,64
COLIMA / MANZANILLO,2025-09-23,NA,9,7,59,11,65
COLIMA / MANZANILLO,2025-09-24,NA,6,6,47,16,72
COLIMA / MANZANILLO,2025-09-25,NA,5,4,39,14,69
COLIMA / MANZANILLO,2025-09-26,NA,6,1,43,18,69
COLIMA / MANZANILLO,2025-09-27,NA,8,3,41,17,71
COLIMA / MANZANILLO,2025-09-28,NA,6,5,40,10,74
COLIMA / MANZANILLO,2025-09-29,NA,5,7,21,8,72
COLIMA / MANZANILLO,2025-09-30,NA,7,5,22,18,67
COLIMA / MANZANILLO,2025-10-01,NA,10,8,33,21,61
COLIMA / MANZANILLO,2025-10-02,NA,11,5,42,14,60
COLIMA / MANZANILLO,2025-10-03,NA,12,2,41,16,52
COLIMA / MANZANILLO,2025-10-04,NA,14,5,33,8,49
COLIMA / MANZANILLO,2025-10-05,NA,7,6,41,7,53
COLIMA / MANZANILLO,2025-10-06,NA,6,5,36,4,45
COLIMA / MANZANILLO,2025-10-07,NA,6,8,30,12,50
COLIMA / MANZANILLO,2025-10-08,NA,10,10,38,18,45
COLIMA / MANZANILLO,2025-10-09,NA,8,13,35,12,46
COLIMA / MANZANILLO,2025-10-10,NA,11,6,24,12,44
COLIMA / MANZANILLO,2025-10-11,NA,10,6,39,17,45
COLIMA / MANZANILLO,2025-10-12,NA,9,5,41,14,44
COLIMA / MANZANILLO,2025-10-13,NA,6,4,46,7,36
COLIMA / MANZANILLO,2025-10-14,NA,6,3,32,11,33
COLIMA / MANZANILLO,2025-10-15,NA,9,3,28,18,34
COLIMA / MANZANILLO,2025-10-16,NA,8,3,49,17,33
COLIMA / MANZANILLO,2025-10-17,NA,6,4,55,10,31
COLIMA / MANZANILLO,2025-10-18,NA,8,6,46,14,27
COLIMA / MANZANILLO,2025-10-19,NA,6,5,46,8,29
COLIMA / MANZANILLO,2025-10-20,NA,3,5,33,9,23
COLIMA / MANZANILLO,2025-10-21,NA,1,5,29,19,23
COLIMA / MANZANILLO,2025-10-22,NA,1,3,23,13,24
COLIMA / MANZANILLO,2025-10-23,NA,3,3,34,14,27
COLIMA / MANZANILLO,2025-10-24,NA,6,2,25,18,24
COLIMA / MANZANILLO,2025-10-25,NA,6,2,24,19,24
COLIMA / MANZANILLO,2025-10-26,NA,8,1,22,13,21
COLIMA / MANZANILLO,2025-10-27,NA,3,1,15,15,20
COLIMA / MANZANILLO,2025-10-28,NA,5,1,27,15,17
COLIMA / MANZANILLO,2025-10-29,NA,2,3,31,18,20
COLIMA / MANZANILLO,2025-10-30,NA,5,4,28,16,16
COLIMA / MANZANILLO,2025-10-31,NA,10,3,21,21,14
COLIMA / MANZANILLO,2025-11-01,NA,8,3,19,24,15
COLIMA / MANZANILLO,2025-11-02,NA,11,NA,18,19,12
COLIMA / MANZANILLO,2025-11-03,NA,8,NA,13,12,12
COLIMA / MANZANILLO,2025-11-04,NA,11,5,9,14,14
COLIMA / MANZANILLO,2025-11-05,NA,12,4,21,16,15
COLIMA / MANZANILLO,2025-11-06,NA,8,4,18,21,15
COLIMA / MANZANILLO,2025-11-07,NA,6,5,22,23,17
COLIMA / MANZANILLO,2025-11-08,NA,6,2,22,20,15
COLIMA / MANZANILLO,2025-11-09,NA,5,3,16,17,17
COLIMA / MANZANILLO,2025-11-10,NA,6,3,8,11,11
COLIMA / MANZANILLO,2025-11-11,NA,7,6,18,19,12
COLIMA / MANZANILLO,2025-11-12,NA,10,7,19,23,13
COLIMA / MANZANILLO,2025-11-13,NA,7,4,35,26,15
COLIMA / MANZANILLO,2025-11-14,NA,4,3,27,32,17
COLIMA / MANZANILLO,2025-11-15,NA,4,5,30,34,18
COLIMA / MANZANILLO,2025-11-16,NA,1,6,29,30,20
COLIMA / MANZANILLO,2025-11-17,NA,3,3,32,26,17
COLIMA / MANZANILLO,2025-11-18,NA,6,4,39,27,19
COLIMA / MANZANILLO,2025-11-19,NA,7,5,44,21,18
COLIMA / MANZANILLO,2025-11-20,NA,9,5,53,28,23
COLIMA / MANZANILLO,2025-11-21,NA,9,8,43,20,26
COLIMA / MANZANILLO,2025-11-22,NA,6,7,29,21,29
COLIMA / MANZANILLO,2025-11-23,NA,4,5,26,17,29
COLIMA / MANZANILLO,2025-11-24,NA,6,3,10,16,21
COLIMA / MANZANILLO,2025-11-25,NA,11,5,15,23,19
COLIMA / MANZANILLO,2025-11-26,NA,12,6,18,26,19
COLIMA / MANZANILLO,2025-11-27,NA,9,3,15,27,17
COLIMA / MANZANILLO,2025-11-28,NA,7,4,18,22,14
COLIMA / MANZANILLO,2025-11-29,NA,8,1,15,18,13
COLIMA / MANZANILLO,2025-11-30,NA,4,1,12,16,13
COLIMA / MANZANILLO,2025-12-01,NA,4,2,16,13,7
COLIMA / MANZANILLO,2025-12-02,NA,7,6,23,15,8
COLIMA / MANZANILLO,2025-12-03,NA,10,3,21,21,11
COLIMA / MANZANILLO,2025-12-04,NA,7,3,17,10,11
COLIMA / MANZANILLO,2025-12-05,NA,7,7,13,11,5
COLIMA / MANZANILLO,2025-12-06,NA,7,1,16,15,4
COLIMA / MANZANILLO,2025-12-07,NA,5,5,21,15,6
COLIMA / MANZANILLO,2025-12-08,NA,3,2,23,13,5
COLIMA / MANZANILLO,2025-12-09,NA,3,2,28,17,10
COLIMA / MANZANILLO,2025-12-10,NA,9,6,29,19,12
COLIMA / MANZANILLO,2025-12-11,NA,7,5,18,19,19
COLIMA / MANZANILLO,2025-12-12,NA,6,7,17,19,16
COLIMA / MANZANILLO,2025-12-13,NA,4,4,13,25,13
COLIMA / MANZANILLO,2025-12-14,NA,4,5,21,22,12
COLIMA / MANZANILLO,2025-12-15,NA,3,4,14,20,9
COLIMA / MANZANILLO,2025-12-16,NA,2,5,30,24,10
COLIMA / MANZANILLO,2025-12-17,NA,1,7,40,22,12
COLIMA / MANZANILLO,2025-12-18,NA,3,4,37,23,13
COLIMA / MANZANILLO,2025-12-19,NA,6,4,33,14,18
COLIMA / MANZANILLO,2025-12-20,NA,6,5,28,18,14
COLIMA / MANZANILLO,2025-12-21,NA,8,3,27,21,15
COLIMA / MANZANILLO,2025-12-22,NA,8,3,28,13,16
COLIMA / MANZANILLO,2025-12-23,NA,6,2,19,21,13
COLIMA / MANZANILLO,2025-12-24,NA,5,1,23,16,13
COLIMA / MANZANILLO,2025-12-25,NA,3,2,20,11,9
COLIMA / MANZANILLO,2025-12-26,NA,3,2,20,16,7
COLIMA / MANZANILLO,2025-12-27,NA,3,4,26,20,11
COLIMA / MANZANILLO,2025-12-28,NA,5,3,21,16,14
COLIMA / MANZANILLO,2025-12-29,NA,5,3,19,16,11
COLIMA / MANZANILLO,2025-12-30,NA,8,4,34,29,11
COLIMA / MANZANILLO,2025-12-31,NA,9,7,41,28,9
COLIMA / MANZANILLO,2026-01-01,NA,8,5,37,18,10
COLIMA / MANZANILLO,2026-01-02,NA,11,3,37,16,10
COLIMA / MANZANILLO,2026-01-03,NA,12,4,59,30,8
COLIMA / MANZANILLO,2026-01-04,NA,11,6,43,34,7
COLIMA / MANZANILLO,2026-01-05,NA,7,7,39,25,7
COLIMA / MANZANILLO,2026-01-06,NA,6,6,52,35,13
COLIMA / MANZANILLO,2026-01-07,NA,8,7,63,30,21
COLIMA / MANZANILLO,2026-01-08,NA,8,11,64,32,30
COLIMA / MANZANILLO,2026-01-09,NA,11,13,54,29,32
COLIMA / MANZANILLO,2026-01-10,NA,11,16,37,33,31
COLIMA / MANZANILLO,2026-01-11,NA,7,9,32,29,26
COLIMA / MANZANILLO,2026-01-12,NA,7,6,29,21,15
COLIMA / MANZANILLO,2026-01-13,NA,7,5,27,24,17
COLIMA / MANZANILLO,2026-01-14,NA,7,5,23,29,16
COLIMA / MANZANILLO,2026-01-15,NA,9,6,22,29,12
COLIMA / MANZANILLO,2026-01-16,NA,9,5,25,38,22
COLIMA / MANZANILLO,2026-01-17,NA,10,5,27,41,24
COLIMA / MANZANILLO,2026-01-18,NA,8,3,29,28,22
COLIMA / MANZANILLO,2026-01-19,NA,6,2,22,22,21
COLIMA / MANZANILLO,2026-01-20,NA,3,3,26,20,21
COLIMA / MANZANILLO,2026-01-21,NA,4,7,33,30,28
COLIMA / MANZANILLO,2026-01-22,NA,5,7,32,29,26
COLIMA / MANZANILLO,2026-01-23,NA,5,7,33,24,25
COLIMA / MANZANILLO,2026-01-24,NA,6,3,19,26,19
COLIMA / MANZANILLO,2026-01-25,NA,5,3,22,19,21
COLIMA / MANZANILLO,2026-01-26,NA,6,3,17,16,19
COLIMA / MANZANILLO,2026-01-27,NA,8,2,15,17,25
COLIMA / MANZANILLO,2026-01-28,NA,10,NA,23,30,30
COLIMA / MANZANILLO,2026-01-29,NA,8,3,29,29,24
COLIMA / MANZANILLO,2026-01-30,NA,8,3,30,32,23
COLIMA / MANZANILLO,2026-01-31,NA,8,3,36,29,27
COLIMA / MANZANILLO,2026-02-01,NA,14,3,48,31,31
COLIMA / MANZANILLO,2026-02-02,NA,16,2,43,21,29
COLIMA / MANZANILLO,2026-02-03,NA,18,2,34,18,22
COLIMA / MANZANILLO,2026-02-04,NA,14,7,30,28,21
COLIMA / MANZANILLO,2026-02-05,NA,15,4,39,37,22
COLIMA / MANZANILLO,2026-02-06,NA,14,3,33,39,19
COLIMA / MANZANILLO,2026-02-07,NA,11,10,20,30,19
COLIMA / MANZANILLO,2026-02-08,NA,10,9,24,32,19
COLIMA / MANZANILLO,2026-02-09,NA,6,6,29,22,18
COLIMA / MANZANILLO,2026-02-10,NA,11,6,21,29,15
COLIMA / MANZANILLO,2026-02-11,NA,8,3,26,31,16
COLIMA / MANZANILLO,2026-02-12,NA,7,3,18,29,17
COLIMA / MANZANILLO,2026-02-13,NA,5,5,17,39,19
COLIMA / MANZANILLO,2026-02-14,NA,7,7,28,39,22
COLIMA / MANZANILLO,2026-02-15,NA,5,8,28,38,20
COLIMA / MANZANILLO,2026-02-16,NA,4,7,30,28,17
COLIMA / MANZANILLO,2026-02-17,NA,7,9,39,24,20
COLIMA / MANZANILLO,2026-02-18,NA,7,7,22,15,23
COLIMA / MANZANILLO,2026-02-19,NA,10,7,19,29,25
COLIMA / MANZANILLO,2026-02-20,NA,9,5,65,26,25
COLIMA / MANZANILLO,2026-02-21,NA,11,8,44,23,25
COLIMA / MANZANILLO,2026-02-22,NA,4,10,41,24,29
COLIMA / MANZANILLO,2026-02-23,NA,7,9,45,15,24
COLIMA / MANZANILLO,2026-02-24,NA,5,6,43,27,24
COLIMA / MANZANILLO,2026-02-25,NA,6,9,58,26,28
COLIMA / MANZANILLO,2026-02-26,NA,4,12,45,30,27
COLIMA / MANZANILLO,2026-02-27,NA,4,13,32,35,32
COLIMA / MANZANILLO,2026-02-28,NA,8,8,34,27,33
COLIMA / MANZANILLO,2026-03-01,NA,10,11,54,22,36
COLIMA / MANZANILLO,2026-03-02,NA,7,10,52,16,34
COLIMA / MANZANILLO,2026-03-03,NA,8,7,43,29,36
COLIMA / MANZANILLO,2026-03-04,NA,7,8,49,24,36
COLIMA / MANZANILLO,2026-03-05,NA,10,8,37,24,30
COLIMA / MANZANILLO,2026-03-06,NA,16,14,43,29,35
COLIMA / MANZANILLO,2026-03-07,NA,15,14,41,33,40
COLIMA / MANZANILLO,2026-03-08,NA,14,15,28,21,37
COLIMA / MANZANILLO,2026-03-09,NA,12,10,22,12,36
COLIMA / MANZANILLO,2026-03-10,NA,11,7,22,26,24
COLIMA / MANZANILLO,2026-03-11,NA,11,9,11,31,22
COLIMA / MANZANILLO,2026-03-12,NA,9,8,15,28,21
COLIMA / MANZANILLO,2026-03-13,NA,10,3,15,21,20
COLIMA / MANZANILLO,2026-03-14,NA,6,3,25,25,19
COLIMA / MANZANILLO,2026-03-15,NA,4,3,25,22,17
COLIMA / MANZANILLO,2026-03-16,NA,4,4,19,17,13
COLIMA / MANZANILLO,2026-03-17,NA,6,3,35,25,17
COLIMA / MANZANILLO,2026-03-18,NA,6,9,39,29,25
COLIMA / MANZANILLO,2026-03-19,NA,4,10,24,26,28
COLIMA / MANZANILLO,2026-03-20,NA,4,8,33,25,29
COLIMA / MANZANILLO,2026-03-21,NA,6,9,24,29,24
COLIMA / MANZANILLO,2026-03-22,NA,4,8,41,18,31
COLIMA / MANZANILLO,2026-03-23,NA,8,7,40,12,32
COLIMA / MANZANILLO,2026-03-24,NA,8,7,36,26,32
COLIMA / MANZANILLO,2026-03-25,NA,8,9,23,26,38
COLIMA / MANZANILLO,2026-03-26,NA,6,5,28,28,33
COLIMA / MANZANILLO,2026-03-27,NA,4,9,29,30,26
COLIMA / MANZANILLO,2026-03-28,NA,7,12,31,28,28
COLIMA / MANZANILLO,2026-03-29,NA,8,10,23,20,23
COLIMA / MANZANILLO,2026-03-30,NA,9,10,30,14,20
COLIMA / MANZANILLO,2026-03-31,NA,8,18,38,27,25
COLIMA / MANZANILLO,2026-04-01,NA,6,14,52,19,17
COLIMA / MANZANILLO,2026-04-02,NA,7,14,58,24,22
COLIMA / MANZANILLO,2026-04-03,NA,6,10,60,25,24
COLIMA / MANZANILLO,2026-04-04,NA,6,12,53,21,28
COLIMA / MANZANILLO,2026-04-05,NA,5,13,51,20,21
COLIMA / MANZANILLO,2026-04-06,NA,5,16,49,13,20
COLIMA / MANZANILLO,2026-04-07,NA,9,17,57,17,19
COLIMA / MANZANILLO,2026-04-08,NA,8,11,53,23,25
COLIMA / MANZANILLO,2026-04-09,NA,6,12,58,25,23
COLIMA / MANZANILLO,2026-04-10,NA,5,9,48,21,29
COLIMA / MANZANILLO,2026-04-11,NA,7,7,32,29,36
COLIMA / MANZANILLO,2026-04-12,NA,12,6,44,22,34
COLIMA / MANZANILLO,2026-04-13,NA,10,6,38,14,33
COLIMA / MANZANILLO,2026-04-14,NA,11,6,54,16,31
COLIMA / MANZANILLO,2026-04-15,NA,11,6,45,25,33
COLIMA / MANZANILLO,2026-04-16,NA,9,8,62,29,33
COLIMA / MANZANILLO,2026-04-17,NA,12,8,63,29,34
COLIMA / MANZANILLO,2026-04-18,NA,14,10,76,27,39
COLIMA / MANZANILLO,2026-04-19,NA,15,10,87,21,43
COLIMA / MANZANILLO,2026-04-20,NA,15,9,74,11,43
COLIMA / MANZANILLO,2026-04-21,NA,16,7,75,15,43
COLIMA / MANZANILLO,2026-04-22,NA,11,6,68,27,47
COLIMA / MANZANILLO,2026-04-23,NA,12,10,69,34,50
COLIMA / MANZANILLO,2026-04-24,NA,12,8,63,30,54
COLIMA / MANZANILLO,2026-04-25,NA,11,6,44,38,57
COLIMA / MANZANILLO,2026-04-26,NA,12,4,35,30,47
COLIMA / MANZANILLO,2026-04-27,NA,9,4,29,24,39
COLIMA / MANZANILLO,2026-04-28,NA,9,6,29,31,38
COLIMA / MANZANILLO,2026-04-29,NA,6,4,37,37,33
COLIMA / MANZANILLO,2026-04-30,NA,10,4,38,25,25
COLIMA / MANZANILLO,2026-05-01,NA,12,7,36,28,19
COLIMA / MANZANILLO,2026-05-02,NA,13,8,30,19,21
COLIMA / MANZANILLO,2026-05-03,NA,10,7,33,17,21
COLIMA / MANZANILLO,2026-05-04,NA,7,7,24,13,20
COLIMA / MANZANILLO,2026-05-05,NA,6,11,33,26,18
COLIMA / MANZANILLO,2026-05-06,NA,4,10,40,35,25
COLIMA / MANZANILLO,2026-05-07,NA,5,12,44,34,23
COLIMA / MANZANILLO,2026-05-08,NA,8,10,41,26,25
COLIMA / MANZANILLO,2026-05-09,NA,10,12,57,31,25
COLIMA / MANZANILLO,2026-05-10,NA,6,10,54,24,21
COLIMA / MANZANILLO,2026-05-11,NA,7,9,38,22,16
COLIMA / MANZANILLO,2026-05-12,NA,8,10,58,25,20
COLIMA / MANZANILLO,2026-05-13,NA,9,9,50,23,23
COLIMA / MANZANILLO,2026-05-14,NA,6,9,50,24,20
COLIMA / MANZANILLO,2026-05-15,NA,8,11,40,33,25
COLIMA / MANZANILLO,2026-05-16,NA,8,13,54,28,21
COLIMA / MANZANILLO,2026-05-17,NA,9,12,37,22,18
COLIMA / MANZANILLO,2026-05-18,NA,10,10,50,20,17
COLIMA / MANZANILLO,2026-05-19,NA,11,13,52,31,22
COLIMA / MANZANILLO,2026-05-20,NA,11,16,61,39,24
COLIMA / MANZANILLO,2026-05-21,NA,9,14,63,37,28
COLIMA / MANZANILLO,2026-05-22,NA,7,12,57,33,33
COLIMA / MANZANILLO,2026-05-23,NA,10,8,63,31,32
COLIMA / MANZANILLO,2026-05-24,NA,6,7,52,27,32
COLIMA / MANZANILLO,2026-05-25,NA,7,7,50,21,28
COLIMA / MANZANILLO,2026-05-26,NA,7,10,51,38,30
COLIMA / MANZANILLO,2026-05-27,NA,9,6,54,37,30
COLIMA / MANZANILLO,2026-05-28,NA,8,8,45,37,32
COLIMA / MANZANILLO,2026-05-29,NA,7,7,44,34,34
COLIMA / MANZANILLO,2026-05-30,NA,6,11,39,37,37
COLIMA / MANZANILLO,2026-05-31,NA,8,12,65,24,36
COLIMA / MANZANILLO,2026-06-01,NA,7,9,60,16,34
COLIMA / MANZANILLO,2026-06-02,NA,8,11,79,25,34
COLIMA / MANZANILLO,2026-06-03,NA,13,12,86,23,38
COLIMA / MANZANILLO,2026-06-04,NA,16,15,110,23,41
COLIMA / MANZANILLO,2026-06-05,NA,11,16,111,28,41
COLIMA / MANZANILLO,2026-06-06,NA,15,18,97,33,40
COLIMA / MANZANILLO,2026-06-07,NA,13,23,109,18,41
COLIMA / MANZANILLO,2026-06-08,NA,12,21,111,20,39
COLIMA / MANZANILLO,2026-06-09,NA,11,24,131,26,41
COLIMA / MANZANILLO,2026-06-10,NA,15,25,156,35,47
COLIMA / MANZANILLO,2026-06-11,NA,14,26,203,26,49
COLIMA / MANZANILLO,2026-06-12,NA,11,30,216,38,51
COLIMA / MANZANILLO,2026-06-13,NA,18,26,215,34,53
COLIMA / MANZANILLO,2026-06-14,NA,19,23,225,31,54
COLIMA / MANZANILLO,2026-06-15,NA,20,25,203,18,51
COLIMA / MANZANILLO,2026-06-16,NA,20,28,197,34,59
COLIMA / MANZANILLO,2026-06-17,NA,25,30,158,32,58
COLIMA / MANZANILLO,2026-06-18,NA,31,30,167,32,63
COLIMA / MANZANILLO,2026-06-19,NA,30,27,190,38,70
COLIMA / MANZANILLO,2026-06-20,NA,33,27,186,33,73
COLIMA / MANZANILLO,2026-06-21,NA,32,24,169,20,72
COLIMA / MANZANILLO,2026-06-22,NA,23,23,144,21,70
COLIMA / MANZANILLO,2026-06-23,NA,15,21,134,23,69
COLIMA / MANZANILLO,2026-06-24,NA,15,23,132,15,71
COLIMA / MANZANILLO,2026-06-25,NA,15,22,131,22,69
COLIMA / MANZANILLO,2026-06-26,NA,15,25,151,32,67
COLIMA / MANZANILLO,2026-06-27,NA,17,25,152,45,70
COLIMA / MANZANILLO,2026-06-28,NA,18,24,154,62,71
COLIMA / MANZANILLO,2026-06-29,NA,21,23,196,41,71
COLIMA / MANZANILLO,2026-06-30,NA,22,26,219,62,81
COLIMA / MANZANILLO,2026-07-01,NA,24,28,221,52,85
COLIMA / MANZANILLO,2026-07-02,NA,25,30,231,83,92
COLIMA / MANZANILLO,2026-07-03,NA,23,27,197,80,96
COLIMA / MANZANILLO,2026-07-04,NA,18,26,178,89,101
COLIMA / MANZANILLO,2026-07-05,NA,14,22,157,69,96
COLIMA / MANZANILLO,2026-07-06,NA,15,20,138,47,95
COLIMA / MANZANILLO,2026-07-07,NA,14,18,135,43,100
COLIMA / MANZANILLO,2026-07-08,NA,10,16,113,32,105
COLIMA / MANZANILLO,2026-07-09,NA,9,15,77,36,96
COLIMA / MANZANILLO,2026-07-10,NA,13,13,46,33,91
COLIMA / MANZANILLO,2026-07-11,NA,13,12,38,37,80
COLIMA / MANZANILLO,2026-07-12,NA,13,12,37,33,75
COLIMA / MANZANILLO,2026-07-13,NA,9,12,31,16,64
COLIMA / MANZANILLO,2026-07-14,NA,13,11,43,26,53
COLIMA / MANZANILLO,2026-07-15,NA,12,8,82,33,54
COLIMA / MANZANILLO,2026-07-16,NA,9,10,56,24,46
COLIMA / MANZANILLO,2026-07-17,NA,12,15,53,31,44
COLIMA / MANZANILLO,2026-07-18,NA,12,18,55,23,49
COLIMA / MANZANILLO,2026-07-19,NA,10,15,46,25,42
COLIMA / MANZANILLO,2026-07-20,NA,10,9,44,15,35
COLIMA / MANZANILLO,2026-07-21,NA,14,11,50,31,29
COLIMA / MANZANILLO,2026-07-22,NA,11,12,55,28,31
COLIMA / MANZANILLO,2026-07-23,NA,13,11,51,26,28
COLIMA / MANZANILLO,2026-07-24,NA,9,11,32,26,26
COLIMA / MANZANILLO,2026-07-25,NA,8,13,45,23,29
COLIMA / MANZANILLO,2026-07-26,NA,7,18,50,30,28
COLIMA / MANZANILLO,2026-07-27,NA,6,12,43,13,24
COLIMA / MANZANILLO,2026-07-28,NA,8,6,53,24,23
COLIMA / MANZANILLO,2026-07-29,NA,11,7,60,29,25
COLIMA / MANZANILLO,2026-07-30,NA,11,8,54,33,24
COLIMA / MANZANILLO,2026-07-31,NA,13,12,60,51,29
COLIMA / MANZANILLO,2026-08-01,4,15,8,80,38,32
COLIMA / MANZANILLO,2026-08-02,2,19,9,79,43,34
COLIMA / MANZANILLO,2026-08-03,1,17,11,62,30,32
COLIMA / MANZANILLO,2026-08-04,3,17,9,77,20,31
COLIMA / MANZANILLO,2026-08-05,2,14,8,80,26,32
COLIMA / MANZANILLO,2026-08-06,3,9,10,80,31,39
COLIMA / MANZANILLO,2026-08-07,3,9,12,80,30,38
COLIMA / MANZANILLO,2026-08-08,3,8,12,76,33,41
COLIMA / MANZANILLO,2026-08-09,4,6,11,76,26,43
COLIMA / MANZANILLO,2026-08-10,3,6,12,52,20,42
COLIMA / MANZANILLO,2026-08-11,5,7,16,47,22,43
COLIMA / MANZANILLO,2026-08-12,5,8,17,37,27,37
COLIMA / MANZANILLO,2026-08-13,4,9,13,36,31,37
COLIMA / MANZANILLO,2026-08-14,3,5,11,47,25,35
COLIMA / MANZANILLO,2026-08-15,4,8,16,58,32,29
COLIMA / MANZANILLO,2026-08-16,4,13,21,64,20,25
COLIMA / MANZANILLO,2026-08-17,4,10,24,81,12,24
COLIMA / MANZANILLO,2026-08-18,6,11,26,124,13,28
COLIMA / MANZANILLO,2026-08-19,6,17,24,128,34,35
COLIMA / MANZANILLO,2026-08-20,7,19,24,106,28,38
COLIMA / MANZANILLO,2026-08-21,8,18,26,91,26,49
COLIMA / MANZANILLO,2026-08-22,7,12,19,61,29,51
COLIMA / MANZANILLO,2026-08-23,3,12,16,47,20,47
COLIMA / MANZANILLO,2026-08-24,2,10,9,56,11,29
CORDOBA / ORIZABA,2025-08-24,NA,10,5,13,19,31
CORDOBA / ORIZABA,2025-08-25,NA,7,2,11,18,29
CORDOBA / ORIZABA,2025-08-26,NA,10,4,13,21,28
CORDOBA / ORIZABA,2025-08-27,NA,19,9,7,21,28
CORDOBA / ORIZABA,2025-08-28,NA,13,6,6,19,29
CORDOBA / ORIZABA,2025-08-29,NA,7,6,9,30,33
CORDOBA / ORIZABA,2025-08-30,NA,7,7,11,20,36
CORDOBA / ORIZABA,2025-08-31,NA,7,5,9,11,32
CORDOBA / ORIZABA,2025-09-01,NA,8,3,17,9,21
CORDOBA / ORIZABA,2025-09-02,NA,10,8,13,10,31
CORDOBA / ORIZABA,2025-09-03,NA,17,4,11,11,37
CORDOBA / ORIZABA,2025-09-04,NA,9,4,18,16,37
CORDOBA / ORIZABA,2025-09-05,NA,10,9,10,18,32
CORDOBA / ORIZABA,2025-09-06,NA,9,8,16,16,32
CORDOBA / ORIZABA,2025-09-07,NA,9,5,7,15,24
CORDOBA / ORIZABA,2025-09-08,NA,11,4,12,15,21
CORDOBA / ORIZABA,2025-09-09,NA,8,5,14,18,17
CORDOBA / ORIZABA,2025-09-10,NA,10,6,22,14,23
CORDOBA / ORIZABA,2025-09-11,NA,6,8,9,12,18
CORDOBA / ORIZABA,2025-09-12,NA,6,5,12,14,19
CORDOBA / ORIZABA,2025-09-13,NA,12,2,25,16,16
CORDOBA / ORIZABA,2025-09-14,NA,12,2,17,11,11
CORDOBA / ORIZABA,2025-09-15,NA,13,1,23,15,10
CORDOBA / ORIZABA,2025-09-16,NA,6,2,19,6,17
CORDOBA / ORIZABA,2025-09-17,NA,7,1,11,11,17
CORDOBA / ORIZABA,2025-09-18,NA,9,8,11,13,19
CORDOBA / ORIZABA,2025-09-19,NA,11,3,20,15,21
CORDOBA / ORIZABA,2025-09-20,NA,11,1,15,25,15
CORDOBA / ORIZABA,2025-09-21,NA,9,2,10,13,14
CORDOBA / ORIZABA,2025-09-22,NA,6,1,15,12,12
CORDOBA / ORIZABA,2025-09-23,NA,7,1,30,15,19
CORDOBA / ORIZABA,2025-09-24,NA,9,3,25,11,26
CORDOBA / ORIZABA,2025-09-25,NA,6,3,15,16,19
CORDOBA / ORIZABA,2025-09-26,NA,2,3,18,13,15
CORDOBA / ORIZABA,2025-09-27,NA,9,5,14,13,18
CORDOBA / ORIZABA,2025-09-28,NA,8,2,9,12,18
CORDOBA / ORIZABA,2025-09-29,NA,9,4,14,17,15
CORDOBA / ORIZABA,2025-09-30,NA,13,6,26,12,27
CORDOBA / ORIZABA,2025-10-01,NA,13,5,10,17,30
CORDOBA / ORIZABA,2025-10-02,NA,10,7,10,22,32
CORDOBA / ORIZABA,2025-10-03,NA,12,7,6,19,37
CORDOBA / ORIZABA,2025-10-04,NA,10,4,11,16,28
CORDOBA / ORIZABA,2025-10-05,NA,8,3,9,9,14
CORDOBA / ORIZABA,2025-10-06,NA,6,2,17,8,15
CORDOBA / ORIZABA,2025-10-07,NA,11,4,16,10,18
CORDOBA / ORIZABA,2025-10-08,NA,12,4,17,12,18
CORDOBA / ORIZABA,2025-10-09,NA,10,4,18,17,18
CORDOBA / ORIZABA,2025-10-10,NA,9,7,16,18,18
CORDOBA / ORIZABA,2025-10-11,NA,13,7,24,9,16
CORDOBA / ORIZABA,2025-10-12,NA,16,4,19,12,17
CORDOBA / ORIZABA,2025-10-13,NA,11,5,26,15,22
CORDOBA / ORIZABA,2025-10-14,NA,11,7,20,22,27
CORDOBA / ORIZABA,2025-10-15,NA,6,6,12,24,29
CORDOBA / ORIZABA,2025-10-16,NA,4,9,15,24,26
CORDOBA / ORIZABA,2025-10-17,NA,6,13,7,25,31
CORDOBA / ORIZABA,2025-10-18,NA,10,5,11,29,26
CORDOBA / ORIZABA,2025-10-19,NA,7,6,9,16,17
CORDOBA / ORIZABA,2025-10-20,NA,7,2,15,20,14
CORDOBA / ORIZABA,2025-10-21,NA,9,4,17,18,24
CORDOBA / ORIZABA,2025-10-22,NA,11,3,14,19,25
CORDOBA / ORIZABA,2025-10-23,NA,12,4,16,16,25
CORDOBA / ORIZABA,2025-10-24,NA,12,3,17,16,24
CORDOBA / ORIZABA,2025-10-25,NA,12,3,14,27,26
CORDOBA / ORIZABA,2025-10-26,NA,5,3,11,21,16
CORDOBA / ORIZABA,2025-10-27,NA,7,4,14,22,17
CORDOBA / ORIZABA,2025-10-28,NA,8,4,19,16,19
CORDOBA / ORIZABA,2025-10-29,NA,10,3,7,19,18
CORDOBA / ORIZABA,2025-10-30,NA,13,3,17,15,15
CORDOBA / ORIZABA,2025-10-31,NA,10,1,10,18,14
CORDOBA / ORIZABA,2025-11-01,NA,7,3,12,11,16
CORDOBA / ORIZABA,2025-11-02,NA,7,4,4,6,16
CORDOBA / ORIZABA,2025-11-03,NA,4,4,12,6,14
CORDOBA / ORIZABA,2025-11-04,NA,6,2,10,9,17
CORDOBA / ORIZABA,2025-11-05,NA,7,11,13,7,25
CORDOBA / ORIZABA,2025-11-06,NA,20,6,15,15,22
CORDOBA / ORIZABA,2025-11-07,NA,18,7,30,13,27
CORDOBA / ORIZABA,2025-11-08,NA,9,3,17,14,19
CORDOBA / ORIZABA,2025-11-09,NA,9,2,23,15,16
CORDOBA / ORIZABA,2025-11-10,NA,7,1,20,19,15
CORDOBA / ORIZABA,2025-11-11,NA,9,5,20,19,24
CORDOBA / ORIZABA,2025-11-12,NA,5,8,19,16,31
CORDOBA / ORIZABA,2025-11-13,NA,9,8,20,21,28
CORDOBA / ORIZABA,2025-11-14,NA,9,8,22,49,27
CORDOBA / ORIZABA,2025-11-15,NA,5,6,13,50,29
CORDOBA / ORIZABA,2025-11-16,NA,8,8,7,38,28
CORDOBA / ORIZABA,2025-11-17,NA,4,6,18,44,23
CORDOBA / ORIZABA,2025-11-18,NA,10,5,15,37,20
CORDOBA / ORIZABA,2025-11-19,NA,11,9,6,30,29
CORDOBA / ORIZABA,2025-11-20,NA,8,10,10,24,37
CORDOBA / ORIZABA,2025-11-21,NA,9,6,12,15,31
CORDOBA / ORIZABA,2025-11-22,NA,8,5,15,16,28
CORDOBA / ORIZABA,2025-11-23,NA,7,3,11,14,23
CORDOBA / ORIZABA,2025-11-24,NA,8,4,17,14,22
CORDOBA / ORIZABA,2025-11-25,NA,12,7,16,17,21
CORDOBA / ORIZABA,2025-11-26,NA,10,3,20,15,22
CORDOBA / ORIZABA,2025-11-27,NA,8,3,12,24,27
CORDOBA / ORIZABA,2025-11-28,NA,8,6,12,22,26
CORDOBA / ORIZABA,2025-11-29,NA,19,5,15,22,25
CORDOBA / ORIZABA,2025-11-30,NA,21,6,14,13,18
CORDOBA / ORIZABA,2025-12-01,NA,18,6,18,20,18
CORDOBA / ORIZABA,2025-12-02,NA,19,8,21,29,17
CORDOBA / ORIZABA,2025-12-03,NA,14,5,18,19,22
CORDOBA / ORIZABA,2025-12-04,NA,14,4,10,14,18
CORDOBA / ORIZABA,2025-12-05,NA,13,1,15,15,21
CORDOBA / ORIZABA,2025-12-06,NA,18,4,13,14,19
CORDOBA / ORIZABA,2025-12-07,NA,10,5,8,12,22
CORDOBA / ORIZABA,2025-12-08,NA,10,5,18,11,20
CORDOBA / ORIZABA,2025-12-09,NA,4,9,11,12,19
CORDOBA / ORIZABA,2025-12-10,NA,6,6,17,15,21
CORDOBA / ORIZABA,2025-12-11,NA,13,4,17,16,19
CORDOBA / ORIZABA,2025-12-12,NA,7,3,24,16,16
CORDOBA / ORIZABA,2025-12-13,NA,6,6,18,23,18
CORDOBA / ORIZABA,2025-12-14,NA,10,5,14,22,16
CORDOBA / ORIZABA,2025-12-15,NA,9,7,18,22,13
CORDOBA / ORIZABA,2025-12-16,NA,12,7,22,19,12
CORDOBA / ORIZABA,2025-12-17,NA,11,7,22,25,14
CORDOBA / ORIZABA,2025-12-18,NA,13,9,19,25,18
CORDOBA / ORIZABA,2025-12-19,NA,9,12,27,24,19
CORDOBA / ORIZABA,2025-12-20,NA,16,14,26,25,19
CORDOBA / ORIZABA,2025-12-21,NA,8,7,26,14,18
CORDOBA / ORIZABA,2025-12-22,NA,8,11,30,13,21
CORDOBA / ORIZABA,2025-12-23,NA,8,9,25,23,21
CORDOBA / ORIZABA,2025-12-24,NA,6,7,29,23,27
CORDOBA / ORIZABA,2025-12-25,NA,2,4,14,14,18
CORDOBA / ORIZABA,2025-12-26,NA,2,2,8,12,17
CORDOBA / ORIZABA,2025-12-27,NA,6,7,19,16,21
CORDOBA / ORIZABA,2025-12-28,NA,4,3,16,12,16
CORDOBA / ORIZABA,2025-12-29,NA,6,5,11,14,10
CORDOBA / ORIZABA,2025-12-30,NA,6,4,16,13,17
CORDOBA / ORIZABA,2025-12-31,NA,8,6,12,10,18
CORDOBA / ORIZABA,2026-01-01,NA,7,7,1,6,16
CORDOBA / ORIZABA,2026-01-02,NA,7,7,5,5,15
CORDOBA / ORIZABA,2026-01-03,NA,13,7,11,19,16
CORDOBA / ORIZABA,2026-01-04,NA,7,8,15,10,22
CORDOBA / ORIZABA,2026-01-05,NA,10,9,23,15,16
CORDOBA / ORIZABA,2026-01-06,NA,11,15,10,14,25
CORDOBA / ORIZABA,2026-01-07,NA,9,13,14,13,28
CORDOBA / ORIZABA,2026-01-08,NA,10,13,16,30,27
CORDOBA / ORIZABA,2026-01-09,NA,8,8,16,25,28
CORDOBA / ORIZABA,2026-01-10,NA,13,6,14,26,22
CORDOBA / ORIZABA,2026-01-11,NA,12,3,15,21,24
CORDOBA / ORIZABA,2026-01-12,NA,12,2,15,21,24
CORDOBA / ORIZABA,2026-01-13,NA,11,8,13,15,19
CORDOBA / ORIZABA,2026-01-14,NA,10,7,11,29,18
CORDOBA / ORIZABA,2026-01-15,NA,11,7,18,27,20
CORDOBA / ORIZABA,2026-01-16,NA,14,10,12,25,25
CORDOBA / ORIZABA,2026-01-17,NA,14,12,22,26,26
CORDOBA / ORIZABA,2026-01-18,NA,8,9,11,20,23
CORDOBA / ORIZABA,2026-01-19,NA,8,11,11,22,24
CORDOBA / ORIZABA,2026-01-20,NA,11,12,12,29,28
CORDOBA / ORIZABA,2026-01-21,NA,9,10,16,29,28
CORDOBA / ORIZABA,2026-01-22,NA,13,7,17,23,29
CORDOBA / ORIZABA,2026-01-23,NA,15,10,7,21,24
CORDOBA / ORIZABA,2026-01-24,NA,12,10,17,27,30
CORDOBA / ORIZABA,2026-01-25,NA,14,4,7,13,25
CORDOBA / ORIZABA,2026-01-26,NA,12,5,12,22,15
CORDOBA / ORIZABA,2026-01-27,NA,13,6,13,18,21
CORDOBA / ORIZABA,2026-01-28,NA,16,8,10,23,14
CORDOBA / ORIZABA,2026-01-29,NA,16,10,17,23,21
CORDOBA / ORIZABA,2026-01-30,NA,22,12,12,23,26
CORDOBA / ORIZABA,2026-01-31,NA,14,5,7,25,26
CORDOBA / ORIZABA,2026-02-01,NA,11,3,14,24,22
CORDOBA / ORIZABA,2026-02-02,NA,16,4,12,22,21
CORDOBA / ORIZABA,2026-02-03,NA,14,13,5,14,23
CORDOBA / ORIZABA,2026-02-04,NA,16,2,9,18,21
CORDOBA / ORIZABA,2026-02-05,NA,6,3,9,21,20
CORDOBA / ORIZABA,2026-02-06,NA,13,7,11,25,11
CORDOBA / ORIZABA,2026-02-07,NA,7,9,12,21,12
CORDOBA / ORIZABA,2026-02-08,NA,16,7,8,18,16
CORDOBA / ORIZABA,2026-02-09,NA,12,8,10,22,18
CORDOBA / ORIZABA,2026-02-10,NA,12,11,11,18,21
CORDOBA / ORIZABA,2026-02-11,NA,11,7,14,23,9
CORDOBA / ORIZABA,2026-02-12,NA,13,9,24,16,21
CORDOBA / ORIZABA,2026-02-13,NA,19,5,24,25,26
CORDOBA / ORIZABA,2026-02-14,NA,18,5,16,17,14
CORDOBA / ORIZABA,2026-02-15,NA,9,5,10,7,16
CORDOBA / ORIZABA,2026-02-16,NA,11,3,13,8,12
CORDOBA / ORIZABA,2026-02-17,NA,11,7,17,13,20
CORDOBA / ORIZABA,2026-02-18,NA,10,6,13,21,22
CORDOBA / ORIZABA,2026-02-19,NA,9,7,16,16,18
CORDOBA / ORIZABA,2026-02-20,NA,6,5,15,20,16
CORDOBA / ORIZABA,2026-02-21,NA,11,4,13,18,16
CORDOBA / ORIZABA,2026-02-22,NA,12,4,15,14,21
CORDOBA / ORIZABA,2026-02-23,NA,11,3,19,18,21
CORDOBA / ORIZABA,2026-02-24,NA,10,10,18,19,28
CORDOBA / ORIZABA,2026-02-25,NA,9,10,18,19,19
CORDOBA / ORIZABA,2026-02-26,NA,10,7,19,23,28
CORDOBA / ORIZABA,2026-02-27,NA,16,8,15,30,20
CORDOBA / ORIZABA,2026-02-28,NA,27,8,13,36,23
CORDOBA / ORIZABA,2026-03-01,NA,14,5,8,21,20
CORDOBA / ORIZABA,2026-03-02,NA,20,5,8,12,17
CORDOBA / ORIZABA,2026-03-03,NA,12,9,11,15,22
CORDOBA / ORIZABA,2026-03-04,NA,10,5,12,13,15
CORDOBA / ORIZABA,2026-03-05,NA,8,1,15,13,11
CORDOBA / ORIZABA,2026-03-06,NA,8,2,10,20,12
CORDOBA / ORIZABA,2026-03-07,NA,9,4,17,15,11
CORDOBA / ORIZABA,2026-03-08,NA,8,3,9,11,14
CORDOBA / ORIZABA,2026-03-09,NA,8,2,17,18,14
CORDOBA / ORIZABA,2026-03-10,NA,4,4,13,23,15
CORDOBA / ORIZABA,2026-03-11,NA,3,NA,11,19,17
CORDOBA / ORIZABA,2026-03-12,NA,7,4,12,21,18
CORDOBA / ORIZABA,2026-03-13,NA,3,NA,8,20,17
CORDOBA / ORIZABA,2026-03-14,NA,7,3,6,20,21
CORDOBA / ORIZABA,2026-03-15,NA,11,5,9,20,24
CORDOBA / ORIZABA,2026-03-16,NA,14,1,13,21,23
CORDOBA / ORIZABA,2026-03-17,NA,11,3,6,12,14
CORDOBA / ORIZABA,2026-03-18,NA,8,6,13,16,16
CORDOBA / ORIZABA,2026-03-19,NA,9,3,16,20,31
CORDOBA / ORIZABA,2026-03-20,NA,10,5,16,21,29
CORDOBA / ORIZABA,2026-03-21,NA,12,4,11,20,26
CORDOBA / ORIZABA,2026-03-22,NA,12,4,11,18,26
CORDOBA / ORIZABA,2026-03-23,NA,8,3,14,14,24
CORDOBA / ORIZABA,2026-03-24,NA,9,4,8,14,26
CORDOBA / ORIZABA,2026-03-25,NA,7,10,19,28,24
CORDOBA / ORIZABA,2026-03-26,NA,7,6,18,19,25
CORDOBA / ORIZABA,2026-03-27,NA,9,5,14,24,28
CORDOBA / ORIZABA,2026-03-28,NA,11,5,15,26,30
CORDOBA / ORIZABA,2026-03-29,NA,7,3,14,24,22
CORDOBA / ORIZABA,2026-03-30,NA,11,4,21,18,21
CORDOBA / ORIZABA,2026-03-31,NA,14,16,21,19,22
CORDOBA / ORIZABA,2026-04-01,NA,13,6,12,24,19
CORDOBA / ORIZABA,2026-04-02,NA,17,10,16,15,27
CORDOBA / ORIZABA,2026-04-03,NA,14,11,21,17,26
CORDOBA / ORIZABA,2026-04-04,NA,7,6,12,17,23
CORDOBA / ORIZABA,2026-04-05,NA,10,7,9,19,15
CORDOBA / ORIZABA,2026-04-06,NA,5,7,17,21,19
CORDOBA / ORIZABA,2026-04-07,NA,5,7,13,17,20
CORDOBA / ORIZABA,2026-04-08,NA,8,13,15,15,29
CORDOBA / ORIZABA,2026-04-09,NA,8,7,13,20,25
CORDOBA / ORIZABA,2026-04-10,NA,6,9,18,18,26
CORDOBA / ORIZABA,2026-04-11,NA,6,12,12,13,28
CORDOBA / ORIZABA,2026-04-12,NA,8,2,8,13,19
CORDOBA / ORIZABA,2026-04-13,NA,7,3,13,15,17
CORDOBA / ORIZABA,2026-04-14,NA,7,8,23,16,15
CORDOBA / ORIZABA,2026-04-15,NA,6,20,14,20,21
CORDOBA / ORIZABA,2026-04-16,NA,8,14,12,21,27
CORDOBA / ORIZABA,2026-04-17,NA,11,9,10,24,31
CORDOBA / ORIZABA,2026-04-18,NA,9,9,14,25,34
CORDOBA / ORIZABA,2026-04-19,NA,9,4,11,15,31
CORDOBA / ORIZABA,2026-04-20,NA,13,2,12,15,28
CORDOBA / ORIZABA,2026-04-21,NA,13,4,27,32,30
CORDOBA / ORIZABA,2026-04-22,NA,10,10,22,16,33
CORDOBA / ORIZABA,2026-04-23,NA,9,12,16,16,31
CORDOBA / ORIZABA,2026-04-24,NA,9,10,12,23,34
CORDOBA / ORIZABA,2026-04-25,NA,9,6,17,14,19
CORDOBA / ORIZABA,2026-04-26,NA,9,6,12,12,20
CORDOBA / ORIZABA,2026-04-27,NA,6,6,16,15,25
CORDOBA / ORIZABA,2026-04-28,NA,11,5,19,8,30
CORDOBA / ORIZABA,2026-04-29,NA,10,4,30,9,41
CORDOBA / ORIZABA,2026-04-30,NA,9,13,28,12,43
CORDOBA / ORIZABA,2026-05-01,NA,11,12,27,15,44
CORDOBA / ORIZABA,2026-05-02,NA,11,5,21,12,35
CORDOBA / ORIZABA,2026-05-03,NA,7,7,21,13,28
CORDOBA / ORIZABA,2026-05-04,NA,9,3,20,10,22
CORDOBA / ORIZABA,2026-05-05,NA,11,10,19,14,28
CORDOBA / ORIZABA,2026-05-06,NA,10,8,23,11,25
CORDOBA / ORIZABA,2026-05-07,NA,8,9,12,11,20
CORDOBA / ORIZABA,2026-05-08,NA,10,7,16,19,27
CORDOBA / ORIZABA,2026-05-09,NA,10,7,20,20,32
CORDOBA / ORIZABA,2026-05-10,NA,6,8,17,12,31
CORDOBA / ORIZABA,2026-05-11,NA,6,6,12,22,29
CORDOBA / ORIZABA,2026-05-12,NA,7,8,20,30,20
CORDOBA / ORIZABA,2026-05-13,NA,4,2,8,33,18
CORDOBA / ORIZABA,2026-05-14,NA,6,8,18,34,20
CORDOBA / ORIZABA,2026-05-15,NA,8,8,17,37,27
CORDOBA / ORIZABA,2026-05-16,NA,9,8,13,38,30
CORDOBA / ORIZABA,2026-05-17,NA,13,3,12,28,26
CORDOBA / ORIZABA,2026-05-18,NA,15,6,23,30,27
CORDOBA / ORIZABA,2026-05-19,NA,15,8,17,26,27
CORDOBA / ORIZABA,2026-05-20,NA,10,3,7,18,25
CORDOBA / ORIZABA,2026-05-21,NA,10,8,18,25,21
CORDOBA / ORIZABA,2026-05-22,NA,13,13,25,33,20
CORDOBA / ORIZABA,2026-05-23,NA,12,9,22,27,25
CORDOBA / ORIZABA,2026-05-24,NA,5,6,28,16,20
CORDOBA / ORIZABA,2026-05-25,NA,7,6,39,15,21
CORDOBA / ORIZABA,2026-05-26,NA,7,5,30,26,29
CORDOBA / ORIZABA,2026-05-27,NA,10,7,18,19,26
CORDOBA / ORIZABA,2026-05-28,NA,12,7,14,29,32
CORDOBA / ORIZABA,2026-05-29,NA,12,7,15,25,28
CORDOBA / ORIZABA,2026-05-30,NA,16,7,21,19,22
CORDOBA / ORIZABA,2026-05-31,NA,9,4,17,23,26
CORDOBA / ORIZABA,2026-06-01,NA,11,6,17,16,22
CORDOBA / ORIZABA,2026-06-02,NA,15,9,15,23,18
CORDOBA / ORIZABA,2026-06-03,NA,9,8,18,17,18
CORDOBA / ORIZABA,2026-06-04,NA,7,10,20,21,18
CORDOBA / ORIZABA,2026-06-05,NA,9,10,14,24,22
CORDOBA / ORIZABA,2026-06-06,NA,6,11,21,26,27
CORDOBA / ORIZABA,2026-06-07,NA,7,14,14,16,23
CORDOBA / ORIZABA,2026-06-08,NA,9,16,23,20,25
CORDOBA / ORIZABA,2026-06-09,NA,12,16,13,28,27
CORDOBA / ORIZABA,2026-06-10,NA,7,24,24,21,22
CORDOBA / ORIZABA,2026-06-11,NA,8,16,22,16,22
CORDOBA / ORIZABA,2026-06-12,NA,5,15,16,14,23
CORDOBA / ORIZABA,2026-06-13,NA,7,12,11,19,25
CORDOBA / ORIZABA,2026-06-14,NA,6,2,11,13,28
CORDOBA / ORIZABA,2026-06-15,NA,4,6,15,20,26
CORDOBA / ORIZABA,2026-06-16,NA,5,9,18,25,29
CORDOBA / ORIZABA,2026-06-17,NA,7,9,20,14,31
CORDOBA / ORIZABA,2026-06-18,NA,8,10,14,19,35
CORDOBA / ORIZABA,2026-06-19,NA,6,7,18,12,33
CORDOBA / ORIZABA,2026-06-20,NA,8,10,14,19,26
CORDOBA / ORIZABA,2026-06-21,NA,5,3,8,23,19
CORDOBA / ORIZABA,2026-06-22,NA,9,3,14,23,18
CORDOBA / ORIZABA,2026-06-23,NA,10,3,17,27,15
CORDOBA / ORIZABA,2026-06-24,NA,10,11,17,30,17
CORDOBA / ORIZABA,2026-06-25,NA,9,6,19,23,21
CORDOBA / ORIZABA,2026-06-26,NA,14,9,16,30,29
CORDOBA / ORIZABA,2026-06-27,NA,11,7,14,20,33
CORDOBA / ORIZABA,2026-06-28,NA,7,7,11,19,25
CORDOBA / ORIZABA,2026-06-29,NA,9,12,18,17,26
CORDOBA / ORIZABA,2026-06-30,NA,14,8,16,19,29
CORDOBA / ORIZABA,2026-07-01,NA,13,6,15,8,29
CORDOBA / ORIZABA,2026-07-02,NA,17,3,11,11,32
CORDOBA / ORIZABA,2026-07-03,NA,19,11,10,24,34
CORDOBA / ORIZABA,2026-07-04,NA,20,3,12,34,30
CORDOBA / ORIZABA,2026-07-05,NA,15,8,7,26,27
CORDOBA / ORIZABA,2026-07-06,NA,10,7,20,15,26
CORDOBA / ORIZABA,2026-07-07,NA,10,7,14,18,24
CORDOBA / ORIZABA,2026-07-08,NA,10,8,12,20,28
CORDOBA / ORIZABA,2026-07-09,NA,9,6,16,20,23
CORDOBA / ORIZABA,2026-07-10,NA,9,5,12,24,24
CORDOBA / ORIZABA,2026-07-11,NA,15,5,11,17,25
CORDOBA / ORIZABA,2026-07-12,NA,10,4,9,22,20
CORDOBA / ORIZABA,2026-07-13,NA,7,3,8,19,20
CORDOBA / ORIZABA,2026-07-14,NA,9,6,15,28,30
CORDOBA / ORIZABA,2026-07-15,NA,8,3,14,26,27
CORDOBA / ORIZABA,2026-07-16,NA,7,3,20,32,29
CORDOBA / ORIZABA,2026-07-17,NA,10,7,14,38,26
CORDOBA / ORIZABA,2026-07-18,NA,9,10,12,38,24
CORDOBA / ORIZABA,2026-07-19,NA,4,6,23,25,19
CORDOBA / ORIZABA,2026-07-20,NA,7,8,28,21,19
CORDOBA / ORIZABA,2026-07-21,NA,8,11,23,26,15
CORDOBA / ORIZABA,2026-07-22,NA,9,8,19,17,13
CORDOBA / ORIZABA,2026-07-23,NA,9,6,19,20,14
CORDOBA / ORIZABA,2026-07-24,NA,9,9,8,23,17
CORDOBA / ORIZABA,2026-07-25,NA,8,7,14,26,25
CORDOBA / ORIZABA,2026-07-26,NA,10,7,11,16,17
CORDOBA / ORIZABA,2026-07-27,NA,10,7,13,11,19
CORDOBA / ORIZABA,2026-07-28,NA,12,10,13,23,19
CORDOBA / ORIZABA,2026-07-29,NA,16,9,17,21,17
CORDOBA / ORIZABA,2026-07-30,NA,14,8,23,15,19
CORDOBA / ORIZABA,2026-07-31,NA,15,10,21,28,27
CORDOBA / ORIZABA,2026-08-01,6,6,12,26,27,30
CORDOBA / ORIZABA,2026-08-02,5,10,7,13,28,28
CORDOBA / ORIZABA,2026-08-03,3,10,6,20,25,27
CORDOBA / ORIZABA,2026-08-04,4,14,8,29,26,27
CORDOBA / ORIZABA,2026-08-05,6,13,12,26,23,28
CORDOBA / ORIZABA,2026-08-06,3,14,8,18,31,30
CORDOBA / ORIZABA,2026-08-07,NA,13,11,17,32,29
CORDOBA / ORIZABA,2026-08-08,2,13,5,12,32,27
CORDOBA / ORIZABA,2026-08-09,NA,11,7,14,19,19
CORDOBA / ORIZABA,2026-08-10,1,16,8,23,21,19
CORDOBA / ORIZABA,2026-08-11,2,15,9,21,18,19
CORDOBA / ORIZABA,2026-08-12,1,15,6,19,21,19
CORDOBA / ORIZABA,2026-08-13,1,14,4,18,22,23
CORDOBA / ORIZABA,2026-08-14,3,7,5,19,28,32
CORDOBA / ORIZABA,2026-08-15,2,11,8,17,28,24
CORDOBA / ORIZABA,2026-08-16,2,8,5,8,19,14
CORDOBA / ORIZABA,2026-08-17,NA,9,3,13,23,15
CORDOBA / ORIZABA,2026-08-18,2,5,8,18,24,15
CORDOBA / ORIZABA,2026-08-19,2,10,8,8,18,21
CORDOBA / ORIZABA,2026-08-20,2,6,3,18,26,26
CORDOBA / ORIZABA,2026-08-21,4,12,5,9,27,34
CORDOBA / ORIZABA,2026-08-22,3,8,3,14,26,32
CORDOBA / ORIZABA,2026-08-23,3,8,5,15,17,19
CORDOBA / ORIZABA,2026-08-24,1,13,8,11,18,19
CUERNAVACA,2025-08-24,NA,27,15,49,40,48
CUERNAVACA,2025-08-25,NA,23,14,32,46,31
CUERNAVACA,2025-08-26,NA,39,15,47,43,38
CUERNAVACA,2025-08-27,NA,31,14,50,48,49
CUERNAVACA,2025-08-28,NA,33,18,38,49,47
CUERNAVACA,2025-08-29,NA,35,16,35,47,41
CUERNAVACA,2025-08-30,NA,36,23,41,54,42
CUERNAVACA,2025-08-31,NA,34,19,34,39,35
CUERNAVACA,2025-09-01,NA,30,17,38,44,30
CUERNAVACA,2025-09-02,NA,45,18,35,47,42
CUERNAVACA,2025-09-03,NA,43,24,50,52,44
CUERNAVACA,2025-09-04,NA,35,22,53,48,49
CUERNAVACA,2025-09-05,NA,36,22,35,55,52
CUERNAVACA,2025-09-06,NA,41,21,35,41,53
CUERNAVACA,2025-09-07,NA,39,23,33,45,52
CUERNAVACA,2025-09-08,NA,28,12,41,47,42
CUERNAVACA,2025-09-09,NA,30,19,38,46,42
CUERNAVACA,2025-09-10,NA,33,20,28,39,40
CUERNAVACA,2025-09-11,NA,35,16,32,40,36
CUERNAVACA,2025-09-12,NA,33,12,37,46,40
CUERNAVACA,2025-09-13,NA,40,19,48,48,42
CUERNAVACA,2025-09-14,NA,36,31,60,31,40
CUERNAVACA,2025-09-15,NA,21,31,54,31,33
CUERNAVACA,2025-09-16,NA,22,33,42,42,39
CUERNAVACA,2025-09-17,NA,23,25,30,34,38
CUERNAVACA,2025-09-18,NA,27,25,50,38,44
CUERNAVACA,2025-09-19,NA,38,30,54,50,54
CUERNAVACA,2025-09-20,NA,38,31,54,47,59
CUERNAVACA,2025-09-21,NA,25,25,45,37,62
CUERNAVACA,2025-09-22,NA,27,25,36,27,62
CUERNAVACA,2025-09-23,NA,29,22,55,33,66
CUERNAVACA,2025-09-24,NA,33,19,48,47,76
CUERNAVACA,2025-09-25,NA,31,25,47,49,76
CUERNAVACA,2025-09-26,NA,40,25,43,54,80
CUERNAVACA,2025-09-27,NA,54,28,36,77,87
CUERNAVACA,2025-09-28,NA,53,34,46,52,70
CUERNAVACA,2025-09-29,NA,42,24,51,39,62
CUERNAVACA,2025-09-30,NA,45,23,61,59,51
CUERNAVACA,2025-10-01,NA,59,21,47,55,51
CUERNAVACA,2025-10-02,NA,68,33,50,48,49
CUERNAVACA,2025-10-03,NA,67,44,68,59,58
CUERNAVACA,2025-10-04,NA,63,42,59,79,63
CUERNAVACA,2025-10-05,NA,63,51,68,66,60
CUERNAVACA,2025-10-06,NA,71,52,66,39,56
CUERNAVACA,2025-10-07,NA,69,61,57,40,74
CUERNAVACA,2025-10-08,NA,62,69,62,44,74
CUERNAVACA,2025-10-09,NA,56,65,67,49,75
CUERNAVACA,2025-10-10,NA,50,61,65,49,77
CUERNAVACA,2025-10-11,NA,49,57,82,62,78
CUERNAVACA,2025-10-12,NA,44,47,48,47,69
CUERNAVACA,2025-10-13,NA,40,24,49,39,69
CUERNAVACA,2025-10-14,NA,37,14,54,41,74
CUERNAVACA,2025-10-15,NA,35,13,57,48,74
CUERNAVACA,2025-10-16,NA,38,18,47,44,78
CUERNAVACA,2025-10-17,NA,39,17,30,54,77
CUERNAVACA,2025-10-18,NA,42,19,53,42,83
CUERNAVACA,2025-10-19,NA,42,19,58,38,71
CUERNAVACA,2025-10-20,NA,45,19,48,23,65
CUERNAVACA,2025-10-21,NA,46,21,60,36,60
CUERNAVACA,2025-10-22,NA,43,17,43,45,69
CUERNAVACA,2025-10-23,NA,39,20,40,60,58
CUERNAVACA,2025-10-24,NA,39,15,36,54,54
CUERNAVACA,2025-10-25,NA,34,15,39,56,46
CUERNAVACA,2025-10-26,NA,31,15,29,42,33
CUERNAVACA,2025-10-27,NA,31,15,40,33,23
CUERNAVACA,2025-10-28,NA,32,14,22,40,28
CUERNAVACA,2025-10-29,NA,39,19,36,41,28
CUERNAVACA,2025-10-30,NA,42,19,21,41,29
CUERNAVACA,2025-10-31,NA,39,11,38,47,31
CUERNAVACA,2025-11-01,NA,40,16,39,39,41
CUERNAVACA,2025-11-02,NA,36,15,20,40,39
CUERNAVACA,2025-11-03,NA,33,14,30,35,36
CUERNAVACA,2025-11-04,NA,33,13,38,39,39
CUERNAVACA,2025-11-05,NA,36,14,34,43,35
CUERNAVACA,2025-11-06,NA,35,12,34,52,39
CUERNAVACA,2025-11-07,NA,24,18,24,40,35
CUERNAVACA,2025-11-08,NA,37,19,36,49,22
CUERNAVACA,2025-11-09,NA,23,16,38,49,20
CUERNAVACA,2025-11-10,NA,25,12,30,45,19
CUERNAVACA,2025-11-11,NA,29,10,29,55,32
CUERNAVACA,2025-11-12,NA,27,16,31,59,33
CUERNAVACA,2025-11-13,NA,29,17,34,48,37
CUERNAVACA,2025-11-14,NA,28,24,41,62,38
CUERNAVACA,2025-11-15,NA,24,24,49,83,45
CUERNAVACA,2025-11-16,NA,35,28,36,82,47
CUERNAVACA,2025-11-17,NA,33,32,34,70,43
CUERNAVACA,2025-11-18,NA,34,33,31,69,47
CUERNAVACA,2025-11-19,NA,38,45,46,73,75
CUERNAVACA,2025-11-20,NA,28,39,33,79,76
CUERNAVACA,2025-11-21,NA,33,35,27,79,69
CUERNAVACA,2025-11-22,NA,29,25,36,84,65
CUERNAVACA,2025-11-23,NA,31,25,44,65,62
CUERNAVACA,2025-11-24,NA,33,28,37,62,43
CUERNAVACA,2025-11-25,NA,29,20,31,62,43
CUERNAVACA,2025-11-26,NA,30,29,31,61,54
CUERNAVACA,2025-11-27,NA,41,22,33,55,62
CUERNAVACA,2025-11-28,NA,35,18,31,62,50
CUERNAVACA,2025-11-29,NA,42,15,34,67,45
CUERNAVACA,2025-11-30,NA,36,20,19,72,43
CUERNAVACA,2025-12-01,NA,35,18,26,66,37
CUERNAVACA,2025-12-02,NA,39,27,48,63,46
CUERNAVACA,2025-12-03,NA,31,30,27,54,60
CUERNAVACA,2025-12-04,NA,29,27,35,45,51
CUERNAVACA,2025-12-05,NA,31,21,27,56,31
CUERNAVACA,2025-12-06,NA,32,23,33,53,24
CUERNAVACA,2025-12-07,NA,33,23,41,44,19
CUERNAVACA,2025-12-08,NA,24,27,41,41,18
CUERNAVACA,2025-12-09,NA,33,31,43,47,28
CUERNAVACA,2025-12-10,NA,22,22,29,48,33
CUERNAVACA,2025-12-11,NA,22,15,37,54,45
CUERNAVACA,2025-12-12,NA,27,15,31,74,48
CUERNAVACA,2025-12-13,NA,27,22,42,69,46
CUERNAVACA,2025-12-14,NA,25,20,45,67,43
CUERNAVACA,2025-12-15,NA,38,15,45,51,39
CUERNAVACA,2025-12-16,NA,48,31,78,69,53
CUERNAVACA,2025-12-17,NA,62,44,92,101,58
CUERNAVACA,2025-12-18,NA,58,52,87,81,71
CUERNAVACA,2025-12-19,NA,55,47,52,60,62
CUERNAVACA,2025-12-20,NA,51,43,40,65,56
CUERNAVACA,2025-12-21,NA,39,37,31,49,48
CUERNAVACA,2025-12-22,NA,34,33,30,46,46
CUERNAVACA,2025-12-23,NA,33,42,48,68,51
CUERNAVACA,2025-12-24,NA,31,35,40,40,52
CUERNAVACA,2025-12-25,NA,32,33,27,43,55
CUERNAVACA,2025-12-26,NA,28,23,28,33,50
CUERNAVACA,2025-12-27,NA,30,24,47,52,54
CUERNAVACA,2025-12-28,NA,35,39,65,48,62
CUERNAVACA,2025-12-29,NA,33,38,48,46,56
CUERNAVACA,2025-12-30,NA,35,53,42,50,62
CUERNAVACA,2025-12-31,NA,37,38,43,36,56
CUERNAVACA,2026-01-01,NA,33,32,19,24,51
CUERNAVACA,2026-01-02,NA,31,27,25,36,46
CUERNAVACA,2026-01-03,NA,36,40,52,64,51
CUERNAVACA,2026-01-04,NA,37,36,48,59,49
CUERNAVACA,2026-01-05,NA,26,34,44,43,47
CUERNAVACA,2026-01-06,NA,32,38,51,59,65
CUERNAVACA,2026-01-07,NA,40,38,57,53,67
CUERNAVACA,2026-01-08,NA,43,43,60,57,71
CUERNAVACA,2026-01-09,NA,43,35,32,68,70
CUERNAVACA,2026-01-10,NA,43,34,42,67,62
CUERNAVACA,2026-01-11,NA,41,32,47,54,51
CUERNAVACA,2026-01-12,NA,35,28,46,38,47
CUERNAVACA,2026-01-13,NA,39,40,34,45,56
CUERNAVACA,2026-01-14,NA,36,35,47,55,57
CUERNAVACA,2026-01-15,NA,34,36,54,68,60
CUERNAVACA,2026-01-16,NA,48,38,36,68,60
CUERNAVACA,2026-01-17,NA,40,45,47,72,67
CUERNAVACA,2026-01-18,NA,51,34,69,59,68
CUERNAVACA,2026-01-19,NA,51,39,60,52,77
CUERNAVACA,2026-01-20,NA,50,44,76,59,89
CUERNAVACA,2026-01-21,NA,44,45,67,53,98
CUERNAVACA,2026-01-22,NA,38,42,67,64,99
CUERNAVACA,2026-01-23,NA,42,54,38,53,100
CUERNAVACA,2026-01-24,NA,42,58,57,68,99
CUERNAVACA,2026-01-25,NA,47,50,44,56,89
CUERNAVACA,2026-01-26,NA,41,45,31,53,78
CUERNAVACA,2026-01-27,NA,47,40,34,55,74
CUERNAVACA,2026-01-28,NA,52,40,27,66,79
CUERNAVACA,2026-01-29,NA,48,33,41,64,74
CUERNAVACA,2026-01-30,NA,44,23,41,70,73
CUERNAVACA,2026-01-31,NA,41,32,39,66,62
CUERNAVACA,2026-02-01,NA,58,37,42,47,69
CUERNAVACA,2026-02-02,NA,54,46,43,40,63
CUERNAVACA,2026-02-03,NA,36,40,44,30,72
CUERNAVACA,2026-02-04,NA,36,36,55,35,68
CUERNAVACA,2026-02-05,NA,35,30,42,47,74
CUERNAVACA,2026-02-06,NA,30,18,35,59,70
CUERNAVACA,2026-02-07,NA,30,34,32,46,48
CUERNAVACA,2026-02-08,NA,27,26,34,36,38
CUERNAVACA,2026-02-09,NA,27,24,20,31,32
CUERNAVACA,2026-02-10,NA,29,29,37,53,53
CUERNAVACA,2026-02-11,NA,41,32,35,46,59
CUERNAVACA,2026-02-12,NA,41,30,43,54,66
CUERNAVACA,2026-02-13,NA,42,34,33,61,61
CUERNAVACA,2026-02-14,NA,44,22,48,70,67
CUERNAVACA,2026-02-15,NA,42,21,32,53,71
CUERNAVACA,2026-02-16,NA,38,24,34,51,66
CUERNAVACA,2026-02-17,NA,36,22,39,50,68
CUERNAVACA,2026-02-18,NA,35,29,41,57,89
CUERNAVACA,2026-02-19,NA,28,25,36,63,82
CUERNAVACA,2026-02-20,NA,31,20,45,55,91
CUERNAVACA,2026-02-21,NA,30,21,39,59,102
CUERNAVACA,2026-02-22,NA,31,16,26,39,88
CUERNAVACA,2026-02-23,NA,31,15,39,37,78
CUERNAVACA,2026-02-24,NA,30,20,64,35,91
CUERNAVACA,2026-02-25,NA,35,18,33,45,97
CUERNAVACA,2026-02-26,NA,37,20,49,45,95
CUERNAVACA,2026-02-27,NA,48,21,44,62,108
CUERNAVACA,2026-02-28,NA,50,28,53,63,105
CUERNAVACA,2026-03-01,NA,47,35,53,73,98
CUERNAVACA,2026-03-02,NA,46,39,53,47,85
CUERNAVACA,2026-03-03,NA,46,46,45,61,100
CUERNAVACA,2026-03-04,NA,46,52,52,49,98
CUERNAVACA,2026-03-05,NA,49,49,46,59,79
CUERNAVACA,2026-03-06,NA,40,40,42,59,61
CUERNAVACA,2026-03-07,NA,41,20,40,68,55
CUERNAVACA,2026-03-08,NA,36,21,41,59,38
CUERNAVACA,2026-03-09,NA,32,18,35,51,33
CUERNAVACA,2026-03-10,NA,32,20,45,66,55
CUERNAVACA,2026-03-11,NA,37,19,38,68,51
CUERNAVACA,2026-03-12,NA,35,27,37,77,46
CUERNAVACA,2026-03-13,NA,32,25,41,70,53
CUERNAVACA,2026-03-14,NA,37,26,60,73,45
CUERNAVACA,2026-03-15,NA,39,38,64,72,38
CUERNAVACA,2026-03-16,NA,29,37,63,67,34
CUERNAVACA,2026-03-17,NA,34,38,77,50,47
CUERNAVACA,2026-03-18,NA,37,35,61,51,50
CUERNAVACA,2026-03-19,NA,38,29,78,60,63
CUERNAVACA,2026-03-20,NA,43,31,61,67,67
CUERNAVACA,2026-03-21,NA,44,36,49,66,65
CUERNAVACA,2026-03-22,NA,41,36,45,41,64
CUERNAVACA,2026-03-23,NA,39,36,35,41,53
CUERNAVACA,2026-03-24,NA,42,35,56,57,51
CUERNAVACA,2026-03-25,NA,43,43,66,80,53
CUERNAVACA,2026-03-26,NA,44,40,68,93,58
CUERNAVACA,2026-03-27,NA,44,48,62,88,61
CUERNAVACA,2026-03-28,NA,58,50,82,101,65
CUERNAVACA,2026-03-29,NA,65,54,91,64,58
CUERNAVACA,2026-03-30,NA,64,52,43,52,49
CUERNAVACA,2026-03-31,NA,58,51,56,66,50
CUERNAVACA,2026-04-01,NA,51,61,64,79,49
CUERNAVACA,2026-04-02,NA,63,56,86,70,57
CUERNAVACA,2026-04-03,NA,71,53,83,74,53
CUERNAVACA,2026-04-04,NA,71,41,40,66,48
CUERNAVACA,2026-04-05,NA,71,30,42,55,51
CUERNAVACA,2026-04-06,NA,51,21,29,57,55
CUERNAVACA,2026-04-07,NA,50,31,74,51,61
CUERNAVACA,2026-04-08,NA,42,45,72,63,58
CUERNAVACA,2026-04-09,NA,47,34,76,72,58
CUERNAVACA,2026-04-10,NA,45,39,56,67,51
CUERNAVACA,2026-04-11,NA,40,44,53,66,65
CUERNAVACA,2026-04-12,NA,33,48,47,43,62
CUERNAVACA,2026-04-13,NA,30,38,33,40,59
CUERNAVACA,2026-04-14,NA,39,34,65,40,68
CUERNAVACA,2026-04-15,NA,38,36,82,52,75
CUERNAVACA,2026-04-16,NA,42,47,75,65,78
CUERNAVACA,2026-04-17,NA,45,44,76,64,69
CUERNAVACA,2026-04-18,NA,45,46,76,54,70
CUERNAVACA,2026-04-19,NA,41,44,59,59,69
CUERNAVACA,2026-04-20,NA,47,44,49,35,63
CUERNAVACA,2026-04-21,NA,49,46,41,44,77
CUERNAVACA,2026-04-22,NA,44,44,39,37,78
CUERNAVACA,2026-04-23,NA,38,39,39,39,84
CUERNAVACA,2026-04-24,NA,38,37,43,42,84
CUERNAVACA,2026-04-25,NA,44,27,46,46,81
CUERNAVACA,2026-04-26,NA,39,35,28,31,69
CUERNAVACA,2026-04-27,NA,30,18,42,39,66
CUERNAVACA,2026-04-28,NA,34,25,46,40,61
CUERNAVACA,2026-04-29,NA,44,18,38,57,75
CUERNAVACA,2026-04-30,NA,46,28,47,51,67
CUERNAVACA,2026-05-01,NA,44,30,42,55,68
CUERNAVACA,2026-05-02,NA,43,35,77,43,59
CUERNAVACA,2026-05-03,NA,43,38,69,39,56
CUERNAVACA,2026-05-04,NA,50,43,54,40,52
CUERNAVACA,2026-05-05,NA,53,50,44,55,50
CUERNAVACA,2026-05-06,NA,44,54,42,53,54
CUERNAVACA,2026-05-07,NA,44,37,35,39,56
CUERNAVACA,2026-05-08,NA,38,37,43,42,71
CUERNAVACA,2026-05-09,NA,38,32,50,46,49
CUERNAVACA,2026-05-10,NA,32,19,22,29,40
CUERNAVACA,2026-05-11,NA,26,14,28,25,36
CUERNAVACA,2026-05-12,NA,25,20,42,49,28
CUERNAVACA,2026-05-13,NA,25,16,42,61,41
CUERNAVACA,2026-05-14,NA,20,17,48,60,47
CUERNAVACA,2026-05-15,NA,26,21,46,74,44
CUERNAVACA,2026-05-16,NA,34,24,59,69,46
CUERNAVACA,2026-05-17,NA,33,26,54,64,38
CUERNAVACA,2026-05-18,NA,30,34,47,56,33
CUERNAVACA,2026-05-19,NA,38,39,50,91,50
CUERNAVACA,2026-05-20,NA,40,55,77,91,67
CUERNAVACA,2026-05-21,NA,50,51,74,84,70
CUERNAVACA,2026-05-22,NA,49,53,66,87,75
CUERNAVACA,2026-05-23,NA,48,50,68,80,67
CUERNAVACA,2026-05-24,NA,54,50,42,52,64
CUERNAVACA,2026-05-25,NA,46,49,29,46,54
CUERNAVACA,2026-05-26,NA,47,46,39,58,57
CUERNAVACA,2026-05-27,NA,43,44,58,65,62
CUERNAVACA,2026-05-28,NA,34,36,50,71,62
CUERNAVACA,2026-05-29,NA,47,33,68,88,67
CUERNAVACA,2026-05-30,NA,60,35,72,73,70
CUERNAVACA,2026-05-31,NA,63,43,75,54,58
CUERNAVACA,2026-06-01,NA,55,35,70,51,52
CUERNAVACA,2026-06-02,NA,56,44,74,68,55
CUERNAVACA,2026-06-03,NA,71,61,73,63,66
CUERNAVACA,2026-06-04,NA,77,72,85,69,67
CUERNAVACA,2026-06-05,NA,72,76,89,77,66
CUERNAVACA,2026-06-06,NA,71,80,87,96,60
CUERNAVACA,2026-06-07,NA,69,76,87,87,62
CUERNAVACA,2026-06-08,NA,62,74,93,65,52
CUERNAVACA,2026-06-09,NA,53,82,105,67,54
CUERNAVACA,2026-06-10,NA,61,99,99,91,49
CUERNAVACA,2026-06-11,NA,53,97,109,95,49
CUERNAVACA,2026-06-12,NA,52,85,124,83,58
CUERNAVACA,2026-06-13,NA,65,75,98,78,51
CUERNAVACA,2026-06-14,NA,58,69,88,73,48
CUERNAVACA,2026-06-15,NA,54,70,69,62,37
CUERNAVACA,2026-06-16,NA,49,61,66,77,52
CUERNAVACA,2026-06-17,NA,59,58,73,114,63
CUERNAVACA,2026-06-18,NA,55,65,58,123,67
CUERNAVACA,2026-06-19,NA,43,64,80,101,66
CUERNAVACA,2026-06-20,NA,48,49,110,108,60
CUERNAVACA,2026-06-21,NA,54,46,118,98,50
CUERNAVACA,2026-06-22,NA,59,42,95,66,44
CUERNAVACA,2026-06-23,NA,62,41,92,92,45
CUERNAVACA,2026-06-24,NA,38,55,104,100,59
CUERNAVACA,2026-06-25,NA,46,51,102,83,56
CUERNAVACA,2026-06-26,NA,53,52,90,82,61
CUERNAVACA,2026-06-27,NA,57,44,70,99,64
CUERNAVACA,2026-06-28,NA,58,55,56,83,65
CUERNAVACA,2026-06-29,NA,59,50,40,84,51
CUERNAVACA,2026-06-30,NA,52,42,42,76,43
CUERNAVACA,2026-07-01,NA,47,31,56,80,41
CUERNAVACA,2026-07-02,NA,44,35,60,73,43
CUERNAVACA,2026-07-03,NA,45,27,59,86,52
CUERNAVACA,2026-07-04,NA,45,27,85,99,56
CUERNAVACA,2026-07-05,NA,44,36,68,72,47
CUERNAVACA,2026-07-06,NA,43,30,52,43,34
CUERNAVACA,2026-07-07,NA,35,29,43,74,35
CUERNAVACA,2026-07-08,NA,36,31,35,79,48
CUERNAVACA,2026-07-09,NA,45,24,44,80,53
CUERNAVACA,2026-07-10,NA,38,20,55,82,54
CUERNAVACA,2026-07-11,NA,40,19,76,89,60
CUERNAVACA,2026-07-12,NA,31,20,78,75,57
CUERNAVACA,2026-07-13,NA,37,17,76,61,52
CUERNAVACA,2026-07-14,NA,43,25,67,68,63
CUERNAVACA,2026-07-15,NA,37,22,54,78,60
CUERNAVACA,2026-07-16,NA,28,23,43,82,62
CUERNAVACA,2026-07-17,NA,26,22,56,75,51
CUERNAVACA,2026-07-18,NA,34,20,59,77,49
CUERNAVACA,2026-07-19,NA,35,22,49,67,41
CUERNAVACA,2026-07-20,NA,24,18,44,49,29
CUERNAVACA,2026-07-21,NA,22,19,48,58,39
CUERNAVACA,2026-07-22,NA,33,28,50,72,38
CUERNAVACA,2026-07-23,NA,29,17,41,59,38
CUERNAVACA,2026-07-24,NA,28,18,40,65,37
CUERNAVACA,2026-07-25,NA,28,20,49,75,29
CUERNAVACA,2026-07-26,NA,36,15,41,69,30
CUERNAVACA,2026-07-27,NA,25,7,28,53,28
CUERNAVACA,2026-07-28,NA,28,14,23,74,42
CUERNAVACA,2026-07-29,NA,31,13,35,79,47
CUERNAVACA,2026-07-30,NA,24,18,43,73,45
CUERNAVACA,2026-07-31,NA,30,15,40,79,38
CUERNAVACA,2026-08-01,6,28,33,63,60,32
CUERNAVACA,2026-08-02,7,28,36,71,72,35
CUERNAVACA,2026-08-03,11,33,34,57,60,16
CUERNAVACA,2026-08-04,13,39,27,75,82,24
CUERNAVACA,2026-08-05,14,39,25,61,80,49
CUERNAVACA,2026-08-06,15,37,32,62,77,49
CUERNAVACA,2026-08-07,11,37,34,55,94,50
CUERNAVACA,2026-08-08,7,34,26,71,96,45
CUERNAVACA,2026-08-09,7,29,34,68,83,42
CUERNAVACA,2026-08-10,6,28,27,50,53,41
CUERNAVACA,2026-08-11,10,34,21,57,49,43
CUERNAVACA,2026-08-12,10,30,26,50,70,57
CUERNAVACA,2026-08-13,11,39,21,56,60,57
CUERNAVACA,2026-08-14,9,33,22,56,61,58
CUERNAVACA,2026-08-15,2,27,16,72,75,50
CUERNAVACA,2026-08-16,4,22,16,52,55,43
CUERNAVACA,2026-08-17,3,22,18,52,51,32
CUERNAVACA,2026-08-18,5,33,32,67,73,45
CUERNAVACA,2026-08-19,7,41,39,62,103,51
CUERNAVACA,2026-08-20,6,44,38,49,105,62
CUERNAVACA,2026-08-21,5,45,33,57,107,65
CUERNAVACA,2026-08-22,10,35,26,68,114,77
CUERNAVACA,2026-08-23,5,29,19,65,111,49
CUERNAVACA,2026-08-24,5,29,18,51,73,38
CULIACAN,2025-08-24,NA,12,5,42,17,23
CULIACAN,2025-08-25,NA,15,5,22,9,18
CULIACAN,2025-08-26,NA,14,4,48,19,21
CULIACAN,2025-08-27,NA,16,5,51,16,24
CULIACAN,2025-08-28,NA,18,9,48,21,23
CULIACAN,2025-08-29,NA,14,5,53,16,23
CULIACAN,2025-08-30,NA,11,3,52,11,16
CULIACAN,2025-08-31,NA,13,5,31,15,10
CULIACAN,2025-09-01,NA,11,3,32,12,9
CULIACAN,2025-09-02,NA,13,6,34,23,13
CULIACAN,2025-09-03,NA,10,4,39,20,17
CULIACAN,2025-09-04,NA,10,4,28,22,19
CULIACAN,2025-09-05,NA,11,4,19,12,29
CULIACAN,2025-09-06,NA,7,1,21,15,32
CULIACAN,2025-09-07,NA,6,NA,20,12,20
CULIACAN,2025-09-08,NA,5,1,21,5,14
CULIACAN,2025-09-09,NA,6,3,29,22,23
CULIACAN,2025-09-10,NA,6,10,46,20,24
CULIACAN,2025-09-11,NA,7,5,40,11,21
CULIACAN,2025-09-12,NA,9,7,46,16,23
CULIACAN,2025-09-13,NA,11,7,43,18,22
CULIACAN,2025-09-14,NA,7,6,23,14,17
CULIACAN,2025-09-15,NA,7,2,13,9,13
CULIACAN,2025-09-16,NA,8,3,36,13,14
CULIACAN,2025-09-17,NA,6,5,20,5,7
CULIACAN,2025-09-18,NA,2,1,21,7,8
CULIACAN,2025-09-19,NA,4,4,28,13,10
CULIACAN,2025-09-20,NA,11,3,33,11,12
CULIACAN,2025-09-21,NA,11,4,24,7,17
CULIACAN,2025-09-22,NA,5,4,21,5,8
CULIACAN,2025-09-23,NA,7,3,31,9,17
CULIACAN,2025-09-24,NA,7,6,32,7,11
CULIACAN,2025-09-25,NA,7,1,29,7,14
CULIACAN,2025-09-26,NA,6,1,32,15,14
CULIACAN,2025-09-27,NA,8,1,60,20,14
CULIACAN,2025-09-28,NA,17,2,42,7,10
CULIACAN,2025-09-29,NA,10,NA,16,5,8
CULIACAN,2025-09-30,NA,12,2,22,14,6
CULIACAN,2025-10-01,NA,16,5,38,5,9
CULIACAN,2025-10-02,NA,10,7,31,8,12
CULIACAN,2025-10-03,NA,9,6,25,7,11
CULIACAN,2025-10-04,NA,7,3,22,8,11
CULIACAN,2025-10-05,NA,5,5,14,3,7
CULIACAN,2025-10-06,NA,7,3,16,8,3
CULIACAN,2025-10-07,NA,6,4,24,10,9
CULIACAN,2025-10-08,NA,6,4,21,8,6
CULIACAN,2025-10-09,NA,5,3,31,10,5
CULIACAN,2025-10-10,NA,7,3,19,16,8
CULIACAN,2025-10-11,NA,12,5,30,12,9
CULIACAN,2025-10-12,NA,13,2,17,14,8
CULIACAN,2025-10-13,NA,8,1,14,11,6
CULIACAN,2025-10-14,NA,16,6,25,11,7
CULIACAN,2025-10-15,NA,14,4,37,14,15
CULIACAN,2025-10-16,NA,10,7,37,10,12
CULIACAN,2025-10-17,NA,9,8,25,9,10
CULIACAN,2025-10-18,NA,10,5,20,16,15
CULIACAN,2025-10-19,NA,7,6,18,6,10
CULIACAN,2025-10-20,NA,9,5,21,8,12
CULIACAN,2025-10-21,NA,6,5,18,14,15
CULIACAN,2025-10-22,NA,4,4,16,5,20
CULIACAN,2025-10-23,NA,4,5,32,8,15
CULIACAN,2025-10-24,NA,6,4,16,9,15
CULIACAN,2025-10-25,NA,6,1,17,10,12
CULIACAN,2025-10-26,NA,4,2,14,6,13
CULIACAN,2025-10-27,NA,2,4,12,10,11
CULIACAN,2025-10-28,NA,4,4,24,6,16
CULIACAN,2025-10-29,NA,6,5,24,12,13
CULIACAN,2025-10-30,NA,8,5,15,11,11
CULIACAN,2025-10-31,NA,11,6,18,14,7
CULIACAN,2025-11-01,NA,14,3,20,13,10
CULIACAN,2025-11-02,NA,12,3,14,7,7
CULIACAN,2025-11-03,NA,12,2,18,5,8
CULIACAN,2025-11-04,NA,8,6,28,12,17
CULIACAN,2025-11-05,NA,10,2,24,11,12
CULIACAN,2025-11-06,NA,6,3,17,10,14
CULIACAN,2025-11-07,NA,6,6,28,18,8
CULIACAN,2025-11-08,NA,9,6,35,20,12
CULIACAN,2025-11-09,NA,9,3,25,10,16
CULIACAN,2025-11-10,NA,4,5,12,17,10
CULIACAN,2025-11-11,NA,5,5,20,10,16
CULIACAN,2025-11-12,NA,7,5,26,13,17
CULIACAN,2025-11-13,NA,12,6,24,12,14
CULIACAN,2025-11-14,NA,12,8,17,16,21
CULIACAN,2025-11-15,NA,13,10,29,17,21
CULIACAN,2025-11-16,NA,12,5,17,13,18
CULIACAN,2025-11-17,NA,12,7,24,7,13
CULIACAN,2025-11-18,NA,5,7,28,14,12
CULIACAN,2025-11-19,NA,3,6,46,19,14
CULIACAN,2025-11-20,NA,4,4,29,19,15
CULIACAN,2025-11-21,NA,6,5,48,12,26
CULIACAN,2025-11-22,NA,6,4,35,11,27
CULIACAN,2025-11-23,NA,7,5,30,15,19
CULIACAN,2025-11-24,NA,8,4,21,10,13
CULIACAN,2025-11-25,NA,5,9,16,19,17
CULIACAN,2025-11-26,NA,5,4,31,15,15
CULIACAN,2025-11-27,NA,2,3,22,20,19
CULIACAN,2025-11-28,NA,5,4,17,19,20
CULIACAN,2025-11-29,NA,7,2,25,16,19
CULIACAN,2025-11-30,NA,9,5,16,11,14
CULIACAN,2025-12-01,NA,8,6,11,11,10
CULIACAN,2025-12-02,NA,8,7,22,12,15
CULIACAN,2025-12-03,NA,7,6,18,5,11
CULIACAN,2025-12-04,NA,6,9,19,10,17
CULIACAN,2025-12-05,NA,8,7,14,16,19
CULIACAN,2025-12-06,NA,10,4,18,13,18
CULIACAN,2025-12-07,NA,7,6,26,8,14
CULIACAN,2025-12-08,NA,5,6,24,13,12
CULIACAN,2025-12-09,NA,5,7,22,12,12
CULIACAN,2025-12-10,NA,9,6,17,11,9
CULIACAN,2025-12-11,NA,11,7,16,15,11
CULIACAN,2025-12-12,NA,7,8,26,14,12
CULIACAN,2025-12-13,NA,11,10,24,11,16
CULIACAN,2025-12-14,NA,7,10,16,15,16
CULIACAN,2025-12-15,NA,7,6,15,12,7
CULIACAN,2025-12-16,NA,8,4,17,7,15
CULIACAN,2025-12-17,NA,6,9,39,20,15
CULIACAN,2025-12-18,NA,6,9,40,17,15
CULIACAN,2025-12-19,NA,10,13,32,13,18
CULIACAN,2025-12-20,NA,9,6,26,19,15
CULIACAN,2025-12-21,NA,8,5,28,15,17
CULIACAN,2025-12-22,NA,4,5,24,11,17
CULIACAN,2025-12-23,NA,8,5,27,18,16
CULIACAN,2025-12-24,NA,5,6,16,12,12
CULIACAN,2025-12-25,NA,7,2,13,9,14
CULIACAN,2025-12-26,NA,8,2,16,6,10
CULIACAN,2025-12-27,NA,7,7,10,17,9
CULIACAN,2025-12-28,NA,4,3,4,13,2
CULIACAN,2025-12-29,NA,5,3,14,6,2
CULIACAN,2025-12-30,NA,6,7,22,10,7
CULIACAN,2025-12-31,NA,4,6,13,10,18
CULIACAN,2026-01-01,NA,3,2,8,7,11
CULIACAN,2026-01-02,NA,7,2,10,6,10
CULIACAN,2026-01-03,NA,7,2,13,19,12
CULIACAN,2026-01-04,NA,6,6,9,16,9
CULIACAN,2026-01-05,NA,5,6,17,22,9
CULIACAN,2026-01-06,NA,6,9,31,30,10
CULIACAN,2026-01-07,NA,5,6,28,15,17
CULIACAN,2026-01-08,NA,6,7,32,38,18
CULIACAN,2026-01-09,NA,8,7,18,22,21
CULIACAN,2026-01-10,NA,8,8,15,19,18
CULIACAN,2026-01-11,NA,5,8,11,21,18
CULIACAN,2026-01-12,NA,6,9,14,10,17
CULIACAN,2026-01-13,NA,4,10,24,18,18
CULIACAN,2026-01-14,NA,4,9,15,19,17
CULIACAN,2026-01-15,NA,9,4,17,27,14
CULIACAN,2026-01-16,NA,6,8,29,35,17
CULIACAN,2026-01-17,NA,11,10,26,28,19
CULIACAN,2026-01-18,NA,10,8,20,13,17
CULIACAN,2026-01-19,NA,8,9,15,8,11
CULIACAN,2026-01-20,NA,12,10,20,21,18
CULIACAN,2026-01-21,NA,9,5,16,18,23
CULIACAN,2026-01-22,NA,8,5,22,20,22
CULIACAN,2026-01-23,NA,8,10,23,17,26
CULIACAN,2026-01-24,NA,8,8,25,23,22
CULIACAN,2026-01-25,NA,8,6,33,26,20
CULIACAN,2026-01-26,NA,10,6,32,16,14
CULIACAN,2026-01-27,NA,9,8,26,13,13
CULIACAN,2026-01-28,NA,4,3,17,20,14
CULIACAN,2026-01-29,NA,6,3,11,18,12
CULIACAN,2026-01-30,NA,6,5,24,20,6
CULIACAN,2026-01-31,NA,6,4,19,19,11
CULIACAN,2026-02-01,NA,10,3,25,15,9
CULIACAN,2026-02-02,NA,10,4,25,9,11
CULIACAN,2026-02-03,NA,13,7,28,13,17
CULIACAN,2026-02-04,NA,13,4,27,21,20
CULIACAN,2026-02-05,NA,13,3,21,21,21
CULIACAN,2026-02-06,NA,7,2,14,23,20
CULIACAN,2026-02-07,NA,9,2,15,19,23
CULIACAN,2026-02-08,NA,8,3,20,18,21
CULIACAN,2026-02-09,NA,7,2,10,12,20
CULIACAN,2026-02-10,NA,10,4,29,26,19
CULIACAN,2026-02-11,NA,8,6,24,22,23
CULIACAN,2026-02-12,NA,12,5,21,20,22
CULIACAN,2026-02-13,NA,5,3,12,22,29
CULIACAN,2026-02-14,NA,7,4,18,24,18
CULIACAN,2026-02-15,NA,6,2,18,11,15
CULIACAN,2026-02-16,NA,11,2,20,3,13
CULIACAN,2026-02-17,NA,6,7,17,28,19
CULIACAN,2026-02-18,NA,6,2,16,14,24
CULIACAN,2026-02-19,NA,6,5,18,12,18
CULIACAN,2026-02-20,NA,6,3,12,20,24
CULIACAN,2026-02-21,NA,9,4,13,12,25
CULIACAN,2026-02-22,NA,7,3,24,11,18
CULIACAN,2026-02-23,NA,5,2,19,11,15
CULIACAN,2026-02-24,NA,8,2,21,17,15
CULIACAN,2026-02-25,NA,7,5,25,12,16
CULIACAN,2026-02-26,NA,8,4,22,14,21
CULIACAN,2026-02-27,NA,9,1,12,12,15
CULIACAN,2026-02-28,NA,9,5,18,21,21
CULIACAN,2026-03-01,NA,13,3,21,18,25
CULIACAN,2026-03-02,NA,12,6,17,18,22
CULIACAN,2026-03-03,NA,13,7,15,16,20
CULIACAN,2026-03-04,NA,14,5,15,13,25
CULIACAN,2026-03-05,NA,11,6,14,8,24
CULIACAN,2026-03-06,NA,7,5,23,12,17
CULIACAN,2026-03-07,NA,8,4,15,16,17
CULIACAN,2026-03-08,NA,10,6,13,11,19
CULIACAN,2026-03-09,NA,6,4,11,6,17
CULIACAN,2026-03-10,NA,6,6,10,15,12
CULIACAN,2026-03-11,NA,6,5,14,9,17
CULIACAN,2026-03-12,NA,4,5,15,16,19
CULIACAN,2026-03-13,NA,4,3,12,21,16
CULIACAN,2026-03-14,NA,8,7,23,26,25
CULIACAN,2026-03-15,NA,10,5,22,35,26
CULIACAN,2026-03-16,NA,7,7,17,25,25
CULIACAN,2026-03-17,NA,3,5,15,14,23
CULIACAN,2026-03-18,NA,14,3,23,23,18
CULIACAN,2026-03-19,NA,11,4,18,19,28
CULIACAN,2026-03-20,NA,9,4,17,23,33
CULIACAN,2026-03-21,NA,11,4,37,21,28
CULIACAN,2026-03-22,NA,4,5,24,17,22
CULIACAN,2026-03-23,NA,4,1,17,10,17
CULIACAN,2026-03-24,NA,3,3,26,15,13
CULIACAN,2026-03-25,NA,5,7,23,13,14
CULIACAN,2026-03-26,NA,5,7,14,19,18
CULIACAN,2026-03-27,NA,7,8,22,20,18
CULIACAN,2026-03-28,NA,15,8,20,20,17
CULIACAN,2026-03-29,NA,6,4,22,15,20
CULIACAN,2026-03-30,NA,4,3,14,15,19
CULIACAN,2026-03-31,NA,6,4,20,15,22
CULIACAN,2026-04-01,NA,5,5,14,21,22
CULIACAN,2026-04-02,NA,11,9,28,37,15
CULIACAN,2026-04-03,NA,7,5,25,16,17
CULIACAN,2026-04-04,NA,4,4,22,12,17
CULIACAN,2026-04-05,NA,4,6,19,12,15
CULIACAN,2026-04-06,NA,3,5,17,22,14
CULIACAN,2026-04-07,NA,8,3,21,21,23
CULIACAN,2026-04-08,NA,12,4,22,17,24
CULIACAN,2026-04-09,NA,10,7,35,19,22
CULIACAN,2026-04-10,NA,10,4,27,26,20
CULIACAN,2026-04-11,NA,8,3,27,21,22
CULIACAN,2026-04-12,NA,13,6,14,15,17
CULIACAN,2026-04-13,NA,10,3,15,16,14
CULIACAN,2026-04-14,NA,8,7,23,16,20
CULIACAN,2026-04-15,NA,7,5,28,20,19
CULIACAN,2026-04-16,NA,4,4,36,21,24
CULIACAN,2026-04-17,NA,6,4,18,8,24
CULIACAN,2026-04-18,NA,5,3,32,19,24
CULIACAN,2026-04-19,NA,5,7,15,9,14
CULIACAN,2026-04-20,NA,5,7,8,7,11
CULIACAN,2026-04-21,NA,8,6,27,13,16
CULIACAN,2026-04-22,NA,7,3,18,21,27
CULIACAN,2026-04-23,NA,8,3,20,14,26
CULIACAN,2026-04-24,NA,9,3,20,14,25
CULIACAN,2026-04-25,NA,9,3,39,12,18
CULIACAN,2026-04-26,NA,5,5,26,12,18
CULIACAN,2026-04-27,NA,4,3,15,10,11
CULIACAN,2026-04-28,NA,6,6,18,15,15
CULIACAN,2026-04-29,NA,5,7,20,13,13
CULIACAN,2026-04-30,NA,8,3,26,10,14
CULIACAN,2026-05-01,NA,7,4,15,13,11
CULIACAN,2026-05-02,NA,4,6,19,7,14
CULIACAN,2026-05-03,NA,6,4,27,5,14
CULIACAN,2026-05-04,NA,10,3,31,12,10
CULIACAN,2026-05-05,NA,14,3,34,18,21
CULIACAN,2026-05-06,NA,11,2,41,11,24
CULIACAN,2026-05-07,NA,6,4,25,19,23
CULIACAN,2026-05-08,NA,5,5,17,14,19
CULIACAN,2026-05-09,NA,14,7,20,11,21
CULIACAN,2026-05-10,NA,8,5,12,13,15
CULIACAN,2026-05-11,NA,4,4,8,17,14
CULIACAN,2026-05-12,NA,4,4,20,21,16
CULIACAN,2026-05-13,NA,7,2,18,20,12
CULIACAN,2026-05-14,NA,2,3,32,20,10
CULIACAN,2026-05-15,NA,1,4,25,17,16
CULIACAN,2026-05-16,NA,3,5,20,24,15
CULIACAN,2026-05-17,NA,7,2,35,12,10
CULIACAN,2026-05-18,NA,4,7,17,7,13
CULIACAN,2026-05-19,NA,4,9,22,17,13
CULIACAN,2026-05-20,NA,6,5,21,19,19
CULIACAN,2026-05-21,NA,5,4,16,21,23
CULIACAN,2026-05-22,NA,7,9,13,18,24
CULIACAN,2026-05-23,NA,5,8,18,11,32
CULIACAN,2026-05-24,NA,5,9,15,14,38
CULIACAN,2026-05-25,NA,8,6,16,16,28
CULIACAN,2026-05-26,NA,8,9,20,18,27
CULIACAN,2026-05-27,NA,8,3,28,19,25
CULIACAN,2026-05-28,NA,6,4,26,19,30
CULIACAN,2026-05-29,NA,6,9,28,19,29
CULIACAN,2026-05-30,NA,6,9,19,18,23
CULIACAN,2026-05-31,NA,3,5,27,12,22
CULIACAN,2026-06-01,NA,4,6,25,10,21
CULIACAN,2026-06-02,NA,5,3,17,16,22
CULIACAN,2026-06-03,NA,4,7,29,16,24
CULIACAN,2026-06-04,NA,6,9,28,16,21
CULIACAN,2026-06-05,NA,4,9,29,14,25
CULIACAN,2026-06-06,NA,8,6,26,27,27
CULIACAN,2026-06-07,NA,6,8,30,13,21
CULIACAN,2026-06-08,NA,4,7,16,10,22
CULIACAN,2026-06-09,NA,6,15,23,27,28
CULIACAN,2026-06-10,NA,6,12,23,28,26
CULIACAN,2026-06-11,NA,6,7,41,24,24
CULIACAN,2026-06-12,NA,7,4,33,23,22
CULIACAN,2026-06-13,NA,5,4,23,22,28
CULIACAN,2026-06-14,NA,8,4,28,11,25
CULIACAN,2026-06-15,NA,10,5,17,11,25
CULIACAN,2026-06-16,NA,11,6,42,24,21
CULIACAN,2026-06-17,NA,7,7,34,26,16
CULIACAN,2026-06-18,NA,8,9,16,12,21
CULIACAN,2026-06-19,NA,10,5,23,12,21
CULIACAN,2026-06-20,NA,8,4,14,9,21
CULIACAN,2026-06-21,NA,7,4,16,3,19
CULIACAN,2026-06-22,NA,4,6,11,6,13
CULIACAN,2026-06-23,NA,8,12,25,11,18
CULIACAN,2026-06-24,NA,6,10,37,12,22
CULIACAN,2026-06-25,NA,4,8,51,19,10
CULIACAN,2026-06-26,NA,5,7,27,11,12
CULIACAN,2026-06-27,NA,12,7,25,14,19
CULIACAN,2026-06-28,NA,15,7,20,11,19
CULIACAN,2026-06-29,NA,12,4,22,11,15
CULIACAN,2026-06-30,NA,9,4,30,14,18
CULIACAN,2026-07-01,NA,2,4,23,12,15
CULIACAN,2026-07-02,NA,4,5,23,16,20
CULIACAN,2026-07-03,NA,9,5,23,12,20
CULIACAN,2026-07-04,NA,10,6,15,17,19
CULIACAN,2026-07-05,NA,6,7,35,14,24
CULIACAN,2026-07-06,NA,8,7,21,10,18
CULIACAN,2026-07-07,NA,10,5,35,15,20
CULIACAN,2026-07-08,NA,10,6,39,24,16
CULIACAN,2026-07-09,NA,6,7,55,25,20
CULIACAN,2026-07-10,NA,7,6,55,29,18
CULIACAN,2026-07-11,NA,11,10,56,24,14
CULIACAN,2026-07-12,NA,7,5,41,13,17
CULIACAN,2026-07-13,NA,7,6,31,12,14
CULIACAN,2026-07-14,NA,6,9,27,25,21
CULIACAN,2026-07-15,NA,14,5,49,43,15
CULIACAN,2026-07-16,NA,11,10,52,38,16
CULIACAN,2026-07-17,NA,14,6,50,37,15
CULIACAN,2026-07-18,NA,12,16,48,36,16
CULIACAN,2026-07-19,NA,17,14,36,24,16
CULIACAN,2026-07-20,NA,13,13,17,21,18
CULIACAN,2026-07-21,NA,5,3,37,30,20
CULIACAN,2026-07-22,NA,9,2,25,21,19
CULIACAN,2026-07-23,NA,9,5,42,25,21
CULIACAN,2026-07-24,NA,13,11,77,28,21
CULIACAN,2026-07-25,NA,18,10,66,37,20
CULIACAN,2026-07-26,NA,16,8,47,26,16
CULIACAN,2026-07-27,NA,8,7,27,9,12
CULIACAN,2026-07-28,NA,11,2,36,18,25
CULIACAN,2026-07-29,NA,12,7,64,19,27
CULIACAN,2026-07-30,NA,9,4,54,31,17
CULIACAN,2026-07-31,NA,7,4,52,31,15
CULIACAN,2026-08-01,NA,6,6,71,28,15
CULIACAN,2026-08-02,NA,10,6,49,20,16
CULIACAN,2026-08-03,NA,9,7,41,18,17
CULIACAN,2026-08-04,1,15,12,43,33,18
CULIACAN,2026-08-05,3,12,4,37,48,27
CULIACAN,2026-08-06,2,13,3,42,38,29
CULIACAN,2026-08-07,2,16,9,40,37,20
CULIACAN,2026-08-08,1,11,9,48,40,17
CULIACAN,2026-08-09,4,7,7,47,33,13
CULIACAN,2026-08-10,2,6,9,32,29,14
CULIACAN,2026-08-11,NA,1,8,47,38,14
CULIACAN,2026-08-12,2,1,7,71,46,19
CULIACAN,2026-08-13,3,6,8,67,47,24
CULIACAN,2026-08-14,3,5,9,58,52,21
CULIACAN,2026-08-15,3,7,8,50,46,29
CULIACAN,2026-08-16,2,7,7,47,36,31
CULIACAN,2026-08-17,1,7,6,24,24,28
CULIACAN,2026-08-18,1,7,6,56,34,24
CULIACAN,2026-08-19,3,14,9,83,47,23
CULIACAN,2026-08-20,3,14,12,91,52,27
CULIACAN,2026-08-21,4,13,11,70,46,25
CULIACAN,2026-08-22,2,13,18,65,50,26
CULIACAN,2026-08-23,2,18,17,63,45,25
CULIACAN,2026-08-24,1,14,14,58,41,21
GUADALAJARA,2025-08-24,NA,273,593,1408,279,842
GUADALAJARA,2025-08-25,NA,263,584,1428,215,820
GUADALAJARA,2025-08-26,NA,292,607,1523,266,870
GUADALAJARA,2025-08-27,NA,282,615,1480,286,830
GUADALAJARA,2025-08-28,NA,260,611,1313,323,792
GUADALAJARA,2025-08-29,NA,253,602,1341,301,753
GUADALAJARA,2025-08-30,NA,285,591,1345,332,785
GUADALAJARA,2025-08-31,NA,268,607,1371,243,779
GUADALAJARA,2025-09-01,NA,259,590,1513,210,720
GUADALAJARA,2025-09-02,NA,275,611,1704,258,720
GUADALAJARA,2025-09-03,NA,276,607,1752,277,756
GUADALAJARA,2025-09-04,NA,283,595,1628,296,800
GUADALAJARA,2025-09-05,NA,272,590,1399,304,768
GUADALAJARA,2025-09-06,NA,259,586,1268,301,772
GUADALAJARA,2025-09-07,NA,218,592,1094,223,725
GUADALAJARA,2025-09-08,NA,214,548,1186,218,686
GUADALAJARA,2025-09-09,NA,190,524,1249,253,670
GUADALAJARA,2025-09-10,NA,201,500,1193,289,671
GUADALAJARA,2025-09-11,NA,189,501,1108,263,646
GUADALAJARA,2025-09-12,NA,188,444,1084,298,656
GUADALAJARA,2025-09-13,NA,208,409,1150,314,684
GUADALAJARA,2025-09-14,NA,200,379,1014,203,649
GUADALAJARA,2025-09-15,NA,185,349,1006,199,616
GUADALAJARA,2025-09-16,NA,168,324,965,261,625
GUADALAJARA,2025-09-17,NA,160,286,1054,257,591
GUADALAJARA,2025-09-18,NA,165,271,1165,256,642
GUADALAJARA,2025-09-19,NA,187,274,1077,270,651
GUADALAJARA,2025-09-20,NA,183,298,1039,267,644
GUADALAJARA,2025-09-21,NA,174,334,955,202,654
GUADALAJARA,2025-09-22,NA,152,309,926,168,642
GUADALAJARA,2025-09-23,NA,163,301,1024,235,704
GUADALAJARA,2025-09-24,NA,146,273,916,264,735
GUADALAJARA,2025-09-25,NA,173,256,876,292,722
GUADALAJARA,2025-09-26,NA,193,237,878,274,715
GUADALAJARA,2025-09-27,NA,191,196,875,281,720
GUADALAJARA,2025-09-28,NA,173,185,750,197,717
GUADALAJARA,2025-09-29,NA,163,176,790,152,673
GUADALAJARA,2025-09-30,NA,177,196,938,218,648
GUADALAJARA,2025-10-01,NA,167,207,1019,225,631
GUADALAJARA,2025-10-02,NA,180,225,1002,245,623
GUADALAJARA,2025-10-03,NA,199,215,892,270,584
GUADALAJARA,2025-10-04,NA,190,195,818,267,570
GUADALAJARA,2025-10-05,NA,167,171,637,196,528
GUADALAJARA,2025-10-06,NA,144,155,558,157,507
GUADALAJARA,2025-10-07,NA,153,142,664,188,515
GUADALAJARA,2025-10-08,NA,152,122,638,209,416
GUADALAJARA,2025-10-09,NA,153,118,640,221,356
GUADALAJARA,2025-10-10,NA,172,102,570,231,335
GUADALAJARA,2025-10-11,NA,182,95,611,252,330
GUADALAJARA,2025-10-12,NA,146,84,563,165,270
GUADALAJARA,2025-10-13,NA,131,86,608,150,244
GUADALAJARA,2025-10-14,NA,138,100,697,200,268
GUADALAJARA,2025-10-15,NA,151,103,705,244,309
GUADALAJARA,2025-10-16,NA,155,121,849,276,354
GUADALAJARA,2025-10-17,NA,170,136,789,285,395
GUADALAJARA,2025-10-18,NA,179,146,726,267,395
GUADALAJARA,2025-10-19,NA,148,135,680,217,377
GUADALAJARA,2025-10-20,NA,129,119,630,186,345
GUADALAJARA,2025-10-21,NA,155,106,658,281,428
GUADALAJARA,2025-10-22,NA,151,98,782,286,483
GUADALAJARA,2025-10-23,NA,145,110,694,282,472
GUADALAJARA,2025-10-24,NA,158,121,668,276,436
GUADALAJARA,2025-10-25,NA,171,103,680,301,428
GUADALAJARA,2025-10-26,NA,152,96,595,234,365
GUADALAJARA,2025-10-27,NA,147,79,522,188,301
GUADALAJARA,2025-10-28,NA,177,89,632,235,326
GUADALAJARA,2025-10-29,NA,172,85,588,249,311
GUADALAJARA,2025-10-30,NA,180,62,631,285,300
GUADALAJARA,2025-10-31,NA,181,68,599,281,318
GUADALAJARA,2025-11-01,NA,214,69,552,240,303
GUADALAJARA,2025-11-02,NA,195,82,540,195,263
GUADALAJARA,2025-11-03,NA,159,73,561,147,239
GUADALAJARA,2025-11-04,NA,172,87,575,212,278
GUADALAJARA,2025-11-05,NA,186,109,602,210,315
GUADALAJARA,2025-11-06,NA,169,104,570,238,303
GUADALAJARA,2025-11-07,NA,159,100,532,259,274
GUADALAJARA,2025-11-08,NA,161,89,539,263,276
GUADALAJARA,2025-11-09,NA,130,77,496,216,254
GUADALAJARA,2025-11-10,NA,108,68,473,193,228
GUADALAJARA,2025-11-11,NA,117,87,533,233,280
GUADALAJARA,2025-11-12,NA,142,88,555,229,301
GUADALAJARA,2025-11-13,NA,152,85,571,277,317
GUADALAJARA,2025-11-14,NA,166,85,555,305,335
GUADALAJARA,2025-11-15,NA,174,84,524,352,303
GUADALAJARA,2025-11-16,NA,147,92,524,292,268
GUADALAJARA,2025-11-17,NA,119,95,541,232,226
GUADALAJARA,2025-11-18,NA,126,141,607,328,242
GUADALAJARA,2025-11-19,NA,137,143,592,288,333
GUADALAJARA,2025-11-20,NA,150,131,559,300,376
GUADALAJARA,2025-11-21,NA,144,103,571,328,380
GUADALAJARA,2025-11-22,NA,165,114,638,342,428
GUADALAJARA,2025-11-23,NA,142,93,567,280,393
GUADALAJARA,2025-11-24,NA,121,87,533,261,353
GUADALAJARA,2025-11-25,NA,169,104,607,305,356
GUADALAJARA,2025-11-26,NA,174,116,568,333,334
GUADALAJARA,2025-11-27,NA,177,97,617,359,333
GUADALAJARA,2025-11-28,NA,175,103,630,371,346
GUADALAJARA,2025-11-29,NA,182,89,676,364,354
GUADALAJARA,2025-11-30,NA,190,80,588,317,346
GUADALAJARA,2025-12-01,NA,174,80,550,232,311
GUADALAJARA,2025-12-02,NA,184,97,560,271,362
GUADALAJARA,2025-12-03,NA,161,104,558,270,391
GUADALAJARA,2025-12-04,NA,170,110,638,277,375
GUADALAJARA,2025-12-05,NA,183,110,618,292,387
GUADALAJARA,2025-12-06,NA,181,112,665,338,372
GUADALAJARA,2025-12-07,NA,141,112,602,267,331
GUADALAJARA,2025-12-08,NA,130,104,627,278,324
GUADALAJARA,2025-12-09,NA,155,110,814,286,364
GUADALAJARA,2025-12-10,NA,177,122,813,326,379
GUADALAJARA,2025-12-11,NA,192,133,848,321,376
GUADALAJARA,2025-12-12,NA,190,155,799,361,396
GUADALAJARA,2025-12-13,NA,176,138,730,341,402
GUADALAJARA,2025-12-14,NA,172,126,591,289,362
GUADALAJARA,2025-12-15,NA,161,130,584,269,318
GUADALAJARA,2025-12-16,NA,177,142,641,341,337
GUADALAJARA,2025-12-17,NA,173,141,654,328,363
GUADALAJARA,2025-12-18,NA,174,152,692,274,357
GUADALAJARA,2025-12-19,NA,189,132,639,324,362
GUADALAJARA,2025-12-20,NA,180,127,722,327,375
GUADALAJARA,2025-12-21,NA,140,120,610,274,342
GUADALAJARA,2025-12-22,NA,144,126,657,240,298
GUADALAJARA,2025-12-23,NA,156,135,621,250,327
GUADALAJARA,2025-12-24,NA,132,113,550,203,312
GUADALAJARA,2025-12-25,NA,102,68,365,146,268
GUADALAJARA,2025-12-26,NA,116,71,434,179,265
GUADALAJARA,2025-12-27,NA,127,83,469,243,311
GUADALAJARA,2025-12-28,NA,126,87,375,216,302
GUADALAJARA,2025-12-29,NA,118,64,417,214,279
GUADALAJARA,2025-12-30,NA,138,75,505,276,341
GUADALAJARA,2025-12-31,NA,133,79,496,231,323
GUADALAJARA,2026-01-01,NA,116,66,363,184,296
GUADALAJARA,2026-01-02,NA,133,70,450,221,292
GUADALAJARA,2026-01-03,NA,162,94,482,254,342
GUADALAJARA,2026-01-04,NA,149,90,433,228,306
GUADALAJARA,2026-01-05,NA,129,77,428,246,297
GUADALAJARA,2026-01-06,NA,168,100,545,324,372
GUADALAJARA,2026-01-07,NA,162,125,580,332,380
GUADALAJARA,2026-01-08,NA,171,141,610,373,414
GUADALAJARA,2026-01-09,NA,177,159,668,354,405
GUADALAJARA,2026-01-10,NA,187,168,600,383,429
GUADALAJARA,2026-01-11,NA,153,152,552,270,385
GUADALAJARA,2026-01-12,NA,131,136,527,235,381
GUADALAJARA,2026-01-13,NA,160,129,642,343,411
GUADALAJARA,2026-01-14,NA,163,134,633,387,430
GUADALAJARA,2026-01-15,NA,179,146,650,375,471
GUADALAJARA,2026-01-16,NA,176,134,638,396,474
GUADALAJARA,2026-01-17,NA,163,147,724,429,504
GUADALAJARA,2026-01-18,NA,147,131,683,334,494
GUADALAJARA,2026-01-19,NA,146,158,730,270,442
GUADALAJARA,2026-01-20,NA,148,198,820,343,463
GUADALAJARA,2026-01-21,NA,177,191,715,346,474
GUADALAJARA,2026-01-22,NA,189,198,717,360,489
GUADALAJARA,2026-01-23,NA,188,187,713,396,484
GUADALAJARA,2026-01-24,NA,207,201,750,364,483
GUADALAJARA,2026-01-25,NA,186,164,626,309,441
GUADALAJARA,2026-01-26,NA,173,152,568,244,401
GUADALAJARA,2026-01-27,NA,203,141,644,318,448
GUADALAJARA,2026-01-28,NA,204,152,592,345,465
GUADALAJARA,2026-01-29,NA,229,136,590,377,434
GUADALAJARA,2026-01-30,NA,224,118,576,381,390
GUADALAJARA,2026-01-31,NA,233,110,590,374,391
GUADALAJARA,2026-02-01,NA,201,97,535,283,370
GUADALAJARA,2026-02-02,NA,201,107,531,245,327
GUADALAJARA,2026-02-03,NA,200,126,716,279,323
GUADALAJARA,2026-02-04,NA,196,152,761,325,339
GUADALAJARA,2026-02-05,NA,185,161,753,319,382
GUADALAJARA,2026-02-06,NA,194,144,689,345,408
GUADALAJARA,2026-02-07,NA,202,128,656,359,369
GUADALAJARA,2026-02-08,NA,171,125,606,286,345
GUADALAJARA,2026-02-09,NA,173,124,551,234,306
GUADALAJARA,2026-02-10,NA,167,121,537,318,363
GUADALAJARA,2026-02-11,NA,160,107,581,313,398
GUADALAJARA,2026-02-12,NA,187,103,603,352,407
GUADALAJARA,2026-02-13,NA,200,107,639,389,376
GUADALAJARA,2026-02-14,NA,201,112,675,349,392
GUADALAJARA,2026-02-15,NA,173,94,669,290,356
GUADALAJARA,2026-02-16,NA,158,86,675,240,337
GUADALAJARA,2026-02-17,NA,188,93,706,328,391
GUADALAJARA,2026-02-18,NA,182,85,657,305,390
GUADALAJARA,2026-02-19,NA,170,85,686,322,388
GUADALAJARA,2026-02-20,NA,192,91,788,343,410
GUADALAJARA,2026-02-21,NA,189,102,746,357,432
GUADALAJARA,2026-02-22,NA,163,96,673,302,428
GUADALAJARA,2026-02-23,NA,163,110,796,294,440
GUADALAJARA,2026-02-24,NA,164,117,716,300,533
GUADALAJARA,2026-02-25,NA,204,127,694,283,546
GUADALAJARA,2026-02-26,NA,215,143,703,302,561
GUADALAJARA,2026-02-27,NA,255,151,722,361,615
GUADALAJARA,2026-02-28,NA,279,147,783,398,652
GUADALAJARA,2026-03-01,NA,262,170,812,347,665
GUADALAJARA,2026-03-02,NA,246,180,891,321,628
GUADALAJARA,2026-03-03,NA,261,205,1018,353,654
GUADALAJARA,2026-03-04,NA,243,227,958,339,651
GUADALAJARA,2026-03-05,NA,248,235,836,341,636
GUADALAJARA,2026-03-06,NA,237,194,858,327,597
GUADALAJARA,2026-03-07,NA,236,171,775,352,590
GUADALAJARA,2026-03-08,NA,206,165,771,274,555
GUADALAJARA,2026-03-09,NA,174,167,749,231,514
GUADALAJARA,2026-03-10,NA,181,144,774,299,575
GUADALAJARA,2026-03-11,NA,192,149,731,325,524
GUADALAJARA,2026-03-12,NA,183,144,704,328,513
GUADALAJARA,2026-03-13,NA,173,121,673,352,480
GUADALAJARA,2026-03-14,NA,194,118,696,355,528
GUADALAJARA,2026-03-15,NA,168,139,709,316,456
GUADALAJARA,2026-03-16,NA,170,155,665,262,403
GUADALAJARA,2026-03-17,NA,144,148,657,256,380
GUADALAJARA,2026-03-18,NA,169,170,793,356,408
GUADALAJARA,2026-03-19,NA,174,169,843,338,448
GUADALAJARA,2026-03-20,NA,183,179,798,350,482
GUADALAJARA,2026-03-21,NA,180,163,754,351,519
GUADALAJARA,2026-03-22,NA,162,155,665,278,502
GUADALAJARA,2026-03-23,NA,158,146,597,247,468
GUADALAJARA,2026-03-24,NA,174,132,713,321,482
GUADALAJARA,2026-03-25,NA,179,150,782,323,510
GUADALAJARA,2026-03-26,NA,199,123,696,297,518
GUADALAJARA,2026-03-27,NA,243,99,687,351,534
GUADALAJARA,2026-03-28,NA,261,108,728,373,537
GUADALAJARA,2026-03-29,NA,229,91,695,313,502
GUADALAJARA,2026-03-30,NA,208,90,635,300,463
GUADALAJARA,2026-03-31,NA,240,118,804,325,525
GUADALAJARA,2026-04-01,NA,246,140,954,329,586
GUADALAJARA,2026-04-02,NA,238,153,965,343,596
GUADALAJARA,2026-04-03,NA,208,133,794,299,564
GUADALAJARA,2026-04-04,NA,160,97,542,295,505
GUADALAJARA,2026-04-05,NA,141,77,496,255,440
GUADALAJARA,2026-04-06,NA,130,82,654,227,400
GUADALAJARA,2026-04-07,NA,179,88,862,290,426
GUADALAJARA,2026-04-08,NA,177,130,887,327,422
GUADALAJARA,2026-04-09,NA,185,152,910,366,458
GUADALAJARA,2026-04-10,NA,200,175,884,371,482
GUADALAJARA,2026-04-11,NA,203,182,820,370,460
GUADALAJARA,2026-04-12,NA,167,176,759,293,405
GUADALAJARA,2026-04-13,NA,150,153,675,253,371
GUADALAJARA,2026-04-14,NA,179,144,778,291,424
GUADALAJARA,2026-04-15,NA,185,135,814,345,475
GUADALAJARA,2026-04-16,NA,192,138,814,341,485
GUADALAJARA,2026-04-17,NA,197,136,777,336,488
GUADALAJARA,2026-04-18,NA,187,142,807,328,476
GUADALAJARA,2026-04-19,NA,144,123,709,227,458
GUADALAJARA,2026-04-20,NA,119,103,610,201,413
GUADALAJARA,2026-04-21,NA,151,118,779,330,491
GUADALAJARA,2026-04-22,NA,144,119,824,304,526
GUADALAJARA,2026-04-23,NA,155,127,681,320,535
GUADALAJARA,2026-04-24,NA,172,106,727,317,532
GUADALAJARA,2026-04-25,NA,169,91,730,345,518
GUADALAJARA,2026-04-26,NA,162,68,655,278,490
GUADALAJARA,2026-04-27,NA,143,90,612,253,454
GUADALAJARA,2026-04-28,NA,174,92,762,308,481
GUADALAJARA,2026-04-29,NA,212,92,846,327,464
GUADALAJARA,2026-04-30,NA,229,100,837,335,468
GUADALAJARA,2026-05-01,NA,235,136,836,305,479
GUADALAJARA,2026-05-02,NA,231,145,843,296,461
GUADALAJARA,2026-05-03,NA,175,160,727,246,444
GUADALAJARA,2026-05-04,NA,153,151,682,216,401
GUADALAJARA,2026-05-05,NA,181,178,749,284,467
GUADALAJARA,2026-05-06,NA,139,168,774,297,493
GUADALAJARA,2026-05-07,NA,141,171,826,299,478
GUADALAJARA,2026-05-08,NA,147,140,809,287,472
GUADALAJARA,2026-05-09,NA,180,143,841,323,467
GUADALAJARA,2026-05-10,NA,166,125,700,234,448
GUADALAJARA,2026-05-11,NA,153,109,536,206,381
GUADALAJARA,2026-05-12,NA,176,91,725,265,397
GUADALAJARA,2026-05-13,NA,185,83,821,296,403
GUADALAJARA,2026-05-14,NA,212,92,786,317,416
GUADALAJARA,2026-05-15,NA,214,113,966,361,459
GUADALAJARA,2026-05-16,NA,235,139,1045,397,461
GUADALAJARA,2026-05-17,NA,213,153,1027,314,437
GUADALAJARA,2026-05-18,NA,216,172,1138,283,431
GUADALAJARA,2026-05-19,NA,233,186,971,342,524
GUADALAJARA,2026-05-20,NA,226,231,1058,337,570
GUADALAJARA,2026-05-21,NA,213,238,1119,361,591
GUADALAJARA,2026-05-22,NA,210,245,1065,382,589
GUADALAJARA,2026-05-23,NA,214,231,1086,385,611
GUADALAJARA,2026-05-24,NA,206,229,966,312,584
GUADALAJARA,2026-05-25,NA,189,221,883,258,562
GUADALAJARA,2026-05-26,NA,212,230,1011,289,587
GUADALAJARA,2026-05-27,NA,225,232,990,327,592
GUADALAJARA,2026-05-28,NA,232,218,971,369,591
GUADALAJARA,2026-05-29,NA,240,220,886,397,589
GUADALAJARA,2026-05-30,NA,251,195,988,375,599
GUADALAJARA,2026-05-31,NA,228,215,973,312,575
GUADALAJARA,2026-06-01,NA,229,198,1113,253,540
GUADALAJARA,2026-06-02,NA,286,243,1867,327,621
GUADALAJARA,2026-06-03,NA,284,274,1815,491,661
GUADALAJARA,2026-06-04,NA,317,343,2025,656,727
GUADALAJARA,2026-06-05,NA,373,387,1993,732,770
GUADALAJARA,2026-06-06,NA,405,432,1878,813,854
GUADALAJARA,2026-06-07,NA,396,484,1908,723,862
GUADALAJARA,2026-06-08,NA,379,523,1881,596,835
GUADALAJARA,2026-06-09,NA,372,573,2057,727,864
GUADALAJARA,2026-06-10,NA,370,634,2331,809,922
GUADALAJARA,2026-06-11,NA,385,689,2181,1033,948
GUADALAJARA,2026-06-12,NA,401,770,2064,1139,967
GUADALAJARA,2026-06-13,NA,417,823,2365,929,1018
GUADALAJARA,2026-06-14,NA,412,854,2653,684,1030
GUADALAJARA,2026-06-15,NA,405,880,2808,591,1002
GUADALAJARA,2026-06-16,NA,397,920,3119,723,1087
GUADALAJARA,2026-06-17,NA,397,938,3132,900,1133
GUADALAJARA,2026-06-18,NA,376,967,3037,943,1172
GUADALAJARA,2026-06-19,NA,375,1012,2808,897,1207
GUADALAJARA,2026-06-20,NA,378,1054,2476,957,1266
GUADALAJARA,2026-06-21,NA,379,1058,2636,641,1279
GUADALAJARA,2026-06-22,NA,369,1059,2422,465,1268
GUADALAJARA,2026-06-23,NA,385,1092,2349,715,1358
GUADALAJARA,2026-06-24,NA,384,1099,2534,567,1394
GUADALAJARA,2026-06-25,NA,386,1078,2196,542,1390
GUADALAJARA,2026-06-26,NA,388,1061,1881,640,1405
GUADALAJARA,2026-06-27,NA,400,1053,1736,740,1413
GUADALAJARA,2026-06-28,NA,375,1025,2025,477,1450
GUADALAJARA,2026-06-29,NA,355,1021,2129,417,1422
GUADALAJARA,2026-06-30,NA,365,1042,1953,554,1482
GUADALAJARA,2026-07-01,NA,356,1008,2057,401,1486
GUADALAJARA,2026-07-02,NA,377,1015,2172,532,1483
GUADALAJARA,2026-07-03,NA,389,1045,2161,571,1428
GUADALAJARA,2026-07-04,NA,378,1052,2316,554,1451
GUADALAJARA,2026-07-05,NA,405,1064,2220,368,1503
GUADALAJARA,2026-07-06,NA,416,1062,1821,335,1433
GUADALAJARA,2026-07-07,NA,414,1034,1890,445,1449
GUADALAJARA,2026-07-08,NA,437,1007,1852,417,1465
GUADALAJARA,2026-07-09,NA,451,944,1812,462,1466
GUADALAJARA,2026-07-10,NA,455,914,1661,549,1445
GUADALAJARA,2026-07-11,NA,438,852,1626,527,1436
GUADALAJARA,2026-07-12,NA,367,820,1681,365,1409
GUADALAJARA,2026-07-13,NA,364,783,1424,296,1342
GUADALAJARA,2026-07-14,NA,358,777,1554,347,1407
GUADALAJARA,2026-07-15,NA,345,792,1547,383,1446
GUADALAJARA,2026-07-16,NA,299,741,1495,355,1447
GUADALAJARA,2026-07-17,NA,291,702,1549,383,1444
GUADALAJARA,2026-07-18,NA,302,691,1551,390,1459
GUADALAJARA,2026-07-19,NA,270,694,1533,328,1433
GUADALAJARA,2026-07-20,NA,277,699,1355,278,1362
GUADALAJARA,2026-07-21,NA,294,713,1508,410,1353
GUADALAJARA,2026-07-22,NA,335,705,1380,521,1343
GUADALAJARA,2026-07-23,NA,322,674,1521,450,1272
GUADALAJARA,2026-07-24,NA,333,669,1630,486,1256
GUADALAJARA,2026-07-25,NA,302,640,1512,462,1292
GUADALAJARA,2026-07-26,NA,270,600,1493,339,1228
GUADALAJARA,2026-07-27,NA,270,598,1329,305,1176
GUADALAJARA,2026-07-28,NA,316,583,1435,373,1154
GUADALAJARA,2026-07-29,NA,302,593,1666,373,1149
GUADALAJARA,2026-07-30,NA,299,563,1692,386,1143
GUADALAJARA,2026-07-31,NA,317,568,1340,433,1121
GUADALAJARA,2026-08-01,132,320,581,1639,401,1093
GUADALAJARA,2026-08-02,119,318,590,1721,346,1038
GUADALAJARA,2026-08-03,116,309,601,1625,296,997
GUADALAJARA,2026-08-04,118,325,586,1670,353,1059
GUADALAJARA,2026-08-05,129,329,605,1819,364,1079
GUADALAJARA,2026-08-06,139,344,590,1712,357,1056
GUADALAJARA,2026-08-07,146,332,584,1659,380,1038
GUADALAJARA,2026-08-08,159,338,660,1553,408,1101
GUADALAJARA,2026-08-09,159,320,701,1400,332,1074
GUADALAJARA,2026-08-10,161,306,688,1301,301,1024
GUADALAJARA,2026-08-11,154,313,675,1452,339,1071
GUADALAJARA,2026-08-12,170,316,709,1506,463,1096
GUADALAJARA,2026-08-13,196,304,723,1359,490,1081
GUADALAJARA,2026-08-14,183,320,738,1212,520,1066
GUADALAJARA,2026-08-15,204,320,739,1288,537,1072
GUADALAJARA,2026-08-16,204,328,728,1191,449,1027
GUADALAJARA,2026-08-17,196,314,714,1148,375,971
GUADALAJARA,2026-08-18,195,262,731,1489,409,971
GUADALAJARA,2026-08-19,199,259,748,1483,425,965
GUADALAJARA,2026-08-20,199,275,770,1406,416,975
GUADALAJARA,2026-08-21,218,271,814,1375,428,982
GUADALAJARA,2026-08-22,236,280,816,1370,414,956
GUADALAJARA,2026-08-23,238,291,811,1306,322,925
GUADALAJARA,2026-08-24,248,292,812,1326,281,890
GUANAJUATO,2025-08-24,NA,6,1,16,8,13
GUANAJUATO,2025-08-25,NA,3,2,14,5,11
GUANAJUATO,2025-08-26,NA,7,5,14,14,11
GUANAJUATO,2025-08-27,NA,6,5,17,15,15
GUANAJUATO,2025-08-28,NA,10,3,21,13,12
GUANAJUATO,2025-08-29,NA,13,2,11,16,12
GUANAJUATO,2025-08-30,NA,12,2,14,29,14
GUANAJUATO,2025-08-31,NA,11,1,15,10,11
GUANAJUATO,2025-09-01,NA,6,2,9,6,12
GUANAJUATO,2025-09-02,NA,8,4,11,13,10
GUANAJUATO,2025-09-03,NA,9,8,12,27,15
GUANAJUATO,2025-09-04,NA,6,8,18,23,14
GUANAJUATO,2025-09-05,NA,9,7,14,15,18
GUANAJUATO,2025-09-06,NA,10,6,12,18,18
GUANAJUATO,2025-09-07,NA,7,9,13,19,17
GUANAJUATO,2025-09-08,NA,8,8,12,8,16
GUANAJUATO,2025-09-09,NA,6,9,22,32,20
GUANAJUATO,2025-09-10,NA,6,10,23,34,24
GUANAJUATO,2025-09-11,NA,8,9,25,22,23
GUANAJUATO,2025-09-12,NA,8,8,24,18,31
GUANAJUATO,2025-09-13,NA,8,7,22,13,26
GUANAJUATO,2025-09-14,NA,12,7,22,13,20
GUANAJUATO,2025-09-15,NA,8,5,18,11,17
GUANAJUATO,2025-09-16,NA,6,4,21,10,19
GUANAJUATO,2025-09-17,NA,4,5,14,11,13
GUANAJUATO,2025-09-18,NA,11,8,13,11,8
GUANAJUATO,2025-09-19,NA,7,11,13,22,19
GUANAJUATO,2025-09-20,NA,5,10,14,14,15
GUANAJUATO,2025-09-21,NA,6,11,13,14,12
GUANAJUATO,2025-09-22,NA,5,4,15,9,8
GUANAJUATO,2025-09-23,NA,6,6,9,11,13
GUANAJUATO,2025-09-24,NA,8,8,15,19,15
GUANAJUATO,2025-09-25,NA,4,6,11,13,12
GUANAJUATO,2025-09-26,NA,3,2,12,10,12
GUANAJUATO,2025-09-27,NA,6,3,18,14,11
GUANAJUATO,2025-09-28,NA,4,4,23,15,16
GUANAJUATO,2025-09-29,NA,3,3,20,12,18
GUANAJUATO,2025-09-30,NA,4,4,11,18,14
GUANAJUATO,2025-10-01,NA,5,11,15,14,12
GUANAJUATO,2025-10-02,NA,4,14,19,10,12
GUANAJUATO,2025-10-03,NA,4,11,11,12,17
GUANAJUATO,2025-10-04,NA,6,5,8,14,16
GUANAJUATO,2025-10-05,NA,2,6,17,5,16
GUANAJUATO,2025-10-06,NA,4,3,12,1,10
GUANAJUATO,2025-10-07,NA,7,2,11,11,12
GUANAJUATO,2025-10-08,NA,3,4,18,11,10
GUANAJUATO,2025-10-09,NA,2,3,9,12,11
GUANAJUATO,2025-10-10,NA,3,6,9,6,15
GUANAJUATO,2025-10-11,NA,4,7,12,7,18
GUANAJUATO,2025-10-12,NA,5,7,10,6,16
GUANAJUATO,2025-10-13,NA,5,5,10,12,9
GUANAJUATO,2025-10-14,NA,4,10,10,17,9
GUANAJUATO,2025-10-15,NA,6,8,21,17,9
GUANAJUATO,2025-10-16,NA,7,9,16,21,13
GUANAJUATO,2025-10-17,NA,9,10,14,16,16
GUANAJUATO,2025-10-18,NA,6,10,17,20,14
GUANAJUATO,2025-10-19,NA,2,11,20,14,16
GUANAJUATO,2025-10-20,NA,4,6,22,6,11
GUANAJUATO,2025-10-21,NA,8,6,19,7,11
GUANAJUATO,2025-10-22,NA,9,6,23,15,9
GUANAJUATO,2025-10-23,NA,7,5,9,14,14
GUANAJUATO,2025-10-24,NA,6,3,14,14,17
GUANAJUATO,2025-10-25,NA,4,2,11,16,18
GUANAJUATO,2025-10-26,NA,3,3,12,12,20
GUANAJUATO,2025-10-27,NA,4,4,8,16,16
GUANAJUATO,2025-10-28,NA,5,6,16,21,19
GUANAJUATO,2025-10-29,NA,7,4,10,17,19
GUANAJUATO,2025-10-30,NA,7,6,16,20,17
GUANAJUATO,2025-10-31,NA,7,7,17,17,18
GUANAJUATO,2025-11-01,NA,5,11,14,9,11
GUANAJUATO,2025-11-02,NA,7,4,8,10,11
GUANAJUATO,2025-11-03,NA,3,4,7,9,11
GUANAJUATO,2025-11-04,NA,6,4,11,11,13
GUANAJUATO,2025-11-05,NA,8,6,12,15,10
GUANAJUATO,2025-11-06,NA,9,13,14,17,12
GUANAJUATO,2025-11-07,NA,4,7,13,20,11
GUANAJUATO,2025-11-08,NA,5,9,22,17,11
GUANAJUATO,2025-11-09,NA,2,12,10,7,7
GUANAJUATO,2025-11-10,NA,3,7,10,8,8
GUANAJUATO,2025-11-11,NA,7,4,11,11,11
GUANAJUATO,2025-11-12,NA,5,7,13,12,14
GUANAJUATO,2025-11-13,NA,3,9,9,15,17
GUANAJUATO,2025-11-14,NA,8,6,12,13,13
GUANAJUATO,2025-11-15,NA,7,6,12,18,13
GUANAJUATO,2025-11-16,NA,5,4,9,12,10
GUANAJUATO,2025-11-17,NA,6,4,7,12,8
GUANAJUATO,2025-11-18,NA,7,5,12,9,7
GUANAJUATO,2025-11-19,NA,6,4,10,14,11
GUANAJUATO,2025-11-20,NA,9,5,13,15,16
GUANAJUATO,2025-11-21,NA,6,6,12,25,17
GUANAJUATO,2025-11-22,NA,11,6,16,24,21
GUANAJUATO,2025-11-23,NA,8,4,19,16,17
GUANAJUATO,2025-11-24,NA,7,3,7,14,16
GUANAJUATO,2025-11-25,NA,7,3,11,15,17
GUANAJUATO,2025-11-26,NA,8,2,15,17,18
GUANAJUATO,2025-11-27,NA,7,2,15,22,21
GUANAJUATO,2025-11-28,NA,6,2,11,21,21
GUANAJUATO,2025-11-29,NA,8,3,19,24,18
GUANAJUATO,2025-11-30,NA,2,5,10,13,13
GUANAJUATO,2025-12-01,NA,2,3,15,7,14
GUANAJUATO,2025-12-02,NA,6,5,25,18,15
GUANAJUATO,2025-12-03,NA,7,3,17,12,13
GUANAJUATO,2025-12-04,NA,9,2,16,15,12
GUANAJUATO,2025-12-05,NA,8,4,12,20,12
GUANAJUATO,2025-12-06,NA,3,5,20,22,11
GUANAJUATO,2025-12-07,NA,5,4,17,11,10
GUANAJUATO,2025-12-08,NA,4,3,8,11,11
GUANAJUATO,2025-12-09,NA,6,4,6,14,16
GUANAJUATO,2025-12-10,NA,3,5,14,26,14
GUANAJUATO,2025-12-11,NA,12,7,20,20,11
GUANAJUATO,2025-12-12,NA,14,8,19,21,16
GUANAJUATO,2025-12-13,NA,12,8,20,22,16
GUANAJUATO,2025-12-14,NA,10,8,17,20,17
GUANAJUATO,2025-12-15,NA,7,9,14,16,11
GUANAJUATO,2025-12-16,NA,9,10,13,35,13
GUANAJUATO,2025-12-17,NA,10,14,9,24,12
GUANAJUATO,2025-12-18,NA,10,12,22,30,18
GUANAJUATO,2025-12-19,NA,10,17,26,29,19
GUANAJUATO,2025-12-20,NA,9,16,20,21,19
GUANAJUATO,2025-12-21,NA,2,3,18,28,18
GUANAJUATO,2025-12-22,NA,5,1,11,13,16
GUANAJUATO,2025-12-23,NA,3,5,17,16,18
GUANAJUATO,2025-12-24,NA,5,3,17,16,20
GUANAJUATO,2025-12-25,NA,4,4,12,11,14
GUANAJUATO,2025-12-26,NA,4,6,10,8,11
GUANAJUATO,2025-12-27,NA,4,7,15,17,7
GUANAJUATO,2025-12-28,NA,4,4,12,14,6
GUANAJUATO,2025-12-29,NA,7,2,9,14,7
GUANAJUATO,2025-12-30,NA,7,3,13,19,9
GUANAJUATO,2025-12-31,NA,4,2,14,19,9
GUANAJUATO,2026-01-01,NA,1,4,14,6,9
GUANAJUATO,2026-01-02,NA,2,3,9,11,7
GUANAJUATO,2026-01-03,NA,6,7,17,26,13
GUANAJUATO,2026-01-04,NA,5,10,13,18,10
GUANAJUATO,2026-01-05,NA,3,7,10,11,6
GUANAJUATO,2026-01-06,NA,5,11,12,16,8
GUANAJUATO,2026-01-07,NA,7,14,15,15,13
GUANAJUATO,2026-01-08,NA,6,13,19,21,13
GUANAJUATO,2026-01-09,NA,5,21,26,32,15
GUANAJUATO,2026-01-10,NA,4,21,26,39,22
GUANAJUATO,2026-01-11,NA,4,15,21,21,23
GUANAJUATO,2026-01-12,NA,3,15,22,15,21
GUANAJUATO,2026-01-13,NA,7,16,26,26,22
GUANAJUATO,2026-01-14,NA,10,13,24,35,21
GUANAJUATO,2026-01-15,NA,11,10,16,47,19
GUANAJUATO,2026-01-16,NA,13,10,18,33,22
GUANAJUATO,2026-01-17,NA,11,13,14,28,25
GUANAJUATO,2026-01-18,NA,7,15,16,17,18
GUANAJUATO,2026-01-19,NA,3,11,10,4,12
GUANAJUATO,2026-01-20,NA,11,8,17,21,17
GUANAJUATO,2026-01-21,NA,9,6,22,18,19
GUANAJUATO,2026-01-22,NA,8,11,18,32,21
GUANAJUATO,2026-01-23,NA,6,13,22,25,21
GUANAJUATO,2026-01-24,NA,9,15,17,30,26
GUANAJUATO,2026-01-25,NA,5,7,13,24,23
GUANAJUATO,2026-01-26,NA,5,3,12,16,10
GUANAJUATO,2026-01-27,NA,6,6,14,28,17
GUANAJUATO,2026-01-28,NA,8,8,12,30,23
GUANAJUATO,2026-01-29,NA,12,7,17,35,26
GUANAJUATO,2026-01-30,NA,11,7,14,37,30
GUANAJUATO,2026-01-31,NA,12,7,15,32,29
GUANAJUATO,2026-02-01,NA,13,8,15,20,20
GUANAJUATO,2026-02-02,NA,8,7,14,8,15
GUANAJUATO,2026-02-03,NA,5,9,19,13,13
GUANAJUATO,2026-02-04,NA,9,11,16,20,19
GUANAJUATO,2026-02-05,NA,11,10,16,26,19
GUANAJUATO,2026-02-06,NA,10,3,21,29,22
GUANAJUATO,2026-02-07,NA,11,7,19,29,21
GUANAJUATO,2026-02-08,NA,10,4,10,19,17
GUANAJUATO,2026-02-09,NA,5,2,6,11,16
GUANAJUATO,2026-02-10,NA,5,5,15,21,19
GUANAJUATO,2026-02-11,NA,4,6,17,27,17
GUANAJUATO,2026-02-12,NA,6,5,20,27,12
GUANAJUATO,2026-02-13,NA,6,7,21,24,18
GUANAJUATO,2026-02-14,NA,6,9,15,25,19
GUANAJUATO,2026-02-15,NA,14,6,12,16,19
GUANAJUATO,2026-02-16,NA,13,3,6,13,15
GUANAJUATO,2026-02-17,NA,8,7,18,26,13
GUANAJUATO,2026-02-18,NA,5,6,10,26,11
GUANAJUATO,2026-02-19,NA,10,10,14,21,16
GUANAJUATO,2026-02-20,NA,7,2,18,24,16
GUANAJUATO,2026-02-21,NA,10,3,25,26,16
GUANAJUATO,2026-02-22,NA,7,6,7,15,14
GUANAJUATO,2026-02-23,NA,6,4,13,18,12
GUANAJUATO,2026-02-24,NA,8,6,13,8,16
GUANAJUATO,2026-02-25,NA,9,4,18,24,21
GUANAJUATO,2026-02-26,NA,11,6,11,21,21
GUANAJUATO,2026-02-27,NA,10,6,13,23,23
GUANAJUATO,2026-02-28,NA,16,5,18,25,26
GUANAJUATO,2026-03-01,NA,13,3,14,15,16
GUANAJUATO,2026-03-02,NA,5,1,6,14,12
GUANAJUATO,2026-03-03,NA,3,2,21,20,14
GUANAJUATO,2026-03-04,NA,5,5,20,23,20
GUANAJUATO,2026-03-05,NA,11,8,13,25,24
GUANAJUATO,2026-03-06,NA,8,9,14,29,24
GUANAJUATO,2026-03-07,NA,6,6,14,30,20
GUANAJUATO,2026-03-08,NA,6,4,14,23,14
GUANAJUATO,2026-03-09,NA,6,2,16,16,7
GUANAJUATO,2026-03-10,NA,6,5,14,24,13
GUANAJUATO,2026-03-11,NA,7,3,21,25,18
GUANAJUATO,2026-03-12,NA,6,2,10,27,22
GUANAJUATO,2026-03-13,NA,11,3,15,27,26
GUANAJUATO,2026-03-14,NA,10,4,18,23,24
GUANAJUATO,2026-03-15,NA,6,4,13,20,22
GUANAJUATO,2026-03-16,NA,6,3,15,14,13
GUANAJUATO,2026-03-17,NA,4,3,14,19,19
GUANAJUATO,2026-03-18,NA,8,4,24,17,22
GUANAJUATO,2026-03-19,NA,6,3,26,17,27
GUANAJUATO,2026-03-20,NA,4,4,17,25,27
GUANAJUATO,2026-03-21,NA,2,6,16,26,25
GUANAJUATO,2026-03-22,NA,3,6,15,17,24
GUANAJUATO,2026-03-23,NA,7,5,14,11,19
GUANAJUATO,2026-03-24,NA,6,11,16,17,20
GUANAJUATO,2026-03-25,NA,7,11,14,17,24
GUANAJUATO,2026-03-26,NA,5,9,15,28,20
GUANAJUATO,2026-03-27,NA,5,6,17,27,20
GUANAJUATO,2026-03-28,NA,4,9,18,24,22
GUANAJUATO,2026-03-29,NA,7,8,24,22,21
GUANAJUATO,2026-03-30,NA,6,5,14,17,17
GUANAJUATO,2026-03-31,NA,6,8,21,30,17
GUANAJUATO,2026-04-01,NA,7,8,18,17,23
GUANAJUATO,2026-04-02,NA,10,12,12,18,25
GUANAJUATO,2026-04-03,NA,7,9,17,19,25
GUANAJUATO,2026-04-04,NA,8,6,14,12,15
GUANAJUATO,2026-04-05,NA,7,4,15,11,11
GUANAJUATO,2026-04-06,NA,5,4,15,12,6
GUANAJUATO,2026-04-07,NA,10,9,30,25,8
GUANAJUATO,2026-04-08,NA,9,11,31,30,11
GUANAJUATO,2026-04-09,NA,10,9,32,28,17
GUANAJUATO,2026-04-10,NA,13,15,23,24,11
GUANAJUATO,2026-04-11,NA,9,13,27,26,19
GUANAJUATO,2026-04-12,NA,6,11,21,25,16
GUANAJUATO,2026-04-13,NA,7,10,19,14,12
GUANAJUATO,2026-04-14,NA,6,10,23,21,11
GUANAJUATO,2026-04-15,NA,5,13,16,19,15
GUANAJUATO,2026-04-16,NA,7,12,20,20,18
GUANAJUATO,2026-04-17,NA,5,13,22,22,26
GUANAJUATO,2026-04-18,NA,8,7,27,20,25
GUANAJUATO,2026-04-19,NA,6,6,19,8,19
GUANAJUATO,2026-04-20,NA,4,6,14,7,15
GUANAJUATO,2026-04-21,NA,5,9,14,15,15
GUANAJUATO,2026-04-22,NA,3,6,26,10,19
GUANAJUATO,2026-04-23,NA,7,5,23,14,20
GUANAJUATO,2026-04-24,NA,9,3,21,22,16
GUANAJUATO,2026-04-25,NA,10,1,17,20,13
GUANAJUATO,2026-04-26,NA,6,3,20,15,13
GUANAJUATO,2026-04-27,NA,1,3,10,10,15
GUANAJUATO,2026-04-28,NA,6,9,17,16,16
GUANAJUATO,2026-04-29,NA,3,6,20,16,19
GUANAJUATO,2026-04-30,NA,6,10,18,31,18
GUANAJUATO,2026-05-01,NA,7,12,27,16,14
GUANAJUATO,2026-05-02,NA,5,9,25,6,13
GUANAJUATO,2026-05-03,NA,8,10,18,21,13
GUANAJUATO,2026-05-04,NA,6,8,18,9,11
GUANAJUATO,2026-05-05,NA,10,9,22,8,15
GUANAJUATO,2026-05-06,NA,7,13,25,18,15
GUANAJUATO,2026-05-07,NA,6,13,27,24,16
GUANAJUATO,2026-05-08,NA,11,14,46,26,22
GUANAJUATO,2026-05-09,NA,9,10,40,40,26
GUANAJUATO,2026-05-10,NA,10,12,39,26,19
GUANAJUATO,2026-05-11,NA,5,11,34,16,13
GUANAJUATO,2026-05-12,NA,6,6,38,29,14
GUANAJUATO,2026-05-13,NA,8,10,35,27,18
GUANAJUATO,2026-05-14,NA,10,11,32,37,13
GUANAJUATO,2026-05-15,NA,15,11,41,44,16
GUANAJUATO,2026-05-16,NA,16,22,36,37,21
GUANAJUATO,2026-05-17,NA,10,19,37,22,17
GUANAJUATO,2026-05-18,NA,10,17,34,16,10
GUANAJUATO,2026-05-19,NA,10,15,35,23,13
GUANAJUATO,2026-05-20,NA,8,24,41,24,14
GUANAJUATO,2026-05-21,NA,10,18,42,27,15
GUANAJUATO,2026-05-22,NA,13,15,42,24,17
GUANAJUATO,2026-05-23,NA,9,19,45,34,14
GUANAJUATO,2026-05-24,NA,10,16,22,22,11
GUANAJUATO,2026-05-25,NA,9,16,16,17,11
GUANAJUATO,2026-05-26,NA,8,14,20,15,12
GUANAJUATO,2026-05-27,NA,8,18,28,21,13
GUANAJUATO,2026-05-28,NA,9,14,21,31,14
GUANAJUATO,2026-05-29,NA,13,18,29,31,20
GUANAJUATO,2026-05-30,NA,12,20,30,26,17
GUANAJUATO,2026-05-31,NA,9,16,27,20,16
GUANAJUATO,2026-06-01,NA,10,14,20,12,15
GUANAJUATO,2026-06-02,NA,9,11,21,20,23
GUANAJUATO,2026-06-03,NA,10,14,27,25,26
GUANAJUATO,2026-06-04,NA,9,13,37,24,25
GUANAJUATO,2026-06-05,NA,6,17,42,26,27
GUANAJUATO,2026-06-06,NA,7,11,34,26,29
GUANAJUATO,2026-06-07,NA,8,10,48,32,20
GUANAJUATO,2026-06-08,NA,6,14,52,19,18
GUANAJUATO,2026-06-09,NA,7,14,53,27,16
GUANAJUATO,2026-06-10,NA,10,20,58,25,21
GUANAJUATO,2026-06-11,NA,8,23,55,29,30
GUANAJUATO,2026-06-12,NA,9,28,44,28,35
GUANAJUATO,2026-06-13,NA,9,26,33,34,28
GUANAJUATO,2026-06-14,NA,8,25,37,23,23
GUANAJUATO,2026-06-15,NA,3,22,32,11,10
GUANAJUATO,2026-06-16,NA,5,23,42,21,14
GUANAJUATO,2026-06-17,NA,9,16,40,24,21
GUANAJUATO,2026-06-18,NA,7,19,51,18,22
GUANAJUATO,2026-06-19,NA,7,18,41,24,20
GUANAJUATO,2026-06-20,NA,8,18,44,30,22
GUANAJUATO,2026-06-21,NA,9,15,45,18,20
GUANAJUATO,2026-06-22,NA,5,10,29,8,17
GUANAJUATO,2026-06-23,NA,10,12,34,22,22
GUANAJUATO,2026-06-24,NA,11,15,39,19,22
GUANAJUATO,2026-06-25,NA,13,15,41,23,22
GUANAJUATO,2026-06-26,NA,13,13,36,26,27
GUANAJUATO,2026-06-27,NA,13,14,39,24,27
GUANAJUATO,2026-06-28,NA,12,12,34,17,23
GUANAJUATO,2026-06-29,NA,9,8,26,7,17
GUANAJUATO,2026-06-30,NA,4,8,30,16,19
GUANAJUATO,2026-07-01,NA,4,6,31,29,18
GUANAJUATO,2026-07-02,NA,14,8,32,29,17
GUANAJUATO,2026-07-03,NA,18,12,41,22,19
GUANAJUATO,2026-07-04,NA,11,12,32,22,27
GUANAJUATO,2026-07-05,NA,10,11,25,11,25
GUANAJUATO,2026-07-06,NA,8,10,35,9,19
GUANAJUATO,2026-07-07,NA,6,10,45,16,22
GUANAJUATO,2026-07-08,NA,4,8,33,23,20
GUANAJUATO,2026-07-09,NA,7,6,30,14,15
GUANAJUATO,2026-07-10,NA,14,8,34,14,20
GUANAJUATO,2026-07-11,NA,13,7,30,22,22
GUANAJUATO,2026-07-12,NA,9,3,27,25,21
GUANAJUATO,2026-07-13,NA,8,5,12,21,17
GUANAJUATO,2026-07-14,NA,10,11,19,25,12
GUANAJUATO,2026-07-15,NA,9,8,29,26,18
GUANAJUATO,2026-07-16,NA,10,6,27,21,17
GUANAJUATO,2026-07-17,NA,19,8,23,23,19
GUANAJUATO,2026-07-18,NA,19,6,19,24,25
GUANAJUATO,2026-07-19,NA,12,7,15,16,16
GUANAJUATO,2026-07-20,NA,9,6,17,9,13
GUANAJUATO,2026-07-21,NA,7,5,19,24,14
GUANAJUATO,2026-07-22,NA,8,8,18,23,22
GUANAJUATO,2026-07-23,NA,9,11,23,31,19
GUANAJUATO,2026-07-24,NA,12,13,26,27,22
GUANAJUATO,2026-07-25,NA,10,12,25,29,24
GUANAJUATO,2026-07-26,NA,8,6,19,21,24
GUANAJUATO,2026-07-27,NA,5,4,7,14,12
GUANAJUATO,2026-07-28,NA,11,8,29,27,16
GUANAJUATO,2026-07-29,NA,12,6,37,26,20
GUANAJUATO,2026-07-30,NA,13,9,38,27,24
GUANAJUATO,2026-07-31,NA,17,12,31,33,18
GUANAJUATO,2026-08-01,NA,14,16,39,17,19
GUANAJUATO,2026-08-02,NA,15,20,38,20,19
GUANAJUATO,2026-08-03,NA,8,12,33,13,13
GUANAJUATO,2026-08-04,1,8,8,18,20,17
GUANAJUATO,2026-08-05,2,8,6,28,29,18
GUANAJUATO,2026-08-06,2,15,8,38,33,16
GUANAJUATO,2026-08-07,2,21,13,40,32,22
GUANAJUATO,2026-08-08,3,16,15,38,26,14
GUANAJUATO,2026-08-09,1,15,12,27,27,14
GUANAJUATO,2026-08-10,NA,12,10,24,15,11
GUANAJUATO,2026-08-11,NA,13,11,27,26,19
GUANAJUATO,2026-08-12,2,21,17,41,26,22
GUANAJUATO,2026-08-13,2,13,17,36,26,25
GUANAJUATO,2026-08-14,4,8,15,35,29,23
GUANAJUATO,2026-08-15,2,13,17,33,37,29
GUANAJUATO,2026-08-16,1,13,13,29,25,26
GUANAJUATO,2026-08-17,1,13,10,24,14,26
GUANAJUATO,2026-08-18,1,6,9,23,23,31
GUANAJUATO,2026-08-19,1,9,9,21,27,26
GUANAJUATO,2026-08-20,1,10,10,20,29,29
GUANAJUATO,2026-08-21,4,12,9,18,30,30
GUANAJUATO,2026-08-22,3,10,8,23,35,29
GUANAJUATO,2026-08-23,3,10,9,21,27,29
GUANAJUATO,2026-08-24,3,6,6,12,18,20
HERMOSILLO,2025-08-24,NA,8,2,41,16,13
HERMOSILLO,2025-08-25,NA,5,2,36,10,10
HERMOSILLO,2025-08-26,NA,5,2,64,26,12
HERMOSILLO,2025-08-27,NA,10,3,50,24,10
HERMOSILLO,2025-08-28,NA,10,6,30,25,11
HERMOSILLO,2025-08-29,NA,10,4,32,18,17
HERMOSILLO,2025-08-30,NA,12,3,29,8,10
HERMOSILLO,2025-08-31,NA,6,3,40,21,9
HERMOSILLO,2025-09-01,NA,7,3,51,13,10
HERMOSILLO,2025-09-02,NA,7,3,92,19,11
HERMOSILLO,2025-09-03,NA,7,4,85,19,16
HERMOSILLO,2025-09-04,NA,7,7,101,17,14
HERMOSILLO,2025-09-05,NA,11,7,90,23,16
HERMOSILLO,2025-09-06,NA,8,5,72,20,15
HERMOSILLO,2025-09-07,NA,4,7,48,16,19
HERMOSILLO,2025-09-08,NA,5,4,44,13,14
HERMOSILLO,2025-09-09,NA,10,2,55,12,21
HERMOSILLO,2025-09-10,NA,12,NA,56,23,20
HERMOSILLO,2025-09-11,NA,11,2,48,17,18
HERMOSILLO,2025-09-12,NA,11,3,46,25,22
HERMOSILLO,2025-09-13,NA,10,NA,39,26,19
HERMOSILLO,2025-09-14,NA,11,NA,26,11,12
HERMOSILLO,2025-09-15,NA,10,3,16,15,7
HERMOSILLO,2025-09-16,NA,10,2,30,28,11
HERMOSILLO,2025-09-17,NA,9,2,36,21,14
HERMOSILLO,2025-09-18,NA,9,5,32,22,17
HERMOSILLO,2025-09-19,NA,9,3,39,21,12
HERMOSILLO,2025-09-20,NA,9,4,30,23,7
HERMOSILLO,2025-09-21,NA,8,3,30,14,7
HERMOSILLO,2025-09-22,NA,6,2,27,13,7
HERMOSILLO,2025-09-23,NA,8,1,32,18,4
HERMOSILLO,2025-09-24,NA,9,4,33,23,11
HERMOSILLO,2025-09-25,NA,4,2,33,26,12
HERMOSILLO,2025-09-26,NA,4,5,28,26,10
HERMOSILLO,2025-09-27,NA,6,2,28,15,15
HERMOSILLO,2025-09-28,NA,13,2,22,13,13
HERMOSILLO,2025-09-29,NA,8,1,16,14,6
HERMOSILLO,2025-09-30,NA,7,2,35,11,6
HERMOSILLO,2025-10-01,NA,8,2,24,19,12
HERMOSILLO,2025-10-02,NA,7,5,23,19,12
HERMOSILLO,2025-10-03,NA,7,2,27,22,13
HERMOSILLO,2025-10-04,NA,10,NA,26,19,11
HERMOSILLO,2025-10-05,NA,11,NA,19,15,10
HERMOSILLO,2025-10-06,NA,4,1,23,11,8
HERMOSILLO,2025-10-07,NA,4,6,27,16,23
HERMOSILLO,2025-10-08,NA,8,4,33,22,17
HERMOSILLO,2025-10-09,NA,3,3,35,23,19
HERMOSILLO,2025-10-10,NA,5,2,25,23,21
HERMOSILLO,2025-10-11,NA,6,3,22,19,22
HERMOSILLO,2025-10-12,NA,7,3,21,23,18
HERMOSILLO,2025-10-13,NA,4,4,35,19,16
HERMOSILLO,2025-10-14,NA,5,5,33,25,20
HERMOSILLO,2025-10-15,NA,6,2,29,33,16
HERMOSILLO,2025-10-16,NA,8,7,49,26,17
HERMOSILLO,2025-10-17,NA,11,6,55,28,21
HERMOSILLO,2025-10-18,NA,16,6,39,23,19
HERMOSILLO,2025-10-19,NA,15,3,32,15,19
HERMOSILLO,2025-10-20,NA,14,5,27,13,17
HERMOSILLO,2025-10-21,NA,7,5,35,17,18
HERMOSILLO,2025-10-22,NA,3,7,29,18,14
HERMOSILLO,2025-10-23,NA,5,2,24,17,18
HERMOSILLO,2025-10-24,NA,6,4,25,18,9
HERMOSILLO,2025-10-25,NA,11,2,31,15,8
HERMOSILLO,2025-10-26,NA,5,3,25,19,10
HERMOSILLO,2025-10-27,NA,4,2,15,19,7
HERMOSILLO,2025-10-28,NA,5,2,14,22,9
HERMOSILLO,2025-10-29,NA,5,1,17,21,10
HERMOSILLO,2025-10-30,NA,7,1,17,15,13
HERMOSILLO,2025-10-31,NA,8,2,16,13,11
HERMOSILLO,2025-11-01,NA,6,1,15,15,14
HERMOSILLO,2025-11-02,NA,7,1,17,11,11
HERMOSILLO,2025-11-03,NA,8,1,14,12,10
HERMOSILLO,2025-11-04,NA,6,1,15,13,13
HERMOSILLO,2025-11-05,NA,9,1,25,14,13
HERMOSILLO,2025-11-06,NA,7,2,19,21,17
HERMOSILLO,2025-11-07,NA,9,1,18,13,18
HERMOSILLO,2025-11-08,NA,8,3,11,14,7
HERMOSILLO,2025-11-09,NA,2,NA,12,13,8
HERMOSILLO,2025-11-10,NA,3,3,13,13,6
HERMOSILLO,2025-11-11,NA,4,3,18,13,12
HERMOSILLO,2025-11-12,NA,5,2,23,21,12
HERMOSILLO,2025-11-13,NA,6,4,15,21,9
HERMOSILLO,2025-11-14,NA,4,1,22,19,18
HERMOSILLO,2025-11-15,NA,3,3,16,16,9
HERMOSILLO,2025-11-16,NA,11,4,20,19,10
HERMOSILLO,2025-11-17,NA,9,3,9,14,5
HERMOSILLO,2025-11-18,NA,9,4,17,12,4
HERMOSILLO,2025-11-19,NA,9,3,11,10,10
HERMOSILLO,2025-11-20,NA,3,3,18,12,15
HERMOSILLO,2025-11-21,NA,4,6,21,10,17
HERMOSILLO,2025-11-22,NA,6,3,26,13,18
HERMOSILLO,2025-11-23,NA,5,2,20,26,15
HERMOSILLO,2025-11-24,NA,2,1,17,23,13
HERMOSILLO,2025-11-25,NA,3,1,25,22,16
HERMOSILLO,2025-11-26,NA,5,NA,15,19,10
HERMOSILLO,2025-11-27,NA,6,2,23,24,5
HERMOSILLO,2025-11-28,NA,8,NA,18,20,6
HERMOSILLO,2025-11-29,NA,6,2,15,26,8
HERMOSILLO,2025-11-30,NA,3,4,13,27,7
HERMOSILLO,2025-12-01,NA,6,4,9,24,6
HERMOSILLO,2025-12-02,NA,7,7,22,28,10
HERMOSILLO,2025-12-03,NA,6,4,21,28,12
HERMOSILLO,2025-12-04,NA,6,1,16,21,16
HERMOSILLO,2025-12-05,NA,7,3,19,17,12
HERMOSILLO,2025-12-06,NA,6,NA,22,20,14
HERMOSILLO,2025-12-07,NA,4,4,23,24,9
HERMOSILLO,2025-12-08,NA,4,1,18,14,8
HERMOSILLO,2025-12-09,NA,4,3,31,20,14
HERMOSILLO,2025-12-10,NA,3,4,27,16,12
HERMOSILLO,2025-12-11,NA,6,2,20,19,14
HERMOSILLO,2025-12-12,NA,8,3,32,15,10
HERMOSILLO,2025-12-13,NA,6,1,20,18,6
HERMOSILLO,2025-12-14,NA,6,5,19,19,6
HERMOSILLO,2025-12-15,NA,6,3,19,23,6
HERMOSILLO,2025-12-16,NA,8,2,31,21,10
HERMOSILLO,2025-12-17,NA,6,3,18,19,8
HERMOSILLO,2025-12-18,NA,5,1,25,15,10
HERMOSILLO,2025-12-19,NA,4,1,17,12,9
HERMOSILLO,2025-12-20,NA,4,1,16,18,10
HERMOSILLO,2025-12-21,NA,4,1,16,22,8
HERMOSILLO,2025-12-22,NA,3,3,13,19,8
HERMOSILLO,2025-12-23,NA,3,1,20,14,9
HERMOSILLO,2025-12-24,NA,2,2,14,12,10
HERMOSILLO,2025-12-25,NA,1,NA,9,16,10
HERMOSILLO,2025-12-26,NA,3,NA,18,19,7
HERMOSILLO,2025-12-27,NA,3,1,16,15,6
HERMOSILLO,2025-12-28,NA,1,NA,9,10,4
HERMOSILLO,2025-12-29,NA,2,NA,12,10,6
HERMOSILLO,2025-12-30,NA,4,4,12,16,11
HERMOSILLO,2025-12-31,NA,4,NA,15,12,8
HERMOSILLO,2026-01-01,NA,4,NA,11,17,9
HERMOSILLO,2026-01-02,NA,4,1,13,14,8
HERMOSILLO,2026-01-03,NA,6,2,17,15,7
HERMOSILLO,2026-01-04,NA,6,NA,12,16,7
HERMOSILLO,2026-01-05,NA,8,1,15,17,8
HERMOSILLO,2026-01-06,NA,10,3,26,25,13
HERMOSILLO,2026-01-07,NA,10,4,23,22,10
HERMOSILLO,2026-01-08,NA,12,6,28,35,11
HERMOSILLO,2026-01-09,NA,12,10,36,33,12
HERMOSILLO,2026-01-10,NA,11,8,36,31,10
HERMOSILLO,2026-01-11,NA,8,5,30,27,9
HERMOSILLO,2026-01-12,NA,7,4,28,28,5
HERMOSILLO,2026-01-13,NA,8,5,40,32,6
HERMOSILLO,2026-01-14,NA,6,1,19,20,15
HERMOSILLO,2026-01-15,NA,6,3,25,24,8
HERMOSILLO,2026-01-16,NA,8,2,21,27,10
HERMOSILLO,2026-01-17,NA,4,1,18,22,7
HERMOSILLO,2026-01-18,NA,2,2,16,21,5
HERMOSILLO,2026-01-19,NA,4,1,9,24,5
HERMOSILLO,2026-01-20,NA,3,2,24,22,6
HERMOSILLO,2026-01-21,NA,5,2,28,29,11
HERMOSILLO,2026-01-22,NA,4,5,18,28,7
HERMOSILLO,2026-01-23,NA,1,1,17,28,6
HERMOSILLO,2026-01-24,NA,2,2,22,28,7
HERMOSILLO,2026-01-25,NA,3,2,19,17,7
HERMOSILLO,2026-01-26,NA,4,1,16,15,7
HERMOSILLO,2026-01-27,NA,6,4,11,25,11
HERMOSILLO,2026-01-28,NA,4,1,16,26,17
HERMOSILLO,2026-01-29,NA,7,4,16,23,20
HERMOSILLO,2026-01-30,NA,11,7,18,35,16
HERMOSILLO,2026-01-31,NA,9,4,24,35,20
HERMOSILLO,2026-02-01,NA,8,4,25,24,24
HERMOSILLO,2026-02-02,NA,9,5,16,24,18
HERMOSILLO,2026-02-03,NA,10,6,23,29,22
HERMOSILLO,2026-02-04,NA,7,2,19,22,11
HERMOSILLO,2026-02-05,NA,7,2,17,20,16
HERMOSILLO,2026-02-06,NA,9,2,29,25,14
HERMOSILLO,2026-02-07,NA,9,4,28,32,15
HERMOSILLO,2026-02-08,NA,7,1,24,13,14
HERMOSILLO,2026-02-09,NA,5,2,20,10,14
HERMOSILLO,2026-02-10,NA,5,3,21,22,16
HERMOSILLO,2026-02-11,NA,1,4,24,31,16
HERMOSILLO,2026-02-12,NA,3,5,31,42,15
HERMOSILLO,2026-02-13,NA,3,3,24,33,10
HERMOSILLO,2026-02-14,NA,5,4,30,35,8
HERMOSILLO,2026-02-15,NA,6,3,39,35,11
HERMOSILLO,2026-02-16,NA,4,6,28,24,12
HERMOSILLO,2026-02-17,NA,4,5,38,27,13
HERMOSILLO,2026-02-18,NA,4,1,36,28,8
HERMOSILLO,2026-02-19,NA,3,2,25,27,10
HERMOSILLO,2026-02-20,NA,7,2,23,31,8
HERMOSILLO,2026-02-21,NA,5,2,22,34,6
HERMOSILLO,2026-02-22,NA,3,4,26,29,10
HERMOSILLO,2026-02-23,NA,4,5,21,22,11
HERMOSILLO,2026-02-24,NA,4,2,35,19,9
HERMOSILLO,2026-02-25,NA,5,6,34,25,9
HERMOSILLO,2026-02-26,NA,7,7,35,15,12
HERMOSILLO,2026-02-27,NA,9,7,29,24,11
HERMOSILLO,2026-02-28,NA,13,1,30,17,11
HERMOSILLO,2026-03-01,NA,4,1,25,14,12
HERMOSILLO,2026-03-02,NA,3,1,23,11,13
HERMOSILLO,2026-03-03,NA,5,3,19,21,12
HERMOSILLO,2026-03-04,NA,5,3,21,15,8
HERMOSILLO,2026-03-05,NA,4,4,18,24,14
HERMOSILLO,2026-03-06,NA,5,2,29,17,17
HERMOSILLO,2026-03-07,NA,2,4,21,18,15
HERMOSILLO,2026-03-08,NA,2,1,18,17,12
HERMOSILLO,2026-03-09,NA,1,1,10,17,9
HERMOSILLO,2026-03-10,NA,3,3,18,18,6
HERMOSILLO,2026-03-11,NA,4,3,23,19,6
HERMOSILLO,2026-03-12,NA,10,2,17,23,10
HERMOSILLO,2026-03-13,NA,10,NA,19,21,7
HERMOSILLO,2026-03-14,NA,6,2,35,29,9
HERMOSILLO,2026-03-15,NA,6,1,16,11,9
HERMOSILLO,2026-03-16,NA,2,1,27,13,5
HERMOSILLO,2026-03-17,NA,5,1,20,16,7
HERMOSILLO,2026-03-18,NA,5,1,20,15,9
HERMOSILLO,2026-03-19,NA,5,2,16,14,9
HERMOSILLO,2026-03-20,NA,7,1,21,16,12
HERMOSILLO,2026-03-21,NA,7,8,26,19,11
HERMOSILLO,2026-03-22,NA,3,5,20,16,11
HERMOSILLO,2026-03-23,NA,2,1,23,15,9
HERMOSILLO,2026-03-24,NA,3,2,18,21,8
HERMOSILLO,2026-03-25,NA,6,1,20,16,7
HERMOSILLO,2026-03-26,NA,5,1,16,11,9
HERMOSILLO,2026-03-27,NA,5,1,16,11,6
HERMOSILLO,2026-03-28,NA,3,2,16,21,7
HERMOSILLO,2026-03-29,NA,2,2,21,12,7
HERMOSILLO,2026-03-30,NA,2,1,15,10,7
HERMOSILLO,2026-03-31,NA,4,4,15,4,5
HERMOSILLO,2026-04-01,NA,5,4,20,8,9
HERMOSILLO,2026-04-02,NA,2,1,21,13,9
HERMOSILLO,2026-04-03,NA,5,2,13,10,4
HERMOSILLO,2026-04-04,NA,5,3,11,6,7
HERMOSILLO,2026-04-05,NA,2,1,14,7,9
HERMOSILLO,2026-04-06,NA,3,1,11,6,10
HERMOSILLO,2026-04-07,NA,4,2,19,16,9
HERMOSILLO,2026-04-08,NA,6,1,13,18,8
HERMOSILLO,2026-04-09,NA,5,4,15,19,7
HERMOSILLO,2026-04-10,NA,3,3,18,26,7
HERMOSILLO,2026-04-11,NA,7,1,17,31,10
HERMOSILLO,2026-04-12,NA,7,1,30,16,6
HERMOSILLO,2026-04-13,NA,4,1,18,12,3
HERMOSILLO,2026-04-14,NA,8,5,17,18,10
HERMOSILLO,2026-04-15,NA,6,6,20,23,11
HERMOSILLO,2026-04-16,NA,6,3,27,16,8
HERMOSILLO,2026-04-17,NA,5,4,18,22,13
HERMOSILLO,2026-04-18,NA,5,2,18,25,18
HERMOSILLO,2026-04-19,NA,7,2,20,18,20
HERMOSILLO,2026-04-20,NA,5,2,15,15,12
HERMOSILLO,2026-04-21,NA,6,5,19,21,10
HERMOSILLO,2026-04-22,NA,4,5,17,13,7
HERMOSILLO,2026-04-23,NA,8,3,15,16,7
HERMOSILLO,2026-04-24,NA,5,NA,14,13,5
HERMOSILLO,2026-04-25,NA,10,2,13,18,9
HERMOSILLO,2026-04-26,NA,5,NA,21,17,6
HERMOSILLO,2026-04-27,NA,3,2,16,10,5
HERMOSILLO,2026-04-28,NA,4,1,24,15,9
HERMOSILLO,2026-04-29,NA,3,5,23,12,8
HERMOSILLO,2026-04-30,NA,4,1,28,16,6
HERMOSILLO,2026-05-01,NA,7,1,16,6,10
HERMOSILLO,2026-05-02,NA,3,2,15,7,5
HERMOSILLO,2026-05-03,NA,3,4,17,18,6
HERMOSILLO,2026-05-04,NA,4,6,13,19,8
HERMOSILLO,2026-05-05,NA,3,7,23,17,12
HERMOSILLO,2026-05-06,NA,3,5,20,9,9
HERMOSILLO,2026-05-07,NA,4,6,22,18,9
HERMOSILLO,2026-05-08,NA,2,6,28,12,12
HERMOSILLO,2026-05-09,NA,6,4,29,18,11
HERMOSILLO,2026-05-10,NA,4,5,18,16,11
HERMOSILLO,2026-05-11,NA,3,3,14,13,12
HERMOSILLO,2026-05-12,NA,3,NA,21,12,9
HERMOSILLO,2026-05-13,NA,5,5,36,19,10
HERMOSILLO,2026-05-14,NA,5,1,26,18,10
HERMOSILLO,2026-05-15,NA,6,2,22,18,9
HERMOSILLO,2026-05-16,NA,4,6,26,20,11
HERMOSILLO,2026-05-17,NA,4,3,17,15,8
HERMOSILLO,2026-05-18,NA,4,5,21,9,6
HERMOSILLO,2026-05-19,NA,5,6,23,18,11
HERMOSILLO,2026-05-20,NA,5,7,18,15,10
HERMOSILLO,2026-05-21,NA,4,7,19,25,9
HERMOSILLO,2026-05-22,NA,4,1,21,15,12
HERMOSILLO,2026-05-23,NA,5,2,25,17,14
HERMOSILLO,2026-05-24,NA,4,1,17,16,14
HERMOSILLO,2026-05-25,NA,4,2,15,12,11
HERMOSILLO,2026-05-26,NA,3,1,27,12,13
HERMOSILLO,2026-05-27,NA,5,1,26,23,14
HERMOSILLO,2026-05-28,NA,8,2,25,20,14
HERMOSILLO,2026-05-29,NA,7,NA,17,19,14
HERMOSILLO,2026-05-30,NA,7,3,17,28,12
HERMOSILLO,2026-05-31,NA,5,1,14,10,9
HERMOSILLO,2026-06-01,NA,5,2,10,11,8
HERMOSILLO,2026-06-02,NA,7,8,26,16,12
HERMOSILLO,2026-06-03,NA,6,5,23,14,9
HERMOSILLO,2026-06-04,NA,8,5,24,21,7
HERMOSILLO,2026-06-05,NA,8,7,21,19,10
HERMOSILLO,2026-06-06,NA,3,7,29,27,15
HERMOSILLO,2026-06-07,NA,3,5,24,14,16
HERMOSILLO,2026-06-08,NA,5,3,17,14,14
HERMOSILLO,2026-06-09,NA,6,6,21,19,16
HERMOSILLO,2026-06-10,NA,8,3,39,24,14
HERMOSILLO,2026-06-11,NA,6,2,19,22,17
HERMOSILLO,2026-06-12,NA,6,3,28,14,17
HERMOSILLO,2026-06-13,NA,6,2,22,22,19
HERMOSILLO,2026-06-14,NA,8,3,28,6,16
HERMOSILLO,2026-06-15,NA,8,2,34,7,13
HERMOSILLO,2026-06-16,NA,7,2,39,21,20
HERMOSILLO,2026-06-17,NA,11,10,58,14,14
HERMOSILLO,2026-06-18,NA,9,7,58,22,15
HERMOSILLO,2026-06-19,NA,7,4,48,18,19
HERMOSILLO,2026-06-20,NA,7,2,41,21,23
HERMOSILLO,2026-06-21,NA,5,2,44,15,20
HERMOSILLO,2026-06-22,NA,5,3,21,9,18
HERMOSILLO,2026-06-23,NA,6,5,37,15,17
HERMOSILLO,2026-06-24,NA,6,5,43,18,13
HERMOSILLO,2026-06-25,NA,9,2,40,12,16
HERMOSILLO,2026-06-26,NA,6,2,29,17,16
HERMOSILLO,2026-06-27,NA,5,1,33,20,21
HERMOSILLO,2026-06-28,NA,4,3,27,16,18
HERMOSILLO,2026-06-29,NA,5,4,23,11,18
HERMOSILLO,2026-06-30,NA,4,3,18,15,20
HERMOSILLO,2026-07-01,NA,6,4,23,4,23
HERMOSILLO,2026-07-02,NA,7,12,19,13,20
HERMOSILLO,2026-07-03,NA,9,6,25,17,20
HERMOSILLO,2026-07-04,NA,7,5,22,18,11
HERMOSILLO,2026-07-05,NA,4,5,24,8,13
HERMOSILLO,2026-07-06,NA,4,5,25,8,12
HERMOSILLO,2026-07-07,NA,8,5,29,17,17
HERMOSILLO,2026-07-08,NA,8,6,38,26,14
HERMOSILLO,2026-07-09,NA,10,2,36,11,16
HERMOSILLO,2026-07-10,NA,7,3,52,18,14
HERMOSILLO,2026-07-11,NA,15,5,155,20,12
HERMOSILLO,2026-07-12,NA,14,9,155,20,16
HERMOSILLO,2026-07-13,NA,11,6,149,24,10
HERMOSILLO,2026-07-14,NA,7,9,137,29,15
HERMOSILLO,2026-07-15,NA,8,10,176,25,17
HERMOSILLO,2026-07-16,NA,9,12,134,40,25
HERMOSILLO,2026-07-17,NA,8,13,117,43,28
HERMOSILLO,2026-07-18,NA,12,11,94,52,25
HERMOSILLO,2026-07-19,NA,15,11,65,37,27
HERMOSILLO,2026-07-20,NA,15,9,34,23,24
HERMOSILLO,2026-07-21,NA,9,6,50,33,19
HERMOSILLO,2026-07-22,NA,7,5,41,33,17
HERMOSILLO,2026-07-23,NA,5,3,33,28,20
HERMOSILLO,2026-07-24,NA,7,2,29,30,19
HERMOSILLO,2026-07-25,NA,6,1,37,25,15
HERMOSILLO,2026-07-26,NA,7,3,38,19,18
HERMOSILLO,2026-07-27,NA,6,2,36,12,15
HERMOSILLO,2026-07-28,NA,5,3,62,24,19
HERMOSILLO,2026-07-29,NA,7,4,101,31,21
HERMOSILLO,2026-07-30,NA,7,6,102,39,22
HERMOSILLO,2026-07-31,NA,3,11,86,34,21
HERMOSILLO,2026-08-01,3,5,10,62,38,22
HERMOSILLO,2026-08-02,3,5,6,56,45,18
HERMOSILLO,2026-08-03,2,3,5,100,29,18
HERMOSILLO,2026-08-04,3,5,5,110,47,18
HERMOSILLO,2026-08-05,1,8,9,120,42,17
HERMOSILLO,2026-08-06,3,4,12,100,43,20
HERMOSILLO,2026-08-07,4,6,7,81,31,19
HERMOSILLO,2026-08-08,5,6,6,67,45,15
HERMOSILLO,2026-08-09,4,3,4,53,33,15
HERMOSILLO,2026-08-10,4,5,4,53,11,11
HERMOSILLO,2026-08-11,1,7,7,43,20,13
HERMOSILLO,2026-08-12,1,7,3,38,25,13
HERMOSILLO,2026-08-13,NA,6,6,39,27,16
HERMOSILLO,2026-08-14,NA,6,2,44,25,15
HERMOSILLO,2026-08-15,1,7,5,41,38,18
HERMOSILLO,2026-08-16,1,6,2,51,28,20
HERMOSILLO,2026-08-17,NA,9,3,27,19,16
HERMOSILLO,2026-08-18,NA,10,1,31,38,14
HERMOSILLO,2026-08-19,NA,9,2,49,27,14
HERMOSILLO,2026-08-20,2,9,7,37,33,13
HERMOSILLO,2026-08-21,1,7,5,28,42,16
HERMOSILLO,2026-08-22,2,5,6,52,27,18
HERMOSILLO,2026-08-23,3,5,9,48,21,14
HERMOSILLO,2026-08-24,1,4,9,34,16,10
IRAPUATO,2025-08-24,NA,6,3,24,11,18
IRAPUATO,2025-08-25,NA,4,3,16,12,15
IRAPUATO,2025-08-26,NA,9,7,22,19,24
IRAPUATO,2025-08-27,NA,14,14,26,20,33
IRAPUATO,2025-08-28,NA,11,15,23,13,34
IRAPUATO,2025-08-29,NA,13,12,24,16,31
IRAPUATO,2025-08-30,NA,9,9,25,19,32
IRAPUATO,2025-08-31,NA,9,8,27,19,28
IRAPUATO,2025-09-01,NA,7,2,17,8,11
IRAPUATO,2025-09-02,NA,8,3,23,20,23
IRAPUATO,2025-09-03,NA,10,3,21,17,22
IRAPUATO,2025-09-04,NA,11,7,26,15,24
IRAPUATO,2025-09-05,NA,11,6,28,24,23
IRAPUATO,2025-09-06,NA,11,2,30,27,24
IRAPUATO,2025-09-07,NA,6,2,17,19,25
IRAPUATO,2025-09-08,NA,6,1,18,16,12
IRAPUATO,2025-09-09,NA,1,5,18,27,25
IRAPUATO,2025-09-10,NA,7,7,19,27,37
IRAPUATO,2025-09-11,NA,11,7,16,27,39
IRAPUATO,2025-09-12,NA,10,10,24,57,37
IRAPUATO,2025-09-13,NA,16,9,25,54,38
IRAPUATO,2025-09-14,NA,18,3,26,29,32
IRAPUATO,2025-09-15,NA,15,5,17,10,22
IRAPUATO,2025-09-16,NA,8,6,15,22,25
IRAPUATO,2025-09-17,NA,10,8,13,15,22
IRAPUATO,2025-09-18,NA,11,6,24,25,22
IRAPUATO,2025-09-19,NA,15,5,19,28,26
IRAPUATO,2025-09-20,NA,12,6,19,15,32
IRAPUATO,2025-09-21,NA,6,5,20,18,28
IRAPUATO,2025-09-22,NA,6,4,9,13,17
IRAPUATO,2025-09-23,NA,1,5,15,18,32
IRAPUATO,2025-09-24,NA,6,5,10,14,39
IRAPUATO,2025-09-25,NA,4,6,16,15,45
IRAPUATO,2025-09-26,NA,8,3,14,16,33
IRAPUATO,2025-09-27,NA,11,5,26,23,32
IRAPUATO,2025-09-28,NA,5,7,22,20,24
IRAPUATO,2025-09-29,NA,5,7,18,11,18
IRAPUATO,2025-09-30,NA,8,12,27,20,27
IRAPUATO,2025-10-01,NA,11,6,17,14,37
IRAPUATO,2025-10-02,NA,8,6,20,20,39
IRAPUATO,2025-10-03,NA,11,5,18,27,25
IRAPUATO,2025-10-04,NA,9,6,14,16,25
IRAPUATO,2025-10-05,NA,8,4,21,15,18
IRAPUATO,2025-10-06,NA,7,5,14,17,15
IRAPUATO,2025-10-07,NA,5,6,13,21,19
IRAPUATO,2025-10-08,NA,10,9,16,20,19
IRAPUATO,2025-10-09,NA,7,5,13,25,16
IRAPUATO,2025-10-10,NA,7,4,13,21,20
IRAPUATO,2025-10-11,NA,9,6,13,25,23
IRAPUATO,2025-10-12,NA,9,11,20,22,24
IRAPUATO,2025-10-13,NA,8,10,12,18,22
IRAPUATO,2025-10-14,NA,8,10,12,21,25
IRAPUATO,2025-10-15,NA,5,10,18,21,17
IRAPUATO,2025-10-16,NA,10,14,21,33,20
IRAPUATO,2025-10-17,NA,12,8,21,39,14
IRAPUATO,2025-10-18,NA,11,11,21,45,20
IRAPUATO,2025-10-19,NA,8,8,11,39,18
IRAPUATO,2025-10-20,NA,4,8,13,28,11
IRAPUATO,2025-10-21,NA,11,10,25,31,25
IRAPUATO,2025-10-22,NA,10,5,14,29,24
IRAPUATO,2025-10-23,NA,14,7,13,34,22
IRAPUATO,2025-10-24,NA,9,5,17,52,17
IRAPUATO,2025-10-25,NA,7,7,16,32,16
IRAPUATO,2025-10-26,NA,6,3,18,14,16
IRAPUATO,2025-10-27,NA,2,3,11,13,11
IRAPUATO,2025-10-28,NA,10,3,15,24,17
IRAPUATO,2025-10-29,NA,10,4,12,21,22
IRAPUATO,2025-10-30,NA,9,8,12,39,21
IRAPUATO,2025-10-31,NA,9,5,14,29,23
IRAPUATO,2025-11-01,NA,12,6,9,23,17
IRAPUATO,2025-11-02,NA,8,3,12,16,20
IRAPUATO,2025-11-03,NA,9,4,12,16,25
IRAPUATO,2025-11-04,NA,4,10,16,26,24
IRAPUATO,2025-11-05,NA,6,7,13,17,34
IRAPUATO,2025-11-06,NA,5,15,16,19,36
IRAPUATO,2025-11-07,NA,14,3,22,24,35
IRAPUATO,2025-11-08,NA,20,6,23,26,35
IRAPUATO,2025-11-09,NA,14,6,12,17,30
IRAPUATO,2025-11-10,NA,12,4,11,19,28
IRAPUATO,2025-11-11,NA,13,6,12,24,35
IRAPUATO,2025-11-12,NA,9,4,16,24,39
IRAPUATO,2025-11-13,NA,6,8,18,23,24
IRAPUATO,2025-11-14,NA,13,15,12,17,32
IRAPUATO,2025-11-15,NA,12,5,24,37,28
IRAPUATO,2025-11-16,NA,7,9,23,28,18
IRAPUATO,2025-11-17,NA,12,12,21,33,18
IRAPUATO,2025-11-18,NA,16,20,31,43,21
IRAPUATO,2025-11-19,NA,11,16,30,35,31
IRAPUATO,2025-11-20,NA,13,16,21,30,35
IRAPUATO,2025-11-21,NA,11,5,22,23,31
IRAPUATO,2025-11-22,NA,16,4,24,29,40
IRAPUATO,2025-11-23,NA,10,2,12,24,43
IRAPUATO,2025-11-24,NA,7,2,19,10,34
IRAPUATO,2025-11-25,NA,7,5,22,20,42
IRAPUATO,2025-11-26,NA,9,2,23,19,42
IRAPUATO,2025-11-27,NA,8,7,26,68,39
IRAPUATO,2025-11-28,NA,15,8,21,73,36
IRAPUATO,2025-11-29,NA,12,12,31,80,29
IRAPUATO,2025-11-30,NA,16,11,37,65,27
IRAPUATO,2025-12-01,NA,14,4,24,48,19
IRAPUATO,2025-12-02,NA,11,7,20,42,20
IRAPUATO,2025-12-03,NA,14,3,25,33,26
IRAPUATO,2025-12-04,NA,12,4,21,24,26
IRAPUATO,2025-12-05,NA,17,5,22,39,32
IRAPUATO,2025-12-06,NA,13,6,18,33,26
IRAPUATO,2025-12-07,NA,11,8,15,44,21
IRAPUATO,2025-12-08,NA,10,4,11,34,18
IRAPUATO,2025-12-09,NA,9,6,17,37,21
IRAPUATO,2025-12-10,NA,8,3,20,25,22
IRAPUATO,2025-12-11,NA,10,5,29,37,20
IRAPUATO,2025-12-12,NA,10,5,35,30,30
IRAPUATO,2025-12-13,NA,6,6,24,24,28
IRAPUATO,2025-12-14,NA,2,3,15,23,19
IRAPUATO,2025-12-15,NA,1,4,18,25,16
IRAPUATO,2025-12-16,NA,8,5,28,48,20
IRAPUATO,2025-12-17,NA,12,8,20,40,19
IRAPUATO,2025-12-18,NA,16,7,20,59,19
IRAPUATO,2025-12-19,NA,14,5,23,59,19
IRAPUATO,2025-12-20,NA,9,9,31,54,28
IRAPUATO,2025-12-21,NA,14,15,32,57,33
IRAPUATO,2025-12-22,NA,6,14,12,50,31
IRAPUATO,2025-12-23,NA,8,13,21,45,27
IRAPUATO,2025-12-24,NA,11,12,18,47,25
IRAPUATO,2025-12-25,NA,5,7,15,40,27
IRAPUATO,2025-12-26,NA,5,4,16,31,21
IRAPUATO,2025-12-27,NA,10,2,19,32,18
IRAPUATO,2025-12-28,NA,8,3,13,17,16
IRAPUATO,2025-12-29,NA,7,4,11,24,14
IRAPUATO,2025-12-30,NA,7,7,13,17,16
IRAPUATO,2025-12-31,NA,11,5,15,30,19
IRAPUATO,2026-01-01,NA,8,3,16,18,12
IRAPUATO,2026-01-02,NA,10,4,20,21,10
IRAPUATO,2026-01-03,NA,16,8,29,31,13
IRAPUATO,2026-01-04,NA,17,12,16,52,18
IRAPUATO,2026-01-05,NA,15,7,16,34,16
IRAPUATO,2026-01-06,NA,13,6,24,39,19
IRAPUATO,2026-01-07,NA,6,4,22,42,18
IRAPUATO,2026-01-08,NA,10,5,14,55,17
IRAPUATO,2026-01-09,NA,10,8,18,54,19
IRAPUATO,2026-01-10,NA,13,9,22,43,31
IRAPUATO,2026-01-11,NA,15,11,13,36,31
IRAPUATO,2026-01-12,NA,6,9,13,42,20
IRAPUATO,2026-01-13,NA,8,8,19,54,18
IRAPUATO,2026-01-14,NA,9,8,21,49,28
IRAPUATO,2026-01-15,NA,10,11,30,73,31
IRAPUATO,2026-01-16,NA,12,12,20,66,27
IRAPUATO,2026-01-17,NA,13,10,24,59,34
IRAPUATO,2026-01-18,NA,14,12,26,54,29
IRAPUATO,2026-01-19,NA,19,10,16,37,29
IRAPUATO,2026-01-20,NA,19,13,21,56,38
IRAPUATO,2026-01-21,NA,17,19,23,40,43
IRAPUATO,2026-01-22,NA,19,13,25,53,44
IRAPUATO,2026-01-23,NA,17,13,24,69,48
IRAPUATO,2026-01-24,NA,19,15,22,63,52
IRAPUATO,2026-01-25,NA,18,14,23,58,45
IRAPUATO,2026-01-26,NA,22,11,23,40,37
IRAPUATO,2026-01-27,NA,23,8,28,40,41
IRAPUATO,2026-01-28,NA,17,13,21,45,59
IRAPUATO,2026-01-29,NA,13,11,24,40,54
IRAPUATO,2026-01-30,NA,15,6,27,35,48
IRAPUATO,2026-01-31,NA,11,7,26,53,40
IRAPUATO,2026-02-01,NA,16,4,17,33,29
IRAPUATO,2026-02-02,NA,15,3,14,31,24
IRAPUATO,2026-02-03,NA,10,8,25,30,26
IRAPUATO,2026-02-04,NA,17,7,26,39,30
IRAPUATO,2026-02-05,NA,23,17,29,48,34
IRAPUATO,2026-02-06,NA,29,13,27,47,36
IRAPUATO,2026-02-07,NA,23,13,20,33,25
IRAPUATO,2026-02-08,NA,15,7,19,31,25
IRAPUATO,2026-02-09,NA,12,6,16,24,19
IRAPUATO,2026-02-10,NA,7,2,18,34,30
IRAPUATO,2026-02-11,NA,5,4,23,37,34
IRAPUATO,2026-02-12,NA,6,2,22,47,36
IRAPUATO,2026-02-13,NA,13,7,19,51,42
IRAPUATO,2026-02-14,NA,11,3,28,58,47
IRAPUATO,2026-02-15,NA,12,3,27,55,41
IRAPUATO,2026-02-16,NA,8,5,23,35,35
IRAPUATO,2026-02-17,NA,12,9,19,54,35
IRAPUATO,2026-02-18,NA,11,6,35,36,33
IRAPUATO,2026-02-19,NA,18,7,30,48,36
IRAPUATO,2026-02-20,NA,21,9,28,53,36
IRAPUATO,2026-02-21,NA,20,11,32,49,43
IRAPUATO,2026-02-22,NA,16,3,20,48,51
IRAPUATO,2026-02-23,NA,11,8,27,47,45
IRAPUATO,2026-02-24,NA,13,6,31,37,53
IRAPUATO,2026-02-25,NA,15,8,25,34,57
IRAPUATO,2026-02-26,NA,7,9,18,33,63
IRAPUATO,2026-02-27,NA,9,10,18,48,65
IRAPUATO,2026-02-28,NA,17,3,19,52,62
IRAPUATO,2026-03-01,NA,11,7,12,23,59
IRAPUATO,2026-03-02,NA,8,5,18,39,34
IRAPUATO,2026-03-03,NA,12,9,18,33,47
IRAPUATO,2026-03-04,NA,13,8,25,38,47
IRAPUATO,2026-03-05,NA,17,9,23,36,42
IRAPUATO,2026-03-06,NA,14,6,22,46,31
IRAPUATO,2026-03-07,NA,13,8,23,43,28
IRAPUATO,2026-03-08,NA,16,4,25,41,23
IRAPUATO,2026-03-09,NA,11,3,15,31,17
IRAPUATO,2026-03-10,NA,14,3,25,36,25
IRAPUATO,2026-03-11,NA,10,4,23,32,22
IRAPUATO,2026-03-12,NA,9,6,20,33,26
IRAPUATO,2026-03-13,NA,14,8,18,34,26
IRAPUATO,2026-03-14,NA,12,6,27,36,33
IRAPUATO,2026-03-15,NA,17,6,18,35,34
IRAPUATO,2026-03-16,NA,18,4,17,30,24
IRAPUATO,2026-03-17,NA,16,9,17,27,32
IRAPUATO,2026-03-18,NA,11,10,19,24,38
IRAPUATO,2026-03-19,NA,11,10,18,33,39
IRAPUATO,2026-03-20,NA,15,15,25,51,34
IRAPUATO,2026-03-21,NA,18,12,22,54,36
IRAPUATO,2026-03-22,NA,15,8,25,46,30
IRAPUATO,2026-03-23,NA,11,12,22,29,21
IRAPUATO,2026-03-24,NA,12,9,17,38,28
IRAPUATO,2026-03-25,NA,14,14,19,36,34
IRAPUATO,2026-03-26,NA,13,8,21,43,30
IRAPUATO,2026-03-27,NA,15,8,21,50,31
IRAPUATO,2026-03-28,NA,14,5,26,52,39
IRAPUATO,2026-03-29,NA,13,8,26,44,34
IRAPUATO,2026-03-30,NA,16,3,17,35,25
IRAPUATO,2026-03-31,NA,13,16,20,33,35
IRAPUATO,2026-04-01,NA,15,14,26,48,41
IRAPUATO,2026-04-02,NA,18,20,26,71,45
IRAPUATO,2026-04-03,NA,15,23,28,59,42
IRAPUATO,2026-04-04,NA,11,19,17,36,40
IRAPUATO,2026-04-05,NA,4,7,17,40,19
IRAPUATO,2026-04-06,NA,5,4,22,31,11
IRAPUATO,2026-04-07,NA,11,15,30,48,13
IRAPUATO,2026-04-08,NA,7,17,46,61,17
IRAPUATO,2026-04-09,NA,11,14,39,70,28
IRAPUATO,2026-04-10,NA,16,14,47,71,31
IRAPUATO,2026-04-11,NA,17,16,39,87,36
IRAPUATO,2026-04-12,NA,17,15,29,67,33
IRAPUATO,2026-04-13,NA,18,12,17,47,28
IRAPUATO,2026-04-14,NA,16,10,25,63,32
IRAPUATO,2026-04-15,NA,6,20,31,61,34
IRAPUATO,2026-04-16,NA,11,21,30,67,39
IRAPUATO,2026-04-17,NA,17,14,18,65,41
IRAPUATO,2026-04-18,NA,16,18,31,72,39
IRAPUATO,2026-04-19,NA,13,19,30,62,44
IRAPUATO,2026-04-20,NA,15,21,22,40,41
IRAPUATO,2026-04-21,NA,16,20,19,61,58
IRAPUATO,2026-04-22,NA,19,13,25,40,72
IRAPUATO,2026-04-23,NA,19,10,24,51,67
IRAPUATO,2026-04-24,NA,16,12,22,52,65
IRAPUATO,2026-04-25,NA,13,21,23,37,68
IRAPUATO,2026-04-26,NA,10,13,21,39,58
IRAPUATO,2026-04-27,NA,11,9,17,30,45
IRAPUATO,2026-04-28,NA,12,14,25,41,34
IRAPUATO,2026-04-29,NA,7,9,34,43,19
IRAPUATO,2026-04-30,NA,14,9,34,46,17
IRAPUATO,2026-05-01,NA,18,9,32,35,20
IRAPUATO,2026-05-02,NA,20,18,41,39,27
IRAPUATO,2026-05-03,NA,30,19,39,40,26
IRAPUATO,2026-05-04,NA,38,22,26,34,25
IRAPUATO,2026-05-05,NA,34,28,31,57,43
IRAPUATO,2026-05-06,NA,31,36,55,58,52
IRAPUATO,2026-05-07,NA,31,38,53,67,67
IRAPUATO,2026-05-08,NA,26,41,61,65,71
IRAPUATO,2026-05-09,NA,28,41,54,55,71
IRAPUATO,2026-05-10,NA,16,40,38,47,58
IRAPUATO,2026-05-11,NA,12,33,34,23,52
IRAPUATO,2026-05-12,NA,21,20,37,37,58
IRAPUATO,2026-05-13,NA,19,18,49,42,59
IRAPUATO,2026-05-14,NA,21,13,48,44,61
IRAPUATO,2026-05-15,NA,16,21,43,53,62
IRAPUATO,2026-05-16,NA,16,16,36,52,65
IRAPUATO,2026-05-17,NA,15,17,31,38,64
IRAPUATO,2026-05-18,NA,16,24,33,43,64
IRAPUATO,2026-05-19,NA,18,26,32,43,76
IRAPUATO,2026-05-20,NA,18,25,43,54,83
IRAPUATO,2026-05-21,NA,16,24,57,56,81
IRAPUATO,2026-05-22,NA,20,18,40,66,84
IRAPUATO,2026-05-23,NA,28,18,39,71,84
IRAPUATO,2026-05-24,NA,31,17,35,70,76
IRAPUATO,2026-05-25,NA,23,16,32,45,76
IRAPUATO,2026-05-26,NA,18,10,30,39,75
IRAPUATO,2026-05-27,NA,18,12,24,51,64
IRAPUATO,2026-05-28,NA,17,8,25,73,59
IRAPUATO,2026-05-29,NA,16,18,27,71,61
IRAPUATO,2026-05-30,NA,18,19,33,59,62
IRAPUATO,2026-05-31,NA,16,15,38,41,59
IRAPUATO,2026-06-01,NA,13,10,22,20,48
IRAPUATO,2026-06-02,NA,8,13,41,34,45
IRAPUATO,2026-06-03,NA,9,13,36,57,51
IRAPUATO,2026-06-04,NA,17,16,32,59,49
IRAPUATO,2026-06-05,NA,18,17,45,56,56
IRAPUATO,2026-06-06,NA,18,25,50,68,63
IRAPUATO,2026-06-07,NA,17,27,49,57,67
IRAPUATO,2026-06-08,NA,17,36,53,54,71
IRAPUATO,2026-06-09,NA,18,44,81,53,73
IRAPUATO,2026-06-10,NA,20,52,78,56,84
IRAPUATO,2026-06-11,NA,17,52,74,64,101
IRAPUATO,2026-06-12,NA,20,51,58,45,112
IRAPUATO,2026-06-13,NA,15,42,48,52,117
IRAPUATO,2026-06-14,NA,13,28,47,30,122
IRAPUATO,2026-06-15,NA,11,16,37,28,120
IRAPUATO,2026-06-16,NA,11,14,40,52,119
IRAPUATO,2026-06-17,NA,14,18,47,49,122
IRAPUATO,2026-06-18,NA,16,14,54,39,124
IRAPUATO,2026-06-19,NA,18,13,50,56,102
IRAPUATO,2026-06-20,NA,18,13,56,67,84
IRAPUATO,2026-06-21,NA,13,22,59,59,74
IRAPUATO,2026-06-22,NA,9,24,41,29,72
IRAPUATO,2026-06-23,NA,10,25,51,39,76
IRAPUATO,2026-06-24,NA,9,24,45,43,80
IRAPUATO,2026-06-25,NA,12,18,48,34,68
IRAPUATO,2026-06-26,NA,19,13,39,43,50
IRAPUATO,2026-06-27,NA,14,17,45,52,41
IRAPUATO,2026-06-28,NA,12,19,58,42,39
IRAPUATO,2026-06-29,NA,12,15,40,40,41
IRAPUATO,2026-06-30,NA,16,19,47,55,52
IRAPUATO,2026-07-01,NA,16,14,35,46,54
IRAPUATO,2026-07-02,NA,8,11,34,50,44
IRAPUATO,2026-07-03,NA,11,10,41,43,19
IRAPUATO,2026-07-04,NA,14,8,39,47,26
IRAPUATO,2026-07-05,NA,16,11,37,40,32
IRAPUATO,2026-07-06,NA,17,13,41,24,28
IRAPUATO,2026-07-07,NA,14,16,46,28,37
IRAPUATO,2026-07-08,NA,10,18,45,32,35
IRAPUATO,2026-07-09,NA,10,17,34,36,34
IRAPUATO,2026-07-10,NA,9,16,29,50,35
IRAPUATO,2026-07-11,NA,8,15,29,45,30
IRAPUATO,2026-07-12,NA,18,15,25,28,26
IRAPUATO,2026-07-13,NA,16,9,22,22,19
IRAPUATO,2026-07-14,NA,13,15,28,40,29
IRAPUATO,2026-07-15,NA,13,15,28,41,29
IRAPUATO,2026-07-16,NA,18,10,40,39,17
IRAPUATO,2026-07-17,NA,17,8,26,47,17
IRAPUATO,2026-07-18,NA,14,7,32,61,25
IRAPUATO,2026-07-19,NA,10,8,42,29,18
IRAPUATO,2026-07-20,NA,14,8,29,33,20
IRAPUATO,2026-07-21,NA,19,11,45,55,31
IRAPUATO,2026-07-22,NA,7,14,39,53,36
IRAPUATO,2026-07-23,NA,7,14,43,55,38
IRAPUATO,2026-07-24,NA,14,8,42,47,27
IRAPUATO,2026-07-25,NA,16,5,51,58,26
IRAPUATO,2026-07-26,NA,13,7,52,57,24
IRAPUATO,2026-07-27,NA,15,3,36,42,20
IRAPUATO,2026-07-28,NA,20,11,21,51,24
IRAPUATO,2026-07-29,NA,20,24,50,52,40
IRAPUATO,2026-07-30,NA,20,24,54,55,47
IRAPUATO,2026-07-31,NA,25,14,57,43,41
IRAPUATO,2026-08-01,3,21,9,40,39,37
IRAPUATO,2026-08-02,1,19,7,55,45,33
IRAPUATO,2026-08-03,1,25,11,45,42,30
IRAPUATO,2026-08-04,1,17,10,38,46,33
IRAPUATO,2026-08-05,1,16,8,33,42,39
IRAPUATO,2026-08-06,NA,9,10,36,38,36
IRAPUATO,2026-08-07,NA,12,4,36,40,27
IRAPUATO,2026-08-08,5,18,9,37,44,23
IRAPUATO,2026-08-09,2,11,7,21,31,14
IRAPUATO,2026-08-10,1,9,5,26,30,12
IRAPUATO,2026-08-11,5,8,5,25,36,19
IRAPUATO,2026-08-12,2,16,11,37,44,18
IRAPUATO,2026-08-13,1,12,7,38,39,20
IRAPUATO,2026-08-14,3,14,7,28,42,21
IRAPUATO,2026-08-15,NA,14,8,33,47,25
IRAPUATO,2026-08-16,1,18,11,37,36,22
IRAPUATO,2026-08-17,NA,20,9,32,37,17
IRAPUATO,2026-08-18,1,18,15,30,31,19
IRAPUATO,2026-08-19,1,16,7,36,35,26
IRAPUATO,2026-08-20,NA,9,12,30,50,18
IRAPUATO,2026-08-21,3,9,8,45,56,19
IRAPUATO,2026-08-22,5,11,13,42,55,28
IRAPUATO,2026-08-23,5,9,12,27,50,28
IRAPUATO,2026-08-24,2,10,4,24,60,16
LA LAGUNA,2025-08-24,NA,15,12,40,67,28
LA LAGUNA,2025-08-25,NA,8,7,21,34,20
LA LAGUNA,2025-08-26,NA,14,5,39,37,13
LA LAGUNA,2025-08-27,NA,14,8,52,41,18
LA LAGUNA,2025-08-28,NA,16,9,47,46,21
LA LAGUNA,2025-08-29,NA,15,4,57,34,21
LA LAGUNA,2025-08-30,NA,19,3,61,54,16
LA LAGUNA,2025-08-31,NA,18,4,49,43,7
LA LAGUNA,2025-09-01,NA,8,5,33,25,8
LA LAGUNA,2025-09-02,NA,11,4,44,51,21
LA LAGUNA,2025-09-03,NA,9,7,47,45,24
LA LAGUNA,2025-09-04,NA,13,7,52,52,27
LA LAGUNA,2025-09-05,NA,17,13,55,51,27
LA LAGUNA,2025-09-06,NA,23,9,53,61,29
LA LAGUNA,2025-09-07,NA,12,10,40,49,24
LA LAGUNA,2025-09-08,NA,13,6,49,30,12
LA LAGUNA,2025-09-09,NA,14,9,93,69,13
LA LAGUNA,2025-09-10,NA,28,9,74,86,13
LA LAGUNA,2025-09-11,NA,19,11,66,85,23
LA LAGUNA,2025-09-12,NA,19,9,59,64,14
LA LAGUNA,2025-09-13,NA,21,6,48,76,15
LA LAGUNA,2025-09-14,NA,20,4,54,60,7
LA LAGUNA,2025-09-15,NA,17,2,36,39,5
LA LAGUNA,2025-09-16,NA,15,2,42,38,11
LA LAGUNA,2025-09-17,NA,11,3,55,20,11
LA LAGUNA,2025-09-18,NA,14,6,49,36,17
LA LAGUNA,2025-09-19,NA,12,4,35,31,18
LA LAGUNA,2025-09-20,NA,8,6,37,37,24
LA LAGUNA,2025-09-21,NA,13,8,37,45,26
LA LAGUNA,2025-09-22,NA,8,1,29,15,17
LA LAGUNA,2025-09-23,NA,10,8,23,31,28
LA LAGUNA,2025-09-24,NA,10,5,32,31,26
LA LAGUNA,2025-09-25,NA,10,6,28,30,23
LA LAGUNA,2025-09-26,NA,11,5,30,36,26
LA LAGUNA,2025-09-27,NA,11,8,39,33,33
LA LAGUNA,2025-09-28,NA,13,7,50,25,34
LA LAGUNA,2025-09-29,NA,13,4,42,30,21
LA LAGUNA,2025-09-30,NA,9,7,52,36,19
LA LAGUNA,2025-10-01,NA,13,13,37,33,25
LA LAGUNA,2025-10-02,NA,13,16,34,41,24
LA LAGUNA,2025-10-03,NA,11,10,39,31,27
LA LAGUNA,2025-10-04,NA,8,6,35,27,28
LA LAGUNA,2025-10-05,NA,8,7,41,31,26
LA LAGUNA,2025-10-06,NA,8,2,28,24,16
LA LAGUNA,2025-10-07,NA,14,7,38,48,18
LA LAGUNA,2025-10-08,NA,15,9,31,62,26
LA LAGUNA,2025-10-09,NA,13,8,52,57,27
LA LAGUNA,2025-10-10,NA,9,4,41,70,32
LA LAGUNA,2025-10-11,NA,9,7,47,75,35
LA LAGUNA,2025-10-12,NA,8,2,55,61,34
LA LAGUNA,2025-10-13,NA,9,6,43,39,22
LA LAGUNA,2025-10-14,NA,14,6,55,43,27
LA LAGUNA,2025-10-15,NA,9,9,46,58,26
LA LAGUNA,2025-10-16,NA,8,8,57,52,23
LA LAGUNA,2025-10-17,NA,11,8,46,80,26
LA LAGUNA,2025-10-18,NA,10,8,46,75,34
LA LAGUNA,2025-10-19,NA,12,7,34,52,38
LA LAGUNA,2025-10-20,NA,9,5,32,25,32
LA LAGUNA,2025-10-21,NA,6,7,56,45,34
LA LAGUNA,2025-10-22,NA,12,7,65,56,43
LA LAGUNA,2025-10-23,NA,11,10,57,62,48
LA LAGUNA,2025-10-24,NA,13,11,61,47,30
LA LAGUNA,2025-10-25,NA,8,7,38,61,25
LA LAGUNA,2025-10-26,NA,10,11,46,50,22
LA LAGUNA,2025-10-27,NA,4,7,41,24,18
LA LAGUNA,2025-10-28,NA,12,10,48,48,19
LA LAGUNA,2025-10-29,NA,11,6,39,45,25
LA LAGUNA,2025-10-30,NA,11,6,55,60,21
LA LAGUNA,2025-10-31,NA,19,11,40,75,21
LA LAGUNA,2025-11-01,NA,14,9,49,51,17
LA LAGUNA,2025-11-02,NA,14,10,45,58,13
LA LAGUNA,2025-11-03,NA,11,9,39,33,6
LA LAGUNA,2025-11-04,NA,9,15,42,47,11
LA LAGUNA,2025-11-05,NA,16,10,43,39,14
LA LAGUNA,2025-11-06,NA,13,11,45,64,14
LA LAGUNA,2025-11-07,NA,11,7,42,71,13
LA LAGUNA,2025-11-08,NA,12,7,52,91,13
LA LAGUNA,2025-11-09,NA,9,8,37,81,16
LA LAGUNA,2025-11-10,NA,9,3,47,39,15
LA LAGUNA,2025-11-11,NA,7,3,46,63,15
LA LAGUNA,2025-11-12,NA,12,9,48,64,18
LA LAGUNA,2025-11-13,NA,17,12,50,80,22
LA LAGUNA,2025-11-14,NA,19,17,50,76,17
LA LAGUNA,2025-11-15,NA,20,21,44,95,22
LA LAGUNA,2025-11-16,NA,15,20,43,80,23
LA LAGUNA,2025-11-17,NA,10,16,37,35,22
LA LAGUNA,2025-11-18,NA,15,14,35,34,24
LA LAGUNA,2025-11-19,NA,20,11,38,45,18
LA LAGUNA,2025-11-20,NA,17,8,46,46,24
LA LAGUNA,2025-11-21,NA,15,12,42,51,28
LA LAGUNA,2025-11-22,NA,16,12,60,68,32
LA LAGUNA,2025-11-23,NA,14,16,40,58,31
LA LAGUNA,2025-11-24,NA,10,7,28,36,26
LA LAGUNA,2025-11-25,NA,14,12,47,45,17
LA LAGUNA,2025-11-26,NA,19,9,53,62,18
LA LAGUNA,2025-11-27,NA,17,11,49,67,27
LA LAGUNA,2025-11-28,NA,19,9,41,66,34
LA LAGUNA,2025-11-29,NA,21,9,42,58,31
LA LAGUNA,2025-11-30,NA,22,9,39,49,26
LA LAGUNA,2025-12-01,NA,14,6,28,22,21
LA LAGUNA,2025-12-02,NA,15,11,46,52,23
LA LAGUNA,2025-12-03,NA,15,10,57,51,25
LA LAGUNA,2025-12-04,NA,11,12,37,56,23
LA LAGUNA,2025-12-05,NA,9,7,26,54,32
LA LAGUNA,2025-12-06,NA,15,10,35,72,28
LA LAGUNA,2025-12-07,NA,12,7,65,70,33
LA LAGUNA,2025-12-08,NA,9,6,48,49,24
LA LAGUNA,2025-12-09,NA,12,11,64,67,25
LA LAGUNA,2025-12-10,NA,14,17,58,68,27
LA LAGUNA,2025-12-11,NA,22,10,62,75,29
LA LAGUNA,2025-12-12,NA,16,13,57,92,20
LA LAGUNA,2025-12-13,NA,20,13,50,72,23
LA LAGUNA,2025-12-14,NA,21,16,39,76,16
LA LAGUNA,2025-12-15,NA,13,9,39,48,9
LA LAGUNA,2025-12-16,NA,15,10,47,86,13
LA LAGUNA,2025-12-17,NA,16,13,69,91,15
LA LAGUNA,2025-12-18,NA,21,17,53,82,24
LA LAGUNA,2025-12-19,NA,20,19,47,81,22
LA LAGUNA,2025-12-20,NA,22,17,47,78,22
LA LAGUNA,2025-12-21,NA,17,15,42,57,24
LA LAGUNA,2025-12-22,NA,10,6,29,33,20
LA LAGUNA,2025-12-23,NA,16,14,31,64,33
LA LAGUNA,2025-12-24,NA,16,10,29,59,21
LA LAGUNA,2025-12-25,NA,13,4,22,24,18
LA LAGUNA,2025-12-26,NA,10,7,28,34,14
LA LAGUNA,2025-12-27,NA,9,7,29,59,13
LA LAGUNA,2025-12-28,NA,11,13,40,44,13
LA LAGUNA,2025-12-29,NA,9,9,29,39,12
LA LAGUNA,2025-12-30,NA,11,14,42,48,23
LA LAGUNA,2025-12-31,NA,3,8,40,54,25
LA LAGUNA,2026-01-01,NA,2,10,30,32,21
LA LAGUNA,2026-01-02,NA,9,4,27,35,16
LA LAGUNA,2026-01-03,NA,13,8,53,51,24
LA LAGUNA,2026-01-04,NA,13,11,35,90,28
LA LAGUNA,2026-01-05,NA,10,9,21,64,18
LA LAGUNA,2026-01-06,NA,18,19,44,100,19
LA LAGUNA,2026-01-07,NA,18,25,61,134,25
LA LAGUNA,2026-01-08,NA,21,34,82,121,22
LA LAGUNA,2026-01-09,NA,19,26,68,156,24
LA LAGUNA,2026-01-10,NA,18,31,73,156,29
LA LAGUNA,2026-01-11,NA,16,35,91,125,22
LA LAGUNA,2026-01-12,NA,14,33,87,97,22
LA LAGUNA,2026-01-13,NA,20,39,78,104,30
LA LAGUNA,2026-01-14,NA,19,30,85,136,32
LA LAGUNA,2026-01-15,NA,15,38,85,139,27
LA LAGUNA,2026-01-16,NA,18,32,78,150,31
LA LAGUNA,2026-01-17,NA,22,25,81,134,39
LA LAGUNA,2026-01-18,NA,24,25,59,114,37
LA LAGUNA,2026-01-19,NA,14,20,52,57,30
LA LAGUNA,2026-01-20,NA,11,17,57,87,27
LA LAGUNA,2026-01-21,NA,13,24,43,115,28
LA LAGUNA,2026-01-22,NA,18,21,69,81,29
LA LAGUNA,2026-01-23,NA,19,16,62,89,33
LA LAGUNA,2026-01-24,NA,20,14,43,109,42
LA LAGUNA,2026-01-25,NA,18,10,93,77,42
LA LAGUNA,2026-01-26,NA,10,8,100,60,22
LA LAGUNA,2026-01-27,NA,22,8,61,83,19
LA LAGUNA,2026-01-28,NA,22,15,71,91,28
LA LAGUNA,2026-01-29,NA,22,15,61,85,25
LA LAGUNA,2026-01-30,NA,19,14,69,80,31
LA LAGUNA,2026-01-31,NA,24,19,70,92,30
LA LAGUNA,2026-02-01,NA,18,23,50,69,25
LA LAGUNA,2026-02-02,NA,13,9,29,62,20
LA LAGUNA,2026-02-03,NA,10,9,41,57,9
LA LAGUNA,2026-02-04,NA,18,15,52,59,20
LA LAGUNA,2026-02-05,NA,15,18,39,61,29
LA LAGUNA,2026-02-06,NA,14,15,40,93,35
LA LAGUNA,2026-02-07,NA,20,25,50,112,24
LA LAGUNA,2026-02-08,NA,17,22,54,110,24
LA LAGUNA,2026-02-09,NA,12,14,31,61,10
LA LAGUNA,2026-02-10,NA,16,6,41,93,14
LA LAGUNA,2026-02-11,NA,19,14,48,85,23
LA LAGUNA,2026-02-12,NA,19,18,54,93,13
LA LAGUNA,2026-02-13,NA,17,15,66,99,11
LA LAGUNA,2026-02-14,NA,21,12,78,115,22
LA LAGUNA,2026-02-15,NA,17,14,70,110,16
LA LAGUNA,2026-02-16,NA,14,12,56,72,14
LA LAGUNA,2026-02-17,NA,13,19,69,96,15
LA LAGUNA,2026-02-18,NA,15,19,73,95,19
LA LAGUNA,2026-02-19,NA,19,24,60,99,20
LA LAGUNA,2026-02-20,NA,16,18,60,98,19
LA LAGUNA,2026-02-21,NA,15,19,55,89,28
LA LAGUNA,2026-02-22,NA,10,15,55,68,27
LA LAGUNA,2026-02-23,NA,12,17,55,43,19
LA LAGUNA,2026-02-24,NA,7,11,43,72,31
LA LAGUNA,2026-02-25,NA,6,11,39,72,30
LA LAGUNA,2026-02-26,NA,13,16,41,75,26
LA LAGUNA,2026-02-27,NA,19,10,55,85,25
LA LAGUNA,2026-02-28,NA,26,12,42,81,19
LA LAGUNA,2026-03-01,NA,15,9,46,54,23
LA LAGUNA,2026-03-02,NA,12,6,36,35,23
LA LAGUNA,2026-03-03,NA,22,12,38,57,21
LA LAGUNA,2026-03-04,NA,15,15,50,61,26
LA LAGUNA,2026-03-05,NA,18,8,51,61,33
LA LAGUNA,2026-03-06,NA,17,16,55,101,23
LA LAGUNA,2026-03-07,NA,23,18,55,117,23
LA LAGUNA,2026-03-08,NA,18,23,59,104,18
LA LAGUNA,2026-03-09,NA,14,15,44,47,12
LA LAGUNA,2026-03-10,NA,17,16,65,88,17
LA LAGUNA,2026-03-11,NA,26,18,96,83,30
LA LAGUNA,2026-03-12,NA,17,15,123,72,30
LA LAGUNA,2026-03-13,NA,13,17,106,108,27
LA LAGUNA,2026-03-14,NA,20,25,94,162,16
LA LAGUNA,2026-03-15,NA,27,24,76,146,15
LA LAGUNA,2026-03-16,NA,26,26,46,66,14
LA LAGUNA,2026-03-17,NA,13,19,52,70,13
LA LAGUNA,2026-03-18,NA,24,20,61,99,20
LA LAGUNA,2026-03-19,NA,18,25,62,84,30
LA LAGUNA,2026-03-20,NA,25,27,58,93,47
LA LAGUNA,2026-03-21,NA,29,27,63,97,39
LA LAGUNA,2026-03-22,NA,22,19,62,96,32
LA LAGUNA,2026-03-23,NA,15,15,41,42,21
LA LAGUNA,2026-03-24,NA,16,15,50,56,15
LA LAGUNA,2026-03-25,NA,14,17,49,50,16
LA LAGUNA,2026-03-26,NA,15,9,52,55,21
LA LAGUNA,2026-03-27,NA,16,15,43,65,22
LA LAGUNA,2026-03-28,NA,13,11,61,91,23
LA LAGUNA,2026-03-29,NA,17,12,76,113,28
LA LAGUNA,2026-03-30,NA,15,9,69,54,22
LA LAGUNA,2026-03-31,NA,25,13,78,62,24
LA LAGUNA,2026-04-01,NA,26,18,74,102,33
LA LAGUNA,2026-04-02,NA,25,21,82,116,38
LA LAGUNA,2026-04-03,NA,27,13,72,111,44
LA LAGUNA,2026-04-04,NA,19,13,62,93,24
LA LAGUNA,2026-04-05,NA,23,10,110,93,31
LA LAGUNA,2026-04-06,NA,19,9,202,89,20
LA LAGUNA,2026-04-07,NA,27,24,180,180,29
LA LAGUNA,2026-04-08,NA,30,40,144,293,43
LA LAGUNA,2026-04-09,NA,38,54,121,300,44
LA LAGUNA,2026-04-10,NA,47,55,110,289,53
LA LAGUNA,2026-04-11,NA,55,53,110,271,53
LA LAGUNA,2026-04-12,NA,57,58,124,312,54
LA LAGUNA,2026-04-13,NA,58,58,109,206,58
LA LAGUNA,2026-04-14,NA,55,47,120,246,48
LA LAGUNA,2026-04-15,NA,64,48,136,211,49
LA LAGUNA,2026-04-16,NA,57,43,107,223,37
LA LAGUNA,2026-04-17,NA,55,44,115,204,28
LA LAGUNA,2026-04-18,NA,51,51,114,181,32
LA LAGUNA,2026-04-19,NA,48,58,102,118,43
LA LAGUNA,2026-04-20,NA,43,52,52,85,42
LA LAGUNA,2026-04-21,NA,27,44,86,86,48
LA LAGUNA,2026-04-22,NA,21,30,79,84,53
LA LAGUNA,2026-04-23,NA,16,35,68,89,58
LA LAGUNA,2026-04-24,NA,19,28,79,92,55
LA LAGUNA,2026-04-25,NA,25,30,86,88,48
LA LAGUNA,2026-04-26,NA,22,30,64,81,38
LA LAGUNA,2026-04-27,NA,13,11,25,43,35
LA LAGUNA,2026-04-28,NA,17,5,53,65,22
LA LAGUNA,2026-04-29,NA,15,10,73,54,22
LA LAGUNA,2026-04-30,NA,13,9,49,70,21
LA LAGUNA,2026-05-01,NA,15,4,41,71,20
LA LAGUNA,2026-05-02,NA,19,11,46,94,12
LA LAGUNA,2026-05-03,NA,20,12,50,81,15
LA LAGUNA,2026-05-04,NA,15,14,40,43,16
LA LAGUNA,2026-05-05,NA,24,16,54,90,26
LA LAGUNA,2026-05-06,NA,24,21,54,119,25
LA LAGUNA,2026-05-07,NA,15,19,98,120,30
LA LAGUNA,2026-05-08,NA,26,31,119,139,31
LA LAGUNA,2026-05-09,NA,28,35,113,185,29
LA LAGUNA,2026-05-10,NA,22,41,106,172,30
LA LAGUNA,2026-05-11,NA,17,39,76,85,27
LA LAGUNA,2026-05-12,NA,16,44,71,126,30
LA LAGUNA,2026-05-13,NA,14,43,110,148,32
LA LAGUNA,2026-05-14,NA,17,32,102,142,38
LA LAGUNA,2026-05-15,NA,22,32,88,158,35
LA LAGUNA,2026-05-16,NA,28,35,98,192,45
LA LAGUNA,2026-05-17,NA,34,33,81,131,52
LA LAGUNA,2026-05-18,NA,24,27,71,74,52
LA LAGUNA,2026-05-19,NA,24,18,55,93,45
LA LAGUNA,2026-05-20,NA,13,17,60,69,33
LA LAGUNA,2026-05-21,NA,15,15,75,73,35
LA LAGUNA,2026-05-22,NA,18,9,64,93,40
LA LAGUNA,2026-05-23,NA,17,11,52,96,38
LA LAGUNA,2026-05-24,NA,9,7,55,67,32
LA LAGUNA,2026-05-25,NA,8,7,27,34,26
LA LAGUNA,2026-05-26,NA,16,11,47,63,25
LA LAGUNA,2026-05-27,NA,17,5,52,53,27
LA LAGUNA,2026-05-28,NA,15,12,51,70,35
LA LAGUNA,2026-05-29,NA,15,13,72,88,33
LA LAGUNA,2026-05-30,NA,24,15,56,117,38
LA LAGUNA,2026-05-31,NA,20,18,61,134,42
LA LAGUNA,2026-06-01,NA,15,9,52,76,33
LA LAGUNA,2026-06-02,NA,19,17,63,75,34
LA LAGUNA,2026-06-03,NA,24,23,59,99,36
LA LAGUNA,2026-06-04,NA,24,22,73,112,37
LA LAGUNA,2026-06-05,NA,24,22,90,152,42
LA LAGUNA,2026-06-06,NA,22,33,125,164,31
LA LAGUNA,2026-06-07,NA,18,33,72,142,27
LA LAGUNA,2026-06-08,NA,20,38,58,123,18
LA LAGUNA,2026-06-09,NA,33,27,123,203,24
LA LAGUNA,2026-06-10,NA,31,34,141,195,22
LA LAGUNA,2026-06-11,NA,25,44,153,233,24
LA LAGUNA,2026-06-12,NA,25,52,150,191,15
LA LAGUNA,2026-06-13,NA,28,59,156,205,19
LA LAGUNA,2026-06-14,NA,29,62,152,183,24
LA LAGUNA,2026-06-15,NA,27,56,115,109,21
LA LAGUNA,2026-06-16,NA,22,57,145,104,16
LA LAGUNA,2026-06-17,NA,26,62,173,124,20
LA LAGUNA,2026-06-18,NA,31,55,173,141,22
LA LAGUNA,2026-06-19,NA,30,49,169,143,21
LA LAGUNA,2026-06-20,NA,25,43,157,133,27
LA LAGUNA,2026-06-21,NA,21,46,151,130,35
LA LAGUNA,2026-06-22,NA,16,40,129,86,17
LA LAGUNA,2026-06-23,NA,14,34,130,120,28
LA LAGUNA,2026-06-24,NA,22,32,134,104,32
LA LAGUNA,2026-06-25,NA,24,29,109,100,38
LA LAGUNA,2026-06-26,NA,24,22,101,100,34
LA LAGUNA,2026-06-27,NA,12,5,75,93,37
LA LAGUNA,2026-06-28,NA,11,8,63,56,40
LA LAGUNA,2026-06-29,NA,11,6,39,37,18
LA LAGUNA,2026-06-30,NA,18,10,64,73,8
LA LAGUNA,2026-07-01,NA,18,14,96,66,16
LA LAGUNA,2026-07-02,NA,26,23,214,74,29
LA LAGUNA,2026-07-03,NA,31,25,216,97,37
LA LAGUNA,2026-07-04,NA,26,43,181,120,27
LA LAGUNA,2026-07-05,NA,31,45,129,123,36
LA LAGUNA,2026-07-06,NA,30,46,82,46,28
LA LAGUNA,2026-07-07,NA,23,44,127,113,39
LA LAGUNA,2026-07-08,NA,29,47,140,144,44
LA LAGUNA,2026-07-09,NA,21,45,132,144,52
LA LAGUNA,2026-07-10,NA,18,46,125,162,58
LA LAGUNA,2026-07-11,NA,16,50,101,210,62
LA LAGUNA,2026-07-12,NA,19,44,92,143,66
LA LAGUNA,2026-07-13,NA,16,46,66,94,49
LA LAGUNA,2026-07-14,NA,32,36,92,110,43
LA LAGUNA,2026-07-15,NA,30,34,133,129,53
LA LAGUNA,2026-07-16,NA,30,35,116,183,50
LA LAGUNA,2026-07-17,NA,30,41,106,192,60
LA LAGUNA,2026-07-18,NA,26,41,88,179,58
LA LAGUNA,2026-07-19,NA,25,29,87,156,58
LA LAGUNA,2026-07-20,NA,22,24,62,91,55
LA LAGUNA,2026-07-21,NA,19,17,105,89,57
LA LAGUNA,2026-07-22,NA,12,19,81,99,33
LA LAGUNA,2026-07-23,NA,9,19,57,97,25
LA LAGUNA,2026-07-24,NA,19,12,54,79,23
LA LAGUNA,2026-07-25,NA,14,9,56,97,23
LA LAGUNA,2026-07-26,NA,10,11,57,69,25
LA LAGUNA,2026-07-27,NA,8,9,49,44,13
LA LAGUNA,2026-07-28,NA,14,8,58,60,14
LA LAGUNA,2026-07-29,NA,15,8,57,69,18
LA LAGUNA,2026-07-30,NA,15,9,52,76,10
LA LAGUNA,2026-07-31,NA,12,9,66,98,10
LA LAGUNA,2026-08-01,2,17,10,61,89,14
LA LAGUNA,2026-08-02,3,12,15,69,75,10
LA LAGUNA,2026-08-03,1,8,9,51,54,6
LA LAGUNA,2026-08-04,1,10,11,64,68,14
LA LAGUNA,2026-08-05,3,13,15,76,80,9
LA LAGUNA,2026-08-06,2,15,17,84,96,10
LA LAGUNA,2026-08-07,1,16,20,109,113,11
LA LAGUNA,2026-08-08,1,14,21,91,117,16
LA LAGUNA,2026-08-09,6,13,27,64,115,8
LA LAGUNA,2026-08-10,6,11,25,50,70,8
LA LAGUNA,2026-08-11,5,13,14,56,70,13
LA LAGUNA,2026-08-12,NA,17,12,88,109,13
LA LAGUNA,2026-08-13,2,22,16,67,96,10
LA LAGUNA,2026-08-14,2,17,6,56,82,8
LA LAGUNA,2026-08-15,2,17,11,58,95,18
LA LAGUNA,2026-08-16,2,19,17,49,64,14
LA LAGUNA,2026-08-17,1,9,7,24,29,1
LA LAGUNA,2026-08-18,4,21,10,52,69,10
LA LAGUNA,2026-08-19,3,20,12,62,72,16
LA LAGUNA,2026-08-20,3,8,11,82,58,26
LA LAGUNA,2026-08-21,NA,13,9,52,62,22
LA LAGUNA,2026-08-22,1,13,7,60,61,22
LA LAGUNA,2026-08-23,NA,8,4,43,43,19
LA LAGUNA,2026-08-24,2,16,9,51,37,10
LEON,2025-08-24,NA,28,27,56,56,104
LEON,2025-08-25,NA,23,23,78,39,90
LEON,2025-08-26,NA,42,30,94,63,105
LEON,2025-08-27,NA,36,33,118,71,128
LEON,2025-08-28,NA,45,30,123,75,124
LEON,2025-08-29,NA,44,29,114,83,118
LEON,2025-08-30,NA,51,23,92,83,111
LEON,2025-08-31,NA,42,24,77,54,104
LEON,2025-09-01,NA,33,19,72,36,99
LEON,2025-09-02,NA,36,22,70,53,111
LEON,2025-09-03,NA,33,17,104,85,127
LEON,2025-09-04,NA,34,19,102,84,134
LEON,2025-09-05,NA,28,30,104,88,142
LEON,2025-09-06,NA,31,27,124,83,134
LEON,2025-09-07,NA,34,25,100,64,117
LEON,2025-09-08,NA,23,18,94,46,110
LEON,2025-09-09,NA,28,28,90,56,111
LEON,2025-09-10,NA,27,29,99,69,112
LEON,2025-09-11,NA,24,31,85,73,127
LEON,2025-09-12,NA,29,17,71,79,108
LEON,2025-09-13,NA,32,17,83,79,108
LEON,2025-09-14,NA,35,16,73,68,113
LEON,2025-09-15,NA,31,15,89,57,89
LEON,2025-09-16,NA,33,24,91,65,93
LEON,2025-09-17,NA,32,23,102,63,86
LEON,2025-09-18,NA,35,33,106,60,93
LEON,2025-09-19,NA,37,24,97,77,90
LEON,2025-09-20,NA,44,27,77,64,103
LEON,2025-09-21,NA,38,15,79,54,92
LEON,2025-09-22,NA,29,14,75,42,85
LEON,2025-09-23,NA,28,11,76,43,101
LEON,2025-09-24,NA,26,26,74,47,111
LEON,2025-09-25,NA,31,25,67,49,122
LEON,2025-09-26,NA,38,17,76,72,135
LEON,2025-09-27,NA,40,16,63,75,148
LEON,2025-09-28,NA,32,20,58,53,140
LEON,2025-09-29,NA,28,18,61,41,136
LEON,2025-09-30,NA,30,18,76,54,135
LEON,2025-10-01,NA,37,24,83,45,144
LEON,2025-10-02,NA,36,23,80,37,144
LEON,2025-10-03,NA,41,22,79,51,136
LEON,2025-10-04,NA,43,20,81,65,129
LEON,2025-10-05,NA,41,15,54,42,121
LEON,2025-10-06,NA,27,16,60,31,98
LEON,2025-10-07,NA,34,26,62,50,98
LEON,2025-10-08,NA,25,23,75,52,102
LEON,2025-10-09,NA,29,22,72,44,103
LEON,2025-10-10,NA,39,25,75,49,103
LEON,2025-10-11,NA,43,26,76,69,92
LEON,2025-10-12,NA,31,23,69,39,74
LEON,2025-10-13,NA,27,26,66,39,66
LEON,2025-10-14,NA,29,26,69,44,61
LEON,2025-10-15,NA,30,28,78,61,79
LEON,2025-10-16,NA,23,29,85,69,56
LEON,2025-10-17,NA,22,20,83,84,55
LEON,2025-10-18,NA,24,24,73,89,64
LEON,2025-10-19,NA,22,18,55,52,61
LEON,2025-10-20,NA,23,22,50,57,60
LEON,2025-10-21,NA,30,25,77,60,84
LEON,2025-10-22,NA,25,25,87,53,97
LEON,2025-10-23,NA,24,25,84,52,105
LEON,2025-10-24,NA,21,19,69,67,109
LEON,2025-10-25,NA,33,12,89,59,112
LEON,2025-10-26,NA,29,9,58,51,90
LEON,2025-10-27,NA,24,10,57,37,81
LEON,2025-10-28,NA,33,21,69,54,90
LEON,2025-10-29,NA,35,22,70,53,74
LEON,2025-10-30,NA,30,19,77,61,75
LEON,2025-10-31,NA,38,16,69,68,90
LEON,2025-11-01,NA,40,15,57,56,89
LEON,2025-11-02,NA,35,17,57,54,88
LEON,2025-11-03,NA,27,18,58,45,80
LEON,2025-11-04,NA,27,16,58,41,108
LEON,2025-11-05,NA,23,24,65,45,109
LEON,2025-11-06,NA,23,19,63,81,114
LEON,2025-11-07,NA,26,25,80,93,98
LEON,2025-11-08,NA,31,29,79,118,90
LEON,2025-11-09,NA,31,24,61,79,78
LEON,2025-11-10,NA,28,23,48,63,68
LEON,2025-11-11,NA,36,27,76,57,66
LEON,2025-11-12,NA,21,26,65,71,73
LEON,2025-11-13,NA,27,29,78,86,71
LEON,2025-11-14,NA,31,24,89,87,82
LEON,2025-11-15,NA,38,35,86,95,68
LEON,2025-11-16,NA,30,25,74,64,67
LEON,2025-11-17,NA,22,22,76,53,63
LEON,2025-11-18,NA,13,19,57,84,46
LEON,2025-11-19,NA,18,27,74,61,52
LEON,2025-11-20,NA,19,23,80,59,60
LEON,2025-11-21,NA,25,37,82,75,87
LEON,2025-11-22,NA,32,27,85,99,108
LEON,2025-11-23,NA,28,23,64,67,114
LEON,2025-11-24,NA,21,25,67,70,112
LEON,2025-11-25,NA,33,29,86,59,122
LEON,2025-11-26,NA,31,22,72,65,118
LEON,2025-11-27,NA,37,27,84,78,124
LEON,2025-11-28,NA,38,34,82,185,115
LEON,2025-11-29,NA,56,40,89,155,108
LEON,2025-11-30,NA,56,30,78,117,102
LEON,2025-12-01,NA,56,28,70,116,89
LEON,2025-12-02,NA,51,35,96,96,96
LEON,2025-12-03,NA,31,33,78,68,101
LEON,2025-12-04,NA,30,32,85,82,106
LEON,2025-12-05,NA,29,30,87,88,98
LEON,2025-12-06,NA,21,45,86,114,68
LEON,2025-12-07,NA,25,36,68,87,50
LEON,2025-12-08,NA,20,17,52,59,32
LEON,2025-12-09,NA,27,15,73,64,52
LEON,2025-12-10,NA,23,23,82,84,65
LEON,2025-12-11,NA,25,27,103,85,65
LEON,2025-12-12,NA,29,29,86,100,77
LEON,2025-12-13,NA,28,31,106,143,70
LEON,2025-12-14,NA,30,25,105,90,61
LEON,2025-12-15,NA,22,23,83,50,49
LEON,2025-12-16,NA,24,29,97,81,60
LEON,2025-12-17,NA,24,34,72,82,67
LEON,2025-12-18,NA,26,17,77,76,74
LEON,2025-12-19,NA,29,19,84,75,78
LEON,2025-12-20,NA,28,24,79,96,79
LEON,2025-12-21,NA,24,25,71,68,78
LEON,2025-12-22,NA,24,19,81,59,75
LEON,2025-12-23,NA,23,17,96,64,93
LEON,2025-12-24,NA,24,17,79,68,89
LEON,2025-12-25,NA,13,10,63,41,85
LEON,2025-12-26,NA,12,11,59,46,79
LEON,2025-12-27,NA,19,15,80,85,72
LEON,2025-12-28,NA,19,13,65,59,66
LEON,2025-12-29,NA,20,13,57,55,51
LEON,2025-12-30,NA,20,29,79,62,77
LEON,2025-12-31,NA,21,26,69,51,77
LEON,2026-01-01,NA,20,18,70,35,78
LEON,2026-01-02,NA,22,20,71,37,75
LEON,2026-01-03,NA,22,28,83,62,66
LEON,2026-01-04,NA,24,19,59,50,61
LEON,2026-01-05,NA,23,17,54,45,51
LEON,2026-01-06,NA,26,16,95,61,72
LEON,2026-01-07,NA,37,29,95,75,88
LEON,2026-01-08,NA,46,42,86,111,101
LEON,2026-01-09,NA,30,34,101,91,97
LEON,2026-01-10,NA,38,38,80,100,96
LEON,2026-01-11,NA,34,23,65,70,77
LEON,2026-01-12,NA,33,20,93,51,74
LEON,2026-01-13,NA,27,22,102,86,78
LEON,2026-01-14,NA,26,27,92,85,75
LEON,2026-01-15,NA,23,29,90,109,72
LEON,2026-01-16,NA,33,23,95,89,87
LEON,2026-01-17,NA,28,22,93,115,98
LEON,2026-01-18,NA,34,27,75,65,96
LEON,2026-01-19,NA,21,28,80,55,85
LEON,2026-01-20,NA,22,24,87,67,82
LEON,2026-01-21,NA,22,30,75,89,90
LEON,2026-01-22,NA,22,34,96,87,96
LEON,2026-01-23,NA,31,37,105,107,105
LEON,2026-01-24,NA,35,38,124,121,98
LEON,2026-01-25,NA,33,17,89,82,90
LEON,2026-01-26,NA,23,14,61,49,73
LEON,2026-01-27,NA,42,27,97,62,88
LEON,2026-01-28,NA,33,27,72,74,99
LEON,2026-01-29,NA,47,34,86,85,110
LEON,2026-01-30,NA,42,49,79,92,119
LEON,2026-01-31,NA,43,39,73,104,118
LEON,2026-02-01,NA,32,27,64,57,106
LEON,2026-02-02,NA,31,30,67,47,86
LEON,2026-02-03,NA,34,30,80,80,95
LEON,2026-02-04,NA,31,46,82,77,101
LEON,2026-02-05,NA,26,35,89,97,110
LEON,2026-02-06,NA,28,40,90,103,118
LEON,2026-02-07,NA,46,41,90,132,125
LEON,2026-02-08,NA,49,41,81,87,106
LEON,2026-02-09,NA,36,37,72,56,94
LEON,2026-02-10,NA,44,35,74,62,81
LEON,2026-02-11,NA,47,35,73,85,75
LEON,2026-02-12,NA,41,30,80,80,66
LEON,2026-02-13,NA,40,34,84,87,80
LEON,2026-02-14,NA,44,57,79,112,97
LEON,2026-02-15,NA,43,60,83,89,98
LEON,2026-02-16,NA,46,55,63,42,91
LEON,2026-02-17,NA,39,58,85,77,97
LEON,2026-02-18,NA,33,47,92,71,103
LEON,2026-02-19,NA,28,39,82,73,90
LEON,2026-02-20,NA,33,29,95,99,92
LEON,2026-02-21,NA,42,34,75,111,104
LEON,2026-02-22,NA,35,24,67,71,98
LEON,2026-02-23,NA,36,22,83,60,100
LEON,2026-02-24,NA,27,29,113,55,92
LEON,2026-02-25,NA,31,28,85,77,109
LEON,2026-02-26,NA,35,23,86,75,106
LEON,2026-02-27,NA,42,31,79,83,102
LEON,2026-02-28,NA,48,30,88,101,99
LEON,2026-03-01,NA,52,32,73,67,84
LEON,2026-03-02,NA,39,31,68,50,86
LEON,2026-03-03,NA,30,28,65,63,85
LEON,2026-03-04,NA,32,20,79,51,94
LEON,2026-03-05,NA,29,20,76,59,87
LEON,2026-03-06,NA,25,22,73,51,104
LEON,2026-03-07,NA,37,31,100,91,113
LEON,2026-03-08,NA,23,17,72,68,111
LEON,2026-03-09,NA,18,21,59,39,103
LEON,2026-03-10,NA,25,24,71,56,105
LEON,2026-03-11,NA,23,20,87,67,107
LEON,2026-03-12,NA,22,17,86,74,108
LEON,2026-03-13,NA,36,15,71,78,111
LEON,2026-03-14,NA,40,23,99,95,116
LEON,2026-03-15,NA,32,22,74,70,110
LEON,2026-03-16,NA,22,18,70,45,103
LEON,2026-03-17,NA,20,17,84,55,95
LEON,2026-03-18,NA,27,35,85,49,114
LEON,2026-03-19,NA,29,20,81,65,133
LEON,2026-03-20,NA,29,16,73,81,126
LEON,2026-03-21,NA,25,24,94,90,112
LEON,2026-03-22,NA,40,23,73,79,101
LEON,2026-03-23,NA,26,18,68,43,87
LEON,2026-03-24,NA,39,33,90,64,100
LEON,2026-03-25,NA,38,32,82,62,112
LEON,2026-03-26,NA,38,30,82,79,129
LEON,2026-03-27,NA,34,29,75,83,134
LEON,2026-03-28,NA,34,27,78,85,127
LEON,2026-03-29,NA,35,23,111,76,105
LEON,2026-03-30,NA,42,25,98,65,93
LEON,2026-03-31,NA,57,32,143,103,96
LEON,2026-04-01,NA,83,46,139,70,93
LEON,2026-04-02,NA,89,56,140,97,96
LEON,2026-04-03,NA,71,66,127,89,93
LEON,2026-04-04,NA,39,53,97,43,86
LEON,2026-04-05,NA,18,26,114,40,82
LEON,2026-04-06,NA,19,23,106,39,72
LEON,2026-04-07,NA,21,26,143,72,84
LEON,2026-04-08,NA,37,41,165,84,107
LEON,2026-04-09,NA,53,51,142,128,135
LEON,2026-04-10,NA,70,55,116,102,138
LEON,2026-04-11,NA,76,59,123,110,137
LEON,2026-04-12,NA,60,56,89,67,113
LEON,2026-04-13,NA,34,40,99,64,101
LEON,2026-04-14,NA,22,46,124,74,106
LEON,2026-04-15,NA,21,46,117,67,125
LEON,2026-04-16,NA,32,49,94,82,143
LEON,2026-04-17,NA,35,53,106,86,140
LEON,2026-04-18,NA,44,55,108,84,137
LEON,2026-04-19,NA,36,39,97,53,134
LEON,2026-04-20,NA,28,34,90,46,124
LEON,2026-04-21,NA,28,30,113,49,126
LEON,2026-04-22,NA,26,30,115,54,136
LEON,2026-04-23,NA,26,29,109,62,138
LEON,2026-04-24,NA,23,36,101,73,139
LEON,2026-04-25,NA,31,36,100,103,133
LEON,2026-04-26,NA,19,31,83,66,122
LEON,2026-04-27,NA,15,23,72,45,111
LEON,2026-04-28,NA,23,24,102,65,97
LEON,2026-04-29,NA,26,29,132,73,107
LEON,2026-04-30,NA,38,31,151,70,103
LEON,2026-05-01,NA,39,36,131,71,104
LEON,2026-05-02,NA,45,28,115,77,97
LEON,2026-05-03,NA,50,34,107,64,97
LEON,2026-05-04,NA,40,28,115,39,83
LEON,2026-05-05,NA,32,35,104,46,99
LEON,2026-05-06,NA,28,33,103,60,111
LEON,2026-05-07,NA,29,29,87,63,78
LEON,2026-05-08,NA,36,37,98,59,91
LEON,2026-05-09,NA,38,35,110,85,93
LEON,2026-05-10,NA,37,27,88,46,89
LEON,2026-05-11,NA,30,28,82,23,86
LEON,2026-05-12,NA,33,32,96,44,77
LEON,2026-05-13,NA,25,35,126,56,88
LEON,2026-05-14,NA,34,32,135,59,94
LEON,2026-05-15,NA,41,43,143,82,104
LEON,2026-05-16,NA,45,39,122,111,99
LEON,2026-05-17,NA,31,39,93,70,96
LEON,2026-05-18,NA,29,37,97,43,80
LEON,2026-05-19,NA,30,45,103,64,83
LEON,2026-05-20,NA,29,35,117,67,98
LEON,2026-05-21,NA,23,40,112,73,114
LEON,2026-05-22,NA,24,45,130,94,128
LEON,2026-05-23,NA,38,40,145,88,137
LEON,2026-05-24,NA,36,44,97,73,112
LEON,2026-05-25,NA,40,51,104,50,104
LEON,2026-05-26,NA,40,59,94,68,93
LEON,2026-05-27,NA,49,45,101,75,97
LEON,2026-05-28,NA,44,37,97,97,100
LEON,2026-05-29,NA,43,30,114,91,109
LEON,2026-05-30,NA,52,27,113,110,106
LEON,2026-05-31,NA,32,24,117,83,91
LEON,2026-06-01,NA,29,21,123,43,87
LEON,2026-06-02,NA,36,26,150,83,96
LEON,2026-06-03,NA,45,37,164,77,114
LEON,2026-06-04,NA,48,45,159,88,123
LEON,2026-06-05,NA,38,58,153,79,141
LEON,2026-06-06,NA,54,67,140,107,140
LEON,2026-06-07,NA,41,67,172,102,123
LEON,2026-06-08,NA,50,83,176,67,113
LEON,2026-06-09,NA,46,100,167,138,99
LEON,2026-06-10,NA,43,110,190,142,91
LEON,2026-06-11,NA,42,127,167,157,100
LEON,2026-06-12,NA,54,147,138,133,104
LEON,2026-06-13,NA,62,153,164,138,108
LEON,2026-06-14,NA,75,160,120,71,112
LEON,2026-06-15,NA,49,157,186,49,115
LEON,2026-06-16,NA,44,153,180,124,118
LEON,2026-06-17,NA,40,130,225,113,121
LEON,2026-06-18,NA,41,140,174,120,116
LEON,2026-06-19,NA,35,152,183,115,105
LEON,2026-06-20,NA,49,168,188,90,97
LEON,2026-06-21,NA,41,149,182,57,91
LEON,2026-06-22,NA,33,139,163,52,92
LEON,2026-06-23,NA,33,137,153,78,81
LEON,2026-06-24,NA,38,88,177,59,73
LEON,2026-06-25,NA,36,61,136,57,54
LEON,2026-06-26,NA,30,40,101,75,58
LEON,2026-06-27,NA,33,38,115,87,67
LEON,2026-06-28,NA,32,32,134,62,54
LEON,2026-06-29,NA,29,39,141,58,49
LEON,2026-06-30,NA,38,40,137,84,59
LEON,2026-07-01,NA,37,45,144,60,47
LEON,2026-07-02,NA,34,42,146,80,58
LEON,2026-07-03,NA,43,47,141,99,76
LEON,2026-07-04,NA,49,43,146,75,77
LEON,2026-07-05,NA,41,40,156,72,62
LEON,2026-07-06,NA,45,40,110,49,57
LEON,2026-07-07,NA,40,46,116,66,63
LEON,2026-07-08,NA,45,36,130,68,64
LEON,2026-07-09,NA,41,32,114,82,58
LEON,2026-07-10,NA,48,36,146,86,55
LEON,2026-07-11,NA,43,39,128,96,55
LEON,2026-07-12,NA,40,43,164,72,60
LEON,2026-07-13,NA,33,38,147,42,59
LEON,2026-07-14,NA,40,55,126,76,61
LEON,2026-07-15,NA,36,42,123,110,59
LEON,2026-07-16,NA,33,39,109,101,63
LEON,2026-07-17,NA,34,41,78,95,80
LEON,2026-07-18,NA,27,24,95,97,50
LEON,2026-07-19,NA,13,25,92,60,29
LEON,2026-07-20,NA,18,29,80,43,23
LEON,2026-07-21,NA,28,26,105,56,44
LEON,2026-07-22,NA,28,30,93,69,58
LEON,2026-07-23,NA,31,25,82,67,50
LEON,2026-07-24,NA,28,38,92,70,45
LEON,2026-07-25,NA,35,30,102,89,51
LEON,2026-07-26,NA,25,19,81,52,39
LEON,2026-07-27,NA,23,19,85,47,41
LEON,2026-07-28,NA,33,29,105,56,64
LEON,2026-07-29,NA,36,33,103,70,58
LEON,2026-07-30,NA,31,34,96,82,60
LEON,2026-07-31,NA,36,43,116,95,70
LEON,2026-08-01,16,43,29,127,86,74
LEON,2026-08-02,15,42,29,116,84,68
LEON,2026-08-03,11,35,29,105,46,60
LEON,2026-08-04,9,33,37,110,47,63
LEON,2026-08-05,9,30,34,100,67,57
LEON,2026-08-06,16,37,36,120,86,49
LEON,2026-08-07,15,42,34,128,87,49
LEON,2026-08-08,20,45,36,124,97,57
LEON,2026-08-09,12,39,42,121,87,46
LEON,2026-08-10,15,36,33,110,60,35
LEON,2026-08-11,8,48,31,133,69,44
LEON,2026-08-12,8,41,44,128,88,47
LEON,2026-08-13,7,47,37,128,92,60
LEON,2026-08-14,11,57,47,137,104,54
LEON,2026-08-15,14,61,54,142,114,55
LEON,2026-08-16,18,55,56,116,102,51
LEON,2026-08-17,18,45,59,112,55,44
LEON,2026-08-18,18,38,58,124,109,53
LEON,2026-08-19,18,36,54,96,127,50
LEON,2026-08-20,11,34,53,144,89,49
LEON,2026-08-21,16,33,49,160,103,66
LEON,2026-08-22,19,46,54,170,126,51
LEON,2026-08-23,20,56,59,104,95,42
LEON,2026-08-24,16,62,57,88,58,43
LOS MOCHIS,2025-08-24,NA,3,NA,7,6,7
LOS MOCHIS,2025-08-25,NA,2,NA,12,6,6
LOS MOCHIS,2025-08-26,NA,2,1,23,7,8
LOS MOCHIS,2025-08-27,NA,6,4,27,8,5
LOS MOCHIS,2025-08-28,NA,6,4,20,12,5
LOS MOCHIS,2025-08-29,NA,8,5,25,18,8
LOS MOCHIS,2025-08-30,NA,8,3,17,10,8
LOS MOCHIS,2025-08-31,NA,7,3,10,15,8
LOS MOCHIS,2025-09-01,NA,7,1,13,14,4
LOS MOCHIS,2025-09-02,NA,9,3,22,14,9
LOS MOCHIS,2025-09-03,NA,9,5,23,18,10
LOS MOCHIS,2025-09-04,NA,8,4,12,12,12
LOS MOCHIS,2025-09-05,NA,4,3,8,5,13
LOS MOCHIS,2025-09-06,NA,8,3,28,8,12
LOS MOCHIS,2025-09-07,NA,11,3,35,9,7
LOS MOCHIS,2025-09-08,NA,8,3,19,4,10
LOS MOCHIS,2025-09-09,NA,2,2,17,8,16
LOS MOCHIS,2025-09-10,NA,1,2,10,13,11
LOS MOCHIS,2025-09-11,NA,1,2,17,10,3
LOS MOCHIS,2025-09-12,NA,4,3,23,11,8
LOS MOCHIS,2025-09-13,NA,5,3,19,10,11
LOS MOCHIS,2025-09-14,NA,4,1,12,16,10
LOS MOCHIS,2025-09-15,NA,3,1,12,8,7
LOS MOCHIS,2025-09-16,NA,3,NA,18,5,6
LOS MOCHIS,2025-09-17,NA,6,3,31,14,6
LOS MOCHIS,2025-09-18,NA,8,3,27,3,11
LOS MOCHIS,2025-09-19,NA,5,2,12,13,11
LOS MOCHIS,2025-09-20,NA,3,2,8,2,2
LOS MOCHIS,2025-09-21,NA,1,2,8,5,1
LOS MOCHIS,2025-09-22,NA,1,1,11,3,2
LOS MOCHIS,2025-09-23,NA,1,1,5,4,5
LOS MOCHIS,2025-09-24,NA,3,2,13,7,6
LOS MOCHIS,2025-09-25,NA,1,1,15,5,4
LOS MOCHIS,2025-09-26,NA,NA,NA,9,7,3
LOS MOCHIS,2025-09-27,NA,NA,1,16,10,3
LOS MOCHIS,2025-09-28,NA,NA,3,12,4,2
LOS MOCHIS,2025-09-29,NA,2,NA,4,3,1
LOS MOCHIS,2025-09-30,NA,4,NA,6,4,1
LOS MOCHIS,2025-10-01,NA,2,1,9,7,NA
LOS MOCHIS,2025-10-02,NA,NA,1,7,8,4
LOS MOCHIS,2025-10-03,NA,1,1,6,9,1
LOS MOCHIS,2025-10-04,NA,4,1,7,10,2
LOS MOCHIS,2025-10-05,NA,2,3,1,2,3
LOS MOCHIS,2025-10-06,NA,1,3,12,4,4
LOS MOCHIS,2025-10-07,NA,1,2,7,4,6
LOS MOCHIS,2025-10-08,NA,2,NA,5,3,4
LOS MOCHIS,2025-10-09,NA,1,1,8,6,4
LOS MOCHIS,2025-10-10,NA,NA,1,7,9,1
LOS MOCHIS,2025-10-11,NA,2,3,7,7,3
LOS MOCHIS,2025-10-12,NA,1,2,7,4,2
LOS MOCHIS,2025-10-13,NA,1,2,17,5,2
LOS MOCHIS,2025-10-14,NA,1,3,27,4,1
LOS MOCHIS,2025-10-15,NA,2,1,14,7,5
LOS MOCHIS,2025-10-16,NA,2,1,15,7,10
LOS MOCHIS,2025-10-17,NA,2,4,16,11,10
LOS MOCHIS,2025-10-18,NA,NA,4,13,10,11
LOS MOCHIS,2025-10-19,NA,3,1,10,8,7
LOS MOCHIS,2025-10-20,NA,3,1,6,5,6
LOS MOCHIS,2025-10-21,NA,2,2,14,6,6
LOS MOCHIS,2025-10-22,NA,4,1,11,9,2
LOS MOCHIS,2025-10-23,NA,7,2,7,6,1
LOS MOCHIS,2025-10-24,NA,1,NA,12,6,2
LOS MOCHIS,2025-10-25,NA,4,2,8,9,6
LOS MOCHIS,2025-10-26,NA,2,NA,9,5,5
LOS MOCHIS,2025-10-27,NA,3,NA,6,14,6
LOS MOCHIS,2025-10-28,NA,3,1,14,6,5
LOS MOCHIS,2025-10-29,NA,2,2,9,3,7
LOS MOCHIS,2025-10-30,NA,1,1,11,6,5
LOS MOCHIS,2025-10-31,NA,5,1,12,1,5
LOS MOCHIS,2025-11-01,NA,2,1,5,7,4
LOS MOCHIS,2025-11-02,NA,2,2,10,6,3
LOS MOCHIS,2025-11-03,NA,4,2,12,4,5
LOS MOCHIS,2025-11-04,NA,4,3,15,5,5
LOS MOCHIS,2025-11-05,NA,4,4,12,5,8
LOS MOCHIS,2025-11-06,NA,2,3,8,6,8
LOS MOCHIS,2025-11-07,NA,2,1,13,6,13
LOS MOCHIS,2025-11-08,NA,3,1,8,9,6
LOS MOCHIS,2025-11-09,NA,3,NA,7,7,8
LOS MOCHIS,2025-11-10,NA,2,1,5,3,3
LOS MOCHIS,2025-11-11,NA,3,1,8,7,3
LOS MOCHIS,2025-11-12,NA,7,2,12,3,8
LOS MOCHIS,2025-11-13,NA,4,2,10,7,12
LOS MOCHIS,2025-11-14,NA,3,NA,8,8,6
LOS MOCHIS,2025-11-15,NA,6,1,10,9,7
LOS MOCHIS,2025-11-16,NA,1,1,7,4,5
LOS MOCHIS,2025-11-17,NA,NA,2,12,6,3
LOS MOCHIS,2025-11-18,NA,3,NA,7,10,5
LOS MOCHIS,2025-11-19,NA,2,1,10,12,5
LOS MOCHIS,2025-11-20,NA,5,1,12,8,6
LOS MOCHIS,2025-11-21,NA,5,3,5,9,13
LOS MOCHIS,2025-11-22,NA,1,4,10,9,8
LOS MOCHIS,2025-11-23,NA,1,2,7,4,5
LOS MOCHIS,2025-11-24,NA,2,2,1,3,2
LOS MOCHIS,2025-11-25,NA,2,2,6,8,4
LOS MOCHIS,2025-11-26,NA,NA,1,5,5,2
LOS MOCHIS,2025-11-27,NA,3,NA,10,7,5
LOS MOCHIS,2025-11-28,NA,1,NA,8,6,6
LOS MOCHIS,2025-11-29,NA,1,NA,7,7,7
LOS MOCHIS,2025-11-30,NA,NA,1,8,5,5
LOS MOCHIS,2025-12-01,NA,4,2,7,7,2
LOS MOCHIS,2025-12-02,NA,3,NA,8,5,4
LOS MOCHIS,2025-12-03,NA,NA,2,5,7,5
LOS MOCHIS,2025-12-04,NA,1,1,7,10,4
LOS MOCHIS,2025-12-05,NA,2,2,8,20,7
LOS MOCHIS,2025-12-06,NA,2,4,6,23,7
LOS MOCHIS,2025-12-07,NA,2,3,19,37,10
LOS MOCHIS,2025-12-08,NA,4,2,7,21,9
LOS MOCHIS,2025-12-09,NA,7,5,17,27,15
LOS MOCHIS,2025-12-10,NA,8,2,22,33,11
LOS MOCHIS,2025-12-11,NA,7,4,26,28,7
LOS MOCHIS,2025-12-12,NA,1,5,28,20,6
LOS MOCHIS,2025-12-13,NA,3,6,29,31,6
LOS MOCHIS,2025-12-14,NA,1,7,23,24,9
LOS MOCHIS,2025-12-15,NA,2,3,13,19,11
LOS MOCHIS,2025-12-16,NA,3,6,14,39,14
LOS MOCHIS,2025-12-17,NA,4,3,32,26,15
LOS MOCHIS,2025-12-18,NA,5,4,30,28,18
LOS MOCHIS,2025-12-19,NA,3,4,15,30,21
LOS MOCHIS,2025-12-20,NA,3,5,21,27,13
LOS MOCHIS,2025-12-21,NA,2,3,21,22,8
LOS MOCHIS,2025-12-22,NA,3,NA,10,22,5
LOS MOCHIS,2025-12-23,NA,4,NA,15,21,7
LOS MOCHIS,2025-12-24,NA,4,NA,15,22,9
LOS MOCHIS,2025-12-25,NA,2,NA,8,16,6
LOS MOCHIS,2025-12-26,NA,2,1,8,11,7
LOS MOCHIS,2025-12-27,NA,3,NA,20,19,7
LOS MOCHIS,2025-12-28,NA,5,1,8,20,7
LOS MOCHIS,2025-12-29,NA,4,1,7,9,6
LOS MOCHIS,2025-12-30,NA,5,1,6,14,8
LOS MOCHIS,2025-12-31,NA,1,2,7,18,5
LOS MOCHIS,2026-01-01,NA,1,1,7,5,6
LOS MOCHIS,2026-01-02,NA,1,1,10,5,5
LOS MOCHIS,2026-01-03,NA,1,2,11,9,5
LOS MOCHIS,2026-01-04,NA,3,NA,7,14,5
LOS MOCHIS,2026-01-05,NA,NA,1,6,6,3
LOS MOCHIS,2026-01-06,NA,3,4,9,14,4
LOS MOCHIS,2026-01-07,NA,2,1,9,18,5
LOS MOCHIS,2026-01-08,NA,2,NA,13,31,11
LOS MOCHIS,2026-01-09,NA,3,4,11,36,11
LOS MOCHIS,2026-01-10,NA,5,6,11,34,13
LOS MOCHIS,2026-01-11,NA,6,1,7,21,8
LOS MOCHIS,2026-01-12,NA,5,1,10,17,9
LOS MOCHIS,2026-01-13,NA,3,1,10,24,5
LOS MOCHIS,2026-01-14,NA,5,2,11,27,6
LOS MOCHIS,2026-01-15,NA,4,3,19,28,7
LOS MOCHIS,2026-01-16,NA,1,4,21,26,13
LOS MOCHIS,2026-01-17,NA,2,6,17,29,11
LOS MOCHIS,2026-01-18,NA,2,6,17,21,10
LOS MOCHIS,2026-01-19,NA,3,4,14,13,10
LOS MOCHIS,2026-01-20,NA,5,3,11,23,9
LOS MOCHIS,2026-01-21,NA,2,2,4,28,9
LOS MOCHIS,2026-01-22,NA,4,5,9,29,9
LOS MOCHIS,2026-01-23,NA,5,6,9,19,6
LOS MOCHIS,2026-01-24,NA,6,5,11,28,9
LOS MOCHIS,2026-01-25,NA,4,4,17,17,9
LOS MOCHIS,2026-01-26,NA,3,3,6,15,9
LOS MOCHIS,2026-01-27,NA,2,4,13,17,7
LOS MOCHIS,2026-01-28,NA,4,4,11,29,9
LOS MOCHIS,2026-01-29,NA,2,4,12,24,15
LOS MOCHIS,2026-01-30,NA,3,5,21,22,6
LOS MOCHIS,2026-01-31,NA,8,4,24,31,11
LOS MOCHIS,2026-02-01,NA,9,1,20,21,10
LOS MOCHIS,2026-02-02,NA,9,2,10,7,6
LOS MOCHIS,2026-02-03,NA,6,3,8,17,8
LOS MOCHIS,2026-02-04,NA,6,3,5,18,16
LOS MOCHIS,2026-02-05,NA,5,7,11,17,14
LOS MOCHIS,2026-02-06,NA,3,5,4,32,10
LOS MOCHIS,2026-02-07,NA,8,2,16,31,13
LOS MOCHIS,2026-02-08,NA,5,2,9,24,18
LOS MOCHIS,2026-02-09,NA,5,1,7,18,16
LOS MOCHIS,2026-02-10,NA,4,1,7,16,18
LOS MOCHIS,2026-02-11,NA,6,6,7,20,14
LOS MOCHIS,2026-02-12,NA,6,3,7,17,12
LOS MOCHIS,2026-02-13,NA,6,1,10,20,6
LOS MOCHIS,2026-02-14,NA,3,3,4,25,2
LOS MOCHIS,2026-02-15,NA,3,2,10,21,5
LOS MOCHIS,2026-02-16,NA,2,3,5,16,7
LOS MOCHIS,2026-02-17,NA,NA,1,11,33,9
LOS MOCHIS,2026-02-18,NA,1,3,5,24,14
LOS MOCHIS,2026-02-19,NA,3,3,8,18,15
LOS MOCHIS,2026-02-20,NA,2,4,7,17,12
LOS MOCHIS,2026-02-21,NA,1,NA,6,14,6
LOS MOCHIS,2026-02-22,NA,1,NA,4,14,6
LOS MOCHIS,2026-02-23,NA,NA,1,7,10,5
LOS MOCHIS,2026-02-24,NA,3,1,7,16,11
LOS MOCHIS,2026-02-25,NA,3,1,5,7,12
LOS MOCHIS,2026-02-26,NA,5,2,11,12,10
LOS MOCHIS,2026-02-27,NA,4,2,7,16,13
LOS MOCHIS,2026-02-28,NA,5,4,5,15,9
LOS MOCHIS,2026-03-01,NA,3,1,11,20,8
LOS MOCHIS,2026-03-02,NA,2,1,3,12,4
LOS MOCHIS,2026-03-03,NA,4,2,7,11,8
LOS MOCHIS,2026-03-04,NA,4,6,12,21,7
LOS MOCHIS,2026-03-05,NA,4,3,10,24,10
LOS MOCHIS,2026-03-06,NA,4,3,9,21,11
LOS MOCHIS,2026-03-07,NA,6,5,8,17,11
LOS MOCHIS,2026-03-08,NA,2,4,10,25,10
LOS MOCHIS,2026-03-09,NA,1,3,9,10,7
LOS MOCHIS,2026-03-10,NA,1,2,8,17,8
LOS MOCHIS,2026-03-11,NA,2,1,12,17,9
LOS MOCHIS,2026-03-12,NA,1,3,14,14,13
LOS MOCHIS,2026-03-13,NA,NA,3,10,11,11
LOS MOCHIS,2026-03-14,NA,NA,1,5,9,10
LOS MOCHIS,2026-03-15,NA,1,1,5,11,13
LOS MOCHIS,2026-03-16,NA,1,1,6,7,10
LOS MOCHIS,2026-03-17,NA,2,NA,9,1,9
LOS MOCHIS,2026-03-18,NA,5,3,13,11,10
LOS MOCHIS,2026-03-19,NA,3,1,8,13,8
LOS MOCHIS,2026-03-20,NA,6,2,9,13,6
LOS MOCHIS,2026-03-21,NA,4,2,10,13,9
LOS MOCHIS,2026-03-22,NA,3,2,8,11,5
LOS MOCHIS,2026-03-23,NA,1,4,9,7,3
LOS MOCHIS,2026-03-24,NA,NA,3,6,13,11
LOS MOCHIS,2026-03-25,NA,3,6,14,16,9
LOS MOCHIS,2026-03-26,NA,4,4,10,14,6
LOS MOCHIS,2026-03-27,NA,1,2,7,13,7
LOS MOCHIS,2026-03-28,NA,3,2,7,9,8
LOS MOCHIS,2026-03-29,NA,NA,1,16,15,5
LOS MOCHIS,2026-03-30,NA,1,NA,8,8,2
LOS MOCHIS,2026-03-31,NA,2,2,6,13,6
LOS MOCHIS,2026-04-01,NA,2,1,9,19,7
LOS MOCHIS,2026-04-02,NA,2,NA,9,17,6
LOS MOCHIS,2026-04-03,NA,2,NA,8,15,8
LOS MOCHIS,2026-04-04,NA,4,2,7,14,7
LOS MOCHIS,2026-04-05,NA,6,1,9,9,8
LOS MOCHIS,2026-04-06,NA,4,1,9,12,7
LOS MOCHIS,2026-04-07,NA,4,1,17,15,3
LOS MOCHIS,2026-04-08,NA,5,5,23,20,7
LOS MOCHIS,2026-04-09,NA,6,3,19,20,9
LOS MOCHIS,2026-04-10,NA,7,4,28,28,16
LOS MOCHIS,2026-04-11,NA,6,6,22,28,22
LOS MOCHIS,2026-04-12,NA,9,8,22,30,21
LOS MOCHIS,2026-04-13,NA,5,5,15,14,17
LOS MOCHIS,2026-04-14,NA,5,5,24,16,17
LOS MOCHIS,2026-04-15,NA,3,6,22,21,15
LOS MOCHIS,2026-04-16,NA,4,4,15,15,12
LOS MOCHIS,2026-04-17,NA,4,4,8,18,8
LOS MOCHIS,2026-04-18,NA,4,6,6,19,8
LOS MOCHIS,2026-04-19,NA,2,3,9,14,7
LOS MOCHIS,2026-04-20,NA,4,1,9,6,10
LOS MOCHIS,2026-04-21,NA,2,NA,7,9,8
LOS MOCHIS,2026-04-22,NA,5,1,13,17,10
LOS MOCHIS,2026-04-23,NA,5,4,15,13,7
LOS MOCHIS,2026-04-24,NA,4,3,13,10,10
LOS MOCHIS,2026-04-25,NA,4,5,10,13,10
LOS MOCHIS,2026-04-26,NA,3,4,5,9,7
LOS MOCHIS,2026-04-27,NA,4,2,8,7,5
LOS MOCHIS,2026-04-28,NA,2,3,7,7,8
LOS MOCHIS,2026-04-29,NA,2,4,15,11,6
LOS MOCHIS,2026-04-30,NA,1,3,9,16,5
LOS MOCHIS,2026-05-01,NA,5,3,12,8,7
LOS MOCHIS,2026-05-02,NA,7,2,10,7,4
LOS MOCHIS,2026-05-03,NA,5,4,8,6,6
LOS MOCHIS,2026-05-04,NA,3,2,3,3,6
LOS MOCHIS,2026-05-05,NA,8,2,11,20,9
LOS MOCHIS,2026-05-06,NA,3,2,18,7,12
LOS MOCHIS,2026-05-07,NA,2,2,14,15,12
LOS MOCHIS,2026-05-08,NA,3,3,16,19,18
LOS MOCHIS,2026-05-09,NA,3,3,12,11,15
LOS MOCHIS,2026-05-10,NA,2,3,9,17,14
LOS MOCHIS,2026-05-11,NA,1,2,9,14,12
LOS MOCHIS,2026-05-12,NA,4,1,8,12,9
LOS MOCHIS,2026-05-13,NA,6,1,4,22,12
LOS MOCHIS,2026-05-14,NA,7,1,6,16,9
LOS MOCHIS,2026-05-15,NA,4,2,12,11,10
LOS MOCHIS,2026-05-16,NA,3,5,16,14,10
LOS MOCHIS,2026-05-17,NA,3,6,20,12,14
LOS MOCHIS,2026-05-18,NA,1,2,10,6,9
LOS MOCHIS,2026-05-19,NA,5,5,10,13,12
LOS MOCHIS,2026-05-20,NA,5,3,12,8,14
LOS MOCHIS,2026-05-21,NA,4,2,4,10,16
LOS MOCHIS,2026-05-22,NA,3,1,7,18,14
LOS MOCHIS,2026-05-23,NA,4,3,15,16,16
LOS MOCHIS,2026-05-24,NA,3,1,16,15,11
LOS MOCHIS,2026-05-25,NA,3,1,7,9,10
LOS MOCHIS,2026-05-26,NA,4,6,8,12,14
LOS MOCHIS,2026-05-27,NA,2,3,8,7,15
LOS MOCHIS,2026-05-28,NA,4,3,12,7,16
LOS MOCHIS,2026-05-29,NA,3,1,10,10,13
LOS MOCHIS,2026-05-30,NA,3,3,14,9,13
LOS MOCHIS,2026-05-31,NA,3,3,17,6,14
LOS MOCHIS,2026-06-01,NA,1,2,5,4,10
LOS MOCHIS,2026-06-02,NA,1,1,15,9,8
LOS MOCHIS,2026-06-03,NA,3,3,19,5,11
LOS MOCHIS,2026-06-04,NA,3,4,28,12,14
LOS MOCHIS,2026-06-05,NA,2,5,31,14,15
LOS MOCHIS,2026-06-06,NA,3,3,20,14,17
LOS MOCHIS,2026-06-07,NA,4,2,10,15,14
LOS MOCHIS,2026-06-08,NA,4,2,15,7,12
LOS MOCHIS,2026-06-09,NA,7,1,27,6,24
LOS MOCHIS,2026-06-10,NA,5,1,23,8,25
LOS MOCHIS,2026-06-11,NA,6,5,35,7,28
LOS MOCHIS,2026-06-12,NA,2,6,34,10,22
LOS MOCHIS,2026-06-13,NA,4,5,37,14,19
LOS MOCHIS,2026-06-14,NA,5,4,35,9,21
LOS MOCHIS,2026-06-15,NA,7,3,20,5,19
LOS MOCHIS,2026-06-16,NA,6,2,30,13,22
LOS MOCHIS,2026-06-17,NA,7,3,45,15,27
LOS MOCHIS,2026-06-18,NA,8,4,35,11,43
LOS MOCHIS,2026-06-19,NA,12,7,33,9,27
LOS MOCHIS,2026-06-20,NA,10,9,54,10,41
LOS MOCHIS,2026-06-21,NA,9,7,24,10,21
LOS MOCHIS,2026-06-22,NA,10,6,33,3,23
LOS MOCHIS,2026-06-23,NA,6,10,40,6,24
LOS MOCHIS,2026-06-24,NA,5,6,34,6,34
LOS MOCHIS,2026-06-25,NA,5,4,25,4,41
LOS MOCHIS,2026-06-26,NA,6,4,10,6,43
LOS MOCHIS,2026-06-27,NA,5,6,38,5,56
LOS MOCHIS,2026-06-28,NA,5,5,67,5,56
LOS MOCHIS,2026-06-29,NA,5,6,40,4,43
LOS MOCHIS,2026-06-30,NA,5,3,42,4,45
LOS MOCHIS,2026-07-01,NA,7,6,38,3,51
LOS MOCHIS,2026-07-02,NA,10,4,59,10,58
LOS MOCHIS,2026-07-03,NA,7,6,27,11,60
LOS MOCHIS,2026-07-04,NA,6,9,40,7,58
LOS MOCHIS,2026-07-05,NA,2,7,26,4,40
LOS MOCHIS,2026-07-06,NA,5,8,30,5,33
LOS MOCHIS,2026-07-07,NA,9,7,37,13,37
LOS MOCHIS,2026-07-08,NA,9,10,24,12,43
LOS MOCHIS,2026-07-09,NA,7,6,23,6,42
LOS MOCHIS,2026-07-10,NA,5,6,21,17,36
LOS MOCHIS,2026-07-11,NA,5,4,29,9,38
LOS MOCHIS,2026-07-12,NA,5,3,38,5,30
LOS MOCHIS,2026-07-13,NA,7,3,19,6,21
LOS MOCHIS,2026-07-14,NA,5,4,27,11,21
LOS MOCHIS,2026-07-15,NA,3,3,46,9,33
LOS MOCHIS,2026-07-16,NA,5,3,38,15,38
LOS MOCHIS,2026-07-17,NA,4,7,42,23,34
LOS MOCHIS,2026-07-18,NA,5,8,38,24,31
LOS MOCHIS,2026-07-19,NA,6,6,21,19,32
LOS MOCHIS,2026-07-20,NA,2,5,20,10,27
LOS MOCHIS,2026-07-21,NA,6,7,40,8,17
LOS MOCHIS,2026-07-22,NA,6,7,40,10,29
LOS MOCHIS,2026-07-23,NA,4,5,43,14,21
LOS MOCHIS,2026-07-24,NA,6,6,40,11,25
LOS MOCHIS,2026-07-25,NA,6,5,23,9,28
LOS MOCHIS,2026-07-26,NA,5,1,34,10,25
LOS MOCHIS,2026-07-27,NA,3,NA,6,3,13
LOS MOCHIS,2026-07-28,NA,3,NA,13,7,22
LOS MOCHIS,2026-07-29,NA,4,NA,11,5,19
LOS MOCHIS,2026-07-30,NA,4,2,10,10,21
LOS MOCHIS,2026-07-31,NA,7,4,18,12,26
LOS MOCHIS,2026-08-01,1,8,6,23,13,26
LOS MOCHIS,2026-08-02,1,7,4,19,14,26
LOS MOCHIS,2026-08-03,1,7,5,22,6,22
LOS MOCHIS,2026-08-04,1,4,8,36,13,19
LOS MOCHIS,2026-08-05,1,8,9,48,11,23
LOS MOCHIS,2026-08-06,1,8,7,47,15,27
LOS MOCHIS,2026-08-07,3,9,7,53,24,28
LOS MOCHIS,2026-08-08,4,13,9,52,16,26
LOS MOCHIS,2026-08-09,3,11,9,47,16,21
LOS MOCHIS,2026-08-10,2,9,6,42,11,19
LOS MOCHIS,2026-08-11,1,6,8,52,8,20
LOS MOCHIS,2026-08-12,1,7,9,59,19,21
LOS MOCHIS,2026-08-13,1,10,7,65,12,25
LOS MOCHIS,2026-08-14,1,9,9,51,11,23
LOS MOCHIS,2026-08-15,1,12,7,34,16,29
LOS MOCHIS,2026-08-16,2,10,8,26,6,28
LOS MOCHIS,2026-08-17,1,9,4,13,8,22
LOS MOCHIS,2026-08-18,1,7,4,22,9,22
LOS MOCHIS,2026-08-19,1,6,2,24,4,26
LOS MOCHIS,2026-08-20,1,9,3,30,7,33
LOS MOCHIS,2026-08-21,2,6,1,24,9,32
LOS MOCHIS,2026-08-22,4,6,NA,25,13,33
LOS MOCHIS,2026-08-23,4,6,NA,26,14,28
LOS MOCHIS,2026-08-24,3,5,1,15,13,18
MATAMOROS,2025-08-24,NA,14,1,26,22,6
MATAMOROS,2025-08-25,NA,13,3,31,14,6
MATAMOROS,2025-08-26,NA,21,2,28,28,9
MATAMOROS,2025-08-27,NA,9,2,30,23,9
MATAMOROS,2025-08-28,NA,6,1,20,27,8
MATAMOROS,2025-08-29,NA,11,1,23,26,7
MATAMOROS,2025-08-30,NA,10,NA,31,23,11
MATAMOROS,2025-08-31,NA,16,NA,16,19,7
MATAMOROS,2025-09-01,NA,13,3,25,25,7
MATAMOROS,2025-09-02,NA,12,2,23,24,9
MATAMOROS,2025-09-03,NA,10,3,19,30,5
MATAMOROS,2025-09-04,NA,5,NA,18,22,7
MATAMOROS,2025-09-05,NA,6,2,25,21,5
MATAMOROS,2025-09-06,NA,6,2,16,27,6
MATAMOROS,2025-09-07,NA,5,2,41,35,8
MATAMOROS,2025-09-08,NA,6,1,31,23,5
MATAMOROS,2025-09-09,NA,8,6,49,37,12
MATAMOROS,2025-09-10,NA,6,3,22,29,11
MATAMOROS,2025-09-11,NA,3,1,24,24,6
MATAMOROS,2025-09-12,NA,7,3,30,27,9
MATAMOROS,2025-09-13,NA,10,5,26,29,11
MATAMOROS,2025-09-14,NA,16,1,24,31,6
MATAMOROS,2025-09-15,NA,15,3,28,24,8
MATAMOROS,2025-09-16,NA,15,3,29,29,8
MATAMOROS,2025-09-17,NA,15,1,29,37,6
MATAMOROS,2025-09-18,NA,13,5,33,24,12
MATAMOROS,2025-09-19,NA,12,2,48,25,15
MATAMOROS,2025-09-20,NA,12,1,30,27,9
MATAMOROS,2025-09-21,NA,13,6,29,27,10
MATAMOROS,2025-09-22,NA,7,1,23,22,8
MATAMOROS,2025-09-23,NA,11,NA,24,17,11
MATAMOROS,2025-09-24,NA,8,1,28,17,7
MATAMOROS,2025-09-25,NA,9,2,28,21,8
MATAMOROS,2025-09-26,NA,8,4,22,28,9
MATAMOROS,2025-09-27,NA,14,2,19,31,6
MATAMOROS,2025-09-28,NA,12,NA,22,16,5
MATAMOROS,2025-09-29,NA,8,3,18,12,8
MATAMOROS,2025-09-30,NA,13,4,29,20,12
MATAMOROS,2025-10-01,NA,11,4,28,10,8
MATAMOROS,2025-10-02,NA,20,7,32,19,3
MATAMOROS,2025-10-03,NA,12,5,19,21,4
MATAMOROS,2025-10-04,NA,15,4,32,20,5
MATAMOROS,2025-10-05,NA,10,3,23,19,5
MATAMOROS,2025-10-06,NA,13,1,22,13,3
MATAMOROS,2025-10-07,NA,16,3,23,32,9
MATAMOROS,2025-10-08,NA,14,6,34,37,7
MATAMOROS,2025-10-09,NA,16,1,29,27,10
MATAMOROS,2025-10-10,NA,14,1,31,28,9
MATAMOROS,2025-10-11,NA,13,8,40,42,8
MATAMOROS,2025-10-12,NA,13,9,42,22,9
MATAMOROS,2025-10-13,NA,12,4,34,23,7
MATAMOROS,2025-10-14,NA,15,6,32,27,9
MATAMOROS,2025-10-15,NA,13,4,24,26,9
MATAMOROS,2025-10-16,NA,8,2,32,42,4
MATAMOROS,2025-10-17,NA,9,3,10,42,10
MATAMOROS,2025-10-18,NA,9,2,31,35,5
MATAMOROS,2025-10-19,NA,8,1,27,17,6
MATAMOROS,2025-10-20,NA,7,3,20,23,6
MATAMOROS,2025-10-21,NA,9,3,20,24,8
MATAMOROS,2025-10-22,NA,9,4,26,21,7
MATAMOROS,2025-10-23,NA,4,1,20,25,11
MATAMOROS,2025-10-24,NA,7,4,20,33,7
MATAMOROS,2025-10-25,NA,11,2,33,31,9
MATAMOROS,2025-10-26,NA,10,6,22,24,10
MATAMOROS,2025-10-27,NA,5,3,26,19,8
MATAMOROS,2025-10-28,NA,9,3,19,22,9
MATAMOROS,2025-10-29,NA,10,1,15,30,9
MATAMOROS,2025-10-30,NA,11,7,56,26,9
MATAMOROS,2025-10-31,NA,13,5,47,26,3
MATAMOROS,2025-11-01,NA,16,3,49,22,8
MATAMOROS,2025-11-02,NA,16,6,23,21,7
MATAMOROS,2025-11-03,NA,15,6,30,27,6
MATAMOROS,2025-11-04,NA,16,8,30,20,6
MATAMOROS,2025-11-05,NA,18,5,22,23,6
MATAMOROS,2025-11-06,NA,15,5,22,27,11
MATAMOROS,2025-11-07,NA,18,7,17,36,5
MATAMOROS,2025-11-08,NA,15,7,23,34,9
MATAMOROS,2025-11-09,NA,19,8,22,22,11
MATAMOROS,2025-11-10,NA,16,4,19,15,5
MATAMOROS,2025-11-11,NA,10,2,21,21,8
MATAMOROS,2025-11-12,NA,11,5,27,23,10
MATAMOROS,2025-11-13,NA,8,6,29,19,9
MATAMOROS,2025-11-14,NA,8,5,26,27,9
MATAMOROS,2025-11-15,NA,9,10,21,30,7
MATAMOROS,2025-11-16,NA,6,5,24,28,6
MATAMOROS,2025-11-17,NA,7,2,15,25,4
MATAMOROS,2025-11-18,NA,17,3,32,37,5
MATAMOROS,2025-11-19,NA,13,7,22,33,4
MATAMOROS,2025-11-20,NA,12,8,22,39,5
MATAMOROS,2025-11-21,NA,11,8,29,37,7
MATAMOROS,2025-11-22,NA,12,9,27,39,12
MATAMOROS,2025-11-23,NA,15,5,34,30,9
MATAMOROS,2025-11-24,NA,11,5,15,21,7
MATAMOROS,2025-11-25,NA,14,3,32,17,9
MATAMOROS,2025-11-26,NA,14,6,22,32,6
MATAMOROS,2025-11-27,NA,13,5,40,30,10
MATAMOROS,2025-11-28,NA,12,3,30,33,8
MATAMOROS,2025-11-29,NA,8,6,30,35,5
MATAMOROS,2025-11-30,NA,13,6,27,40,3
MATAMOROS,2025-12-01,NA,10,2,36,30,2
MATAMOROS,2025-12-02,NA,12,6,39,43,7
MATAMOROS,2025-12-03,NA,17,8,32,36,3
MATAMOROS,2025-12-04,NA,13,4,23,32,9
MATAMOROS,2025-12-05,NA,10,3,26,25,9
MATAMOROS,2025-12-06,NA,11,3,28,31,7
MATAMOROS,2025-12-07,NA,12,6,23,18,7
MATAMOROS,2025-12-08,NA,14,7,20,16,6
MATAMOROS,2025-12-09,NA,14,5,27,25,8
MATAMOROS,2025-12-10,NA,13,8,30,34,8
MATAMOROS,2025-12-11,NA,11,4,21,24,8
MATAMOROS,2025-12-12,NA,10,5,18,24,5
MATAMOROS,2025-12-13,NA,12,2,19,27,4
MATAMOROS,2025-12-14,NA,14,4,17,21,5
MATAMOROS,2025-12-15,NA,11,4,21,15,6
MATAMOROS,2025-12-16,NA,15,3,19,28,7
MATAMOROS,2025-12-17,NA,9,3,23,34,5
MATAMOROS,2025-12-18,NA,9,5,32,27,4
MATAMOROS,2025-12-19,NA,9,3,33,27,3
MATAMOROS,2025-12-20,NA,7,6,21,26,1
MATAMOROS,2025-12-21,NA,6,3,20,27,4
MATAMOROS,2025-12-22,NA,6,3,26,22,4
MATAMOROS,2025-12-23,NA,11,4,33,26,3
MATAMOROS,2025-12-24,NA,11,1,27,19,3
MATAMOROS,2025-12-25,NA,7,1,24,26,2
MATAMOROS,2025-12-26,NA,9,1,37,37,3
MATAMOROS,2025-12-27,NA,9,7,27,37,6
MATAMOROS,2025-12-28,NA,5,2,19,19,5
MATAMOROS,2025-12-29,NA,6,1,16,19,6
MATAMOROS,2025-12-30,NA,10,4,33,25,4
MATAMOROS,2025-12-31,NA,7,3,21,29,4
MATAMOROS,2026-01-01,NA,8,2,17,18,4
MATAMOROS,2026-01-02,NA,10,4,27,25,6
MATAMOROS,2026-01-03,NA,14,6,24,33,7
MATAMOROS,2026-01-04,NA,8,7,20,29,8
MATAMOROS,2026-01-05,NA,10,4,21,26,6
MATAMOROS,2026-01-06,NA,12,4,38,32,10
MATAMOROS,2026-01-07,NA,15,2,18,25,5
MATAMOROS,2026-01-08,NA,9,3,39,28,8
MATAMOROS,2026-01-09,NA,8,4,47,36,8
MATAMOROS,2026-01-10,NA,13,5,49,47,9
MATAMOROS,2026-01-11,NA,19,6,43,58,6
MATAMOROS,2026-01-12,NA,17,6,26,38,1
MATAMOROS,2026-01-13,NA,13,9,33,27,6
MATAMOROS,2026-01-14,NA,13,10,29,44,5
MATAMOROS,2026-01-15,NA,16,8,27,36,8
MATAMOROS,2026-01-16,NA,21,9,42,38,8
MATAMOROS,2026-01-17,NA,20,10,51,52,7
MATAMOROS,2026-01-18,NA,26,11,42,38,9
MATAMOROS,2026-01-19,NA,17,7,33,23,10
MATAMOROS,2026-01-20,NA,20,12,35,38,9
MATAMOROS,2026-01-21,NA,20,8,26,37,11
MATAMOROS,2026-01-22,NA,15,6,35,49,10
MATAMOROS,2026-01-23,NA,22,8,55,42,13
MATAMOROS,2026-01-24,NA,21,13,55,51,6
MATAMOROS,2026-01-25,NA,19,11,52,42,11
MATAMOROS,2026-01-26,NA,15,10,33,29,10
MATAMOROS,2026-01-27,NA,14,10,38,31,13
MATAMOROS,2026-01-28,NA,12,5,21,27,10
MATAMOROS,2026-01-29,NA,11,4,22,31,8
MATAMOROS,2026-01-30,NA,10,3,25,34,9
MATAMOROS,2026-01-31,NA,15,8,24,50,11
MATAMOROS,2026-02-01,NA,15,10,35,23,6
MATAMOROS,2026-02-02,NA,10,10,16,22,8
MATAMOROS,2026-02-03,NA,15,7,23,26,7
MATAMOROS,2026-02-04,NA,16,4,28,30,14
MATAMOROS,2026-02-05,NA,11,2,33,38,11
MATAMOROS,2026-02-06,NA,11,3,25,31,10
MATAMOROS,2026-02-07,NA,8,9,20,29,6
MATAMOROS,2026-02-08,NA,13,5,13,24,4
MATAMOROS,2026-02-09,NA,12,4,17,19,4
MATAMOROS,2026-02-10,NA,10,2,19,31,8
MATAMOROS,2026-02-11,NA,9,4,27,27,12
MATAMOROS,2026-02-12,NA,10,5,23,28,11
MATAMOROS,2026-02-13,NA,12,3,26,37,9
MATAMOROS,2026-02-14,NA,12,6,31,39,8
MATAMOROS,2026-02-15,NA,7,6,25,27,4
MATAMOROS,2026-02-16,NA,8,2,14,33,2
MATAMOROS,2026-02-17,NA,12,3,15,36,6
MATAMOROS,2026-02-18,NA,12,2,21,29,7
MATAMOROS,2026-02-19,NA,10,2,23,30,8
MATAMOROS,2026-02-20,NA,17,5,28,28,9
MATAMOROS,2026-02-21,NA,14,3,28,40,14
MATAMOROS,2026-02-22,NA,14,4,15,27,14
MATAMOROS,2026-02-23,NA,11,3,17,16,8
MATAMOROS,2026-02-24,NA,11,1,25,31,7
MATAMOROS,2026-02-25,NA,12,1,24,28,6
MATAMOROS,2026-02-26,NA,15,4,22,27,11
MATAMOROS,2026-02-27,NA,17,6,29,30,15
MATAMOROS,2026-02-28,NA,19,6,17,30,10
MATAMOROS,2026-03-01,NA,21,6,26,29,5
MATAMOROS,2026-03-02,NA,17,4,17,26,5
MATAMOROS,2026-03-03,NA,20,3,32,44,5
MATAMOROS,2026-03-04,NA,16,3,26,32,6
MATAMOROS,2026-03-05,NA,11,5,28,16,9
MATAMOROS,2026-03-06,NA,14,6,35,42,11
MATAMOROS,2026-03-07,NA,13,6,30,47,8
MATAMOROS,2026-03-08,NA,15,2,21,24,8
MATAMOROS,2026-03-09,NA,11,2,16,20,8
MATAMOROS,2026-03-10,NA,9,6,27,29,9
MATAMOROS,2026-03-11,NA,14,2,45,30,6
MATAMOROS,2026-03-12,NA,11,4,52,33,7
MATAMOROS,2026-03-13,NA,10,5,42,37,7
MATAMOROS,2026-03-14,NA,7,5,35,28,7
MATAMOROS,2026-03-15,NA,8,10,35,18,8
MATAMOROS,2026-03-16,NA,8,8,45,17,7
MATAMOROS,2026-03-17,NA,16,12,72,30,8
MATAMOROS,2026-03-18,NA,19,12,61,44,9
MATAMOROS,2026-03-19,NA,18,17,42,34,11
MATAMOROS,2026-03-20,NA,13,7,44,35,9
MATAMOROS,2026-03-21,NA,15,4,37,30,12
MATAMOROS,2026-03-22,NA,18,4,27,25,13
MATAMOROS,2026-03-23,NA,16,2,14,17,8
MATAMOROS,2026-03-24,NA,16,4,32,23,12
MATAMOROS,2026-03-25,NA,16,7,24,36,15
MATAMOROS,2026-03-26,NA,9,4,17,33,12
MATAMOROS,2026-03-27,NA,5,4,19,41,6
MATAMOROS,2026-03-28,NA,11,1,35,33,7
MATAMOROS,2026-03-29,NA,11,2,15,26,9
MATAMOROS,2026-03-30,NA,10,4,22,24,8
MATAMOROS,2026-03-31,NA,15,4,23,32,11
MATAMOROS,2026-04-01,NA,13,4,29,28,13
MATAMOROS,2026-04-02,NA,20,7,49,46,9
MATAMOROS,2026-04-03,NA,18,11,61,42,11
MATAMOROS,2026-04-04,NA,13,15,52,45,13
MATAMOROS,2026-04-05,NA,14,9,32,36,10
MATAMOROS,2026-04-06,NA,13,7,38,30,8
MATAMOROS,2026-04-07,NA,18,10,65,49,12
MATAMOROS,2026-04-08,NA,24,13,61,82,16
MATAMOROS,2026-04-09,NA,24,16,80,67,15
MATAMOROS,2026-04-10,NA,27,18,36,50,20
MATAMOROS,2026-04-11,NA,16,11,36,36,15
MATAMOROS,2026-04-12,NA,17,10,22,23,9
MATAMOROS,2026-04-13,NA,12,6,25,21,10
MATAMOROS,2026-04-14,NA,11,1,32,17,8
MATAMOROS,2026-04-15,NA,11,8,38,21,12
MATAMOROS,2026-04-16,NA,14,10,39,17,16
MATAMOROS,2026-04-17,NA,14,6,34,15,15
MATAMOROS,2026-04-18,NA,16,6,57,34,9
MATAMOROS,2026-04-19,NA,19,7,45,29,9
MATAMOROS,2026-04-20,NA,17,9,36,28,9
MATAMOROS,2026-04-21,NA,17,7,46,43,13
MATAMOROS,2026-04-22,NA,20,6,35,53,12
MATAMOROS,2026-04-23,NA,11,6,50,37,11
MATAMOROS,2026-04-24,NA,10,6,38,48,8
MATAMOROS,2026-04-25,NA,12,4,34,31,5
MATAMOROS,2026-04-26,NA,7,1,24,29,6
MATAMOROS,2026-04-27,NA,7,1,25,22,3
MATAMOROS,2026-04-28,NA,7,4,24,20,8
MATAMOROS,2026-04-29,NA,13,4,42,25,13
MATAMOROS,2026-04-30,NA,11,4,32,21,11
MATAMOROS,2026-05-01,NA,12,2,21,27,11
MATAMOROS,2026-05-02,NA,13,4,36,57,13
MATAMOROS,2026-05-03,NA,27,10,37,49,13
MATAMOROS,2026-05-04,NA,19,6,24,24,10
MATAMOROS,2026-05-05,NA,21,5,31,20,14
MATAMOROS,2026-05-06,NA,14,7,26,22,17
MATAMOROS,2026-05-07,NA,14,4,32,26,18
MATAMOROS,2026-05-08,NA,13,5,26,29,14
MATAMOROS,2026-05-09,NA,15,5,28,37,14
MATAMOROS,2026-05-10,NA,10,4,23,19,13
MATAMOROS,2026-05-11,NA,7,3,18,11,12
MATAMOROS,2026-05-12,NA,9,3,23,19,14
MATAMOROS,2026-05-13,NA,11,5,22,19,9
MATAMOROS,2026-05-14,NA,10,2,18,27,5
MATAMOROS,2026-05-15,NA,16,2,23,35,13
MATAMOROS,2026-05-16,NA,17,3,39,45,15
MATAMOROS,2026-05-17,NA,10,1,30,30,17
MATAMOROS,2026-05-18,NA,11,1,30,23,16
MATAMOROS,2026-05-19,NA,14,5,51,17,17
MATAMOROS,2026-05-20,NA,15,8,47,21,13
MATAMOROS,2026-05-21,NA,14,7,96,39,14
MATAMOROS,2026-05-22,NA,12,6,85,45,13
MATAMOROS,2026-05-23,NA,16,10,112,55,16
MATAMOROS,2026-05-24,NA,19,10,84,52,20
MATAMOROS,2026-05-25,NA,20,10,60,25,23
MATAMOROS,2026-05-26,NA,22,12,76,50,19
MATAMOROS,2026-05-27,NA,23,19,60,39,24
MATAMOROS,2026-05-28,NA,30,23,96,39,24
MATAMOROS,2026-05-29,NA,35,28,93,45,22
MATAMOROS,2026-05-30,NA,51,32,86,52,25
MATAMOROS,2026-05-31,NA,56,30,86,38,25
MATAMOROS,2026-06-01,NA,42,30,64,25,24
MATAMOROS,2026-06-02,NA,32,29,57,54,17
MATAMOROS,2026-06-03,NA,27,18,46,40,12
MATAMOROS,2026-06-04,NA,18,12,60,43,10
MATAMOROS,2026-06-05,NA,10,10,37,30,13
MATAMOROS,2026-06-06,NA,12,5,39,44,12
MATAMOROS,2026-06-07,NA,12,3,40,27,9
MATAMOROS,2026-06-08,NA,7,5,33,15,9
MATAMOROS,2026-06-09,NA,11,6,31,22,8
MATAMOROS,2026-06-10,NA,6,5,26,25,8
MATAMOROS,2026-06-11,NA,4,3,13,33,4
MATAMOROS,2026-06-12,NA,12,5,38,33,7
MATAMOROS,2026-06-13,NA,17,2,31,25,10
MATAMOROS,2026-06-14,NA,11,1,42,26,7
MATAMOROS,2026-06-15,NA,8,4,53,24,6
MATAMOROS,2026-06-16,NA,11,17,53,20,8
MATAMOROS,2026-06-17,NA,11,10,55,15,9
MATAMOROS,2026-06-18,NA,14,11,62,40,10
MATAMOROS,2026-06-19,NA,17,4,77,35,7
MATAMOROS,2026-06-20,NA,17,2,50,33,8
MATAMOROS,2026-06-21,NA,20,7,31,18,6
MATAMOROS,2026-06-22,NA,15,5,29,15,4
MATAMOROS,2026-06-23,NA,19,6,50,28,5
MATAMOROS,2026-06-24,NA,18,12,53,28,7
MATAMOROS,2026-06-25,NA,15,11,47,19,11
MATAMOROS,2026-06-26,NA,19,8,60,23,8
MATAMOROS,2026-06-27,NA,17,7,57,51,8
MATAMOROS,2026-06-28,NA,15,8,52,40,11
MATAMOROS,2026-06-29,NA,17,10,37,17,13
MATAMOROS,2026-06-30,NA,19,13,60,41,20
MATAMOROS,2026-07-01,NA,22,13,60,29,19
MATAMOROS,2026-07-02,NA,16,10,55,32,18
MATAMOROS,2026-07-03,NA,15,9,42,38,17
MATAMOROS,2026-07-04,NA,12,6,37,26,13
MATAMOROS,2026-07-05,NA,18,4,17,20,12
MATAMOROS,2026-07-06,NA,18,4,30,14,10
MATAMOROS,2026-07-07,NA,18,6,46,16,14
MATAMOROS,2026-07-08,NA,20,7,43,49,13
MATAMOROS,2026-07-09,NA,18,4,42,41,13
MATAMOROS,2026-07-10,NA,20,12,41,36,12
MATAMOROS,2026-07-11,NA,17,7,57,30,16
MATAMOROS,2026-07-12,NA,8,5,39,15,14
MATAMOROS,2026-07-13,NA,13,3,35,12,9
MATAMOROS,2026-07-14,NA,13,7,34,21,8
MATAMOROS,2026-07-15,NA,11,11,38,19,14
MATAMOROS,2026-07-16,NA,12,7,25,24,13
MATAMOROS,2026-07-17,NA,14,6,42,29,7
MATAMOROS,2026-07-18,NA,12,4,32,41,10
MATAMOROS,2026-07-19,NA,12,2,24,27,10
MATAMOROS,2026-07-20,NA,14,4,33,17,7
MATAMOROS,2026-07-21,NA,18,6,37,25,11
MATAMOROS,2026-07-22,NA,14,8,30,29,13
MATAMOROS,2026-07-23,NA,14,2,29,25,6
MATAMOROS,2026-07-24,NA,10,4,22,28,6
MATAMOROS,2026-07-25,NA,17,5,45,33,5
MATAMOROS,2026-07-26,NA,15,3,20,27,6
MATAMOROS,2026-07-27,NA,15,3,21,21,5
MATAMOROS,2026-07-28,NA,15,3,32,26,12
MATAMOROS,2026-07-29,NA,7,4,36,17,17
MATAMOROS,2026-07-30,NA,16,2,31,30,12
MATAMOROS,2026-07-31,NA,19,3,39,33,8
MATAMOROS,2026-08-01,1,16,6,28,21,8
MATAMOROS,2026-08-02,NA,11,2,25,26,8
MATAMOROS,2026-08-03,NA,9,2,25,18,4
MATAMOROS,2026-08-04,1,10,2,31,20,9
MATAMOROS,2026-08-05,NA,17,3,45,26,11
MATAMOROS,2026-08-06,NA,16,2,43,33,14
MATAMOROS,2026-08-07,NA,18,2,40,36,14
MATAMOROS,2026-08-08,NA,19,3,48,27,13
MATAMOROS,2026-08-09,NA,19,6,39,22,14
MATAMOROS,2026-08-10,1,14,3,22,18,10
MATAMOROS,2026-08-11,NA,15,2,23,16,13
MATAMOROS,2026-08-12,NA,12,2,28,20,14
MATAMOROS,2026-08-13,NA,12,6,47,20,10
MATAMOROS,2026-08-14,NA,14,4,56,13,11
MATAMOROS,2026-08-15,1,17,6,30,27,11
MATAMOROS,2026-08-16,1,15,4,33,27,15
MATAMOROS,2026-08-17,NA,13,1,36,20,10
MATAMOROS,2026-08-18,2,15,4,40,29,14
MATAMOROS,2026-08-19,NA,12,NA,22,23,19
MATAMOROS,2026-08-20,1,10,1,26,35,9
MATAMOROS,2026-08-21,NA,12,2,27,36,12
MATAMOROS,2026-08-22,NA,16,5,35,41,7
MATAMOROS,2026-08-23,1,12,4,20,26,7
MATAMOROS,2026-08-24,NA,16,3,29,33,6
MAZATLAN,2025-08-24,NA,5,2,15,10,15
MAZATLAN,2025-08-25,NA,5,2,18,8,13
MAZATLAN,2025-08-26,NA,4,5,15,3,14
MAZATLAN,2025-08-27,NA,4,5,8,4,15
MAZATLAN,2025-08-28,NA,3,3,9,9,18
MAZATLAN,2025-08-29,NA,7,NA,9,9,14
MAZATLAN,2025-08-30,NA,9,NA,14,12,17
MAZATLAN,2025-08-31,NA,10,2,9,13,16
MAZATLAN,2025-09-01,NA,8,3,14,8,12
MAZATLAN,2025-09-02,NA,9,4,19,11,21
MAZATLAN,2025-09-03,NA,9,7,34,10,27
MAZATLAN,2025-09-04,NA,9,7,23,8,34
MAZATLAN,2025-09-05,NA,8,4,5,11,24
MAZATLAN,2025-09-06,NA,7,4,12,7,22
MAZATLAN,2025-09-07,NA,7,4,16,9,20
MAZATLAN,2025-09-08,NA,5,4,15,3,18
MAZATLAN,2025-09-09,NA,4,4,17,7,11
MAZATLAN,2025-09-10,NA,12,4,15,12,13
MAZATLAN,2025-09-11,NA,10,1,12,13,6
MAZATLAN,2025-09-12,NA,10,1,25,11,11
MAZATLAN,2025-09-13,NA,10,2,26,15,12
MAZATLAN,2025-09-14,NA,11,2,36,13,6
MAZATLAN,2025-09-15,NA,5,2,21,10,10
MAZATLAN,2025-09-16,NA,9,5,21,18,14
MAZATLAN,2025-09-17,NA,7,7,10,13,14
MAZATLAN,2025-09-18,NA,11,5,12,10,17
MAZATLAN,2025-09-19,NA,7,2,10,7,14
MAZATLAN,2025-09-20,NA,7,6,7,9,12
MAZATLAN,2025-09-21,NA,3,5,12,4,17
MAZATLAN,2025-09-22,NA,3,4,11,6,10
MAZATLAN,2025-09-23,NA,6,5,11,3,11
MAZATLAN,2025-09-24,NA,6,5,12,8,13
MAZATLAN,2025-09-25,NA,3,2,16,16,16
MAZATLAN,2025-09-26,NA,8,3,23,14,13
MAZATLAN,2025-09-27,NA,8,2,13,10,20
MAZATLAN,2025-09-28,NA,8,2,17,9,20
MAZATLAN,2025-09-29,NA,5,3,11,5,14
MAZATLAN,2025-09-30,NA,3,4,13,7,14
MAZATLAN,2025-10-01,NA,4,4,12,9,18
MAZATLAN,2025-10-02,NA,9,3,22,9,14
MAZATLAN,2025-10-03,NA,7,2,22,12,14
MAZATLAN,2025-10-04,NA,9,2,25,12,11
MAZATLAN,2025-10-05,NA,8,1,28,4,11
MAZATLAN,2025-10-06,NA,10,3,11,2,7
MAZATLAN,2025-10-07,NA,9,NA,20,12,10
MAZATLAN,2025-10-08,NA,11,1,16,17,17
MAZATLAN,2025-10-09,NA,10,4,10,11,21
MAZATLAN,2025-10-10,NA,5,7,12,9,29
MAZATLAN,2025-10-11,NA,5,7,16,10,14
MAZATLAN,2025-10-12,NA,7,3,18,7,10
MAZATLAN,2025-10-13,NA,5,2,24,7,6
MAZATLAN,2025-10-14,NA,NA,4,16,7,10
MAZATLAN,2025-10-15,NA,1,5,16,6,12
MAZATLAN,2025-10-16,NA,7,4,30,8,13
MAZATLAN,2025-10-17,NA,7,5,25,9,13
MAZATLAN,2025-10-18,NA,3,7,29,12,13
MAZATLAN,2025-10-19,NA,4,5,21,6,12
MAZATLAN,2025-10-20,NA,6,1,14,9,11
MAZATLAN,2025-10-21,NA,6,3,17,7,15
MAZATLAN,2025-10-22,NA,3,1,19,7,12
MAZATLAN,2025-10-23,NA,1,4,20,9,16
MAZATLAN,2025-10-24,NA,2,3,22,11,21
MAZATLAN,2025-10-25,NA,2,2,15,8,21
MAZATLAN,2025-10-26,NA,4,1,14,5,15
MAZATLAN,2025-10-27,NA,4,1,11,8,8
MAZATLAN,2025-10-28,NA,6,2,14,11,12
MAZATLAN,2025-10-29,NA,6,2,11,9,8
MAZATLAN,2025-10-30,NA,4,NA,10,9,11
MAZATLAN,2025-10-31,NA,4,4,15,12,13
MAZATLAN,2025-11-01,NA,3,5,15,7,14
MAZATLAN,2025-11-02,NA,6,3,6,6,9
MAZATLAN,2025-11-03,NA,4,4,8,9,9
MAZATLAN,2025-11-04,NA,7,5,10,8,8
MAZATLAN,2025-11-05,NA,7,4,18,6,8
MAZATLAN,2025-11-06,NA,7,4,12,13,10
MAZATLAN,2025-11-07,NA,3,5,15,11,11
MAZATLAN,2025-11-08,NA,7,1,18,8,7
MAZATLAN,2025-11-09,NA,5,NA,12,7,9
MAZATLAN,2025-11-10,NA,9,NA,5,3,5
MAZATLAN,2025-11-11,NA,4,NA,14,6,12
MAZATLAN,2025-11-12,NA,4,2,7,4,11
MAZATLAN,2025-11-13,NA,5,1,11,6,10
MAZATLAN,2025-11-14,NA,6,1,10,8,14
MAZATLAN,2025-11-15,NA,6,1,20,15,10
MAZATLAN,2025-11-16,NA,5,NA,20,10,9
MAZATLAN,2025-11-17,NA,4,1,16,9,7
MAZATLAN,2025-11-18,NA,6,2,12,4,6
MAZATLAN,2025-11-19,NA,5,2,14,3,12
MAZATLAN,2025-11-20,NA,8,3,14,7,17
MAZATLAN,2025-11-21,NA,8,NA,13,12,20
MAZATLAN,2025-11-22,NA,3,NA,21,14,21
MAZATLAN,2025-11-23,NA,3,2,15,10,22
MAZATLAN,2025-11-24,NA,3,2,9,6,16
MAZATLAN,2025-11-25,NA,7,5,15,10,19
MAZATLAN,2025-11-26,NA,9,5,14,12,17
MAZATLAN,2025-11-27,NA,10,6,18,12,15
MAZATLAN,2025-11-28,NA,7,6,5,7,20
MAZATLAN,2025-11-29,NA,10,7,7,9,14
MAZATLAN,2025-11-30,NA,10,7,11,9,15
MAZATLAN,2025-12-01,NA,8,5,8,8,15
MAZATLAN,2025-12-02,NA,8,4,11,8,13
MAZATLAN,2025-12-03,NA,10,7,19,8,9
MAZATLAN,2025-12-04,NA,6,6,10,11,13
MAZATLAN,2025-12-05,NA,1,3,18,16,13
MAZATLAN,2025-12-06,NA,4,3,16,18,15
MAZATLAN,2025-12-07,NA,4,2,23,14,14
MAZATLAN,2025-12-08,NA,5,5,18,9,10
MAZATLAN,2025-12-09,NA,7,3,20,13,13
MAZATLAN,2025-12-10,NA,6,5,19,10,16
MAZATLAN,2025-12-11,NA,4,1,14,10,17
MAZATLAN,2025-12-12,NA,2,2,13,11,12
MAZATLAN,2025-12-13,NA,4,NA,10,15,12
MAZATLAN,2025-12-14,NA,5,2,14,12,8
MAZATLAN,2025-12-15,NA,4,2,16,5,5
MAZATLAN,2025-12-16,NA,6,1,10,12,11
MAZATLAN,2025-12-17,NA,5,4,11,9,13
MAZATLAN,2025-12-18,NA,6,1,8,15,12
MAZATLAN,2025-12-19,NA,5,1,15,8,10
MAZATLAN,2025-12-20,NA,5,NA,14,8,11
MAZATLAN,2025-12-21,NA,6,3,14,8,18
MAZATLAN,2025-12-22,NA,6,3,9,11,16
MAZATLAN,2025-12-23,NA,7,3,14,13,14
MAZATLAN,2025-12-24,NA,2,3,8,8,14
MAZATLAN,2025-12-25,NA,1,2,5,12,11
MAZATLAN,2025-12-26,NA,NA,2,5,12,10
MAZATLAN,2025-12-27,NA,7,3,10,14,8
MAZATLAN,2025-12-28,NA,4,1,4,3,8
MAZATLAN,2025-12-29,NA,3,3,12,9,8
MAZATLAN,2025-12-30,NA,5,3,9,14,9
MAZATLAN,2025-12-31,NA,5,2,13,14,9
MAZATLAN,2026-01-01,NA,4,NA,10,8,11
MAZATLAN,2026-01-02,NA,5,1,9,7,10
MAZATLAN,2026-01-03,NA,7,1,5,11,14
MAZATLAN,2026-01-04,NA,5,2,12,11,11
MAZATLAN,2026-01-05,NA,6,2,6,13,9
MAZATLAN,2026-01-06,NA,10,6,20,11,12
MAZATLAN,2026-01-07,NA,9,4,13,15,10
MAZATLAN,2026-01-08,NA,9,8,10,6,10
MAZATLAN,2026-01-09,NA,8,6,20,9,11
MAZATLAN,2026-01-10,NA,5,4,8,13,12
MAZATLAN,2026-01-11,NA,7,5,6,8,10
MAZATLAN,2026-01-12,NA,5,3,4,8,10
MAZATLAN,2026-01-13,NA,5,4,15,13,11
MAZATLAN,2026-01-14,NA,5,4,9,11,14
MAZATLAN,2026-01-15,NA,7,5,15,17,17
MAZATLAN,2026-01-16,NA,5,9,18,15,17
MAZATLAN,2026-01-17,NA,7,4,14,22,17
MAZATLAN,2026-01-18,NA,9,4,19,15,8
MAZATLAN,2026-01-19,NA,4,1,9,13,7
MAZATLAN,2026-01-20,NA,4,2,21,14,11
MAZATLAN,2026-01-21,NA,6,2,13,14,14
MAZATLAN,2026-01-22,NA,7,2,10,11,14
MAZATLAN,2026-01-23,NA,7,NA,14,8,14
MAZATLAN,2026-01-24,NA,5,2,10,16,14
MAZATLAN,2026-01-25,NA,6,1,16,12,12
MAZATLAN,2026-01-26,NA,8,2,12,11,11
MAZATLAN,2026-01-27,NA,9,1,15,8,10
MAZATLAN,2026-01-28,NA,7,2,13,12,13
MAZATLAN,2026-01-29,NA,8,4,13,18,15
MAZATLAN,2026-01-30,NA,11,4,13,17,12
MAZATLAN,2026-01-31,NA,12,3,6,17,10
MAZATLAN,2026-02-01,NA,13,2,15,11,12
MAZATLAN,2026-02-02,NA,13,NA,9,15,11
MAZATLAN,2026-02-03,NA,7,NA,6,15,10
MAZATLAN,2026-02-04,NA,7,2,18,16,9
MAZATLAN,2026-02-05,NA,6,2,27,16,17
MAZATLAN,2026-02-06,NA,6,2,17,19,17
MAZATLAN,2026-02-07,NA,7,1,7,14,17
MAZATLAN,2026-02-08,NA,12,NA,16,19,13
MAZATLAN,2026-02-09,NA,12,NA,5,15,11
MAZATLAN,2026-02-10,NA,6,4,5,21,11
MAZATLAN,2026-02-11,NA,12,4,7,14,13
MAZATLAN,2026-02-12,NA,9,4,11,21,13
MAZATLAN,2026-02-13,NA,10,NA,9,20,14
MAZATLAN,2026-02-14,NA,7,3,4,15,12
MAZATLAN,2026-02-15,NA,6,5,11,10,16
MAZATLAN,2026-02-16,NA,4,3,10,7,14
MAZATLAN,2026-02-17,NA,4,3,18,8,18
MAZATLAN,2026-02-18,NA,6,3,11,9,10
MAZATLAN,2026-02-19,NA,5,3,16,9,11
MAZATLAN,2026-02-20,NA,6,3,9,9,14
MAZATLAN,2026-02-21,NA,11,4,10,8,13
MAZATLAN,2026-02-22,NA,5,5,10,7,10
MAZATLAN,2026-02-23,NA,5,1,7,4,7
MAZATLAN,2026-02-24,NA,4,2,6,6,8
MAZATLAN,2026-02-25,NA,4,2,5,9,11
MAZATLAN,2026-02-26,NA,2,6,8,17,16
MAZATLAN,2026-02-27,NA,7,4,11,22,14
MAZATLAN,2026-02-28,NA,7,5,11,27,17
MAZATLAN,2026-03-01,NA,7,3,14,11,14
MAZATLAN,2026-03-02,NA,8,1,12,15,13
MAZATLAN,2026-03-03,NA,8,2,18,5,16
MAZATLAN,2026-03-04,NA,7,3,25,14,19
MAZATLAN,2026-03-05,NA,7,2,12,11,17
MAZATLAN,2026-03-06,NA,9,2,6,14,21
MAZATLAN,2026-03-07,NA,11,1,19,15,21
MAZATLAN,2026-03-08,NA,7,3,9,10,15
MAZATLAN,2026-03-09,NA,6,1,10,12,11
MAZATLAN,2026-03-10,NA,6,1,12,15,14
MAZATLAN,2026-03-11,NA,4,1,4,15,12
MAZATLAN,2026-03-12,NA,6,1,10,22,13
MAZATLAN,2026-03-13,NA,4,3,19,21,11
MAZATLAN,2026-03-14,NA,11,1,11,15,11
MAZATLAN,2026-03-15,NA,9,4,17,13,15
MAZATLAN,2026-03-16,NA,6,1,12,12,14
MAZATLAN,2026-03-17,NA,6,1,5,10,15
MAZATLAN,2026-03-18,NA,7,2,12,14,18
MAZATLAN,2026-03-19,NA,5,12,7,16,20
MAZATLAN,2026-03-20,NA,8,9,13,19,20
MAZATLAN,2026-03-21,NA,5,10,15,17,17
MAZATLAN,2026-03-22,NA,5,12,10,15,9
MAZATLAN,2026-03-23,NA,3,10,11,14,7
MAZATLAN,2026-03-24,NA,2,6,14,9,8
MAZATLAN,2026-03-25,NA,2,4,21,12,13
MAZATLAN,2026-03-26,NA,2,1,15,13,16
MAZATLAN,2026-03-27,NA,4,1,12,15,13
MAZATLAN,2026-03-28,NA,3,1,7,14,14
MAZATLAN,2026-03-29,NA,8,2,19,10,13
MAZATLAN,2026-03-30,NA,6,2,9,10,10
MAZATLAN,2026-03-31,NA,3,1,18,10,12
MAZATLAN,2026-04-01,NA,4,1,15,15,8
MAZATLAN,2026-04-02,NA,5,2,12,11,15
MAZATLAN,2026-04-03,NA,6,2,10,12,14
MAZATLAN,2026-04-04,NA,6,3,17,13,12
MAZATLAN,2026-04-05,NA,5,3,20,9,7
MAZATLAN,2026-04-06,NA,4,2,12,13,6
MAZATLAN,2026-04-07,NA,5,1,16,12,12
MAZATLAN,2026-04-08,NA,6,1,9,13,15
MAZATLAN,2026-04-09,NA,4,1,12,15,22
MAZATLAN,2026-04-10,NA,2,2,13,16,22
MAZATLAN,2026-04-11,NA,3,NA,16,13,29
MAZATLAN,2026-04-12,NA,7,4,19,11,27
MAZATLAN,2026-04-13,NA,3,3,14,11,19
MAZATLAN,2026-04-14,NA,3,6,27,14,17
MAZATLAN,2026-04-15,NA,3,2,13,14,16
MAZATLAN,2026-04-16,NA,4,5,14,11,22
MAZATLAN,2026-04-17,NA,5,2,9,16,24
MAZATLAN,2026-04-18,NA,3,2,18,13,24
MAZATLAN,2026-04-19,NA,2,4,20,16,26
MAZATLAN,2026-04-20,NA,2,3,15,17,23
MAZATLAN,2026-04-21,NA,1,2,11,10,23
MAZATLAN,2026-04-22,NA,3,4,13,8,22
MAZATLAN,2026-04-23,NA,NA,7,11,12,20
MAZATLAN,2026-04-24,NA,NA,2,7,14,21
MAZATLAN,2026-04-25,NA,3,2,14,13,21
MAZATLAN,2026-04-26,NA,5,3,11,7,18
MAZATLAN,2026-04-27,NA,6,4,5,7,21
MAZATLAN,2026-04-28,NA,6,4,12,8,25
MAZATLAN,2026-04-29,NA,6,2,13,14,12
MAZATLAN,2026-04-30,NA,8,3,14,16,13
MAZATLAN,2026-05-01,NA,7,6,18,14,17
MAZATLAN,2026-05-02,NA,7,9,15,12,20
MAZATLAN,2026-05-03,NA,9,6,22,17,18
MAZATLAN,2026-05-04,NA,7,6,15,11,15
MAZATLAN,2026-05-05,NA,6,5,8,18,21
MAZATLAN,2026-05-06,NA,11,8,14,19,21
MAZATLAN,2026-05-07,NA,7,9,10,19,24
MAZATLAN,2026-05-08,NA,7,2,16,15,18
MAZATLAN,2026-05-09,NA,6,2,9,15,17
MAZATLAN,2026-05-10,NA,6,1,13,7,14
MAZATLAN,2026-05-11,NA,6,1,7,4,14
MAZATLAN,2026-05-12,NA,4,5,12,20,17
MAZATLAN,2026-05-13,NA,4,4,18,12,12
MAZATLAN,2026-05-14,NA,7,5,9,21,12
MAZATLAN,2026-05-15,NA,8,5,3,17,15
MAZATLAN,2026-05-16,NA,9,4,12,13,13
MAZATLAN,2026-05-17,NA,4,6,13,7,15
MAZATLAN,2026-05-18,NA,6,3,14,4,13
MAZATLAN,2026-05-19,NA,5,5,13,7,15
MAZATLAN,2026-05-20,NA,4,7,9,14,14
MAZATLAN,2026-05-21,NA,3,4,15,19,16
MAZATLAN,2026-05-22,NA,4,3,21,14,19
MAZATLAN,2026-05-23,NA,4,5,19,24,14
MAZATLAN,2026-05-24,NA,2,5,14,12,16
MAZATLAN,2026-05-25,NA,2,4,17,10,12
MAZATLAN,2026-05-26,NA,4,1,14,8,12
MAZATLAN,2026-05-27,NA,4,1,15,11,13
MAZATLAN,2026-05-28,NA,3,4,21,10,17
MAZATLAN,2026-05-29,NA,8,8,22,16,18
MAZATLAN,2026-05-30,NA,6,5,25,10,22
MAZATLAN,2026-05-31,NA,5,3,16,10,27
MAZATLAN,2026-06-01,NA,3,2,16,4,20
MAZATLAN,2026-06-02,NA,7,2,17,7,22
MAZATLAN,2026-06-03,NA,6,5,19,13,21
MAZATLAN,2026-06-04,NA,8,4,17,12,17
MAZATLAN,2026-06-05,NA,4,3,14,11,16
MAZATLAN,2026-06-06,NA,5,5,12,7,14
MAZATLAN,2026-06-07,NA,4,3,22,8,12
MAZATLAN,2026-06-08,NA,4,2,20,9,15
MAZATLAN,2026-06-09,NA,3,4,19,14,20
MAZATLAN,2026-06-10,NA,9,2,25,11,14
MAZATLAN,2026-06-11,NA,10,7,16,10,16
MAZATLAN,2026-06-12,NA,10,5,15,16,20
MAZATLAN,2026-06-13,NA,13,4,18,16,18
MAZATLAN,2026-06-14,NA,10,3,26,11,19
MAZATLAN,2026-06-15,NA,7,3,25,13,19
MAZATLAN,2026-06-16,NA,11,3,18,10,24
MAZATLAN,2026-06-17,NA,9,3,19,17,17
MAZATLAN,2026-06-18,NA,8,6,22,24,21
MAZATLAN,2026-06-19,NA,6,6,21,23,15
MAZATLAN,2026-06-20,NA,2,7,23,15,17
MAZATLAN,2026-06-21,NA,5,7,15,11,20
MAZATLAN,2026-06-22,NA,3,4,13,11,18
MAZATLAN,2026-06-23,NA,5,3,23,19,20
MAZATLAN,2026-06-24,NA,6,5,21,22,25
MAZATLAN,2026-06-25,NA,7,4,16,21,23
MAZATLAN,2026-06-26,NA,8,7,13,19,26
MAZATLAN,2026-06-27,NA,9,7,19,21,27
MAZATLAN,2026-06-28,NA,9,6,19,8,23
MAZATLAN,2026-06-29,NA,7,5,11,7,18
MAZATLAN,2026-06-30,NA,10,6,15,16,21
MAZATLAN,2026-07-01,NA,9,8,22,8,22
MAZATLAN,2026-07-02,NA,10,9,16,9,21
MAZATLAN,2026-07-03,NA,11,7,17,12,21
MAZATLAN,2026-07-04,NA,12,7,19,14,24
MAZATLAN,2026-07-05,NA,12,5,25,6,18
MAZATLAN,2026-07-06,NA,11,5,21,7,16
MAZATLAN,2026-07-07,NA,6,3,27,14,20
MAZATLAN,2026-07-08,NA,7,2,10,6,24
MAZATLAN,2026-07-09,NA,8,1,22,17,26
MAZATLAN,2026-07-10,NA,8,3,24,17,29
MAZATLAN,2026-07-11,NA,7,5,19,9,26
MAZATLAN,2026-07-12,NA,9,6,21,13,22
MAZATLAN,2026-07-13,NA,10,1,16,9,19
MAZATLAN,2026-07-14,NA,5,5,17,14,21
MAZATLAN,2026-07-15,NA,3,2,22,15,15
MAZATLAN,2026-07-16,NA,5,2,16,13,18
MAZATLAN,2026-07-17,NA,4,2,33,17,24
MAZATLAN,2026-07-18,NA,8,6,24,7,24
MAZATLAN,2026-07-19,NA,9,8,23,16,23
MAZATLAN,2026-07-20,NA,7,5,24,10,20
MAZATLAN,2026-07-21,NA,6,6,26,13,20
MAZATLAN,2026-07-22,NA,6,6,20,26,19
MAZATLAN,2026-07-23,NA,4,4,27,21,20
MAZATLAN,2026-07-24,NA,5,2,21,20,20
MAZATLAN,2026-07-25,NA,6,4,9,21,25
MAZATLAN,2026-07-26,NA,3,5,13,15,26
MAZATLAN,2026-07-27,NA,4,3,4,5,23
MAZATLAN,2026-07-28,NA,4,5,24,13,33
MAZATLAN,2026-07-29,NA,4,3,26,17,32
MAZATLAN,2026-07-30,NA,6,5,61,16,40
MAZATLAN,2026-07-31,NA,7,2,73,13,33
MAZATLAN,2026-08-01,3,7,5,59,18,32
MAZATLAN,2026-08-02,4,12,11,70,16,33
MAZATLAN,2026-08-03,4,7,12,52,15,33
MAZATLAN,2026-08-04,5,7,12,46,21,34
MAZATLAN,2026-08-05,5,9,7,36,12,38
MAZATLAN,2026-08-06,2,7,6,34,11,32
MAZATLAN,2026-08-07,2,9,8,39,18,31
MAZATLAN,2026-08-08,1,11,9,52,18,26
MAZATLAN,2026-08-09,NA,14,6,55,20,25
MAZATLAN,2026-08-10,1,14,8,44,13,19
MAZATLAN,2026-08-11,2,14,11,48,17,28
MAZATLAN,2026-08-12,2,11,9,39,16,27
MAZATLAN,2026-08-13,3,11,10,34,19,22
MAZATLAN,2026-08-14,1,11,8,21,20,26
MAZATLAN,2026-08-15,NA,9,6,14,21,27
MAZATLAN,2026-08-16,1,11,7,25,12,24
MAZATLAN,2026-08-17,1,11,6,10,9,20
MAZATLAN,2026-08-18,1,12,4,20,22,21
MAZATLAN,2026-08-19,1,13,7,24,18,21
MAZATLAN,2026-08-20,1,8,1,26,11,24
MAZATLAN,2026-08-21,NA,10,2,27,9,25
MAZATLAN,2026-08-22,1,7,4,12,12,23
MAZATLAN,2026-08-23,NA,6,1,10,13,20
MAZATLAN,2026-08-24,1,6,NA,12,9,17
MERIDA,2025-08-24,NA,10,19,36,47,58
MERIDA,2025-08-25,NA,8,11,24,50,34
MERIDA,2025-08-26,NA,11,9,63,46,34
MERIDA,2025-08-27,NA,17,12,67,48,33
MERIDA,2025-08-28,NA,13,14,48,37,24
MERIDA,2025-08-29,NA,15,13,40,39,19
MERIDA,2025-08-30,NA,14,9,51,39,18
MERIDA,2025-08-31,NA,10,7,43,26,24
MERIDA,2025-09-01,NA,8,2,23,21,17
MERIDA,2025-09-02,NA,12,8,53,42,19
MERIDA,2025-09-03,NA,17,4,86,36,35
MERIDA,2025-09-04,NA,19,4,94,34,30
MERIDA,2025-09-05,NA,25,5,76,37,30
MERIDA,2025-09-06,NA,20,7,68,35,27
MERIDA,2025-09-07,NA,8,8,42,18,25
MERIDA,2025-09-08,NA,9,9,38,21,14
MERIDA,2025-09-09,NA,6,9,31,28,17
MERIDA,2025-09-10,NA,9,9,33,33,23
MERIDA,2025-09-11,NA,9,5,48,31,33
MERIDA,2025-09-12,NA,13,4,51,36,38
MERIDA,2025-09-13,NA,13,6,56,27,35
MERIDA,2025-09-14,NA,11,5,44,35,33
MERIDA,2025-09-15,NA,7,2,26,30,19
MERIDA,2025-09-16,NA,6,7,36,39,25
MERIDA,2025-09-17,NA,5,3,38,35,21
MERIDA,2025-09-18,NA,7,8,56,32,22
MERIDA,2025-09-19,NA,8,8,63,37,25
MERIDA,2025-09-20,NA,11,8,56,49,37
MERIDA,2025-09-21,NA,13,14,49,46,35
MERIDA,2025-09-22,NA,8,4,38,43,26
MERIDA,2025-09-23,NA,4,6,30,43,36
MERIDA,2025-09-24,NA,4,9,31,41,22
MERIDA,2025-09-25,NA,7,9,28,38,42
MERIDA,2025-09-26,NA,12,3,47,41,34
MERIDA,2025-09-27,NA,12,7,75,40,40
MERIDA,2025-09-28,NA,20,11,98,31,41
MERIDA,2025-09-29,NA,20,10,72,25,40
MERIDA,2025-09-30,NA,25,12,109,35,38
MERIDA,2025-10-01,NA,31,20,107,36,41
MERIDA,2025-10-02,NA,28,22,108,37,54
MERIDA,2025-10-03,NA,19,17,107,51,52
MERIDA,2025-10-04,NA,20,21,81,42,51
MERIDA,2025-10-05,NA,22,15,69,28,53
MERIDA,2025-10-06,NA,19,15,62,28,29
MERIDA,2025-10-07,NA,11,15,66,27,36
MERIDA,2025-10-08,NA,9,16,75,43,30
MERIDA,2025-10-09,NA,14,12,58,41,34
MERIDA,2025-10-10,NA,14,11,35,58,36
MERIDA,2025-10-11,NA,17,7,35,41,24
MERIDA,2025-10-12,NA,11,7,36,27,24
MERIDA,2025-10-13,NA,10,4,31,31,14
MERIDA,2025-10-14,NA,8,7,51,38,36
MERIDA,2025-10-15,NA,11,7,55,39,38
MERIDA,2025-10-16,NA,16,11,45,50,37
MERIDA,2025-10-17,NA,13,5,36,49,42
MERIDA,2025-10-18,NA,14,7,37,47,49
MERIDA,2025-10-19,NA,15,3,43,31,46
MERIDA,2025-10-20,NA,12,3,36,22,39
MERIDA,2025-10-21,NA,11,2,65,34,46
MERIDA,2025-10-22,NA,12,3,64,35,53
MERIDA,2025-10-23,NA,12,9,51,35,57
MERIDA,2025-10-24,NA,15,15,42,36,54
MERIDA,2025-10-25,NA,11,10,47,40,47
MERIDA,2025-10-26,NA,11,7,43,28,38
MERIDA,2025-10-27,NA,8,4,22,34,26
MERIDA,2025-10-28,NA,13,3,36,33,30
MERIDA,2025-10-29,NA,14,6,47,35,42
MERIDA,2025-10-30,NA,12,8,56,40,38
MERIDA,2025-10-31,NA,10,8,50,50,36
MERIDA,2025-11-01,NA,8,12,41,39,28
MERIDA,2025-11-02,NA,6,6,31,26,19
MERIDA,2025-11-03,NA,14,5,37,19,13
MERIDA,2025-11-04,NA,13,11,35,28,22
MERIDA,2025-11-05,NA,16,9,41,30,28
MERIDA,2025-11-06,NA,19,8,43,50,32
MERIDA,2025-11-07,NA,16,13,46,46,29
MERIDA,2025-11-08,NA,14,14,42,39,43
MERIDA,2025-11-09,NA,15,9,41,35,44
MERIDA,2025-11-10,NA,12,7,28,46,28
MERIDA,2025-11-11,NA,13,10,51,41,36
MERIDA,2025-11-12,NA,10,6,37,41,26
MERIDA,2025-11-13,NA,22,9,38,37,22
MERIDA,2025-11-14,NA,24,11,31,58,28
MERIDA,2025-11-15,NA,24,11,41,66,32
MERIDA,2025-11-16,NA,27,10,35,42,38
MERIDA,2025-11-17,NA,20,15,27,30,28
MERIDA,2025-11-18,NA,13,10,26,39,31
MERIDA,2025-11-19,NA,9,6,29,42,33
MERIDA,2025-11-20,NA,11,7,32,54,38
MERIDA,2025-11-21,NA,13,5,45,60,49
MERIDA,2025-11-22,NA,11,7,54,61,53
MERIDA,2025-11-23,NA,8,7,52,64,47
MERIDA,2025-11-24,NA,9,5,24,42,31
MERIDA,2025-11-25,NA,11,5,54,52,31
MERIDA,2025-11-26,NA,11,8,34,44,44
MERIDA,2025-11-27,NA,12,9,34,46,36
MERIDA,2025-11-28,NA,10,9,34,52,19
MERIDA,2025-11-29,NA,12,11,40,48,17
MERIDA,2025-11-30,NA,14,8,31,49,16
MERIDA,2025-12-01,NA,11,10,27,39,12
MERIDA,2025-12-02,NA,18,7,22,50,17
MERIDA,2025-12-03,NA,13,10,44,51,25
MERIDA,2025-12-04,NA,10,12,32,53,25
MERIDA,2025-12-05,NA,11,12,37,53,28
MERIDA,2025-12-06,NA,15,9,43,53,28
MERIDA,2025-12-07,NA,9,5,33,47,26
MERIDA,2025-12-08,NA,9,2,30,43,21
MERIDA,2025-12-09,NA,13,13,39,43,31
MERIDA,2025-12-10,NA,12,6,35,45,38
MERIDA,2025-12-11,NA,14,7,46,38,38
MERIDA,2025-12-12,NA,14,14,43,44,24
MERIDA,2025-12-13,NA,17,6,38,43,13
MERIDA,2025-12-14,NA,12,4,31,45,20
MERIDA,2025-12-15,NA,8,5,33,42,11
MERIDA,2025-12-16,NA,11,7,28,38,31
MERIDA,2025-12-17,NA,12,7,35,39,24
MERIDA,2025-12-18,NA,11,4,35,47,37
MERIDA,2025-12-19,NA,8,7,32,50,37
MERIDA,2025-12-20,NA,11,12,40,34,25
MERIDA,2025-12-21,NA,9,6,41,43,30
MERIDA,2025-12-22,NA,8,5,28,35,20
MERIDA,2025-12-23,NA,7,7,30,32,22
MERIDA,2025-12-24,NA,5,6,25,33,17
MERIDA,2025-12-25,NA,4,6,16,21,15
MERIDA,2025-12-26,NA,5,5,16,14,7
MERIDA,2025-12-27,NA,3,3,20,19,14
MERIDA,2025-12-28,NA,2,NA,18,28,16
MERIDA,2025-12-29,NA,5,2,10,22,10
MERIDA,2025-12-30,NA,7,7,28,27,22
MERIDA,2025-12-31,NA,10,3,22,29,30
MERIDA,2026-01-01,NA,8,3,24,7,22
MERIDA,2026-01-02,NA,9,5,17,7,19
MERIDA,2026-01-03,NA,13,5,35,24,24
MERIDA,2026-01-04,NA,7,9,25,22,21
MERIDA,2026-01-05,NA,7,2,27,23,17
MERIDA,2026-01-06,NA,8,5,39,28,34
MERIDA,2026-01-07,NA,8,7,44,49,36
MERIDA,2026-01-08,NA,13,9,40,40,31
MERIDA,2026-01-09,NA,11,11,48,39,28
MERIDA,2026-01-10,NA,13,14,42,43,31
MERIDA,2026-01-11,NA,12,10,48,45,24
MERIDA,2026-01-12,NA,18,7,29,43,17
MERIDA,2026-01-13,NA,21,11,43,38,26
MERIDA,2026-01-14,NA,24,11,45,59,24
MERIDA,2026-01-15,NA,21,12,54,54,37
MERIDA,2026-01-16,NA,12,11,80,67,34
MERIDA,2026-01-17,NA,17,13,73,60,37
MERIDA,2026-01-18,NA,12,13,54,40,28
MERIDA,2026-01-19,NA,10,13,36,30,23
MERIDA,2026-01-20,NA,6,7,46,40,32
MERIDA,2026-01-21,NA,9,15,29,41,29
MERIDA,2026-01-22,NA,13,12,40,37,26
MERIDA,2026-01-23,NA,15,14,43,49,24
MERIDA,2026-01-24,NA,21,13,49,50,36
MERIDA,2026-01-25,NA,19,6,39,40,22
MERIDA,2026-01-26,NA,14,4,26,30,16
MERIDA,2026-01-27,NA,14,13,37,44,25
MERIDA,2026-01-28,NA,9,6,36,36,32
MERIDA,2026-01-29,NA,14,9,33,61,31
MERIDA,2026-01-30,NA,18,9,28,61,31
MERIDA,2026-01-31,NA,23,7,29,54,33
MERIDA,2026-02-01,NA,17,8,30,40,30
MERIDA,2026-02-02,NA,13,8,21,36,23
MERIDA,2026-02-03,NA,13,4,22,34,23
MERIDA,2026-02-04,NA,16,4,38,37,26
MERIDA,2026-02-05,NA,20,12,47,54,35
MERIDA,2026-02-06,NA,23,11,39,71,38
MERIDA,2026-02-07,NA,16,12,31,60,45
MERIDA,2026-02-08,NA,14,6,34,31,20
MERIDA,2026-02-09,NA,12,7,20,33,10
MERIDA,2026-02-10,NA,11,6,30,51,33
MERIDA,2026-02-11,NA,17,10,26,37,34
MERIDA,2026-02-12,NA,12,6,24,39,34
MERIDA,2026-02-13,NA,12,11,38,53,25
MERIDA,2026-02-14,NA,19,18,36,58,28
MERIDA,2026-02-15,NA,15,8,51,35,28
MERIDA,2026-02-16,NA,12,6,35,34,25
MERIDA,2026-02-17,NA,12,10,35,37,39
MERIDA,2026-02-18,NA,8,7,48,35,43
MERIDA,2026-02-19,NA,13,10,41,32,43
MERIDA,2026-02-20,NA,16,5,53,41,34
MERIDA,2026-02-21,NA,18,1,38,49,27
MERIDA,2026-02-22,NA,15,9,33,40,19
MERIDA,2026-02-23,NA,8,7,41,32,15
MERIDA,2026-02-24,NA,16,10,49,32,26
MERIDA,2026-02-25,NA,12,7,27,42,36
MERIDA,2026-02-26,NA,17,5,25,34,36
MERIDA,2026-02-27,NA,12,5,28,41,45
MERIDA,2026-02-28,NA,19,12,34,57,29
MERIDA,2026-03-01,NA,17,7,25,27,24
MERIDA,2026-03-02,NA,7,3,23,18,17
MERIDA,2026-03-03,NA,11,7,34,51,24
MERIDA,2026-03-04,NA,17,11,63,44,32
MERIDA,2026-03-05,NA,11,11,54,42,38
MERIDA,2026-03-06,NA,12,11,52,42,34
MERIDA,2026-03-07,NA,7,8,41,34,36
MERIDA,2026-03-08,NA,4,6,32,27,48
MERIDA,2026-03-09,NA,6,4,31,29,35
MERIDA,2026-03-10,NA,10,5,32,33,46
MERIDA,2026-03-11,NA,16,11,37,46,36
MERIDA,2026-03-12,NA,15,9,41,50,44
MERIDA,2026-03-13,NA,14,6,36,44,45
MERIDA,2026-03-14,NA,18,9,37,47,43
MERIDA,2026-03-15,NA,15,9,42,52,48
MERIDA,2026-03-16,NA,12,7,33,40,45
MERIDA,2026-03-17,NA,11,5,37,35,36
MERIDA,2026-03-18,NA,10,13,31,39,31
MERIDA,2026-03-19,NA,16,14,59,60,40
MERIDA,2026-03-20,NA,16,16,57,57,42
MERIDA,2026-03-21,NA,10,16,45,49,33
MERIDA,2026-03-22,NA,8,12,25,39,37
MERIDA,2026-03-23,NA,6,6,30,33,31
MERIDA,2026-03-24,NA,8,10,38,42,32
MERIDA,2026-03-25,NA,11,10,37,37,41
MERIDA,2026-03-26,NA,3,7,45,52,40
MERIDA,2026-03-27,NA,10,10,39,44,43
MERIDA,2026-03-28,NA,15,9,43,46,42
MERIDA,2026-03-29,NA,15,6,36,40,35
MERIDA,2026-03-30,NA,6,9,31,31,27
MERIDA,2026-03-31,NA,13,11,42,40,33
MERIDA,2026-04-01,NA,16,13,38,34,41
MERIDA,2026-04-02,NA,13,14,57,51,46
MERIDA,2026-04-03,NA,12,20,67,36,33
MERIDA,2026-04-04,NA,15,12,45,26,38
MERIDA,2026-04-05,NA,10,8,25,40,30
MERIDA,2026-04-06,NA,8,2,22,26,27
MERIDA,2026-04-07,NA,13,7,42,48,32
MERIDA,2026-04-08,NA,13,6,50,48,40
MERIDA,2026-04-09,NA,9,8,68,50,51
MERIDA,2026-04-10,NA,8,10,48,48,55
MERIDA,2026-04-11,NA,11,10,57,45,52
MERIDA,2026-04-12,NA,14,17,38,52,35
MERIDA,2026-04-13,NA,12,10,30,42,23
MERIDA,2026-04-14,NA,10,9,50,54,31
MERIDA,2026-04-15,NA,9,15,52,48,45
MERIDA,2026-04-16,NA,12,12,57,43,54
MERIDA,2026-04-17,NA,12,10,57,41,71
MERIDA,2026-04-18,NA,12,10,46,44,69
MERIDA,2026-04-19,NA,12,10,36,28,53
MERIDA,2026-04-20,NA,9,8,44,25,41
MERIDA,2026-04-21,NA,9,9,39,32,51
MERIDA,2026-04-22,NA,9,7,42,41,28
MERIDA,2026-04-23,NA,12,5,54,44,39
MERIDA,2026-04-24,NA,14,3,50,40,31
MERIDA,2026-04-25,NA,19,5,55,38,24
MERIDA,2026-04-26,NA,10,4,33,28,24
MERIDA,2026-04-27,NA,3,5,44,17,15
MERIDA,2026-04-28,NA,11,11,33,35,26
MERIDA,2026-04-29,NA,11,7,43,44,32
MERIDA,2026-04-30,NA,16,7,41,30,41
MERIDA,2026-05-01,NA,16,4,41,18,38
MERIDA,2026-05-02,NA,11,6,37,24,37
MERIDA,2026-05-03,NA,10,9,30,29,21
MERIDA,2026-05-04,NA,6,11,30,25,18
MERIDA,2026-05-05,NA,8,8,37,32,32
MERIDA,2026-05-06,NA,7,10,42,32,36
MERIDA,2026-05-07,NA,12,12,70,36,32
MERIDA,2026-05-08,NA,13,8,60,38,41
MERIDA,2026-05-09,NA,13,14,65,38,52
MERIDA,2026-05-10,NA,5,11,72,27,41
MERIDA,2026-05-11,NA,3,8,32,15,24
MERIDA,2026-05-12,NA,9,8,35,30,25
MERIDA,2026-05-13,NA,9,7,45,35,28
MERIDA,2026-05-14,NA,9,6,35,37,25
MERIDA,2026-05-15,NA,14,8,35,47,32
MERIDA,2026-05-16,NA,14,13,42,46,23
MERIDA,2026-05-17,NA,13,10,48,40,25
MERIDA,2026-05-18,NA,12,8,40,27,28
MERIDA,2026-05-19,NA,15,12,45,45,41
MERIDA,2026-05-20,NA,15,9,76,61,51
MERIDA,2026-05-21,NA,16,13,100,58,59
MERIDA,2026-05-22,NA,19,18,107,56,48
MERIDA,2026-05-23,NA,22,29,96,56,40
MERIDA,2026-05-24,NA,22,19,74,49,40
MERIDA,2026-05-25,NA,17,8,57,38,38
MERIDA,2026-05-26,NA,15,10,106,49,34
MERIDA,2026-05-27,NA,16,14,154,56,39
MERIDA,2026-05-28,NA,16,19,169,73,45
MERIDA,2026-05-29,NA,18,14,153,71,41
MERIDA,2026-05-30,NA,20,17,184,82,46
MERIDA,2026-05-31,NA,20,25,174,59,50
MERIDA,2026-06-01,NA,17,22,177,46,49
MERIDA,2026-06-02,NA,31,27,219,73,56
MERIDA,2026-06-03,NA,33,33,222,66,56
MERIDA,2026-06-04,NA,35,43,224,81,57
MERIDA,2026-06-05,NA,31,52,226,79,53
MERIDA,2026-06-06,NA,34,63,227,77,66
MERIDA,2026-06-07,NA,36,71,148,46,51
MERIDA,2026-06-08,NA,28,72,100,57,46
MERIDA,2026-06-09,NA,22,75,85,54,54
MERIDA,2026-06-10,NA,22,80,67,47,50
MERIDA,2026-06-11,NA,23,73,44,49,50
MERIDA,2026-06-12,NA,20,56,75,47,42
MERIDA,2026-06-13,NA,24,40,76,45,27
MERIDA,2026-06-14,NA,18,42,57,27,36
MERIDA,2026-06-15,NA,16,22,36,25,22
MERIDA,2026-06-16,NA,14,16,45,51,34
MERIDA,2026-06-17,NA,10,12,64,37,37
MERIDA,2026-06-18,NA,15,7,68,42,44
MERIDA,2026-06-19,NA,16,16,68,44,45
MERIDA,2026-06-20,NA,14,18,67,44,41
MERIDA,2026-06-21,NA,7,15,53,38,40
MERIDA,2026-06-22,NA,7,8,32,24,30
MERIDA,2026-06-23,NA,14,9,42,41,42
MERIDA,2026-06-24,NA,14,12,62,54,37
MERIDA,2026-06-25,NA,16,15,110,43,44
MERIDA,2026-06-26,NA,21,18,106,43,60
MERIDA,2026-06-27,NA,13,19,114,50,59
MERIDA,2026-06-28,NA,17,24,114,34,61
MERIDA,2026-06-29,NA,19,23,72,31,46
MERIDA,2026-06-30,NA,25,35,43,34,64
MERIDA,2026-07-01,NA,33,44,42,27,73
MERIDA,2026-07-02,NA,32,50,64,45,75
MERIDA,2026-07-03,NA,31,54,89,31,81
MERIDA,2026-07-04,NA,30,47,78,40,74
MERIDA,2026-07-05,NA,24,30,73,35,38
MERIDA,2026-07-06,NA,23,17,35,25,31
MERIDA,2026-07-07,NA,29,22,79,33,28
MERIDA,2026-07-08,NA,29,23,111,45,31
MERIDA,2026-07-09,NA,31,30,138,49,42
MERIDA,2026-07-10,NA,40,30,131,54,42
MERIDA,2026-07-11,NA,40,32,145,53,58
MERIDA,2026-07-12,NA,44,31,167,44,51
MERIDA,2026-07-13,NA,38,30,144,40,39
MERIDA,2026-07-14,NA,36,30,152,57,55
MERIDA,2026-07-15,NA,33,34,181,75,60
MERIDA,2026-07-16,NA,35,35,184,77,67
MERIDA,2026-07-17,NA,40,35,192,63,74
MERIDA,2026-07-18,NA,36,40,223,71,76
MERIDA,2026-07-19,NA,38,39,205,64,80
MERIDA,2026-07-20,NA,42,33,108,62,67
MERIDA,2026-07-21,NA,49,35,97,74,77
MERIDA,2026-07-22,NA,49,29,83,71,80
MERIDA,2026-07-23,NA,36,19,79,65,65
MERIDA,2026-07-24,NA,28,17,81,51,63
MERIDA,2026-07-25,NA,22,25,59,55,57
MERIDA,2026-07-26,NA,17,13,58,55,51
MERIDA,2026-07-27,NA,10,9,49,40,46
MERIDA,2026-07-28,NA,11,12,65,41,40
MERIDA,2026-07-29,NA,12,13,32,49,40
MERIDA,2026-07-30,NA,15,7,45,52,29
MERIDA,2026-07-31,NA,25,14,51,43,32
MERIDA,2026-08-01,NA,19,12,54,27,43
MERIDA,2026-08-02,1,20,7,54,33,37
MERIDA,2026-08-03,3,15,8,39,42,31
MERIDA,2026-08-04,1,16,16,64,50,26
MERIDA,2026-08-05,3,15,16,66,52,43
MERIDA,2026-08-06,7,13,23,66,52,52
MERIDA,2026-08-07,6,11,23,76,54,49
MERIDA,2026-08-08,8,16,22,77,56,51
MERIDA,2026-08-09,7,17,23,75,45,32
MERIDA,2026-08-10,4,8,16,47,47,22
MERIDA,2026-08-11,4,8,16,77,42,37
MERIDA,2026-08-12,4,12,20,113,66,51
MERIDA,2026-08-13,8,17,28,121,88,47
MERIDA,2026-08-14,8,18,27,156,82,45
MERIDA,2026-08-15,10,27,27,161,73,40
MERIDA,2026-08-16,9,24,23,148,82,32
MERIDA,2026-08-17,6,20,20,99,70,20
MERIDA,2026-08-18,11,26,29,98,82,26
MERIDA,2026-08-19,12,34,26,90,74,29
MERIDA,2026-08-20,16,35,29,99,71,34
MERIDA,2026-08-21,7,25,29,93,63,32
MERIDA,2026-08-22,8,26,29,67,49,31
MERIDA,2026-08-23,6,19,15,44,37,20
MERIDA,2026-08-24,1,13,14,35,36,19
MEXICALI,2025-08-24,NA,7,3,50,18,20
MEXICALI,2025-08-25,NA,4,2,42,14,10
MEXICALI,2025-08-26,NA,6,6,103,22,9
MEXICALI,2025-08-27,NA,11,7,257,18,10
MEXICALI,2025-08-28,NA,14,10,293,29,21
MEXICALI,2025-08-29,NA,17,13,332,49,21
MEXICALI,2025-08-30,NA,20,15,275,36,22
MEXICALI,2025-08-31,NA,25,13,247,36,26
MEXICALI,2025-09-01,NA,32,16,218,18,21
MEXICALI,2025-09-02,NA,34,23,245,36,29
MEXICALI,2025-09-03,NA,24,26,223,31,30
MEXICALI,2025-09-04,NA,28,20,191,35,38
MEXICALI,2025-09-05,NA,22,17,175,34,43
MEXICALI,2025-09-06,NA,24,23,133,29,51
MEXICALI,2025-09-07,NA,23,20,87,21,48
MEXICALI,2025-09-08,NA,24,20,86,12,43
MEXICALI,2025-09-09,NA,28,20,81,22,47
MEXICALI,2025-09-10,NA,26,20,76,22,49
MEXICALI,2025-09-11,NA,24,14,69,28,59
MEXICALI,2025-09-12,NA,20,9,52,19,57
MEXICALI,2025-09-13,NA,15,12,56,19,39
MEXICALI,2025-09-14,NA,12,4,42,14,23
MEXICALI,2025-09-15,NA,6,1,42,11,11
MEXICALI,2025-09-16,NA,3,2,41,15,6
MEXICALI,2025-09-17,NA,5,1,49,15,6
MEXICALI,2025-09-18,NA,6,2,33,14,11
MEXICALI,2025-09-19,NA,9,1,64,14,15
MEXICALI,2025-09-20,NA,10,5,109,24,18
MEXICALI,2025-09-21,NA,10,10,115,18,14
MEXICALI,2025-09-22,NA,14,7,70,12,13
MEXICALI,2025-09-23,NA,14,9,82,14,22
MEXICALI,2025-09-24,NA,16,10,109,22,24
MEXICALI,2025-09-25,NA,19,10,122,26,25
MEXICALI,2025-09-26,NA,15,8,136,21,23
MEXICALI,2025-09-27,NA,12,11,124,29,27
MEXICALI,2025-09-28,NA,16,10,132,20,23
MEXICALI,2025-09-29,NA,11,7,110,15,15
MEXICALI,2025-09-30,NA,12,7,105,15,25
MEXICALI,2025-10-01,NA,11,8,100,19,24
MEXICALI,2025-10-02,NA,16,12,88,19,27
MEXICALI,2025-10-03,NA,19,9,86,24,29
MEXICALI,2025-10-04,NA,15,15,99,26,26
MEXICALI,2025-10-05,NA,16,14,98,22,23
MEXICALI,2025-10-06,NA,16,10,71,9,11
MEXICALI,2025-10-07,NA,7,9,83,16,22
MEXICALI,2025-10-08,NA,9,4,73,16,21
MEXICALI,2025-10-09,NA,12,5,80,11,21
MEXICALI,2025-10-10,NA,9,4,118,22,17
MEXICALI,2025-10-11,NA,11,6,132,26,11
MEXICALI,2025-10-12,NA,15,8,146,19,9
MEXICALI,2025-10-13,NA,12,5,149,18,7
MEXICALI,2025-10-14,NA,20,10,143,19,20
MEXICALI,2025-10-15,NA,27,16,137,23,27
MEXICALI,2025-10-16,NA,25,23,148,25,23
MEXICALI,2025-10-17,NA,15,26,129,33,20
MEXICALI,2025-10-18,NA,12,19,139,30,10
MEXICALI,2025-10-19,NA,16,14,135,20,7
MEXICALI,2025-10-20,NA,14,9,80,20,3
MEXICALI,2025-10-21,NA,16,7,75,21,4
MEXICALI,2025-10-22,NA,12,2,62,18,13
MEXICALI,2025-10-23,NA,13,3,58,22,8
MEXICALI,2025-10-24,NA,10,1,45,23,12
MEXICALI,2025-10-25,NA,7,6,36,16,11
MEXICALI,2025-10-26,NA,11,3,31,20,6
MEXICALI,2025-10-27,NA,6,NA,31,11,3
MEXICALI,2025-10-28,NA,3,3,37,14,3
MEXICALI,2025-10-29,NA,4,2,37,17,8
MEXICALI,2025-10-30,NA,3,1,33,15,5
MEXICALI,2025-10-31,NA,8,1,36,28,7
MEXICALI,2025-11-01,NA,8,2,50,17,7
MEXICALI,2025-11-02,NA,6,2,40,12,5
MEXICALI,2025-11-03,NA,3,2,42,12,1
MEXICALI,2025-11-04,NA,5,6,35,13,3
MEXICALI,2025-11-05,NA,5,4,54,19,3
MEXICALI,2025-11-06,NA,5,2,48,30,12
MEXICALI,2025-11-07,NA,3,4,30,29,12
MEXICALI,2025-11-08,NA,2,6,29,26,13
MEXICALI,2025-11-09,NA,9,2,38,8,8
MEXICALI,2025-11-10,NA,8,3,34,12,6
MEXICALI,2025-11-11,NA,3,3,38,14,16
MEXICALI,2025-11-12,NA,9,1,32,22,14
MEXICALI,2025-11-13,NA,9,4,47,23,17
MEXICALI,2025-11-14,NA,8,7,44,29,13
MEXICALI,2025-11-15,NA,12,6,54,30,9
MEXICALI,2025-11-16,NA,7,5,52,20,16
MEXICALI,2025-11-17,NA,6,5,42,17,17
MEXICALI,2025-11-18,NA,8,4,55,23,10
MEXICALI,2025-11-19,NA,8,7,46,22,13
MEXICALI,2025-11-20,NA,7,7,60,13,10
MEXICALI,2025-11-21,NA,7,8,45,12,9
MEXICALI,2025-11-22,NA,7,10,52,32,21
MEXICALI,2025-11-23,NA,7,12,63,32,21
MEXICALI,2025-11-24,NA,7,8,70,21,17
MEXICALI,2025-11-25,NA,8,13,56,23,12
MEXICALI,2025-11-26,NA,11,8,80,29,5
MEXICALI,2025-11-27,NA,10,15,72,30,7
MEXICALI,2025-11-28,NA,13,17,72,30,10
MEXICALI,2025-11-29,NA,10,4,58,25,6
MEXICALI,2025-11-30,NA,12,13,86,24,7
MEXICALI,2025-12-01,NA,14,12,70,21,11
MEXICALI,2025-12-02,NA,16,16,88,34,27
MEXICALI,2025-12-03,NA,10,15,101,19,21
MEXICALI,2025-12-04,NA,16,15,94,28,16
MEXICALI,2025-12-05,NA,12,16,78,32,15
MEXICALI,2025-12-06,NA,10,18,76,25,18
MEXICALI,2025-12-07,NA,13,23,57,32,13
MEXICALI,2025-12-08,NA,10,8,45,26,9
MEXICALI,2025-12-09,NA,13,8,43,24,13
MEXICALI,2025-12-10,NA,4,4,32,14,19
MEXICALI,2025-12-11,NA,7,4,30,19,10
MEXICALI,2025-12-12,NA,11,4,39,25,8
MEXICALI,2025-12-13,NA,16,2,43,26,9
MEXICALI,2025-12-14,NA,7,1,56,25,9
MEXICALI,2025-12-15,NA,6,3,37,21,4
MEXICALI,2025-12-16,NA,6,4,49,29,8
MEXICALI,2025-12-17,NA,7,8,52,27,8
MEXICALI,2025-12-18,NA,5,7,56,26,7
MEXICALI,2025-12-19,NA,5,3,44,21,7
MEXICALI,2025-12-20,NA,4,1,38,28,5
MEXICALI,2025-12-21,NA,NA,4,48,19,5
MEXICALI,2025-12-22,NA,4,1,33,11,3
MEXICALI,2025-12-23,NA,4,4,41,29,10
MEXICALI,2025-12-24,NA,3,4,56,24,15
MEXICALI,2025-12-25,NA,7,4,38,17,13
MEXICALI,2025-12-26,NA,4,1,49,14,9
MEXICALI,2025-12-27,NA,6,6,63,28,8
MEXICALI,2025-12-28,NA,10,5,62,19,9
MEXICALI,2025-12-29,NA,2,1,44,15,5
MEXICALI,2025-12-30,NA,1,2,54,16,11
MEXICALI,2025-12-31,NA,4,4,41,14,11
MEXICALI,2026-01-01,NA,3,2,29,12,16
MEXICALI,2026-01-02,NA,3,3,42,14,14
MEXICALI,2026-01-03,NA,3,3,61,21,12
MEXICALI,2026-01-04,NA,6,5,50,29,7
MEXICALI,2026-01-05,NA,4,7,53,26,4
MEXICALI,2026-01-06,NA,6,9,46,26,15
MEXICALI,2026-01-07,NA,3,2,49,27,14
MEXICALI,2026-01-08,NA,5,5,54,38,13
MEXICALI,2026-01-09,NA,11,4,61,35,11
MEXICALI,2026-01-10,NA,15,5,65,39,12
MEXICALI,2026-01-11,NA,13,9,67,21,14
MEXICALI,2026-01-12,NA,11,7,64,21,7
MEXICALI,2026-01-13,NA,11,12,65,34,11
MEXICALI,2026-01-14,NA,10,10,54,29,10
MEXICALI,2026-01-15,NA,10,6,66,33,8
MEXICALI,2026-01-16,NA,10,12,49,51,10
MEXICALI,2026-01-17,NA,15,12,65,47,7
MEXICALI,2026-01-18,NA,21,19,65,33,7
MEXICALI,2026-01-19,NA,18,21,61,24,2
MEXICALI,2026-01-20,NA,21,24,80,21,4
MEXICALI,2026-01-21,NA,23,14,57,35,7
MEXICALI,2026-01-22,NA,26,12,65,40,12
MEXICALI,2026-01-23,NA,30,14,82,38,14
MEXICALI,2026-01-24,NA,23,15,65,38,16
MEXICALI,2026-01-25,NA,25,7,54,25,7
MEXICALI,2026-01-26,NA,17,6,48,21,4
MEXICALI,2026-01-27,NA,11,6,43,19,11
MEXICALI,2026-01-28,NA,9,6,36,23,9
MEXICALI,2026-01-29,NA,6,3,29,29,15
MEXICALI,2026-01-30,NA,7,3,45,38,13
MEXICALI,2026-01-31,NA,5,2,45,38,8
MEXICALI,2026-02-01,NA,17,4,39,27,10
MEXICALI,2026-02-02,NA,9,3,34,23,4
MEXICALI,2026-02-03,NA,11,2,47,26,8
MEXICALI,2026-02-04,NA,7,4,32,31,17
MEXICALI,2026-02-05,NA,13,4,36,33,19
MEXICALI,2026-02-06,NA,12,3,32,34,14
MEXICALI,2026-02-07,NA,14,3,53,38,20
MEXICALI,2026-02-08,NA,7,2,48,20,16
MEXICALI,2026-02-09,NA,6,1,34,15,12
MEXICALI,2026-02-10,NA,9,4,42,19,13
MEXICALI,2026-02-11,NA,15,5,31,34,16
MEXICALI,2026-02-12,NA,16,5,53,37,19
MEXICALI,2026-02-13,NA,18,3,55,48,19
MEXICALI,2026-02-14,NA,18,4,50,35,12
MEXICALI,2026-02-15,NA,15,6,51,29,14
MEXICALI,2026-02-16,NA,9,3,55,17,7
MEXICALI,2026-02-17,NA,15,8,52,34,9
MEXICALI,2026-02-18,NA,19,10,56,30,14
MEXICALI,2026-02-19,NA,22,13,117,32,19
MEXICALI,2026-02-20,NA,25,12,129,32,21
MEXICALI,2026-02-21,NA,31,13,133,45,23
MEXICALI,2026-02-22,NA,27,13,144,22,22
MEXICALI,2026-02-23,NA,25,12,121,11,19
MEXICALI,2026-02-24,NA,27,12,102,22,22
MEXICALI,2026-02-25,NA,29,7,94,33,24
MEXICALI,2026-02-26,NA,33,14,86,34,19
MEXICALI,2026-02-27,NA,37,13,77,34,14
MEXICALI,2026-02-28,NA,39,9,62,38,18
MEXICALI,2026-03-01,NA,39,11,111,33,17
MEXICALI,2026-03-02,NA,38,14,81,19,15
MEXICALI,2026-03-03,NA,32,15,88,24,19
MEXICALI,2026-03-04,NA,26,10,112,27,17
MEXICALI,2026-03-05,NA,26,14,90,31,26
MEXICALI,2026-03-06,NA,25,18,94,29,29
MEXICALI,2026-03-07,NA,29,17,94,23,27
MEXICALI,2026-03-08,NA,26,12,64,14,25
MEXICALI,2026-03-09,NA,11,14,46,17,19
MEXICALI,2026-03-10,NA,8,13,46,21,17
MEXICALI,2026-03-11,NA,13,10,42,17,20
MEXICALI,2026-03-12,NA,8,9,45,31,18
MEXICALI,2026-03-13,NA,12,6,51,22,14
MEXICALI,2026-03-14,NA,12,9,53,48,20
MEXICALI,2026-03-15,NA,5,7,68,28,14
MEXICALI,2026-03-16,NA,7,4,53,19,10
MEXICALI,2026-03-17,NA,12,7,51,20,7
MEXICALI,2026-03-18,NA,14,5,55,28,13
MEXICALI,2026-03-19,NA,13,3,64,30,14
MEXICALI,2026-03-20,NA,9,4,58,36,12
MEXICALI,2026-03-21,NA,10,7,77,33,11
MEXICALI,2026-03-22,NA,9,14,84,26,8
MEXICALI,2026-03-23,NA,5,13,77,12,9
MEXICALI,2026-03-24,NA,7,9,72,26,20
MEXICALI,2026-03-25,NA,10,7,71,29,26
MEXICALI,2026-03-26,NA,12,4,67,39,24
MEXICALI,2026-03-27,NA,9,5,44,35,14
MEXICALI,2026-03-28,NA,9,8,58,39,16
MEXICALI,2026-03-29,NA,6,6,46,23,10
MEXICALI,2026-03-30,NA,3,4,47,21,6
MEXICALI,2026-03-31,NA,3,6,45,22,9
MEXICALI,2026-04-01,NA,5,3,52,20,9
MEXICALI,2026-04-02,NA,7,5,64,30,10
MEXICALI,2026-04-03,NA,11,7,51,26,8
MEXICALI,2026-04-04,NA,8,2,37,33,8
MEXICALI,2026-04-05,NA,9,3,39,20,8
MEXICALI,2026-04-06,NA,5,3,42,21,3
MEXICALI,2026-04-07,NA,4,2,37,27,8
MEXICALI,2026-04-08,NA,9,6,38,35,5
MEXICALI,2026-04-09,NA,9,7,47,52,9
MEXICALI,2026-04-10,NA,13,5,49,46,13
MEXICALI,2026-04-11,NA,13,8,51,31,14
MEXICALI,2026-04-12,NA,4,4,42,21,7
MEXICALI,2026-04-13,NA,6,3,31,21,4
MEXICALI,2026-04-14,NA,5,4,45,19,13
MEXICALI,2026-04-15,NA,7,6,43,27,11
MEXICALI,2026-04-16,NA,13,6,47,33,7
MEXICALI,2026-04-17,NA,5,1,43,21,9
MEXICALI,2026-04-18,NA,6,3,44,24,13
MEXICALI,2026-04-19,NA,7,2,34,13,11
MEXICALI,2026-04-20,NA,7,4,35,7,6
MEXICALI,2026-04-21,NA,6,4,45,21,8
MEXICALI,2026-04-22,NA,3,6,48,28,12
MEXICALI,2026-04-23,NA,3,3,41,26,6
MEXICALI,2026-04-24,NA,6,3,38,24,6
MEXICALI,2026-04-25,NA,5,3,29,33,6
MEXICALI,2026-04-26,NA,6,2,36,25,4
MEXICALI,2026-04-27,NA,5,1,34,20,7
MEXICALI,2026-04-28,NA,9,3,44,36,12
MEXICALI,2026-04-29,NA,10,4,54,28,10
MEXICALI,2026-04-30,NA,11,6,41,17,8
MEXICALI,2026-05-01,NA,8,2,50,31,8
MEXICALI,2026-05-02,NA,8,6,34,17,9
MEXICALI,2026-05-03,NA,17,5,46,13,5
MEXICALI,2026-05-04,NA,12,5,39,15,6
MEXICALI,2026-05-05,NA,10,1,46,20,7
MEXICALI,2026-05-06,NA,8,5,42,23,9
MEXICALI,2026-05-07,NA,5,4,50,26,7
MEXICALI,2026-05-08,NA,8,5,56,29,11
MEXICALI,2026-05-09,NA,8,8,67,44,20
MEXICALI,2026-05-10,NA,12,6,65,32,17
MEXICALI,2026-05-11,NA,8,3,42,23,20
MEXICALI,2026-05-12,NA,9,10,46,27,16
MEXICALI,2026-05-13,NA,10,4,59,34,21
MEXICALI,2026-05-14,NA,9,3,61,40,26
MEXICALI,2026-05-15,NA,10,2,48,29,18
MEXICALI,2026-05-16,NA,11,5,50,42,19
MEXICALI,2026-05-17,NA,14,9,65,20,19
MEXICALI,2026-05-18,NA,8,1,40,17,16
MEXICALI,2026-05-19,NA,4,NA,45,22,15
MEXICALI,2026-05-20,NA,9,1,51,24,14
MEXICALI,2026-05-21,NA,5,4,49,26,20
MEXICALI,2026-05-22,NA,2,1,65,26,20
MEXICALI,2026-05-23,NA,7,4,45,29,23
MEXICALI,2026-05-24,NA,8,4,60,16,17
MEXICALI,2026-05-25,NA,10,4,47,16,10
MEXICALI,2026-05-26,NA,7,5,53,15,10
MEXICALI,2026-05-27,NA,8,7,38,17,10
MEXICALI,2026-05-28,NA,7,4,52,28,9
MEXICALI,2026-05-29,NA,15,11,104,27,19
MEXICALI,2026-05-30,NA,12,10,180,30,23
MEXICALI,2026-05-31,NA,21,13,140,29,23
MEXICALI,2026-06-01,NA,27,13,130,14,21
MEXICALI,2026-06-02,NA,29,28,142,22,37
MEXICALI,2026-06-03,NA,22,25,155,27,49
MEXICALI,2026-06-04,NA,27,26,137,56,49
MEXICALI,2026-06-05,NA,35,32,197,45,52
MEXICALI,2026-06-06,NA,35,34,148,34,54
MEXICALI,2026-06-07,NA,18,28,148,24,61
MEXICALI,2026-06-08,NA,20,27,101,14,45
MEXICALI,2026-06-09,NA,18,20,94,20,51
MEXICALI,2026-06-10,NA,8,14,59,22,52
MEXICALI,2026-06-11,NA,7,19,56,21,44
MEXICALI,2026-06-12,NA,5,11,39,22,36
MEXICALI,2026-06-13,NA,9,6,52,27,22
MEXICALI,2026-06-14,NA,11,3,54,17,11
MEXICALI,2026-06-15,NA,10,1,45,9,8
MEXICALI,2026-06-16,NA,11,5,56,42,17
MEXICALI,2026-06-17,NA,14,10,78,33,18
MEXICALI,2026-06-18,NA,12,10,78,35,19
MEXICALI,2026-06-19,NA,16,9,78,36,32
MEXICALI,2026-06-20,NA,16,11,93,24,29
MEXICALI,2026-06-21,NA,19,9,69,31,24
MEXICALI,2026-06-22,NA,9,9,32,22,19
MEXICALI,2026-06-23,NA,7,6,41,31,15
MEXICALI,2026-06-24,NA,9,8,50,25,17
MEXICALI,2026-06-25,NA,12,12,34,30,23
MEXICALI,2026-06-26,NA,10,8,39,32,25
MEXICALI,2026-06-27,NA,9,4,42,31,16
MEXICALI,2026-06-28,NA,11,4,55,25,16
MEXICALI,2026-06-29,NA,9,8,44,11,10
MEXICALI,2026-06-30,NA,9,4,45,32,11
MEXICALI,2026-07-01,NA,11,11,50,21,14
MEXICALI,2026-07-02,NA,11,5,78,28,12
MEXICALI,2026-07-03,NA,15,5,79,32,15
MEXICALI,2026-07-04,NA,21,12,94,40,11
MEXICALI,2026-07-05,NA,18,16,82,30,14
MEXICALI,2026-07-06,NA,19,12,84,12,11
MEXICALI,2026-07-07,NA,14,15,96,39,11
MEXICALI,2026-07-08,NA,14,21,91,34,18
MEXICALI,2026-07-09,NA,18,28,117,32,22
MEXICALI,2026-07-10,NA,20,32,126,28,23
MEXICALI,2026-07-11,NA,27,34,164,38,22
MEXICALI,2026-07-12,NA,18,30,190,37,20
MEXICALI,2026-07-13,NA,20,33,190,39,10
MEXICALI,2026-07-14,NA,22,31,221,44,13
MEXICALI,2026-07-15,NA,22,35,248,69,26
MEXICALI,2026-07-16,NA,32,32,252,74,33
MEXICALI,2026-07-17,NA,32,36,223,68,30
MEXICALI,2026-07-18,NA,33,44,179,128,38
MEXICALI,2026-07-19,NA,32,43,157,130,40
MEXICALI,2026-07-20,NA,31,40,113,83,33
MEXICALI,2026-07-21,NA,29,36,114,62,30
MEXICALI,2026-07-22,NA,18,28,103,61,32
MEXICALI,2026-07-23,NA,24,20,82,44,29
MEXICALI,2026-07-24,NA,16,7,60,29,27
MEXICALI,2026-07-25,NA,14,6,61,51,33
MEXICALI,2026-07-26,NA,11,3,54,33,27
MEXICALI,2026-07-27,NA,10,3,39,24,17
MEXICALI,2026-07-28,NA,8,4,67,30,18
MEXICALI,2026-07-29,NA,12,7,54,39,27
MEXICALI,2026-07-30,NA,11,5,65,30,27
MEXICALI,2026-07-31,NA,14,8,75,40,26
MEXICALI,2026-08-01,1,17,10,91,36,33
MEXICALI,2026-08-02,2,19,9,132,46,39
MEXICALI,2026-08-03,4,19,15,125,32,30
MEXICALI,2026-08-04,3,27,18,136,43,27
MEXICALI,2026-08-05,3,22,23,135,39,23
MEXICALI,2026-08-06,NA,20,26,154,32,26
MEXICALI,2026-08-07,2,22,26,163,33,31
MEXICALI,2026-08-08,3,27,20,160,36,31
MEXICALI,2026-08-09,2,20,17,147,61,26
MEXICALI,2026-08-10,2,25,15,137,44,20
MEXICALI,2026-08-11,NA,30,16,153,27,28
MEXICALI,2026-08-12,1,21,14,152,50,31
MEXICALI,2026-08-13,1,21,17,177,31,36
MEXICALI,2026-08-14,2,24,18,210,32,28
MEXICALI,2026-08-15,3,24,21,200,36,30
MEXICALI,2026-08-16,4,18,24,215,25,30
MEXICALI,2026-08-17,2,16,17,193,22,29
MEXICALI,2026-08-18,6,21,17,215,37,28
MEXICALI,2026-08-19,6,20,15,190,47,30
MEXICALI,2026-08-20,5,25,18,179,35,30
MEXICALI,2026-08-21,4,24,21,175,41,35
MEXICALI,2026-08-22,4,26,22,173,34,29
MEXICALI,2026-08-23,7,29,17,138,35,28
MEXICALI,2026-08-24,7,27,12,89,18,29
MONTERREY,2025-08-24,NA,124,70,742,397,123
MONTERREY,2025-08-25,NA,118,63,612,320,109
MONTERREY,2025-08-26,NA,133,75,738,398,128
MONTERREY,2025-08-27,NA,146,80,736,389,155
MONTERREY,2025-08-28,NA,139,79,636,431,120
MONTERREY,2025-08-29,NA,126,77,607,451,115
MONTERREY,2025-08-30,NA,146,74,589,442,106
MONTERREY,2025-08-31,NA,145,73,560,376,100
MONTERREY,2025-09-01,NA,115,50,461,286,73
MONTERREY,2025-09-02,NA,129,57,568,367,87
MONTERREY,2025-09-03,NA,118,67,665,393,121
MONTERREY,2025-09-04,NA,139,71,646,401,127
MONTERREY,2025-09-05,NA,127,66,627,439,99
MONTERREY,2025-09-06,NA,121,46,523,426,109
MONTERREY,2025-09-07,NA,106,35,481,379,97
MONTERREY,2025-09-08,NA,84,25,445,265,58
MONTERREY,2025-09-09,NA,78,31,755,363,93
MONTERREY,2025-09-10,NA,96,53,828,458,89
MONTERREY,2025-09-11,NA,104,51,806,469,102
MONTERREY,2025-09-12,NA,113,60,841,502,121
MONTERREY,2025-09-13,NA,116,54,732,522,98
MONTERREY,2025-09-14,NA,123,46,657,447,91
MONTERREY,2025-09-15,NA,112,42,520,367,69
MONTERREY,2025-09-16,NA,92,48,643,416,84
MONTERREY,2025-09-17,NA,106,48,595,414,73
MONTERREY,2025-09-18,NA,102,52,683,413,92
MONTERREY,2025-09-19,NA,110,48,669,402,126
MONTERREY,2025-09-20,NA,100,47,635,415,108
MONTERREY,2025-09-21,NA,90,39,578,315,87
MONTERREY,2025-09-22,NA,78,30,453,197,51
MONTERREY,2025-09-23,NA,78,40,476,256,85
MONTERREY,2025-09-24,NA,77,48,449,296,87
MONTERREY,2025-09-25,NA,73,52,382,291,74
MONTERREY,2025-09-26,NA,87,45,413,325,79
MONTERREY,2025-09-27,NA,92,38,455,355,84
MONTERREY,2025-09-28,NA,89,31,403,258,64
MONTERREY,2025-09-29,NA,64,32,347,177,38
MONTERREY,2025-09-30,NA,74,44,385,232,69
MONTERREY,2025-10-01,NA,92,31,428,224,87
MONTERREY,2025-10-02,NA,89,38,451,254,80
MONTERREY,2025-10-03,NA,84,43,414,250,69
MONTERREY,2025-10-04,NA,87,29,398,291,78
MONTERREY,2025-10-05,NA,68,19,331,180,51
MONTERREY,2025-10-06,NA,51,12,269,152,34
MONTERREY,2025-10-07,NA,68,36,391,230,87
MONTERREY,2025-10-08,NA,65,36,434,276,89
MONTERREY,2025-10-09,NA,66,47,553,299,105
MONTERREY,2025-10-10,NA,72,60,507,338,101
MONTERREY,2025-10-11,NA,77,63,565,367,104
MONTERREY,2025-10-12,NA,80,65,591,290,84
MONTERREY,2025-10-13,NA,65,56,448,229,47
MONTERREY,2025-10-14,NA,88,58,494,273,103
MONTERREY,2025-10-15,NA,71,57,503,292,101
MONTERREY,2025-10-16,NA,81,58,543,331,102
MONTERREY,2025-10-17,NA,90,42,457,364,87
MONTERREY,2025-10-18,NA,78,47,484,351,93
MONTERREY,2025-10-19,NA,74,43,446,284,90
MONTERREY,2025-10-20,NA,70,35,371,210,58
MONTERREY,2025-10-21,NA,77,37,396,276,77
MONTERREY,2025-10-22,NA,77,38,443,264,92
MONTERREY,2025-10-23,NA,66,38,472,305,87
MONTERREY,2025-10-24,NA,70,40,502,306,98
MONTERREY,2025-10-25,NA,72,33,442,306,88
MONTERREY,2025-10-26,NA,72,35,381,257,61
MONTERREY,2025-10-27,NA,65,26,326,199,36
MONTERREY,2025-10-28,NA,73,34,379,218,91
MONTERREY,2025-10-29,NA,98,32,458,250,107
MONTERREY,2025-10-30,NA,92,44,499,309,65
MONTERREY,2025-10-31,NA,86,54,446,325,61
MONTERREY,2025-11-01,NA,88,45,377,257,58
MONTERREY,2025-11-02,NA,92,46,378,248,62
MONTERREY,2025-11-03,NA,70,26,302,174,31
MONTERREY,2025-11-04,NA,62,45,324,225,53
MONTERREY,2025-11-05,NA,65,37,372,246,58
MONTERREY,2025-11-06,NA,71,56,344,305,72
MONTERREY,2025-11-07,NA,75,55,407,355,77
MONTERREY,2025-11-08,NA,78,53,443,391,73
MONTERREY,2025-11-09,NA,67,37,328,284,51
MONTERREY,2025-11-10,NA,48,34,325,191,31
MONTERREY,2025-11-11,NA,65,42,384,283,65
MONTERREY,2025-11-12,NA,63,51,393,321,72
MONTERREY,2025-11-13,NA,66,49,389,374,78
MONTERREY,2025-11-14,NA,64,39,350,380,79
MONTERREY,2025-11-15,NA,80,53,435,435,85
MONTERREY,2025-11-16,NA,73,35,399,369,68
MONTERREY,2025-11-17,NA,56,28,288,255,32
MONTERREY,2025-11-18,NA,69,39,329,345,47
MONTERREY,2025-11-19,NA,77,53,421,361,78
MONTERREY,2025-11-20,NA,74,50,401,341,72
MONTERREY,2025-11-21,NA,78,35,384,414,87
MONTERREY,2025-11-22,NA,76,39,428,389,129
MONTERREY,2025-11-23,NA,64,34,355,270,82
MONTERREY,2025-11-24,NA,74,32,266,184,53
MONTERREY,2025-11-25,NA,64,50,336,289,73
MONTERREY,2025-11-26,NA,72,46,355,341,96
MONTERREY,2025-11-27,NA,88,66,529,348,103
MONTERREY,2025-11-28,NA,91,56,533,403,108
MONTERREY,2025-11-29,NA,115,69,565,422,96
MONTERREY,2025-11-30,NA,91,69,552,324,66
MONTERREY,2025-12-01,NA,65,53,414,233,45
MONTERREY,2025-12-02,NA,73,80,577,314,91
MONTERREY,2025-12-03,NA,67,89,471,300,106
MONTERREY,2025-12-04,NA,79,88,440,300,79
MONTERREY,2025-12-05,NA,76,70,389,326,76
MONTERREY,2025-12-06,NA,79,56,422,352,57
MONTERREY,2025-12-07,NA,69,44,413,343,37
MONTERREY,2025-12-08,NA,67,34,363,270,27
MONTERREY,2025-12-09,NA,67,52,395,300,65
MONTERREY,2025-12-10,NA,58,65,334,318,78
MONTERREY,2025-12-11,NA,68,60,380,345,79
MONTERREY,2025-12-12,NA,54,49,460,347,99
MONTERREY,2025-12-13,NA,67,52,396,379,74
MONTERREY,2025-12-14,NA,66,39,396,325,44
MONTERREY,2025-12-15,NA,68,42,337,283,27
MONTERREY,2025-12-16,NA,68,56,430,358,79
MONTERREY,2025-12-17,NA,81,68,463,363,110
MONTERREY,2025-12-18,NA,77,61,418,350,101
MONTERREY,2025-12-19,NA,81,62,487,359,101
MONTERREY,2025-12-20,NA,98,71,468,365,79
MONTERREY,2025-12-21,NA,91,56,450,321,97
MONTERREY,2025-12-22,NA,87,58,339,273,54
MONTERREY,2025-12-23,NA,80,60,373,300,87
MONTERREY,2025-12-24,NA,72,38,354,268,65
MONTERREY,2025-12-25,NA,50,14,254,183,41
MONTERREY,2025-12-26,NA,55,12,312,173,45
MONTERREY,2025-12-27,NA,65,44,340,291,55
MONTERREY,2025-12-28,NA,55,30,295,262,40
MONTERREY,2025-12-29,NA,47,25,266,172,24
MONTERREY,2025-12-30,NA,58,35,420,242,61
MONTERREY,2025-12-31,NA,56,44,397,267,51
MONTERREY,2026-01-01,NA,52,16,257,170,38
MONTERREY,2026-01-02,NA,67,25,317,201,38
MONTERREY,2026-01-03,NA,69,35,381,386,60
MONTERREY,2026-01-04,NA,60,33,372,392,61
MONTERREY,2026-01-05,NA,59,28,312,305,48
MONTERREY,2026-01-06,NA,69,44,455,370,92
MONTERREY,2026-01-07,NA,71,48,465,412,109
MONTERREY,2026-01-08,NA,78,65,432,436,103
MONTERREY,2026-01-09,NA,98,76,432,441,114
MONTERREY,2026-01-10,NA,95,49,438,459,125
MONTERREY,2026-01-11,NA,95,52,427,387,78
MONTERREY,2026-01-12,NA,88,43,354,328,44
MONTERREY,2026-01-13,NA,77,48,381,372,60
MONTERREY,2026-01-14,NA,77,45,386,363,71
MONTERREY,2026-01-15,NA,90,62,417,398,92
MONTERREY,2026-01-16,NA,85,59,420,474,105
MONTERREY,2026-01-17,NA,89,62,437,531,91
MONTERREY,2026-01-18,NA,78,61,397,444,77
MONTERREY,2026-01-19,NA,65,52,341,318,51
MONTERREY,2026-01-20,NA,87,67,369,372,71
MONTERREY,2026-01-21,NA,85,51,372,357,83
MONTERREY,2026-01-22,NA,87,49,426,356,86
MONTERREY,2026-01-23,NA,95,71,437,388,85
MONTERREY,2026-01-24,NA,96,62,392,466,87
MONTERREY,2026-01-25,NA,82,37,372,377,88
MONTERREY,2026-01-26,NA,63,34,355,284,62
MONTERREY,2026-01-27,NA,77,56,377,347,73
MONTERREY,2026-01-28,NA,67,60,331,341,88
MONTERREY,2026-01-29,NA,73,52,336,372,78
MONTERREY,2026-01-30,NA,95,49,381,423,75
MONTERREY,2026-01-31,NA,117,53,407,395,72
MONTERREY,2026-02-01,NA,120,68,381,343,73
MONTERREY,2026-02-02,NA,88,46,291,290,41
MONTERREY,2026-02-03,NA,80,48,328,303,67
MONTERREY,2026-02-04,NA,82,55,368,318,93
MONTERREY,2026-02-05,NA,86,50,392,326,96
MONTERREY,2026-02-06,NA,80,45,330,348,78
MONTERREY,2026-02-07,NA,69,35,338,370,63
MONTERREY,2026-02-08,NA,62,34,301,299,52
MONTERREY,2026-02-09,NA,58,26,261,199,37
MONTERREY,2026-02-10,NA,63,43,301,281,49
MONTERREY,2026-02-11,NA,72,49,361,342,83
MONTERREY,2026-02-12,NA,79,47,399,376,87
MONTERREY,2026-02-13,NA,71,47,428,417,79
MONTERREY,2026-02-14,NA,85,48,414,455,71
MONTERREY,2026-02-15,NA,73,56,467,367,56
MONTERREY,2026-02-16,NA,62,48,349,299,38
MONTERREY,2026-02-17,NA,61,42,415,376,61
MONTERREY,2026-02-18,NA,63,41,396,352,71
MONTERREY,2026-02-19,NA,72,28,379,343,68
MONTERREY,2026-02-20,NA,70,39,439,421,81
MONTERREY,2026-02-21,NA,82,33,429,414,75
MONTERREY,2026-02-22,NA,81,34,385,376,76
MONTERREY,2026-02-23,NA,61,29,297,279,40
MONTERREY,2026-02-24,NA,64,42,418,317,91
MONTERREY,2026-02-25,NA,66,35,376,320,88
MONTERREY,2026-02-26,NA,80,33,409,367,82
MONTERREY,2026-02-27,NA,82,45,462,438,90
MONTERREY,2026-02-28,NA,102,39,416,506,82
MONTERREY,2026-03-01,NA,103,40,424,339,83
MONTERREY,2026-03-02,NA,94,26,364,241,43
MONTERREY,2026-03-03,NA,80,49,419,272,65
MONTERREY,2026-03-04,NA,68,38,446,328,88
MONTERREY,2026-03-05,NA,54,43,402,334,85
MONTERREY,2026-03-06,NA,83,50,416,369,79
MONTERREY,2026-03-07,NA,85,51,418,390,92
MONTERREY,2026-03-08,NA,89,35,377,328,83
MONTERREY,2026-03-09,NA,68,16,294,255,42
MONTERREY,2026-03-10,NA,64,40,431,329,85
MONTERREY,2026-03-11,NA,77,35,440,334,85
MONTERREY,2026-03-12,NA,84,44,453,352,82
MONTERREY,2026-03-13,NA,87,46,481,396,90
MONTERREY,2026-03-14,NA,81,25,432,459,90
MONTERREY,2026-03-15,NA,76,30,433,344,68
MONTERREY,2026-03-16,NA,56,40,286,277,29
MONTERREY,2026-03-17,NA,71,53,484,339,49
MONTERREY,2026-03-18,NA,76,54,563,377,76
MONTERREY,2026-03-19,NA,79,66,510,467,92
MONTERREY,2026-03-20,NA,82,48,503,428,93
MONTERREY,2026-03-21,NA,77,41,463,456,102
MONTERREY,2026-03-22,NA,60,30,366,380,59
MONTERREY,2026-03-23,NA,44,19,254,260,24
MONTERREY,2026-03-24,NA,60,38,390,339,72
MONTERREY,2026-03-25,NA,71,43,360,306,63
MONTERREY,2026-03-26,NA,79,23,363,316,65
MONTERREY,2026-03-27,NA,92,30,370,409,77
MONTERREY,2026-03-28,NA,93,45,440,501,76
MONTERREY,2026-03-29,NA,82,38,349,398,71
MONTERREY,2026-03-30,NA,67,31,318,268,37
MONTERREY,2026-03-31,NA,67,33,392,349,69
MONTERREY,2026-04-01,NA,80,33,342,272,77
MONTERREY,2026-04-02,NA,78,38,341,322,79
MONTERREY,2026-04-03,NA,75,25,361,328,58
MONTERREY,2026-04-04,NA,54,20,318,310,59
MONTERREY,2026-04-05,NA,61,32,351,347,41
MONTERREY,2026-04-06,NA,56,36,427,311,34
MONTERREY,2026-04-07,NA,70,50,565,449,70
MONTERREY,2026-04-08,NA,86,63,475,468,87
MONTERREY,2026-04-09,NA,85,59,530,406,91
MONTERREY,2026-04-10,NA,88,64,528,431,102
MONTERREY,2026-04-11,NA,85,70,573,511,118
MONTERREY,2026-04-12,NA,71,71,597,450,76
MONTERREY,2026-04-13,NA,66,56,566,339,63
MONTERREY,2026-04-14,NA,88,79,659,419,108
MONTERREY,2026-04-15,NA,99,107,640,459,163
MONTERREY,2026-04-16,NA,96,118,585,533,148
MONTERREY,2026-04-17,NA,107,101,575,501,137
MONTERREY,2026-04-18,NA,100,115,666,550,158
MONTERREY,2026-04-19,NA,105,94,629,443,140
MONTERREY,2026-04-20,NA,92,99,541,295,98
MONTERREY,2026-04-21,NA,94,106,647,362,128
MONTERREY,2026-04-22,NA,89,97,681,398,122
MONTERREY,2026-04-23,NA,93,74,672,387,124
MONTERREY,2026-04-24,NA,98,58,594,419,124
MONTERREY,2026-04-25,NA,92,73,619,426,106
MONTERREY,2026-04-26,NA,97,80,630,349,80
MONTERREY,2026-04-27,NA,75,52,562,237,59
MONTERREY,2026-04-28,NA,97,55,600,314,101
MONTERREY,2026-04-29,NA,114,58,588,367,125
MONTERREY,2026-04-30,NA,119,66,533,377,107
MONTERREY,2026-05-01,NA,128,44,507,358,84
MONTERREY,2026-05-02,NA,130,44,597,443,69
MONTERREY,2026-05-03,NA,132,47,598,389,76
MONTERREY,2026-05-04,NA,107,50,465,277,48
MONTERREY,2026-05-05,NA,100,56,506,338,80
MONTERREY,2026-05-06,NA,100,64,523,409,101
MONTERREY,2026-05-07,NA,100,56,549,405,105
MONTERREY,2026-05-08,NA,100,51,568,412,100
MONTERREY,2026-05-09,NA,106,40,655,502,109
MONTERREY,2026-05-10,NA,100,54,599,406,102
MONTERREY,2026-05-11,NA,83,36,442,273,72
MONTERREY,2026-05-12,NA,88,67,588,419,84
MONTERREY,2026-05-13,NA,102,59,474,453,95
MONTERREY,2026-05-14,NA,91,68,561,476,98
MONTERREY,2026-05-15,NA,109,77,559,525,100
MONTERREY,2026-05-16,NA,115,62,566,536,118
MONTERREY,2026-05-17,NA,114,60,567,423,113
MONTERREY,2026-05-18,NA,99,45,543,321,68
MONTERREY,2026-05-19,NA,84,66,569,413,115
MONTERREY,2026-05-20,NA,91,67,563,440,133
MONTERREY,2026-05-21,NA,83,68,536,463,134
MONTERREY,2026-05-22,NA,77,66,593,506,117
MONTERREY,2026-05-23,NA,79,52,729,537,118
MONTERREY,2026-05-24,NA,84,64,714,455,100
MONTERREY,2026-05-25,NA,91,52,523,373,75
MONTERREY,2026-05-26,NA,73,46,583,421,100
MONTERREY,2026-05-27,NA,96,47,555,463,127
MONTERREY,2026-05-28,NA,103,42,545,465,118
MONTERREY,2026-05-29,NA,106,39,529,486,102
MONTERREY,2026-05-30,NA,117,40,514,509,106
MONTERREY,2026-05-31,NA,115,42,532,419,92
MONTERREY,2026-06-01,NA,94,38,523,291,80
MONTERREY,2026-06-02,NA,103,69,553,370,110
MONTERREY,2026-06-03,NA,100,67,606,387,124
MONTERREY,2026-06-04,NA,104,79,691,421,121
MONTERREY,2026-06-05,NA,113,70,661,455,131
MONTERREY,2026-06-06,NA,111,67,683,493,128
MONTERREY,2026-06-07,NA,94,56,588,401,113
MONTERREY,2026-06-08,NA,72,37,555,270,74
MONTERREY,2026-06-09,NA,93,60,582,356,91
MONTERREY,2026-06-10,NA,84,52,613,354,102
MONTERREY,2026-06-11,NA,85,77,561,376,111
MONTERREY,2026-06-12,NA,99,84,628,361,118
MONTERREY,2026-06-13,NA,104,78,580,433,157
MONTERREY,2026-06-14,NA,110,64,502,371,146
MONTERREY,2026-06-15,NA,89,50,505,275,98
MONTERREY,2026-06-16,NA,98,57,684,402,135
MONTERREY,2026-06-17,NA,107,80,888,396,160
MONTERREY,2026-06-18,NA,105,106,897,442,150
MONTERREY,2026-06-19,NA,97,106,1185,522,160
MONTERREY,2026-06-20,NA,118,125,1489,582,191
MONTERREY,2026-06-21,NA,149,158,1336,798,194
MONTERREY,2026-06-22,NA,189,182,1159,899,191
MONTERREY,2026-06-23,NA,230,220,1546,1132,219
MONTERREY,2026-06-24,NA,280,268,1428,1437,261
MONTERREY,2026-06-25,NA,299,297,1164,1387,287
MONTERREY,2026-06-26,NA,296,337,986,1472,338
MONTERREY,2026-06-27,NA,312,366,776,1505,392
MONTERREY,2026-06-28,NA,312,348,662,1403,382
MONTERREY,2026-06-29,NA,328,343,554,1247,381
MONTERREY,2026-06-30,NA,300,309,711,1401,382
MONTERREY,2026-07-01,NA,297,318,915,1240,358
MONTERREY,2026-07-02,NA,290,307,926,1221,342
MONTERREY,2026-07-03,NA,300,301,826,1197,347
MONTERREY,2026-07-04,NA,328,286,716,1198,339
MONTERREY,2026-07-05,NA,322,244,708,1029,325
MONTERREY,2026-07-06,NA,290,214,547,844,292
MONTERREY,2026-07-07,NA,269,222,710,810,283
MONTERREY,2026-07-08,NA,210,162,797,748,274
MONTERREY,2026-07-09,NA,203,140,833,718,241
MONTERREY,2026-07-10,NA,210,96,842,727,199
MONTERREY,2026-07-11,NA,217,94,806,722,178
MONTERREY,2026-07-12,NA,192,80,758,630,164
MONTERREY,2026-07-13,NA,167,76,587,500,118
MONTERREY,2026-07-14,NA,140,91,670,600,134
MONTERREY,2026-07-15,NA,158,113,684,551,158
MONTERREY,2026-07-16,NA,147,102,629,558,135
MONTERREY,2026-07-17,NA,150,117,678,638,145
MONTERREY,2026-07-18,NA,159,130,690,619,162
MONTERREY,2026-07-19,NA,158,113,659,581,147
MONTERREY,2026-07-20,NA,151,111,504,389,109
MONTERREY,2026-07-21,NA,149,86,487,467,137
MONTERREY,2026-07-22,NA,138,87,617,462,154
MONTERREY,2026-07-23,NA,120,66,611,462,125
MONTERREY,2026-07-24,NA,124,70,670,456,124
MONTERREY,2026-07-25,NA,122,65,670,515,131
MONTERREY,2026-07-26,NA,118,55,585,429,98
MONTERREY,2026-07-27,NA,102,47,420,321,51
MONTERREY,2026-07-28,NA,122,76,486,425,114
MONTERREY,2026-07-29,NA,129,71,504,462,102
MONTERREY,2026-07-30,NA,123,69,512,454,104
MONTERREY,2026-07-31,NA,126,62,541,480,93
MONTERREY,2026-08-01,16,130,59,553,419,103
MONTERREY,2026-08-02,20,112,54,512,355,94
MONTERREY,2026-08-03,17,104,51,616,313,58
MONTERREY,2026-08-04,18,129,86,841,463,108
MONTERREY,2026-08-05,23,158,120,961,453,126
MONTERREY,2026-08-06,34,170,157,1071,536,163
MONTERREY,2026-08-07,36,190,191,1040,618,170
MONTERREY,2026-08-08,30,214,180,932,713,190
MONTERREY,2026-08-09,35,220,163,976,698,169
MONTERREY,2026-08-10,32,213,145,837,650,151
MONTERREY,2026-08-11,45,232,174,966,707,200
MONTERREY,2026-08-12,50,221,91,855,787,206
MONTERREY,2026-08-13,52,199,128,812,817,217
MONTERREY,2026-08-14,42,201,132,807,836,207
MONTERREY,2026-08-15,42,160,114,649,903,196
MONTERREY,2026-08-16,37,170,118,654,804,181
MONTERREY,2026-08-17,33,145,101,594,634,103
MONTERREY,2026-08-18,34,181,135,698,700,131
MONTERREY,2026-08-19,49,179,144,700,690,138
MONTERREY,2026-08-20,52,161,137,710,681,125
MONTERREY,2026-08-21,43,129,94,627,713,131
MONTERREY,2026-08-22,48,156,77,656,713,127
MONTERREY,2026-08-23,17,144,74,629,583,99
MONTERREY,2026-08-24,9,110,57,501,405,67
MORELIA,2025-08-24,NA,2,1,5,7,11
MORELIA,2025-08-25,NA,2,NA,11,8,12
MORELIA,2025-08-26,NA,6,4,19,14,21
MORELIA,2025-08-27,NA,7,3,14,10,24
MORELIA,2025-08-28,NA,9,3,6,22,21
MORELIA,2025-08-29,NA,9,5,9,18,18
MORELIA,2025-08-30,NA,14,4,9,14,25
MORELIA,2025-08-31,NA,11,3,5,16,23
MORELIA,2025-09-01,NA,6,4,10,14,28
MORELIA,2025-09-02,NA,7,4,22,11,31
MORELIA,2025-09-03,NA,3,5,19,10,33
MORELIA,2025-09-04,NA,5,1,3,11,34
MORELIA,2025-09-05,NA,9,4,7,11,38
MORELIA,2025-09-06,NA,12,2,6,13,32
MORELIA,2025-09-07,NA,7,4,5,13,24
MORELIA,2025-09-08,NA,11,5,5,10,17
MORELIA,2025-09-09,NA,11,7,6,20,21
MORELIA,2025-09-10,NA,9,7,11,11,25
MORELIA,2025-09-11,NA,8,2,7,17,21
MORELIA,2025-09-12,NA,6,3,9,11,17
MORELIA,2025-09-13,NA,5,2,10,8,17
MORELIA,2025-09-14,NA,2,NA,8,11,14
MORELIA,2025-09-15,NA,1,NA,11,11,11
MORELIA,2025-09-16,NA,1,1,6,11,20
MORELIA,2025-09-17,NA,2,1,11,9,20
MORELIA,2025-09-18,NA,4,NA,14,4,20
MORELIA,2025-09-19,NA,12,3,13,11,29
MORELIA,2025-09-20,NA,5,1,7,16,33
MORELIA,2025-09-21,NA,4,NA,9,7,31
MORELIA,2025-09-22,NA,5,NA,8,9,30
MORELIA,2025-09-23,NA,5,1,10,11,36
MORELIA,2025-09-24,NA,5,7,1,7,29
MORELIA,2025-09-25,NA,5,6,5,11,27
MORELIA,2025-09-26,NA,7,3,6,14,25
MORELIA,2025-09-27,NA,9,2,11,14,21
MORELIA,2025-09-28,NA,9,1,9,11,15
MORELIA,2025-09-29,NA,10,2,11,6,16
MORELIA,2025-09-30,NA,15,1,9,8,21
MORELIA,2025-10-01,NA,7,NA,5,10,11
MORELIA,2025-10-02,NA,3,2,12,9,13
MORELIA,2025-10-03,NA,5,1,12,8,21
MORELIA,2025-10-04,NA,10,6,7,12,15
MORELIA,2025-10-05,NA,9,2,7,10,14
MORELIA,2025-10-06,NA,10,1,5,10,13
MORELIA,2025-10-07,NA,12,6,8,10,16
MORELIA,2025-10-08,NA,8,8,5,9,21
MORELIA,2025-10-09,NA,6,6,7,10,15
MORELIA,2025-10-10,NA,10,6,7,11,18
MORELIA,2025-10-11,NA,13,4,7,19,12
MORELIA,2025-10-12,NA,10,2,7,10,11
MORELIA,2025-10-13,NA,10,1,13,12,11
MORELIA,2025-10-14,NA,6,3,11,10,13
MORELIA,2025-10-15,NA,9,4,10,12,15
MORELIA,2025-10-16,NA,9,5,13,11,15
MORELIA,2025-10-17,NA,8,4,7,16,12
MORELIA,2025-10-18,NA,11,2,10,12,17
MORELIA,2025-10-19,NA,6,2,5,13,18
MORELIA,2025-10-20,NA,7,3,4,6,17
MORELIA,2025-10-21,NA,6,7,8,13,17
MORELIA,2025-10-22,NA,6,5,13,8,15
MORELIA,2025-10-23,NA,8,7,15,10,22
MORELIA,2025-10-24,NA,8,6,5,8,11
MORELIA,2025-10-25,NA,8,5,9,20,16
MORELIA,2025-10-26,NA,3,3,5,12,8
MORELIA,2025-10-27,NA,6,2,11,11,6
MORELIA,2025-10-28,NA,4,1,13,8,15
MORELIA,2025-10-29,NA,5,2,6,8,17
MORELIA,2025-10-30,NA,6,4,11,13,18
MORELIA,2025-10-31,NA,9,4,8,11,22
MORELIA,2025-11-01,NA,11,4,6,8,16
MORELIA,2025-11-02,NA,7,NA,6,10,16
MORELIA,2025-11-03,NA,4,NA,6,6,10
MORELIA,2025-11-04,NA,6,5,9,3,19
MORELIA,2025-11-05,NA,6,4,7,10,20
MORELIA,2025-11-06,NA,8,2,6,12,19
MORELIA,2025-11-07,NA,4,1,9,16,18
MORELIA,2025-11-08,NA,5,2,5,17,15
MORELIA,2025-11-09,NA,5,5,6,13,13
MORELIA,2025-11-10,NA,6,3,9,11,11
MORELIA,2025-11-11,NA,7,5,8,17,16
MORELIA,2025-11-12,NA,6,7,8,7,20
MORELIA,2025-11-13,NA,5,1,7,10,18
MORELIA,2025-11-14,NA,8,3,7,13,12
MORELIA,2025-11-15,NA,11,4,4,18,14
MORELIA,2025-11-16,NA,5,1,7,13,18
MORELIA,2025-11-17,NA,9,2,5,13,12
MORELIA,2025-11-18,NA,5,2,11,16,15
MORELIA,2025-11-19,NA,7,5,9,16,18
MORELIA,2025-11-20,NA,7,1,10,11,10
MORELIA,2025-11-21,NA,4,1,9,19,23
MORELIA,2025-11-22,NA,5,6,10,23,28
MORELIA,2025-11-23,NA,4,5,9,14,28
MORELIA,2025-11-24,NA,4,1,7,12,22
MORELIA,2025-11-25,NA,4,1,10,10,23
MORELIA,2025-11-26,NA,5,1,9,15,22
MORELIA,2025-11-27,NA,6,1,16,16,21
MORELIA,2025-11-28,NA,12,2,13,24,17
MORELIA,2025-11-29,NA,16,4,14,26,15
MORELIA,2025-11-30,NA,7,4,6,15,11
MORELIA,2025-12-01,NA,6,4,13,12,9
MORELIA,2025-12-02,NA,8,8,9,14,11
MORELIA,2025-12-03,NA,6,6,10,19,24
MORELIA,2025-12-04,NA,5,9,7,18,16
MORELIA,2025-12-05,NA,4,4,8,16,22
MORELIA,2025-12-06,NA,9,6,10,23,26
MORELIA,2025-12-07,NA,11,8,16,15,22
MORELIA,2025-12-08,NA,8,7,9,12,20
MORELIA,2025-12-09,NA,9,5,6,15,20
MORELIA,2025-12-10,NA,5,1,11,20,23
MORELIA,2025-12-11,NA,6,3,15,37,20
MORELIA,2025-12-12,NA,9,6,14,28,22
MORELIA,2025-12-13,NA,9,4,6,27,19
MORELIA,2025-12-14,NA,8,4,14,23,19
MORELIA,2025-12-15,NA,7,1,11,22,16
MORELIA,2025-12-16,NA,12,6,28,36,23
MORELIA,2025-12-17,NA,9,11,13,31,27
MORELIA,2025-12-18,NA,13,10,22,31,25
MORELIA,2025-12-19,NA,11,14,20,28,19
MORELIA,2025-12-20,NA,13,15,10,27,21
MORELIA,2025-12-21,NA,12,12,3,24,21
MORELIA,2025-12-22,NA,13,11,14,25,22
MORELIA,2025-12-23,NA,8,11,25,22,26
MORELIA,2025-12-24,NA,8,7,14,15,27
MORELIA,2025-12-25,NA,6,1,10,7,22
MORELIA,2025-12-26,NA,5,2,9,8,19
MORELIA,2025-12-27,NA,6,2,10,12,18
MORELIA,2025-12-28,NA,7,1,9,17,14
MORELIA,2025-12-29,NA,7,NA,10,14,11
MORELIA,2025-12-30,NA,10,7,11,14,12
MORELIA,2025-12-31,NA,6,4,14,10,16
MORELIA,2026-01-01,NA,6,1,7,6,16
MORELIA,2026-01-02,NA,7,2,9,11,15
MORELIA,2026-01-03,NA,8,4,10,21,14
MORELIA,2026-01-04,NA,9,5,5,24,16
MORELIA,2026-01-05,NA,6,5,10,11,15
MORELIA,2026-01-06,NA,6,9,14,25,19
MORELIA,2026-01-07,NA,10,3,13,14,27
MORELIA,2026-01-08,NA,7,11,25,28,28
MORELIA,2026-01-09,NA,7,13,13,25,30
MORELIA,2026-01-10,NA,8,8,16,16,26
MORELIA,2026-01-11,NA,10,6,16,21,22
MORELIA,2026-01-12,NA,13,6,12,17,20
MORELIA,2026-01-13,NA,14,10,26,30,23
MORELIA,2026-01-14,NA,11,16,20,25,39
MORELIA,2026-01-15,NA,11,19,14,21,42
MORELIA,2026-01-16,NA,10,19,22,32,48
MORELIA,2026-01-17,NA,12,11,17,29,51
MORELIA,2026-01-18,NA,10,13,16,11,47
MORELIA,2026-01-19,NA,7,7,14,5,45
MORELIA,2026-01-20,NA,12,5,13,18,46
MORELIA,2026-01-21,NA,8,4,14,20,49
MORELIA,2026-01-22,NA,11,4,12,15,43
MORELIA,2026-01-23,NA,11,5,10,16,34
MORELIA,2026-01-24,NA,11,5,6,26,26
MORELIA,2026-01-25,NA,11,3,8,20,16
MORELIA,2026-01-26,NA,7,4,18,27,15
MORELIA,2026-01-27,NA,9,7,22,20,23
MORELIA,2026-01-28,NA,12,10,13,25,31
MORELIA,2026-01-29,NA,13,9,15,22,27
MORELIA,2026-01-30,NA,14,5,16,29,26
MORELIA,2026-01-31,NA,10,5,17,36,22
MORELIA,2026-02-01,NA,13,5,17,22,28
MORELIA,2026-02-02,NA,15,8,21,24,26
MORELIA,2026-02-03,NA,13,5,7,21,29
MORELIA,2026-02-04,NA,14,5,11,22,27
MORELIA,2026-02-05,NA,12,8,11,27,32
MORELIA,2026-02-06,NA,17,8,15,31,34
MORELIA,2026-02-07,NA,18,4,10,33,34
MORELIA,2026-02-08,NA,9,3,10,21,30
MORELIA,2026-02-09,NA,10,3,19,22,27
MORELIA,2026-02-10,NA,9,5,21,20,27
MORELIA,2026-02-11,NA,14,7,17,23,32
MORELIA,2026-02-12,NA,12,7,20,25,35
MORELIA,2026-02-13,NA,13,4,22,31,31
MORELIA,2026-02-14,NA,12,5,25,27,35
MORELIA,2026-02-15,NA,10,4,13,19,25
MORELIA,2026-02-16,NA,10,3,20,20,18
MORELIA,2026-02-17,NA,8,3,21,22,15
MORELIA,2026-02-18,NA,5,3,12,24,23
MORELIA,2026-02-19,NA,8,7,11,23,24
MORELIA,2026-02-20,NA,6,4,13,19,29
MORELIA,2026-02-21,NA,7,3,14,21,30
MORELIA,2026-02-22,NA,7,7,7,16,21
MORELIA,2026-02-23,NA,8,5,11,17,22
MORELIA,2026-02-24,NA,9,5,9,22,21
MORELIA,2026-02-25,NA,13,6,12,23,19
MORELIA,2026-02-26,NA,12,5,14,24,23
MORELIA,2026-02-27,NA,8,4,14,30,24
MORELIA,2026-02-28,NA,9,4,19,21,27
MORELIA,2026-03-01,NA,6,7,13,20,29
MORELIA,2026-03-02,NA,11,4,8,19,27
MORELIA,2026-03-03,NA,8,9,17,16,30
MORELIA,2026-03-04,NA,9,8,11,22,33
MORELIA,2026-03-05,NA,9,7,12,23,31
MORELIA,2026-03-06,NA,10,7,17,16,35
MORELIA,2026-03-07,NA,7,10,11,31,38
MORELIA,2026-03-08,NA,13,7,11,19,31
MORELIA,2026-03-09,NA,12,8,14,21,29
MORELIA,2026-03-10,NA,10,12,32,22,34
MORELIA,2026-03-11,NA,10,11,28,34,39
MORELIA,2026-03-12,NA,9,10,37,23,37
MORELIA,2026-03-13,NA,12,5,22,18,34
MORELIA,2026-03-14,NA,15,8,22,24,28
MORELIA,2026-03-15,NA,15,3,14,18,25
MORELIA,2026-03-16,NA,15,4,23,34,20
MORELIA,2026-03-17,NA,10,3,15,15,21
MORELIA,2026-03-18,NA,6,8,25,18,25
MORELIA,2026-03-19,NA,7,9,19,33,29
MORELIA,2026-03-20,NA,9,4,18,26,32
MORELIA,2026-03-21,NA,11,7,44,23,39
MORELIA,2026-03-22,NA,7,8,17,17,34
MORELIA,2026-03-23,NA,5,10,11,14,35
MORELIA,2026-03-24,NA,6,2,7,15,28
MORELIA,2026-03-25,NA,5,2,18,20,33
MORELIA,2026-03-26,NA,6,2,8,20,34
MORELIA,2026-03-27,NA,7,1,11,20,31
MORELIA,2026-03-28,NA,7,5,12,27,28
MORELIA,2026-03-29,NA,9,7,16,18,24
MORELIA,2026-03-30,NA,8,12,26,10,22
MORELIA,2026-03-31,NA,7,10,20,17,20
MORELIA,2026-04-01,NA,10,5,15,16,23
MORELIA,2026-04-02,NA,8,8,27,24,23
MORELIA,2026-04-03,NA,11,7,24,24,22
MORELIA,2026-04-04,NA,6,3,10,14,16
MORELIA,2026-04-05,NA,5,3,11,12,10
MORELIA,2026-04-06,NA,7,5,12,16,10
MORELIA,2026-04-07,NA,11,7,31,32,19
MORELIA,2026-04-08,NA,7,17,38,31,27
MORELIA,2026-04-09,NA,11,21,27,32,35
MORELIA,2026-04-10,NA,11,19,18,20,35
MORELIA,2026-04-11,NA,8,7,22,18,36
MORELIA,2026-04-12,NA,6,6,22,26,31
MORELIA,2026-04-13,NA,8,4,15,18,27
MORELIA,2026-04-14,NA,11,8,32,21,36
MORELIA,2026-04-15,NA,9,10,22,19,38
MORELIA,2026-04-16,NA,7,7,14,33,40
MORELIA,2026-04-17,NA,11,8,16,22,50
MORELIA,2026-04-18,NA,10,5,13,24,40
MORELIA,2026-04-19,NA,8,4,18,23,25
MORELIA,2026-04-20,NA,7,5,12,23,24
MORELIA,2026-04-21,NA,5,8,23,24,28
MORELIA,2026-04-22,NA,7,7,24,22,27
MORELIA,2026-04-23,NA,6,12,16,20,24
MORELIA,2026-04-24,NA,8,7,12,11,23
MORELIA,2026-04-25,NA,7,3,16,24,17
MORELIA,2026-04-26,NA,6,2,14,28,12
MORELIA,2026-04-27,NA,6,3,16,21,8
MORELIA,2026-04-28,NA,3,3,16,19,17
MORELIA,2026-04-29,NA,6,4,11,16,21
MORELIA,2026-04-30,NA,9,7,14,18,24
MORELIA,2026-05-01,NA,16,2,12,20,21
MORELIA,2026-05-02,NA,12,10,18,21,25
MORELIA,2026-05-03,NA,8,6,10,19,25
MORELIA,2026-05-04,NA,10,3,11,16,25
MORELIA,2026-05-05,NA,7,9,25,26,32
MORELIA,2026-05-06,NA,13,14,28,24,31
MORELIA,2026-05-07,NA,11,8,18,27,23
MORELIA,2026-05-08,NA,7,9,30,36,24
MORELIA,2026-05-09,NA,8,11,15,31,23
MORELIA,2026-05-10,NA,5,6,10,21,16
MORELIA,2026-05-11,NA,4,1,16,18,14
MORELIA,2026-05-12,NA,6,6,22,24,15
MORELIA,2026-05-13,NA,5,8,23,21,14
MORELIA,2026-05-14,NA,5,6,19,17,16
MORELIA,2026-05-15,NA,11,4,20,27,22
MORELIA,2026-05-16,NA,9,7,21,31,26
MORELIA,2026-05-17,NA,11,6,22,25,28
MORELIA,2026-05-18,NA,12,11,20,25,31
MORELIA,2026-05-19,NA,12,15,39,24,42
MORELIA,2026-05-20,NA,9,20,35,16,52
MORELIA,2026-05-21,NA,7,13,17,22,51
MORELIA,2026-05-22,NA,7,11,20,18,55
MORELIA,2026-05-23,NA,6,9,15,15,54
MORELIA,2026-05-24,NA,7,3,24,21,41
MORELIA,2026-05-25,NA,8,4,23,14,34
MORELIA,2026-05-26,NA,8,8,25,25,25
MORELIA,2026-05-27,NA,7,9,18,16,30
MORELIA,2026-05-28,NA,16,10,24,20,28
MORELIA,2026-05-29,NA,15,6,14,22,30
MORELIA,2026-05-30,NA,14,8,16,35,31
MORELIA,2026-05-31,NA,11,8,13,20,29
MORELIA,2026-06-01,NA,7,6,16,16,29
MORELIA,2026-06-02,NA,6,6,24,23,34
MORELIA,2026-06-03,NA,9,8,22,17,40
MORELIA,2026-06-04,NA,10,10,21,17,41
MORELIA,2026-06-05,NA,10,13,24,22,37
MORELIA,2026-06-06,NA,10,13,18,23,36
MORELIA,2026-06-07,NA,9,13,20,23,32
MORELIA,2026-06-08,NA,12,15,46,21,24
MORELIA,2026-06-09,NA,19,23,90,29,26
MORELIA,2026-06-10,NA,28,31,61,28,24
MORELIA,2026-06-11,NA,30,27,68,37,25
MORELIA,2026-06-12,NA,27,27,46,31,25
MORELIA,2026-06-13,NA,22,31,48,29,25
MORELIA,2026-06-14,NA,20,22,24,14,25
MORELIA,2026-06-15,NA,21,29,24,16,25
MORELIA,2026-06-16,NA,16,22,32,21,31
MORELIA,2026-06-17,NA,16,29,32,24,34
MORELIA,2026-06-18,NA,13,18,22,19,43
MORELIA,2026-06-19,NA,9,15,31,23,46
MORELIA,2026-06-20,NA,15,21,22,21,47
MORELIA,2026-06-21,NA,9,10,24,25,46
MORELIA,2026-06-22,NA,10,11,19,19,48
MORELIA,2026-06-23,NA,13,8,20,18,51
MORELIA,2026-06-24,NA,11,11,34,16,52
MORELIA,2026-06-25,NA,9,4,31,24,45
MORELIA,2026-06-26,NA,9,7,16,25,43
MORELIA,2026-06-27,NA,11,5,20,27,41
MORELIA,2026-06-28,NA,13,7,17,20,41
MORELIA,2026-06-29,NA,15,13,20,16,45
MORELIA,2026-06-30,NA,9,21,34,18,47
MORELIA,2026-07-01,NA,4,19,27,24,47
MORELIA,2026-07-02,NA,10,22,34,18,40
MORELIA,2026-07-03,NA,8,14,24,19,41
MORELIA,2026-07-04,NA,8,12,25,29,41
MORELIA,2026-07-05,NA,8,14,24,21,49
MORELIA,2026-07-06,NA,9,16,26,14,42
MORELIA,2026-07-07,NA,9,21,37,14,42
MORELIA,2026-07-08,NA,13,26,37,14,51
MORELIA,2026-07-09,NA,12,21,36,19,55
MORELIA,2026-07-10,NA,13,21,30,16,56
MORELIA,2026-07-11,NA,12,13,52,30,58
MORELIA,2026-07-12,NA,17,18,29,15,56
MORELIA,2026-07-13,NA,19,21,25,13,52
MORELIA,2026-07-14,NA,17,21,35,23,48
MORELIA,2026-07-15,NA,15,22,27,24,54
MORELIA,2026-07-16,NA,18,12,17,16,61
MORELIA,2026-07-17,NA,12,7,23,15,63
MORELIA,2026-07-18,NA,12,8,20,24,49
MORELIA,2026-07-19,NA,12,8,29,17,39
MORELIA,2026-07-20,NA,9,11,28,13,34
MORELIA,2026-07-21,NA,9,12,30,21,29
MORELIA,2026-07-22,NA,12,13,24,18,33
MORELIA,2026-07-23,NA,9,4,13,19,34
MORELIA,2026-07-24,NA,16,2,17,22,22
MORELIA,2026-07-25,NA,11,5,18,24,22
MORELIA,2026-07-26,NA,10,6,18,33,24
MORELIA,2026-07-27,NA,10,5,20,27,24
MORELIA,2026-07-28,NA,14,7,30,23,31
MORELIA,2026-07-29,NA,10,15,43,33,30
MORELIA,2026-07-30,NA,11,13,36,27,40
MORELIA,2026-07-31,NA,18,9,19,32,48
MORELIA,2026-08-01,6,15,12,30,28,45
MORELIA,2026-08-02,9,12,15,40,23,37
MORELIA,2026-08-03,10,15,17,49,29,33
MORELIA,2026-08-04,11,16,19,56,27,39
MORELIA,2026-08-05,12,19,24,45,31,51
MORELIA,2026-08-06,14,16,22,28,26,61
MORELIA,2026-08-07,6,12,8,37,30,59
MORELIA,2026-08-08,5,13,15,39,32,64
MORELIA,2026-08-09,8,12,22,41,24,61
MORELIA,2026-08-10,10,11,23,34,21,63
MORELIA,2026-08-11,11,8,24,34,16,62
MORELIA,2026-08-12,6,10,15,37,24,68
MORELIA,2026-08-13,6,16,19,43,22,67
MORELIA,2026-08-14,9,17,23,43,29,74
MORELIA,2026-08-15,10,20,27,37,35,74
MORELIA,2026-08-16,12,22,32,45,33,68
MORELIA,2026-08-17,13,24,35,55,31,61
MORELIA,2026-08-18,11,31,43,51,49,69
MORELIA,2026-08-19,9,33,46,64,46,74
MORELIA,2026-08-20,11,40,54,73,42,79
MORELIA,2026-08-21,6,48,50,58,27,81
MORELIA,2026-08-22,7,48,57,53,30,82
MORELIA,2026-08-23,9,48,54,60,31,77
MORELIA,2026-08-24,9,47,50,77,20,78
NUEVO LAREDO,2025-08-24,NA,17,11,59,41,6
NUEVO LAREDO,2025-08-25,NA,17,8,51,42,7
NUEVO LAREDO,2025-08-26,NA,18,6,43,38,5
NUEVO LAREDO,2025-08-27,NA,20,4,50,32,4
NUEVO LAREDO,2025-08-28,NA,13,8,97,44,4
NUEVO LAREDO,2025-08-29,NA,9,13,49,41,5
NUEVO LAREDO,2025-08-30,NA,9,8,72,36,8
NUEVO LAREDO,2025-08-31,NA,6,3,64,26,8
NUEVO LAREDO,2025-09-01,NA,8,3,42,21,8
NUEVO LAREDO,2025-09-02,NA,12,4,36,32,5
NUEVO LAREDO,2025-09-03,NA,10,6,45,44,7
NUEVO LAREDO,2025-09-04,NA,13,7,44,34,3
NUEVO LAREDO,2025-09-05,NA,11,8,54,42,6
NUEVO LAREDO,2025-09-06,NA,12,7,50,44,4
NUEVO LAREDO,2025-09-07,NA,15,4,52,27,3
NUEVO LAREDO,2025-09-08,NA,11,7,47,19,4
NUEVO LAREDO,2025-09-09,NA,7,4,62,26,4
NUEVO LAREDO,2025-09-10,NA,11,1,35,31,5
NUEVO LAREDO,2025-09-11,NA,10,4,27,40,3
NUEVO LAREDO,2025-09-12,NA,7,2,39,30,4
NUEVO LAREDO,2025-09-13,NA,4,3,36,24,2
NUEVO LAREDO,2025-09-14,NA,8,2,22,19,NA
NUEVO LAREDO,2025-09-15,NA,5,NA,12,17,NA
NUEVO LAREDO,2025-09-16,NA,8,2,23,21,3
NUEVO LAREDO,2025-09-17,NA,8,1,23,22,1
NUEVO LAREDO,2025-09-18,NA,5,NA,38,21,5
NUEVO LAREDO,2025-09-19,NA,8,1,44,25,5
NUEVO LAREDO,2025-09-20,NA,8,3,48,30,4
NUEVO LAREDO,2025-09-21,NA,10,6,38,35,3
NUEVO LAREDO,2025-09-22,NA,7,5,24,15,4
NUEVO LAREDO,2025-09-23,NA,8,7,36,25,5
NUEVO LAREDO,2025-09-24,NA,11,2,38,18,5
NUEVO LAREDO,2025-09-25,NA,12,1,23,21,4
NUEVO LAREDO,2025-09-26,NA,12,3,64,26,5
NUEVO LAREDO,2025-09-27,NA,14,5,82,29,10
NUEVO LAREDO,2025-09-28,NA,12,7,57,30,10
NUEVO LAREDO,2025-09-29,NA,9,7,74,19,11
NUEVO LAREDO,2025-09-30,NA,16,9,70,27,5
NUEVO LAREDO,2025-10-01,NA,14,9,69,40,7
NUEVO LAREDO,2025-10-02,NA,15,12,68,32,5
NUEVO LAREDO,2025-10-03,NA,16,14,61,49,3
NUEVO LAREDO,2025-10-04,NA,13,15,63,47,6
NUEVO LAREDO,2025-10-05,NA,19,13,51,37,7
NUEVO LAREDO,2025-10-06,NA,17,10,49,29,7
NUEVO LAREDO,2025-10-07,NA,14,10,43,29,11
NUEVO LAREDO,2025-10-08,NA,6,5,37,31,2
NUEVO LAREDO,2025-10-09,NA,6,NA,25,27,2
NUEVO LAREDO,2025-10-10,NA,8,1,20,28,2
NUEVO LAREDO,2025-10-11,NA,6,3,37,34,3
NUEVO LAREDO,2025-10-12,NA,3,1,30,34,4
NUEVO LAREDO,2025-10-13,NA,3,NA,17,17,6
NUEVO LAREDO,2025-10-14,NA,8,3,29,16,4
NUEVO LAREDO,2025-10-15,NA,6,3,27,32,6
NUEVO LAREDO,2025-10-16,NA,4,1,31,36,4
NUEVO LAREDO,2025-10-17,NA,4,1,25,36,1
NUEVO LAREDO,2025-10-18,NA,4,2,27,48,3
NUEVO LAREDO,2025-10-19,NA,9,4,26,41,3
NUEVO LAREDO,2025-10-20,NA,12,4,27,27,4
NUEVO LAREDO,2025-10-21,NA,12,2,34,32,3
NUEVO LAREDO,2025-10-22,NA,8,8,43,37,6
NUEVO LAREDO,2025-10-23,NA,9,1,33,31,1
NUEVO LAREDO,2025-10-24,NA,7,2,39,58,1
NUEVO LAREDO,2025-10-25,NA,7,4,42,51,6
NUEVO LAREDO,2025-10-26,NA,1,5,36,34,7
NUEVO LAREDO,2025-10-27,NA,5,5,25,28,7
NUEVO LAREDO,2025-10-28,NA,5,3,21,43,7
NUEVO LAREDO,2025-10-29,NA,5,3,35,28,5
NUEVO LAREDO,2025-10-30,NA,9,6,32,32,6
NUEVO LAREDO,2025-10-31,NA,7,NA,19,30,4
NUEVO LAREDO,2025-11-01,NA,6,3,37,21,5
NUEVO LAREDO,2025-11-02,NA,12,5,33,24,5
NUEVO LAREDO,2025-11-03,NA,11,3,32,20,5
NUEVO LAREDO,2025-11-04,NA,16,2,39,24,10
NUEVO LAREDO,2025-11-05,NA,16,6,37,28,7
NUEVO LAREDO,2025-11-06,NA,12,13,43,30,5
NUEVO LAREDO,2025-11-07,NA,8,11,49,25,5
NUEVO LAREDO,2025-11-08,NA,11,8,42,27,7
NUEVO LAREDO,2025-11-09,NA,7,9,40,25,7
NUEVO LAREDO,2025-11-10,NA,6,4,35,21,8
NUEVO LAREDO,2025-11-11,NA,10,10,43,35,11
NUEVO LAREDO,2025-11-12,NA,10,16,51,45,7
NUEVO LAREDO,2025-11-13,NA,11,21,76,51,6
NUEVO LAREDO,2025-11-14,NA,10,17,54,65,10
NUEVO LAREDO,2025-11-15,NA,11,11,34,66,13
NUEVO LAREDO,2025-11-16,NA,8,10,48,48,11
NUEVO LAREDO,2025-11-17,NA,8,5,39,44,11
NUEVO LAREDO,2025-11-18,NA,13,4,54,52,8
NUEVO LAREDO,2025-11-19,NA,12,6,71,37,10
NUEVO LAREDO,2025-11-20,NA,9,5,59,35,6
NUEVO LAREDO,2025-11-21,NA,6,5,51,33,7
NUEVO LAREDO,2025-11-22,NA,12,8,54,37,9
NUEVO LAREDO,2025-11-23,NA,12,5,51,36,7
NUEVO LAREDO,2025-11-24,NA,5,3,47,45,8
NUEVO LAREDO,2025-11-25,NA,8,5,40,44,11
NUEVO LAREDO,2025-11-26,NA,7,6,40,61,8
NUEVO LAREDO,2025-11-27,NA,8,6,60,56,9
NUEVO LAREDO,2025-11-28,NA,7,7,41,61,6
NUEVO LAREDO,2025-11-29,NA,11,10,29,66,7
NUEVO LAREDO,2025-11-30,NA,11,9,33,56,5
NUEVO LAREDO,2025-12-01,NA,14,10,39,39,4
NUEVO LAREDO,2025-12-02,NA,10,8,46,35,5
NUEVO LAREDO,2025-12-03,NA,11,19,52,33,3
NUEVO LAREDO,2025-12-04,NA,12,16,48,37,1
NUEVO LAREDO,2025-12-05,NA,12,13,30,39,7
NUEVO LAREDO,2025-12-06,NA,8,12,41,33,6
NUEVO LAREDO,2025-12-07,NA,11,6,34,32,4
NUEVO LAREDO,2025-12-08,NA,9,4,29,22,5
NUEVO LAREDO,2025-12-09,NA,11,11,33,27,9
NUEVO LAREDO,2025-12-10,NA,9,10,40,30,5
NUEVO LAREDO,2025-12-11,NA,5,3,14,24,4
NUEVO LAREDO,2025-12-12,NA,5,5,31,30,2
NUEVO LAREDO,2025-12-13,NA,8,5,26,26,2
NUEVO LAREDO,2025-12-14,NA,6,6,25,17,2
NUEVO LAREDO,2025-12-15,NA,5,6,30,26,3
NUEVO LAREDO,2025-12-16,NA,6,4,29,24,3
NUEVO LAREDO,2025-12-17,NA,10,6,38,40,2
NUEVO LAREDO,2025-12-18,NA,11,4,49,38,4
NUEVO LAREDO,2025-12-19,NA,8,6,34,28,6
NUEVO LAREDO,2025-12-20,NA,8,4,33,28,6
NUEVO LAREDO,2025-12-21,NA,10,3,39,28,4
NUEVO LAREDO,2025-12-22,NA,10,6,23,16,5
NUEVO LAREDO,2025-12-23,NA,7,4,31,20,3
NUEVO LAREDO,2025-12-24,NA,5,1,23,26,1
NUEVO LAREDO,2025-12-25,NA,1,1,24,21,2
NUEVO LAREDO,2025-12-26,NA,2,2,13,21,2
NUEVO LAREDO,2025-12-27,NA,5,2,34,30,1
NUEVO LAREDO,2025-12-28,NA,6,3,29,27,5
NUEVO LAREDO,2025-12-29,NA,5,2,21,24,2
NUEVO LAREDO,2025-12-30,NA,8,6,41,21,5
NUEVO LAREDO,2025-12-31,NA,11,3,33,24,5
NUEVO LAREDO,2026-01-01,NA,7,NA,29,23,5
NUEVO LAREDO,2026-01-02,NA,4,1,24,20,5
NUEVO LAREDO,2026-01-03,NA,5,NA,34,25,5
NUEVO LAREDO,2026-01-04,NA,10,3,35,18,1
NUEVO LAREDO,2026-01-05,NA,6,2,23,15,NA
NUEVO LAREDO,2026-01-06,NA,6,2,31,14,4
NUEVO LAREDO,2026-01-07,NA,10,3,26,28,2
NUEVO LAREDO,2026-01-08,NA,7,5,36,30,2
NUEVO LAREDO,2026-01-09,NA,11,2,41,30,3
NUEVO LAREDO,2026-01-10,NA,13,2,42,41,2
NUEVO LAREDO,2026-01-11,NA,14,2,53,40,4
NUEVO LAREDO,2026-01-12,NA,15,7,41,21,5
NUEVO LAREDO,2026-01-13,NA,9,4,41,43,5
NUEVO LAREDO,2026-01-14,NA,7,9,43,50,2
NUEVO LAREDO,2026-01-15,NA,7,7,44,49,6
NUEVO LAREDO,2026-01-16,NA,7,8,42,57,6
NUEVO LAREDO,2026-01-17,NA,9,9,54,69,4
NUEVO LAREDO,2026-01-18,NA,12,6,55,58,6
NUEVO LAREDO,2026-01-19,NA,11,7,29,57,8
NUEVO LAREDO,2026-01-20,NA,9,6,35,76,6
NUEVO LAREDO,2026-01-21,NA,9,5,37,59,5
NUEVO LAREDO,2026-01-22,NA,8,4,31,49,4
NUEVO LAREDO,2026-01-23,NA,6,3,23,41,3
NUEVO LAREDO,2026-01-24,NA,9,3,38,47,2
NUEVO LAREDO,2026-01-25,NA,9,2,44,42,3
NUEVO LAREDO,2026-01-26,NA,6,2,45,36,7
NUEVO LAREDO,2026-01-27,NA,12,8,30,36,5
NUEVO LAREDO,2026-01-28,NA,7,8,29,28,3
NUEVO LAREDO,2026-01-29,NA,4,5,38,31,3
NUEVO LAREDO,2026-01-30,NA,13,1,33,29,5
NUEVO LAREDO,2026-01-31,NA,14,3,36,40,6
NUEVO LAREDO,2026-02-01,NA,12,3,30,37,6
NUEVO LAREDO,2026-02-02,NA,7,1,26,19,8
NUEVO LAREDO,2026-02-03,NA,10,3,33,15,8
NUEVO LAREDO,2026-02-04,NA,12,2,20,14,5
NUEVO LAREDO,2026-02-05,NA,5,5,31,15,NA
NUEVO LAREDO,2026-02-06,NA,6,4,23,21,2
NUEVO LAREDO,2026-02-07,NA,5,4,27,26,4
NUEVO LAREDO,2026-02-08,NA,6,6,26,16,3
NUEVO LAREDO,2026-02-09,NA,2,3,27,6,5
NUEVO LAREDO,2026-02-10,NA,5,3,28,15,2
NUEVO LAREDO,2026-02-11,NA,6,3,30,19,5
NUEVO LAREDO,2026-02-12,NA,11,3,28,21,4
NUEVO LAREDO,2026-02-13,NA,15,8,33,23,10
NUEVO LAREDO,2026-02-14,NA,7,6,26,26,4
NUEVO LAREDO,2026-02-15,NA,7,4,33,28,1
NUEVO LAREDO,2026-02-16,NA,6,1,25,22,2
NUEVO LAREDO,2026-02-17,NA,5,2,32,27,2
NUEVO LAREDO,2026-02-18,NA,2,2,43,13,2
NUEVO LAREDO,2026-02-19,NA,3,1,27,20,1
NUEVO LAREDO,2026-02-20,NA,5,2,40,24,4
NUEVO LAREDO,2026-02-21,NA,5,1,34,24,3
NUEVO LAREDO,2026-02-22,NA,4,NA,10,16,2
NUEVO LAREDO,2026-02-23,NA,8,2,34,23,2
NUEVO LAREDO,2026-02-24,NA,4,3,25,32,3
NUEVO LAREDO,2026-02-25,NA,10,3,29,23,1
NUEVO LAREDO,2026-02-26,NA,8,NA,28,27,2
NUEVO LAREDO,2026-02-27,NA,10,2,44,26,6
NUEVO LAREDO,2026-02-28,NA,13,NA,36,15,3
NUEVO LAREDO,2026-03-01,NA,8,3,23,16,3
NUEVO LAREDO,2026-03-02,NA,10,1,14,15,5
NUEVO LAREDO,2026-03-03,NA,7,2,32,19,5
NUEVO LAREDO,2026-03-04,NA,9,3,42,16,8
NUEVO LAREDO,2026-03-05,NA,8,1,42,14,5
NUEVO LAREDO,2026-03-06,NA,10,2,36,18,5
NUEVO LAREDO,2026-03-07,NA,6,3,35,30,6
NUEVO LAREDO,2026-03-08,NA,7,2,34,16,3
NUEVO LAREDO,2026-03-09,NA,6,NA,21,12,6
NUEVO LAREDO,2026-03-10,NA,7,4,38,14,5
NUEVO LAREDO,2026-03-11,NA,6,6,37,15,8
NUEVO LAREDO,2026-03-12,NA,9,5,43,16,8
NUEVO LAREDO,2026-03-13,NA,7,4,37,23,3
NUEVO LAREDO,2026-03-14,NA,11,5,40,19,4
NUEVO LAREDO,2026-03-15,NA,9,2,31,17,5
NUEVO LAREDO,2026-03-16,NA,6,2,21,12,4
NUEVO LAREDO,2026-03-17,NA,6,1,22,11,3
NUEVO LAREDO,2026-03-18,NA,12,NA,39,11,3
NUEVO LAREDO,2026-03-19,NA,9,5,20,24,4
NUEVO LAREDO,2026-03-20,NA,12,2,23,23,4
NUEVO LAREDO,2026-03-21,NA,10,5,35,38,4
NUEVO LAREDO,2026-03-22,NA,7,5,27,24,5
NUEVO LAREDO,2026-03-23,NA,6,1,20,17,5
NUEVO LAREDO,2026-03-24,NA,7,2,40,21,4
NUEVO LAREDO,2026-03-25,NA,6,9,40,21,3
NUEVO LAREDO,2026-03-26,NA,4,7,36,23,3
NUEVO LAREDO,2026-03-27,NA,5,6,34,27,7
NUEVO LAREDO,2026-03-28,NA,12,5,30,25,8
NUEVO LAREDO,2026-03-29,NA,6,6,28,28,5
NUEVO LAREDO,2026-03-30,NA,10,NA,29,23,7
NUEVO LAREDO,2026-03-31,NA,10,4,38,24,5
NUEVO LAREDO,2026-04-01,NA,10,2,42,15,4
NUEVO LAREDO,2026-04-02,NA,11,7,37,25,3
NUEVO LAREDO,2026-04-03,NA,7,9,35,20,2
NUEVO LAREDO,2026-04-04,NA,5,3,20,16,2
NUEVO LAREDO,2026-04-05,NA,7,1,33,14,NA
NUEVO LAREDO,2026-04-06,NA,9,3,29,11,2
NUEVO LAREDO,2026-04-07,NA,12,8,60,20,2
NUEVO LAREDO,2026-04-08,NA,14,15,58,29,NA
NUEVO LAREDO,2026-04-09,NA,10,8,55,26,5
NUEVO LAREDO,2026-04-10,NA,8,2,46,21,4
NUEVO LAREDO,2026-04-11,NA,9,3,46,16,2
NUEVO LAREDO,2026-04-12,NA,5,1,25,19,NA
NUEVO LAREDO,2026-04-13,NA,4,1,23,17,2
NUEVO LAREDO,2026-04-14,NA,4,NA,33,17,2
NUEVO LAREDO,2026-04-15,NA,4,4,28,25,4
NUEVO LAREDO,2026-04-16,NA,2,5,44,18,4
NUEVO LAREDO,2026-04-17,NA,2,4,40,15,7
NUEVO LAREDO,2026-04-18,NA,3,6,42,21,7
NUEVO LAREDO,2026-04-19,NA,1,2,49,19,1
NUEVO LAREDO,2026-04-20,NA,5,6,33,19,1
NUEVO LAREDO,2026-04-21,NA,8,3,45,21,4
NUEVO LAREDO,2026-04-22,NA,6,4,52,13,6
NUEVO LAREDO,2026-04-23,NA,5,3,45,19,3
NUEVO LAREDO,2026-04-24,NA,8,3,35,22,3
NUEVO LAREDO,2026-04-25,NA,6,7,42,27,6
NUEVO LAREDO,2026-04-26,NA,2,6,43,21,5
NUEVO LAREDO,2026-04-27,NA,10,5,37,8,6
NUEVO LAREDO,2026-04-28,NA,7,5,18,13,4
NUEVO LAREDO,2026-04-29,NA,7,1,28,12,2
NUEVO LAREDO,2026-04-30,NA,8,4,41,18,5
NUEVO LAREDO,2026-05-01,NA,7,3,19,17,3
NUEVO LAREDO,2026-05-02,NA,6,3,32,22,4
NUEVO LAREDO,2026-05-03,NA,9,6,33,25,4
NUEVO LAREDO,2026-05-04,NA,12,5,17,11,4
NUEVO LAREDO,2026-05-05,NA,9,5,33,17,5
NUEVO LAREDO,2026-05-06,NA,11,6,27,11,2
NUEVO LAREDO,2026-05-07,NA,7,1,30,11,2
NUEVO LAREDO,2026-05-08,NA,5,NA,27,12,3
NUEVO LAREDO,2026-05-09,NA,5,3,20,14,4
NUEVO LAREDO,2026-05-10,NA,1,NA,29,16,1
NUEVO LAREDO,2026-05-11,NA,2,NA,37,12,2
NUEVO LAREDO,2026-05-12,NA,4,1,31,12,2
NUEVO LAREDO,2026-05-13,NA,6,4,35,8,2
NUEVO LAREDO,2026-05-14,NA,4,3,39,14,2
NUEVO LAREDO,2026-05-15,NA,6,4,35,17,1
NUEVO LAREDO,2026-05-16,NA,5,2,45,24,3
NUEVO LAREDO,2026-05-17,NA,6,3,43,16,2
NUEVO LAREDO,2026-05-18,NA,6,1,49,8,3
NUEVO LAREDO,2026-05-19,NA,7,1,40,16,7
NUEVO LAREDO,2026-05-20,NA,9,NA,82,24,7
NUEVO LAREDO,2026-05-21,NA,10,3,103,68,5
NUEVO LAREDO,2026-05-22,NA,12,8,122,63,2
NUEVO LAREDO,2026-05-23,NA,16,5,92,49,2
NUEVO LAREDO,2026-05-24,NA,13,6,67,42,3
NUEVO LAREDO,2026-05-25,NA,9,5,35,19,4
NUEVO LAREDO,2026-05-26,NA,9,1,39,29,1
NUEVO LAREDO,2026-05-27,NA,6,1,38,21,2
NUEVO LAREDO,2026-05-28,NA,7,1,56,23,3
NUEVO LAREDO,2026-05-29,NA,11,3,33,31,4
NUEVO LAREDO,2026-05-30,NA,13,NA,38,35,7
NUEVO LAREDO,2026-05-31,NA,13,1,41,27,4
NUEVO LAREDO,2026-06-01,NA,10,2,43,24,7
NUEVO LAREDO,2026-06-02,NA,20,4,66,25,9
NUEVO LAREDO,2026-06-03,NA,15,6,66,34,4
NUEVO LAREDO,2026-06-04,NA,18,7,44,45,3
NUEVO LAREDO,2026-06-05,NA,16,7,49,63,5
NUEVO LAREDO,2026-06-06,NA,14,11,48,53,7
NUEVO LAREDO,2026-06-07,NA,9,8,52,48,4
NUEVO LAREDO,2026-06-08,NA,11,10,51,24,6
NUEVO LAREDO,2026-06-09,NA,8,7,52,27,6
NUEVO LAREDO,2026-06-10,NA,7,3,64,18,5
NUEVO LAREDO,2026-06-11,NA,8,3,65,30,1
NUEVO LAREDO,2026-06-12,NA,7,2,52,32,2
NUEVO LAREDO,2026-06-13,NA,7,3,50,27,6
NUEVO LAREDO,2026-06-14,NA,6,2,40,35,5
NUEVO LAREDO,2026-06-15,NA,5,2,28,11,6
NUEVO LAREDO,2026-06-16,NA,8,1,33,22,2
NUEVO LAREDO,2026-06-17,NA,9,6,61,32,6
NUEVO LAREDO,2026-06-18,NA,13,8,68,34,6
NUEVO LAREDO,2026-06-19,NA,10,4,72,37,7
NUEVO LAREDO,2026-06-20,NA,13,10,85,42,8
NUEVO LAREDO,2026-06-21,NA,10,7,115,35,6
NUEVO LAREDO,2026-06-22,NA,11,7,114,24,8
NUEVO LAREDO,2026-06-23,NA,15,4,114,40,5
NUEVO LAREDO,2026-06-24,NA,19,8,120,32,6
NUEVO LAREDO,2026-06-25,NA,15,12,87,45,3
NUEVO LAREDO,2026-06-26,NA,15,11,47,35,4
NUEVO LAREDO,2026-06-27,NA,10,9,43,22,5
NUEVO LAREDO,2026-06-28,NA,10,3,38,23,2
NUEVO LAREDO,2026-06-29,NA,10,1,30,9,3
NUEVO LAREDO,2026-06-30,NA,9,4,37,12,4
NUEVO LAREDO,2026-07-01,NA,10,1,54,16,4
NUEVO LAREDO,2026-07-02,NA,10,5,45,19,5
NUEVO LAREDO,2026-07-03,NA,9,3,38,23,3
NUEVO LAREDO,2026-07-04,NA,8,7,45,34,5
NUEVO LAREDO,2026-07-05,NA,5,5,56,11,3
NUEVO LAREDO,2026-07-06,NA,8,8,32,7,4
NUEVO LAREDO,2026-07-07,NA,9,1,36,12,1
NUEVO LAREDO,2026-07-08,NA,4,1,35,11,3
NUEVO LAREDO,2026-07-09,NA,5,3,28,11,2
NUEVO LAREDO,2026-07-10,NA,12,6,35,19,2
NUEVO LAREDO,2026-07-11,NA,12,8,31,29,7
NUEVO LAREDO,2026-07-12,NA,16,3,44,23,4
NUEVO LAREDO,2026-07-13,NA,11,3,30,7,6
NUEVO LAREDO,2026-07-14,NA,11,3,37,14,3
NUEVO LAREDO,2026-07-15,NA,11,4,39,15,6
NUEVO LAREDO,2026-07-16,NA,10,6,43,18,4
NUEVO LAREDO,2026-07-17,NA,10,3,36,23,2
NUEVO LAREDO,2026-07-18,NA,8,4,48,28,3
NUEVO LAREDO,2026-07-19,NA,10,3,37,13,8
NUEVO LAREDO,2026-07-20,NA,11,5,39,11,8
NUEVO LAREDO,2026-07-21,NA,4,2,52,14,6
NUEVO LAREDO,2026-07-22,NA,4,3,59,15,6
NUEVO LAREDO,2026-07-23,NA,8,5,37,22,4
NUEVO LAREDO,2026-07-24,NA,7,3,31,14,6
NUEVO LAREDO,2026-07-25,NA,8,2,34,12,6
NUEVO LAREDO,2026-07-26,NA,8,1,35,14,2
NUEVO LAREDO,2026-07-27,NA,8,2,31,13,2
NUEVO LAREDO,2026-07-28,NA,6,1,40,28,3
NUEVO LAREDO,2026-07-29,NA,3,5,38,32,2
NUEVO LAREDO,2026-07-30,NA,10,9,59,22,6
NUEVO LAREDO,2026-07-31,NA,12,16,73,32,9
NUEVO LAREDO,2026-08-01,NA,13,15,75,25,9
NUEVO LAREDO,2026-08-02,NA,13,13,76,27,9
NUEVO LAREDO,2026-08-03,NA,9,6,44,16,10
NUEVO LAREDO,2026-08-04,NA,11,9,49,16,8
NUEVO LAREDO,2026-08-05,1,10,8,56,25,4
NUEVO LAREDO,2026-08-06,1,8,6,48,19,4
NUEVO LAREDO,2026-08-07,1,7,3,47,29,3
NUEVO LAREDO,2026-08-08,1,7,3,38,28,2
NUEVO LAREDO,2026-08-09,NA,5,3,45,16,2
NUEVO LAREDO,2026-08-10,NA,7,3,46,10,2
NUEVO LAREDO,2026-08-11,1,11,3,44,8,3
NUEVO LAREDO,2026-08-12,1,13,7,58,18,3
NUEVO LAREDO,2026-08-13,NA,8,6,51,25,4
NUEVO LAREDO,2026-08-14,NA,9,7,56,20,6
NUEVO LAREDO,2026-08-15,1,15,3,117,28,5
NUEVO LAREDO,2026-08-16,NA,12,2,76,33,4
NUEVO LAREDO,2026-08-17,1,14,5,47,33,6
NUEVO LAREDO,2026-08-18,5,15,5,65,48,5
NUEVO LAREDO,2026-08-19,2,9,10,57,47,7
NUEVO LAREDO,2026-08-20,1,7,7,92,49,5
NUEVO LAREDO,2026-08-21,1,10,6,62,58,6
NUEVO LAREDO,2026-08-22,1,16,8,56,65,2
NUEVO LAREDO,2026-08-23,NA,12,6,39,35,3
NUEVO LAREDO,2026-08-24,1,7,1,33,16,4
PACHUCA,2025-08-24,NA,17,6,10,19,57
PACHUCA,2025-08-25,NA,12,5,17,19,55
PACHUCA,2025-08-26,NA,18,4,19,22,40
PACHUCA,2025-08-27,NA,15,9,24,74,45
PACHUCA,2025-08-28,NA,21,12,21,57,61
PACHUCA,2025-08-29,NA,19,7,31,36,51
PACHUCA,2025-08-30,NA,26,11,16,48,42
PACHUCA,2025-08-31,NA,21,9,19,39,49
PACHUCA,2025-09-01,NA,16,10,21,36,51
PACHUCA,2025-09-02,NA,16,8,36,29,41
PACHUCA,2025-09-03,NA,17,12,29,34,51
PACHUCA,2025-09-04,NA,21,12,26,26,55
PACHUCA,2025-09-05,NA,18,16,37,25,47
PACHUCA,2025-09-06,NA,20,10,26,23,50
PACHUCA,2025-09-07,NA,21,9,33,21,44
PACHUCA,2025-09-08,NA,17,5,19,21,38
PACHUCA,2025-09-09,NA,16,4,27,29,52
PACHUCA,2025-09-10,NA,13,4,22,33,60
PACHUCA,2025-09-11,NA,13,7,18,31,65
PACHUCA,2025-09-12,NA,12,5,22,35,54
PACHUCA,2025-09-13,NA,17,6,28,36,44
PACHUCA,2025-09-14,NA,17,9,13,30,35
PACHUCA,2025-09-15,NA,11,4,20,25,34
PACHUCA,2025-09-16,NA,13,6,24,18,41
PACHUCA,2025-09-17,NA,14,6,24,21,41
PACHUCA,2025-09-18,NA,14,17,32,24,41
PACHUCA,2025-09-19,NA,13,15,25,22,45
PACHUCA,2025-09-20,NA,16,11,25,26,45
PACHUCA,2025-09-21,NA,12,8,20,19,52
PACHUCA,2025-09-22,NA,9,5,21,21,42
PACHUCA,2025-09-23,NA,9,12,23,17,50
PACHUCA,2025-09-24,NA,14,15,32,23,51
PACHUCA,2025-09-25,NA,13,13,32,24,44
PACHUCA,2025-09-26,NA,13,9,50,30,43
PACHUCA,2025-09-27,NA,17,8,57,39,56
PACHUCA,2025-09-28,NA,19,2,30,35,58
PACHUCA,2025-09-29,NA,13,3,33,29,47
PACHUCA,2025-09-30,NA,15,4,24,24,37
PACHUCA,2025-10-01,NA,20,10,25,26,43
PACHUCA,2025-10-02,NA,18,10,27,31,37
PACHUCA,2025-10-03,NA,16,6,25,19,40
PACHUCA,2025-10-04,NA,9,5,26,29,45
PACHUCA,2025-10-05,NA,13,5,25,16,45
PACHUCA,2025-10-06,NA,12,10,17,18,42
PACHUCA,2025-10-07,NA,10,11,29,18,49
PACHUCA,2025-10-08,NA,16,11,27,18,48
PACHUCA,2025-10-09,NA,18,7,23,28,49
PACHUCA,2025-10-10,NA,17,9,25,20,42
PACHUCA,2025-10-11,NA,20,11,31,18,34
PACHUCA,2025-10-12,NA,19,11,31,15,26
PACHUCA,2025-10-13,NA,16,13,35,17,29
PACHUCA,2025-10-14,NA,16,5,37,20,43
PACHUCA,2025-10-15,NA,15,7,38,32,55
PACHUCA,2025-10-16,NA,9,5,29,23,51
PACHUCA,2025-10-17,NA,14,13,31,25,68
PACHUCA,2025-10-18,NA,11,8,35,29,69
PACHUCA,2025-10-19,NA,6,7,26,28,58
PACHUCA,2025-10-20,NA,7,8,28,19,54
PACHUCA,2025-10-21,NA,12,16,38,20,56
PACHUCA,2025-10-22,NA,10,16,29,20,52
PACHUCA,2025-10-23,NA,19,7,32,24,54
PACHUCA,2025-10-24,NA,19,10,27,28,50
PACHUCA,2025-10-25,NA,27,9,28,22,49
PACHUCA,2025-10-26,NA,12,7,30,21,44
PACHUCA,2025-10-27,NA,13,4,24,19,29
PACHUCA,2025-10-28,NA,13,5,24,26,29
PACHUCA,2025-10-29,NA,13,10,27,41,28
PACHUCA,2025-10-30,NA,15,7,25,34,20
PACHUCA,2025-10-31,NA,14,9,31,36,28
PACHUCA,2025-11-01,NA,15,9,33,28,31
PACHUCA,2025-11-02,NA,10,5,24,21,33
PACHUCA,2025-11-03,NA,9,5,17,18,43
PACHUCA,2025-11-04,NA,16,5,21,22,43
PACHUCA,2025-11-05,NA,16,8,20,21,35
PACHUCA,2025-11-06,NA,16,12,26,32,40
PACHUCA,2025-11-07,NA,13,5,26,33,36
PACHUCA,2025-11-08,NA,13,5,21,36,39
PACHUCA,2025-11-09,NA,10,13,19,38,37
PACHUCA,2025-11-10,NA,12,11,11,29,32
PACHUCA,2025-11-11,NA,19,7,26,22,37
PACHUCA,2025-11-12,NA,20,9,29,23,42
PACHUCA,2025-11-13,NA,17,5,37,30,48
PACHUCA,2025-11-14,NA,19,8,17,35,51
PACHUCA,2025-11-15,NA,20,7,28,29,61
PACHUCA,2025-11-16,NA,16,5,35,46,49
PACHUCA,2025-11-17,NA,12,8,20,50,45
PACHUCA,2025-11-18,NA,11,16,29,65,47
PACHUCA,2025-11-19,NA,12,21,22,57,61
PACHUCA,2025-11-20,NA,18,15,15,48,55
PACHUCA,2025-11-21,NA,18,14,15,49,63
PACHUCA,2025-11-22,NA,18,15,20,54,70
PACHUCA,2025-11-23,NA,16,10,21,42,70
PACHUCA,2025-11-24,NA,10,12,22,46,63
PACHUCA,2025-11-25,NA,13,17,24,47,65
PACHUCA,2025-11-26,NA,18,11,22,45,50
PACHUCA,2025-11-27,NA,19,13,37,39,51
PACHUCA,2025-11-28,NA,22,10,21,60,54
PACHUCA,2025-11-29,NA,25,11,19,40,43
PACHUCA,2025-11-30,NA,24,12,27,37,39
PACHUCA,2025-12-01,NA,14,10,28,45,30
PACHUCA,2025-12-02,NA,20,15,33,30,35
PACHUCA,2025-12-03,NA,18,11,33,27,39
PACHUCA,2025-12-04,NA,16,9,29,30,40
PACHUCA,2025-12-05,NA,18,11,24,45,38
PACHUCA,2025-12-06,NA,21,13,32,41,50
PACHUCA,2025-12-07,NA,13,13,18,32,52
PACHUCA,2025-12-08,NA,12,8,13,31,42
PACHUCA,2025-12-09,NA,12,11,30,33,39
PACHUCA,2025-12-10,NA,13,13,30,41,44
PACHUCA,2025-12-11,NA,17,11,31,39,35
PACHUCA,2025-12-12,NA,14,8,20,42,36
PACHUCA,2025-12-13,NA,15,6,35,45,39
PACHUCA,2025-12-14,NA,11,8,29,40,36
PACHUCA,2025-12-15,NA,13,11,23,38,33
PACHUCA,2025-12-16,NA,11,14,29,46,35
PACHUCA,2025-12-17,NA,16,10,35,51,32
PACHUCA,2025-12-18,NA,20,15,36,49,47
PACHUCA,2025-12-19,NA,18,17,38,45,59
PACHUCA,2025-12-20,NA,16,14,27,45,60
PACHUCA,2025-12-21,NA,9,15,27,38,56
PACHUCA,2025-12-22,NA,7,11,22,36,50
PACHUCA,2025-12-23,NA,11,9,34,30,57
PACHUCA,2025-12-24,NA,14,4,25,20,42
PACHUCA,2025-12-25,NA,8,3,21,21,44
PACHUCA,2025-12-26,NA,12,4,22,20,39
PACHUCA,2025-12-27,NA,18,10,22,30,32
PACHUCA,2025-12-28,NA,16,9,23,27,33
PACHUCA,2025-12-29,NA,14,10,16,37,26
PACHUCA,2025-12-30,NA,15,13,22,26,36
PACHUCA,2025-12-31,NA,15,12,26,21,44
PACHUCA,2026-01-01,NA,12,4,22,26,48
PACHUCA,2026-01-02,NA,13,9,23,33,50
PACHUCA,2026-01-03,NA,17,17,26,37,47
PACHUCA,2026-01-04,NA,14,11,21,33,41
PACHUCA,2026-01-05,NA,12,13,20,37,39
PACHUCA,2026-01-06,NA,17,18,27,48,40
PACHUCA,2026-01-07,NA,21,15,31,44,55
PACHUCA,2026-01-08,NA,22,15,27,48,56
PACHUCA,2026-01-09,NA,24,17,30,57,62
PACHUCA,2026-01-10,NA,19,10,36,53,63
PACHUCA,2026-01-11,NA,15,14,33,45,55
PACHUCA,2026-01-12,NA,14,13,24,53,37
PACHUCA,2026-01-13,NA,21,9,30,51,36
PACHUCA,2026-01-14,NA,20,9,45,47,49
PACHUCA,2026-01-15,NA,13,11,35,43,54
PACHUCA,2026-01-16,NA,15,13,32,65,66
PACHUCA,2026-01-17,NA,15,13,33,66,64
PACHUCA,2026-01-18,NA,15,18,37,54,67
PACHUCA,2026-01-19,NA,16,14,35,53,55
PACHUCA,2026-01-20,NA,14,16,48,53,66
PACHUCA,2026-01-21,NA,21,11,43,48,64
PACHUCA,2026-01-22,NA,21,13,35,47,66
PACHUCA,2026-01-23,NA,22,18,41,50,69
PACHUCA,2026-01-24,NA,21,8,36,65,59
PACHUCA,2026-01-25,NA,16,8,20,43,52
PACHUCA,2026-01-26,NA,11,8,23,44,29
PACHUCA,2026-01-27,NA,22,8,29,43,41
PACHUCA,2026-01-28,NA,20,15,28,55,61
PACHUCA,2026-01-29,NA,25,15,35,53,47
PACHUCA,2026-01-30,NA,24,11,30,51,48
PACHUCA,2026-01-31,NA,32,11,24,65,48
PACHUCA,2026-02-01,NA,27,13,36,45,43
PACHUCA,2026-02-02,NA,24,16,35,56,27
PACHUCA,2026-02-03,NA,20,25,41,44,35
PACHUCA,2026-02-04,NA,16,21,32,42,43
PACHUCA,2026-02-05,NA,25,15,37,58,47
PACHUCA,2026-02-06,NA,21,14,38,57,46
PACHUCA,2026-02-07,NA,30,19,29,64,51
PACHUCA,2026-02-08,NA,16,22,27,55,44
PACHUCA,2026-02-09,NA,18,13,28,52,41
PACHUCA,2026-02-10,NA,18,17,32,49,44
PACHUCA,2026-02-11,NA,15,19,21,48,57
PACHUCA,2026-02-12,NA,19,13,39,54,68
PACHUCA,2026-02-13,NA,18,23,32,54,66
PACHUCA,2026-02-14,NA,20,15,32,62,68
PACHUCA,2026-02-15,NA,19,10,26,45,57
PACHUCA,2026-02-16,NA,16,8,29,53,49
PACHUCA,2026-02-17,NA,21,6,24,56,38
PACHUCA,2026-02-18,NA,20,10,30,57,39
PACHUCA,2026-02-19,NA,20,8,27,50,44
PACHUCA,2026-02-20,NA,16,10,38,52,41
PACHUCA,2026-02-21,NA,20,9,31,57,51
PACHUCA,2026-02-22,NA,20,14,35,43,48
PACHUCA,2026-02-23,NA,16,8,32,43,42
PACHUCA,2026-02-24,NA,17,11,26,44,57
PACHUCA,2026-02-25,NA,19,9,21,50,52
PACHUCA,2026-02-26,NA,24,8,23,59,47
PACHUCA,2026-02-27,NA,21,14,28,57,56
PACHUCA,2026-02-28,NA,22,8,29,67,65
PACHUCA,2026-03-01,NA,19,8,32,49,55
PACHUCA,2026-03-02,NA,14,8,33,50,52
PACHUCA,2026-03-03,NA,21,10,33,61,54
PACHUCA,2026-03-04,NA,18,15,28,55,52
PACHUCA,2026-03-05,NA,14,14,34,50,55
PACHUCA,2026-03-06,NA,15,18,45,59,57
PACHUCA,2026-03-07,NA,16,16,35,54,56
PACHUCA,2026-03-08,NA,11,10,35,35,63
PACHUCA,2026-03-09,NA,11,11,20,38,57
PACHUCA,2026-03-10,NA,21,12,37,41,43
PACHUCA,2026-03-11,NA,21,12,46,43,44
PACHUCA,2026-03-12,NA,19,10,40,43,42
PACHUCA,2026-03-13,NA,20,7,29,56,41
PACHUCA,2026-03-14,NA,22,11,31,67,48
PACHUCA,2026-03-15,NA,19,4,37,55,45
PACHUCA,2026-03-16,NA,15,4,26,45,40
PACHUCA,2026-03-17,NA,17,6,30,39,41
PACHUCA,2026-03-18,NA,19,13,47,44,42
PACHUCA,2026-03-19,NA,24,15,31,49,52
PACHUCA,2026-03-20,NA,19,8,31,47,60
PACHUCA,2026-03-21,NA,14,10,19,43,62
PACHUCA,2026-03-22,NA,11,6,32,34,48
PACHUCA,2026-03-23,NA,5,6,25,26,41
PACHUCA,2026-03-24,NA,11,11,33,27,40
PACHUCA,2026-03-25,NA,15,7,34,27,48
PACHUCA,2026-03-26,NA,14,5,28,31,47
PACHUCA,2026-03-27,NA,21,9,23,36,46
PACHUCA,2026-03-28,NA,19,10,19,49,52
PACHUCA,2026-03-29,NA,20,6,25,42,42
PACHUCA,2026-03-30,NA,12,5,10,44,37
PACHUCA,2026-03-31,NA,18,8,25,43,38
PACHUCA,2026-04-01,NA,20,23,29,39,35
PACHUCA,2026-04-02,NA,26,18,30,47,46
PACHUCA,2026-04-03,NA,23,13,30,35,57
PACHUCA,2026-04-04,NA,17,12,17,37,51
PACHUCA,2026-04-05,NA,15,11,23,31,47
PACHUCA,2026-04-06,NA,14,13,22,37,44
PACHUCA,2026-04-07,NA,13,9,33,47,49
PACHUCA,2026-04-08,NA,14,10,40,48,44
PACHUCA,2026-04-09,NA,21,10,39,47,46
PACHUCA,2026-04-10,NA,23,12,42,48,50
PACHUCA,2026-04-11,NA,25,10,48,51,47
PACHUCA,2026-04-12,NA,19,12,62,39,56
PACHUCA,2026-04-13,NA,13,11,45,41,52
PACHUCA,2026-04-14,NA,15,12,54,42,54
PACHUCA,2026-04-15,NA,18,18,57,51,63
PACHUCA,2026-04-16,NA,11,17,59,54,63
PACHUCA,2026-04-17,NA,12,13,57,49,73
PACHUCA,2026-04-18,NA,14,17,52,51,80
PACHUCA,2026-04-19,NA,13,15,47,32,75
PACHUCA,2026-04-20,NA,8,13,33,37,68
PACHUCA,2026-04-21,NA,17,16,43,39,63
PACHUCA,2026-04-22,NA,21,11,33,29,69
PACHUCA,2026-04-23,NA,17,9,41,30,67
PACHUCA,2026-04-24,NA,16,15,37,33,66
PACHUCA,2026-04-25,NA,15,11,27,44,56
PACHUCA,2026-04-26,NA,11,10,27,33,50
PACHUCA,2026-04-27,NA,5,10,20,28,44
PACHUCA,2026-04-28,NA,15,11,31,39,52
PACHUCA,2026-04-29,NA,16,19,37,34,57
PACHUCA,2026-04-30,NA,21,14,29,45,52
PACHUCA,2026-05-01,NA,18,18,32,50,53
PACHUCA,2026-05-02,NA,25,21,45,66,51
PACHUCA,2026-05-03,NA,22,20,49,39,54
PACHUCA,2026-05-04,NA,13,16,35,37,45
PACHUCA,2026-05-05,NA,14,16,46,38,58
PACHUCA,2026-05-06,NA,11,15,39,51,65
PACHUCA,2026-05-07,NA,15,16,35,45,62
PACHUCA,2026-05-08,NA,12,17,38,43,62
PACHUCA,2026-05-09,NA,14,20,41,48,60
PACHUCA,2026-05-10,NA,9,20,52,40,55
PACHUCA,2026-05-11,NA,9,18,36,33,50
PACHUCA,2026-05-12,NA,15,19,41,41,47
PACHUCA,2026-05-13,NA,23,21,53,46,53
PACHUCA,2026-05-14,NA,17,22,54,47,62
PACHUCA,2026-05-15,NA,23,18,49,58,63
PACHUCA,2026-05-16,NA,26,16,40,63,75
PACHUCA,2026-05-17,NA,19,15,44,49,86
PACHUCA,2026-05-18,NA,17,15,48,54,79
PACHUCA,2026-05-19,NA,18,11,86,48,72
PACHUCA,2026-05-20,NA,31,17,106,64,66
PACHUCA,2026-05-21,NA,28,12,123,56,73
PACHUCA,2026-05-22,NA,30,19,110,56,69
PACHUCA,2026-05-23,NA,32,21,102,64,67
PACHUCA,2026-05-24,NA,25,26,85,64,60
PACHUCA,2026-05-25,NA,24,20,73,48,54
PACHUCA,2026-05-26,NA,26,20,86,70,62
PACHUCA,2026-05-27,NA,30,20,90,65,62
PACHUCA,2026-05-28,NA,32,18,77,67,63
PACHUCA,2026-05-29,NA,37,21,60,62,61
PACHUCA,2026-05-30,NA,42,18,75,61,67
PACHUCA,2026-05-31,NA,39,17,58,60,64
PACHUCA,2026-06-01,NA,30,21,63,40,63
PACHUCA,2026-06-02,NA,37,21,62,53,63
PACHUCA,2026-06-03,NA,22,17,50,60,58
PACHUCA,2026-06-04,NA,24,14,61,63,53
PACHUCA,2026-06-05,NA,22,7,48,57,49
PACHUCA,2026-06-06,NA,26,10,42,64,51
PACHUCA,2026-06-07,NA,24,13,43,66,44
PACHUCA,2026-06-08,NA,22,9,39,66,40
PACHUCA,2026-06-09,NA,19,14,58,76,44
PACHUCA,2026-06-10,NA,16,23,54,64,42
PACHUCA,2026-06-11,NA,17,19,53,66,31
PACHUCA,2026-06-12,NA,17,18,50,72,35
PACHUCA,2026-06-13,NA,16,12,53,74,45
PACHUCA,2026-06-14,NA,16,16,50,68,46
PACHUCA,2026-06-15,NA,14,15,42,54,44
PACHUCA,2026-06-16,NA,19,13,61,60,49
PACHUCA,2026-06-17,NA,22,22,75,75,43
PACHUCA,2026-06-18,NA,21,23,56,55,47
PACHUCA,2026-06-19,NA,23,20,47,53,53
PACHUCA,2026-06-20,NA,20,19,41,40,55
PACHUCA,2026-06-21,NA,23,16,39,44,45
PACHUCA,2026-06-22,NA,17,11,31,30,39
PACHUCA,2026-06-23,NA,18,16,51,44,40
PACHUCA,2026-06-24,NA,16,20,62,47,36
PACHUCA,2026-06-25,NA,23,30,55,49,39
PACHUCA,2026-06-26,NA,23,17,35,49,54
PACHUCA,2026-06-27,NA,31,18,52,45,53
PACHUCA,2026-06-28,NA,26,10,40,44,35
PACHUCA,2026-06-29,NA,26,11,37,30,31
PACHUCA,2026-06-30,NA,22,18,44,44,35
PACHUCA,2026-07-01,NA,18,15,58,47,35
PACHUCA,2026-07-02,NA,25,23,72,47,42
PACHUCA,2026-07-03,NA,32,34,88,59,51
PACHUCA,2026-07-04,NA,34,45,77,51,53
PACHUCA,2026-07-05,NA,37,38,83,37,54
PACHUCA,2026-07-06,NA,27,29,71,28,49
PACHUCA,2026-07-07,NA,23,22,73,32,50
PACHUCA,2026-07-08,NA,18,21,41,40,52
PACHUCA,2026-07-09,NA,20,19,44,34,52
PACHUCA,2026-07-10,NA,20,12,31,27,60
PACHUCA,2026-07-11,NA,17,14,44,29,68
PACHUCA,2026-07-12,NA,14,15,21,29,61
PACHUCA,2026-07-13,NA,17,12,24,30,59
PACHUCA,2026-07-14,NA,23,9,38,34,44
PACHUCA,2026-07-15,NA,20,11,42,37,49
PACHUCA,2026-07-16,NA,23,8,39,31,42
PACHUCA,2026-07-17,NA,18,16,45,39,38
PACHUCA,2026-07-18,NA,25,12,51,35,30
PACHUCA,2026-07-19,NA,18,5,37,26,31
PACHUCA,2026-07-20,NA,9,7,31,24,31
PACHUCA,2026-07-21,NA,17,7,32,37,33
PACHUCA,2026-07-22,NA,17,11,34,38,50
PACHUCA,2026-07-23,NA,19,11,22,39,47
PACHUCA,2026-07-24,NA,26,13,26,47,52
PACHUCA,2026-07-25,NA,29,8,33,45,54
PACHUCA,2026-07-26,NA,20,9,35,28,52
PACHUCA,2026-07-27,NA,10,8,22,30,48
PACHUCA,2026-07-28,NA,15,14,40,32,54
PACHUCA,2026-07-29,NA,16,17,39,36,54
PACHUCA,2026-07-30,NA,21,9,37,38,51
PACHUCA,2026-07-31,NA,26,12,43,40,63
PACHUCA,2026-08-01,14,28,14,41,36,59
PACHUCA,2026-08-02,12,28,8,29,35,47
PACHUCA,2026-08-03,7,19,10,26,40,40
PACHUCA,2026-08-04,7,20,14,51,58,40
PACHUCA,2026-08-05,3,25,16,41,49,50
PACHUCA,2026-08-06,6,27,15,34,53,59
PACHUCA,2026-08-07,21,24,17,31,53,54
PACHUCA,2026-08-08,15,21,7,45,53,58
PACHUCA,2026-08-09,8,19,4,32,47,50
PACHUCA,2026-08-10,6,11,11,29,33,41
PACHUCA,2026-08-11,6,11,17,39,39,38
PACHUCA,2026-08-12,4,23,7,36,51,36
PACHUCA,2026-08-13,4,19,10,42,50,41
PACHUCA,2026-08-14,14,18,6,39,45,48
PACHUCA,2026-08-15,6,25,5,49,56,50
PACHUCA,2026-08-16,5,21,5,42,43,53
PACHUCA,2026-08-17,3,23,8,36,41,50
PACHUCA,2026-08-18,3,18,7,40,39,53
PACHUCA,2026-08-19,2,17,10,36,56,59
PACHUCA,2026-08-20,12,20,14,28,42,64
PACHUCA,2026-08-21,7,19,9,44,55,53
PACHUCA,2026-08-22,5,17,10,41,51,58
PACHUCA,2026-08-23,3,19,11,22,46,59
PACHUCA,2026-08-24,2,18,12,23,56,49
PIEDRAS NEGRAS / MONCLOVA,2025-08-24,NA,7,1,55,33,7
PIEDRAS NEGRAS / MONCLOVA,2025-08-25,NA,11,1,30,16,5
PIEDRAS NEGRAS / MONCLOVA,2025-08-26,NA,6,2,36,40,9
PIEDRAS NEGRAS / MONCLOVA,2025-08-27,NA,4,4,44,39,12
PIEDRAS NEGRAS / MONCLOVA,2025-08-28,NA,6,2,34,29,9
PIEDRAS NEGRAS / MONCLOVA,2025-08-29,NA,8,3,41,41,10
PIEDRAS NEGRAS / MONCLOVA,2025-08-30,NA,10,1,30,38,6
PIEDRAS NEGRAS / MONCLOVA,2025-08-31,NA,9,3,28,34,3
PIEDRAS NEGRAS / MONCLOVA,2025-09-01,NA,10,1,28,14,3
PIEDRAS NEGRAS / MONCLOVA,2025-09-02,NA,9,1,35,39,5
PIEDRAS NEGRAS / MONCLOVA,2025-09-03,NA,7,NA,60,50,14
PIEDRAS NEGRAS / MONCLOVA,2025-09-04,NA,9,1,38,48,11
PIEDRAS NEGRAS / MONCLOVA,2025-09-05,NA,10,3,45,45,7
PIEDRAS NEGRAS / MONCLOVA,2025-09-06,NA,6,5,29,42,3
PIEDRAS NEGRAS / MONCLOVA,2025-09-07,NA,5,1,26,32,8
PIEDRAS NEGRAS / MONCLOVA,2025-09-08,NA,5,1,25,22,4
PIEDRAS NEGRAS / MONCLOVA,2025-09-09,NA,9,4,45,40,9
PIEDRAS NEGRAS / MONCLOVA,2025-09-10,NA,6,2,46,46,8
PIEDRAS NEGRAS / MONCLOVA,2025-09-11,NA,8,3,31,46,7
PIEDRAS NEGRAS / MONCLOVA,2025-09-12,NA,8,3,43,41,10
PIEDRAS NEGRAS / MONCLOVA,2025-09-13,NA,11,4,35,53,8
PIEDRAS NEGRAS / MONCLOVA,2025-09-14,NA,5,3,27,42,12
PIEDRAS NEGRAS / MONCLOVA,2025-09-15,NA,5,2,26,29,9
PIEDRAS NEGRAS / MONCLOVA,2025-09-16,NA,8,2,38,48,13
PIEDRAS NEGRAS / MONCLOVA,2025-09-17,NA,2,4,29,33,8
PIEDRAS NEGRAS / MONCLOVA,2025-09-18,NA,1,4,38,35,4
PIEDRAS NEGRAS / MONCLOVA,2025-09-19,NA,6,2,43,41,6
PIEDRAS NEGRAS / MONCLOVA,2025-09-20,NA,9,2,43,35,4
PIEDRAS NEGRAS / MONCLOVA,2025-09-21,NA,11,1,37,19,4
PIEDRAS NEGRAS / MONCLOVA,2025-09-22,NA,5,2,18,10,2
PIEDRAS NEGRAS / MONCLOVA,2025-09-23,NA,11,1,32,32,8
PIEDRAS NEGRAS / MONCLOVA,2025-09-24,NA,10,3,30,19,14
PIEDRAS NEGRAS / MONCLOVA,2025-09-25,NA,8,4,28,20,9
PIEDRAS NEGRAS / MONCLOVA,2025-09-26,NA,7,2,27,24,8
PIEDRAS NEGRAS / MONCLOVA,2025-09-27,NA,13,NA,59,36,5
PIEDRAS NEGRAS / MONCLOVA,2025-09-28,NA,12,2,34,20,4
PIEDRAS NEGRAS / MONCLOVA,2025-09-29,NA,10,1,19,6,3
PIEDRAS NEGRAS / MONCLOVA,2025-09-30,NA,10,1,27,24,6
PIEDRAS NEGRAS / MONCLOVA,2025-10-01,NA,5,1,37,28,10
PIEDRAS NEGRAS / MONCLOVA,2025-10-02,NA,11,4,36,34,12
PIEDRAS NEGRAS / MONCLOVA,2025-10-03,NA,9,5,44,62,4
PIEDRAS NEGRAS / MONCLOVA,2025-10-04,NA,10,6,40,55,3
PIEDRAS NEGRAS / MONCLOVA,2025-10-05,NA,9,6,29,23,3
PIEDRAS NEGRAS / MONCLOVA,2025-10-06,NA,10,2,21,15,NA
PIEDRAS NEGRAS / MONCLOVA,2025-10-07,NA,12,6,33,25,7
PIEDRAS NEGRAS / MONCLOVA,2025-10-08,NA,13,5,29,30,6
PIEDRAS NEGRAS / MONCLOVA,2025-10-09,NA,4,3,20,30,4
PIEDRAS NEGRAS / MONCLOVA,2025-10-10,NA,9,4,27,26,6
PIEDRAS NEGRAS / MONCLOVA,2025-10-11,NA,9,5,31,32,8
PIEDRAS NEGRAS / MONCLOVA,2025-10-12,NA,8,3,21,16,4
PIEDRAS NEGRAS / MONCLOVA,2025-10-13,NA,12,3,18,18,4
PIEDRAS NEGRAS / MONCLOVA,2025-10-14,NA,7,7,21,14,11
PIEDRAS NEGRAS / MONCLOVA,2025-10-15,NA,8,8,27,35,7
PIEDRAS NEGRAS / MONCLOVA,2025-10-16,NA,7,6,47,42,7
PIEDRAS NEGRAS / MONCLOVA,2025-10-17,NA,7,3,29,38,10
PIEDRAS NEGRAS / MONCLOVA,2025-10-18,NA,13,2,25,35,16
PIEDRAS NEGRAS / MONCLOVA,2025-10-19,NA,15,4,29,24,13
PIEDRAS NEGRAS / MONCLOVA,2025-10-20,NA,12,5,26,11,9
PIEDRAS NEGRAS / MONCLOVA,2025-10-21,NA,15,8,27,23,9
PIEDRAS NEGRAS / MONCLOVA,2025-10-22,NA,12,3,42,25,15
PIEDRAS NEGRAS / MONCLOVA,2025-10-23,NA,11,3,46,20,10
PIEDRAS NEGRAS / MONCLOVA,2025-10-24,NA,14,3,50,32,5
PIEDRAS NEGRAS / MONCLOVA,2025-10-25,NA,9,1,48,28,5
PIEDRAS NEGRAS / MONCLOVA,2025-10-26,NA,10,2,35,24,6
PIEDRAS NEGRAS / MONCLOVA,2025-10-27,NA,10,4,55,14,4
PIEDRAS NEGRAS / MONCLOVA,2025-10-28,NA,21,6,79,36,11
PIEDRAS NEGRAS / MONCLOVA,2025-10-29,NA,18,4,68,44,10
PIEDRAS NEGRAS / MONCLOVA,2025-10-30,NA,18,5,55,48,6
PIEDRAS NEGRAS / MONCLOVA,2025-10-31,NA,10,8,37,34,6
PIEDRAS NEGRAS / MONCLOVA,2025-11-01,NA,13,3,32,24,9
PIEDRAS NEGRAS / MONCLOVA,2025-11-02,NA,15,3,42,24,7
PIEDRAS NEGRAS / MONCLOVA,2025-11-03,NA,10,4,30,10,6
PIEDRAS NEGRAS / MONCLOVA,2025-11-04,NA,15,6,36,25,9
PIEDRAS NEGRAS / MONCLOVA,2025-11-05,NA,17,6,35,29,8
PIEDRAS NEGRAS / MONCLOVA,2025-11-06,NA,12,5,38,30,4
PIEDRAS NEGRAS / MONCLOVA,2025-11-07,NA,11,4,36,30,7
PIEDRAS NEGRAS / MONCLOVA,2025-11-08,NA,14,6,54,33,9
PIEDRAS NEGRAS / MONCLOVA,2025-11-09,NA,13,5,36,29,8
PIEDRAS NEGRAS / MONCLOVA,2025-11-10,NA,7,4,21,21,6
PIEDRAS NEGRAS / MONCLOVA,2025-11-11,NA,14,11,44,42,12
PIEDRAS NEGRAS / MONCLOVA,2025-11-12,NA,11,14,51,40,12
PIEDRAS NEGRAS / MONCLOVA,2025-11-13,NA,8,3,37,45,3
PIEDRAS NEGRAS / MONCLOVA,2025-11-14,NA,12,4,36,38,5
PIEDRAS NEGRAS / MONCLOVA,2025-11-15,NA,14,2,48,43,8
PIEDRAS NEGRAS / MONCLOVA,2025-11-16,NA,15,4,39,37,8
PIEDRAS NEGRAS / MONCLOVA,2025-11-17,NA,9,4,28,34,6
PIEDRAS NEGRAS / MONCLOVA,2025-11-18,NA,7,3,42,43,7
PIEDRAS NEGRAS / MONCLOVA,2025-11-19,NA,8,8,43,38,8
PIEDRAS NEGRAS / MONCLOVA,2025-11-20,NA,7,6,44,33,7
PIEDRAS NEGRAS / MONCLOVA,2025-11-21,NA,6,5,52,39,10
PIEDRAS NEGRAS / MONCLOVA,2025-11-22,NA,12,8,53,37,12
PIEDRAS NEGRAS / MONCLOVA,2025-11-23,NA,8,6,32,36,9
PIEDRAS NEGRAS / MONCLOVA,2025-11-24,NA,10,6,33,22,7
PIEDRAS NEGRAS / MONCLOVA,2025-11-25,NA,10,4,38,27,7
PIEDRAS NEGRAS / MONCLOVA,2025-11-26,NA,13,5,45,28,12
PIEDRAS NEGRAS / MONCLOVA,2025-11-27,NA,10,7,38,32,5
PIEDRAS NEGRAS / MONCLOVA,2025-11-28,NA,7,3,38,36,4
PIEDRAS NEGRAS / MONCLOVA,2025-11-29,NA,9,5,38,41,5
PIEDRAS NEGRAS / MONCLOVA,2025-11-30,NA,13,2,31,28,3
PIEDRAS NEGRAS / MONCLOVA,2025-12-01,NA,10,7,28,19,5
PIEDRAS NEGRAS / MONCLOVA,2025-12-02,NA,13,9,36,31,8
PIEDRAS NEGRAS / MONCLOVA,2025-12-03,NA,12,10,42,40,13
PIEDRAS NEGRAS / MONCLOVA,2025-12-04,NA,8,8,34,38,6
PIEDRAS NEGRAS / MONCLOVA,2025-12-05,NA,11,8,38,37,6
PIEDRAS NEGRAS / MONCLOVA,2025-12-06,NA,14,8,31,45,7
PIEDRAS NEGRAS / MONCLOVA,2025-12-07,NA,10,8,39,38,5
PIEDRAS NEGRAS / MONCLOVA,2025-12-08,NA,7,4,37,20,7
PIEDRAS NEGRAS / MONCLOVA,2025-12-09,NA,11,2,51,41,11
PIEDRAS NEGRAS / MONCLOVA,2025-12-10,NA,14,3,33,32,12
PIEDRAS NEGRAS / MONCLOVA,2025-12-11,NA,7,6,37,34,13
PIEDRAS NEGRAS / MONCLOVA,2025-12-12,NA,8,5,37,36,7
PIEDRAS NEGRAS / MONCLOVA,2025-12-13,NA,17,3,46,52,8
PIEDRAS NEGRAS / MONCLOVA,2025-12-14,NA,17,1,35,48,6
PIEDRAS NEGRAS / MONCLOVA,2025-12-15,NA,11,3,36,19,4
PIEDRAS NEGRAS / MONCLOVA,2025-12-16,NA,11,4,45,37,4
PIEDRAS NEGRAS / MONCLOVA,2025-12-17,NA,13,4,34,31,5
PIEDRAS NEGRAS / MONCLOVA,2025-12-18,NA,11,6,37,34,8
PIEDRAS NEGRAS / MONCLOVA,2025-12-19,NA,15,6,35,29,11
PIEDRAS NEGRAS / MONCLOVA,2025-12-20,NA,13,6,41,45,9
PIEDRAS NEGRAS / MONCLOVA,2025-12-21,NA,12,5,31,33,9
PIEDRAS NEGRAS / MONCLOVA,2025-12-22,NA,8,1,29,17,7
PIEDRAS NEGRAS / MONCLOVA,2025-12-23,NA,15,3,42,22,8
PIEDRAS NEGRAS / MONCLOVA,2025-12-24,NA,12,4,36,35,12
PIEDRAS NEGRAS / MONCLOVA,2025-12-25,NA,7,3,25,15,9
PIEDRAS NEGRAS / MONCLOVA,2025-12-26,NA,7,3,29,15,5
PIEDRAS NEGRAS / MONCLOVA,2025-12-27,NA,13,3,46,40,7
PIEDRAS NEGRAS / MONCLOVA,2025-12-28,NA,11,3,31,26,9
PIEDRAS NEGRAS / MONCLOVA,2025-12-29,NA,11,3,30,21,6
PIEDRAS NEGRAS / MONCLOVA,2025-12-30,NA,17,5,46,36,7
PIEDRAS NEGRAS / MONCLOVA,2025-12-31,NA,13,8,38,42,9
PIEDRAS NEGRAS / MONCLOVA,2026-01-01,NA,7,6,29,22,3
PIEDRAS NEGRAS / MONCLOVA,2026-01-02,NA,8,4,21,16,2
PIEDRAS NEGRAS / MONCLOVA,2026-01-03,NA,13,4,42,46,11
PIEDRAS NEGRAS / MONCLOVA,2026-01-04,NA,13,1,34,37,9
PIEDRAS NEGRAS / MONCLOVA,2026-01-05,NA,14,2,33,17,6
PIEDRAS NEGRAS / MONCLOVA,2026-01-06,NA,12,5,44,36,6
PIEDRAS NEGRAS / MONCLOVA,2026-01-07,NA,8,3,42,33,10
PIEDRAS NEGRAS / MONCLOVA,2026-01-08,NA,12,4,41,41,7
PIEDRAS NEGRAS / MONCLOVA,2026-01-09,NA,16,2,46,35,8
PIEDRAS NEGRAS / MONCLOVA,2026-01-10,NA,15,3,39,54,11
PIEDRAS NEGRAS / MONCLOVA,2026-01-11,NA,10,3,33,36,12
PIEDRAS NEGRAS / MONCLOVA,2026-01-12,NA,9,3,27,22,10
PIEDRAS NEGRAS / MONCLOVA,2026-01-13,NA,10,9,46,41,13
PIEDRAS NEGRAS / MONCLOVA,2026-01-14,NA,11,9,58,46,14
PIEDRAS NEGRAS / MONCLOVA,2026-01-15,NA,10,5,45,45,10
PIEDRAS NEGRAS / MONCLOVA,2026-01-16,NA,12,5,39,36,7
PIEDRAS NEGRAS / MONCLOVA,2026-01-17,NA,15,4,62,50,17
PIEDRAS NEGRAS / MONCLOVA,2026-01-18,NA,5,4,39,49,14
PIEDRAS NEGRAS / MONCLOVA,2026-01-19,NA,7,4,20,12,10
PIEDRAS NEGRAS / MONCLOVA,2026-01-20,NA,7,6,40,25,13
PIEDRAS NEGRAS / MONCLOVA,2026-01-21,NA,9,4,39,25,18
PIEDRAS NEGRAS / MONCLOVA,2026-01-22,NA,13,4,44,33,16
PIEDRAS NEGRAS / MONCLOVA,2026-01-23,NA,13,8,29,37,11
PIEDRAS NEGRAS / MONCLOVA,2026-01-24,NA,11,4,34,46,7
PIEDRAS NEGRAS / MONCLOVA,2026-01-25,NA,10,3,48,40,5
PIEDRAS NEGRAS / MONCLOVA,2026-01-26,NA,9,3,31,31,4
PIEDRAS NEGRAS / MONCLOVA,2026-01-27,NA,8,5,37,29,9
PIEDRAS NEGRAS / MONCLOVA,2026-01-28,NA,11,5,37,28,10
PIEDRAS NEGRAS / MONCLOVA,2026-01-29,NA,15,5,41,39,12
PIEDRAS NEGRAS / MONCLOVA,2026-01-30,NA,20,4,39,37,11
PIEDRAS NEGRAS / MONCLOVA,2026-01-31,NA,14,5,45,46,12
PIEDRAS NEGRAS / MONCLOVA,2026-02-01,NA,12,6,27,26,11
PIEDRAS NEGRAS / MONCLOVA,2026-02-02,NA,10,3,26,18,7
PIEDRAS NEGRAS / MONCLOVA,2026-02-03,NA,12,4,31,23,10
PIEDRAS NEGRAS / MONCLOVA,2026-02-04,NA,13,3,34,37,11
PIEDRAS NEGRAS / MONCLOVA,2026-02-05,NA,16,4,47,35,13
PIEDRAS NEGRAS / MONCLOVA,2026-02-06,NA,15,11,55,38,10
PIEDRAS NEGRAS / MONCLOVA,2026-02-07,NA,20,7,48,49,10
PIEDRAS NEGRAS / MONCLOVA,2026-02-08,NA,12,4,36,36,7
PIEDRAS NEGRAS / MONCLOVA,2026-02-09,NA,8,1,29,13,5
PIEDRAS NEGRAS / MONCLOVA,2026-02-10,NA,7,4,33,25,9
PIEDRAS NEGRAS / MONCLOVA,2026-02-11,NA,12,6,37,26,6
PIEDRAS NEGRAS / MONCLOVA,2026-02-12,NA,11,5,42,45,4
PIEDRAS NEGRAS / MONCLOVA,2026-02-13,NA,14,9,39,48,7
PIEDRAS NEGRAS / MONCLOVA,2026-02-14,NA,9,2,42,48,8
PIEDRAS NEGRAS / MONCLOVA,2026-02-15,NA,10,4,36,37,6
PIEDRAS NEGRAS / MONCLOVA,2026-02-16,NA,7,7,31,16,7
PIEDRAS NEGRAS / MONCLOVA,2026-02-17,NA,11,5,44,39,6
PIEDRAS NEGRAS / MONCLOVA,2026-02-18,NA,10,7,43,39,11
PIEDRAS NEGRAS / MONCLOVA,2026-02-19,NA,8,5,44,51,15
PIEDRAS NEGRAS / MONCLOVA,2026-02-20,NA,9,5,57,54,11
PIEDRAS NEGRAS / MONCLOVA,2026-02-21,NA,14,5,36,43,7
PIEDRAS NEGRAS / MONCLOVA,2026-02-22,NA,11,6,32,22,5
PIEDRAS NEGRAS / MONCLOVA,2026-02-23,NA,10,4,22,17,2
PIEDRAS NEGRAS / MONCLOVA,2026-02-24,NA,13,6,31,27,8
PIEDRAS NEGRAS / MONCLOVA,2026-02-25,NA,8,5,37,26,5
PIEDRAS NEGRAS / MONCLOVA,2026-02-26,NA,8,4,40,42,7
PIEDRAS NEGRAS / MONCLOVA,2026-02-27,NA,12,5,43,59,13
PIEDRAS NEGRAS / MONCLOVA,2026-02-28,NA,17,6,49,56,14
PIEDRAS NEGRAS / MONCLOVA,2026-03-01,NA,16,6,43,31,14
PIEDRAS NEGRAS / MONCLOVA,2026-03-02,NA,10,6,28,15,14
PIEDRAS NEGRAS / MONCLOVA,2026-03-03,NA,11,3,51,34,12
PIEDRAS NEGRAS / MONCLOVA,2026-03-04,NA,12,4,52,35,10
PIEDRAS NEGRAS / MONCLOVA,2026-03-05,NA,11,3,45,44,9
PIEDRAS NEGRAS / MONCLOVA,2026-03-06,NA,10,5,69,33,7
PIEDRAS NEGRAS / MONCLOVA,2026-03-07,NA,12,8,62,38,9
PIEDRAS NEGRAS / MONCLOVA,2026-03-08,NA,9,5,46,28,11
PIEDRAS NEGRAS / MONCLOVA,2026-03-09,NA,4,2,41,17,7
PIEDRAS NEGRAS / MONCLOVA,2026-03-10,NA,14,11,56,33,11
PIEDRAS NEGRAS / MONCLOVA,2026-03-11,NA,10,12,57,58,16
PIEDRAS NEGRAS / MONCLOVA,2026-03-12,NA,18,11,66,57,19
PIEDRAS NEGRAS / MONCLOVA,2026-03-13,NA,21,8,66,61,8
PIEDRAS NEGRAS / MONCLOVA,2026-03-14,NA,18,4,70,56,12
PIEDRAS NEGRAS / MONCLOVA,2026-03-15,NA,12,4,52,43,9
PIEDRAS NEGRAS / MONCLOVA,2026-03-16,NA,13,4,34,17,7
PIEDRAS NEGRAS / MONCLOVA,2026-03-17,NA,10,3,28,25,11
PIEDRAS NEGRAS / MONCLOVA,2026-03-18,NA,11,5,32,30,16
PIEDRAS NEGRAS / MONCLOVA,2026-03-19,NA,11,3,41,52,10
PIEDRAS NEGRAS / MONCLOVA,2026-03-20,NA,11,6,52,37,7
PIEDRAS NEGRAS / MONCLOVA,2026-03-21,NA,12,4,41,35,7
PIEDRAS NEGRAS / MONCLOVA,2026-03-22,NA,9,3,38,33,7
PIEDRAS NEGRAS / MONCLOVA,2026-03-23,NA,8,4,26,17,7
PIEDRAS NEGRAS / MONCLOVA,2026-03-24,NA,18,2,41,28,8
PIEDRAS NEGRAS / MONCLOVA,2026-03-25,NA,10,5,43,34,11
PIEDRAS NEGRAS / MONCLOVA,2026-03-26,NA,7,8,48,40,13
PIEDRAS NEGRAS / MONCLOVA,2026-03-27,NA,7,3,38,40,11
PIEDRAS NEGRAS / MONCLOVA,2026-03-28,NA,11,4,43,34,11
PIEDRAS NEGRAS / MONCLOVA,2026-03-29,NA,15,4,50,44,10
PIEDRAS NEGRAS / MONCLOVA,2026-03-30,NA,15,5,35,25,5
PIEDRAS NEGRAS / MONCLOVA,2026-03-31,NA,15,3,46,42,10
PIEDRAS NEGRAS / MONCLOVA,2026-04-01,NA,17,4,43,42,13
PIEDRAS NEGRAS / MONCLOVA,2026-04-02,NA,18,5,43,67,7
PIEDRAS NEGRAS / MONCLOVA,2026-04-03,NA,14,7,43,46,9
PIEDRAS NEGRAS / MONCLOVA,2026-04-04,NA,11,4,35,28,8
PIEDRAS NEGRAS / MONCLOVA,2026-04-05,NA,9,3,45,27,7
PIEDRAS NEGRAS / MONCLOVA,2026-04-06,NA,6,2,37,21,5
PIEDRAS NEGRAS / MONCLOVA,2026-04-07,NA,11,3,38,40,10
PIEDRAS NEGRAS / MONCLOVA,2026-04-08,NA,10,7,45,46,10
PIEDRAS NEGRAS / MONCLOVA,2026-04-09,NA,8,6,47,44,11
PIEDRAS NEGRAS / MONCLOVA,2026-04-10,NA,9,6,61,50,11
PIEDRAS NEGRAS / MONCLOVA,2026-04-11,NA,10,3,53,65,9
PIEDRAS NEGRAS / MONCLOVA,2026-04-12,NA,11,2,45,36,3
PIEDRAS NEGRAS / MONCLOVA,2026-04-13,NA,12,4,40,28,4
PIEDRAS NEGRAS / MONCLOVA,2026-04-14,NA,10,8,52,49,6
PIEDRAS NEGRAS / MONCLOVA,2026-04-15,NA,13,6,46,57,15
PIEDRAS NEGRAS / MONCLOVA,2026-04-16,NA,12,7,51,53,11
PIEDRAS NEGRAS / MONCLOVA,2026-04-17,NA,11,6,53,46,10
PIEDRAS NEGRAS / MONCLOVA,2026-04-18,NA,12,7,42,48,13
PIEDRAS NEGRAS / MONCLOVA,2026-04-19,NA,15,3,48,32,9
PIEDRAS NEGRAS / MONCLOVA,2026-04-20,NA,10,2,35,17,10
PIEDRAS NEGRAS / MONCLOVA,2026-04-21,NA,10,2,57,28,13
PIEDRAS NEGRAS / MONCLOVA,2026-04-22,NA,8,5,47,31,13
PIEDRAS NEGRAS / MONCLOVA,2026-04-23,NA,12,3,54,29,12
PIEDRAS NEGRAS / MONCLOVA,2026-04-24,NA,13,2,58,33,5
PIEDRAS NEGRAS / MONCLOVA,2026-04-25,NA,14,3,46,49,5
PIEDRAS NEGRAS / MONCLOVA,2026-04-26,NA,12,2,44,28,7
PIEDRAS NEGRAS / MONCLOVA,2026-04-27,NA,9,3,35,9,5
PIEDRAS NEGRAS / MONCLOVA,2026-04-28,NA,9,8,46,28,6
PIEDRAS NEGRAS / MONCLOVA,2026-04-29,NA,12,3,46,37,10
PIEDRAS NEGRAS / MONCLOVA,2026-04-30,NA,15,3,43,30,14
PIEDRAS NEGRAS / MONCLOVA,2026-05-01,NA,11,5,36,28,11
PIEDRAS NEGRAS / MONCLOVA,2026-05-02,NA,17,7,64,32,8
PIEDRAS NEGRAS / MONCLOVA,2026-05-03,NA,13,9,43,32,6
PIEDRAS NEGRAS / MONCLOVA,2026-05-04,NA,10,3,32,13,7
PIEDRAS NEGRAS / MONCLOVA,2026-05-05,NA,17,3,30,20,10
PIEDRAS NEGRAS / MONCLOVA,2026-05-06,NA,14,3,36,30,8
PIEDRAS NEGRAS / MONCLOVA,2026-05-07,NA,9,3,43,30,4
PIEDRAS NEGRAS / MONCLOVA,2026-05-08,NA,8,7,33,24,7
PIEDRAS NEGRAS / MONCLOVA,2026-05-09,NA,9,6,40,30,8
PIEDRAS NEGRAS / MONCLOVA,2026-05-10,NA,10,4,27,26,2
PIEDRAS NEGRAS / MONCLOVA,2026-05-11,NA,8,2,27,9,1
PIEDRAS NEGRAS / MONCLOVA,2026-05-12,NA,11,6,45,20,9
PIEDRAS NEGRAS / MONCLOVA,2026-05-13,NA,18,3,64,23,14
PIEDRAS NEGRAS / MONCLOVA,2026-05-14,NA,14,4,55,40,13
PIEDRAS NEGRAS / MONCLOVA,2026-05-15,NA,17,5,54,45,11
PIEDRAS NEGRAS / MONCLOVA,2026-05-16,NA,19,5,50,66,7
PIEDRAS NEGRAS / MONCLOVA,2026-05-17,NA,17,5,48,54,4
PIEDRAS NEGRAS / MONCLOVA,2026-05-18,NA,17,5,44,31,7
PIEDRAS NEGRAS / MONCLOVA,2026-05-19,NA,10,6,60,52,11
PIEDRAS NEGRAS / MONCLOVA,2026-05-20,NA,14,5,58,35,17
PIEDRAS NEGRAS / MONCLOVA,2026-05-21,NA,12,7,75,48,15
PIEDRAS NEGRAS / MONCLOVA,2026-05-22,NA,12,5,49,34,13
PIEDRAS NEGRAS / MONCLOVA,2026-05-23,NA,17,4,56,50,8
PIEDRAS NEGRAS / MONCLOVA,2026-05-24,NA,16,3,50,42,7
PIEDRAS NEGRAS / MONCLOVA,2026-05-25,NA,14,3,31,23,6
PIEDRAS NEGRAS / MONCLOVA,2026-05-26,NA,11,3,42,39,8
PIEDRAS NEGRAS / MONCLOVA,2026-05-27,NA,10,6,54,37,5
PIEDRAS NEGRAS / MONCLOVA,2026-05-28,NA,20,5,54,39,9
PIEDRAS NEGRAS / MONCLOVA,2026-05-29,NA,18,2,43,46,9
PIEDRAS NEGRAS / MONCLOVA,2026-05-30,NA,18,7,55,37,7
PIEDRAS NEGRAS / MONCLOVA,2026-05-31,NA,12,5,33,26,7
PIEDRAS NEGRAS / MONCLOVA,2026-06-01,NA,10,3,35,12,4
PIEDRAS NEGRAS / MONCLOVA,2026-06-02,NA,12,7,43,51,7
PIEDRAS NEGRAS / MONCLOVA,2026-06-03,NA,7,4,39,46,11
PIEDRAS NEGRAS / MONCLOVA,2026-06-04,NA,14,5,53,40,12
PIEDRAS NEGRAS / MONCLOVA,2026-06-05,NA,14,5,68,58,14
PIEDRAS NEGRAS / MONCLOVA,2026-06-06,NA,14,9,53,42,17
PIEDRAS NEGRAS / MONCLOVA,2026-06-07,NA,11,7,45,21,7
PIEDRAS NEGRAS / MONCLOVA,2026-06-08,NA,9,3,33,17,10
PIEDRAS NEGRAS / MONCLOVA,2026-06-09,NA,16,3,47,23,14
PIEDRAS NEGRAS / MONCLOVA,2026-06-10,NA,11,4,59,27,15
PIEDRAS NEGRAS / MONCLOVA,2026-06-11,NA,7,3,45,32,8
PIEDRAS NEGRAS / MONCLOVA,2026-06-12,NA,9,3,52,30,7
PIEDRAS NEGRAS / MONCLOVA,2026-06-13,NA,16,2,46,48,10
PIEDRAS NEGRAS / MONCLOVA,2026-06-14,NA,9,5,41,30,11
PIEDRAS NEGRAS / MONCLOVA,2026-06-15,NA,8,3,32,18,8
PIEDRAS NEGRAS / MONCLOVA,2026-06-16,NA,13,6,88,50,14
PIEDRAS NEGRAS / MONCLOVA,2026-06-17,NA,21,8,110,65,17
PIEDRAS NEGRAS / MONCLOVA,2026-06-18,NA,12,7,67,60,16
PIEDRAS NEGRAS / MONCLOVA,2026-06-19,NA,12,11,86,43,13
PIEDRAS NEGRAS / MONCLOVA,2026-06-20,NA,13,5,90,55,12
PIEDRAS NEGRAS / MONCLOVA,2026-06-21,NA,10,10,48,42,18
PIEDRAS NEGRAS / MONCLOVA,2026-06-22,NA,11,5,65,21,13
PIEDRAS NEGRAS / MONCLOVA,2026-06-23,NA,9,4,50,45,14
PIEDRAS NEGRAS / MONCLOVA,2026-06-24,NA,9,9,53,42,21
PIEDRAS NEGRAS / MONCLOVA,2026-06-25,NA,9,6,54,46,12
PIEDRAS NEGRAS / MONCLOVA,2026-06-26,NA,14,8,39,49,12
PIEDRAS NEGRAS / MONCLOVA,2026-06-27,NA,13,9,34,36,17
PIEDRAS NEGRAS / MONCLOVA,2026-06-28,NA,18,5,44,32,17
PIEDRAS NEGRAS / MONCLOVA,2026-06-29,NA,14,2,26,19,16
PIEDRAS NEGRAS / MONCLOVA,2026-06-30,NA,13,3,44,41,23
PIEDRAS NEGRAS / MONCLOVA,2026-07-01,NA,12,3,47,36,24
PIEDRAS NEGRAS / MONCLOVA,2026-07-02,NA,12,2,39,38,18
PIEDRAS NEGRAS / MONCLOVA,2026-07-03,NA,18,5,46,44,14
PIEDRAS NEGRAS / MONCLOVA,2026-07-04,NA,22,6,58,39,18
PIEDRAS NEGRAS / MONCLOVA,2026-07-05,NA,15,3,44,24,20
PIEDRAS NEGRAS / MONCLOVA,2026-07-06,NA,10,3,24,15,12
PIEDRAS NEGRAS / MONCLOVA,2026-07-07,NA,8,4,55,23,12
PIEDRAS NEGRAS / MONCLOVA,2026-07-08,NA,9,3,42,41,10
PIEDRAS NEGRAS / MONCLOVA,2026-07-09,NA,15,6,72,58,14
PIEDRAS NEGRAS / MONCLOVA,2026-07-10,NA,16,15,72,54,16
PIEDRAS NEGRAS / MONCLOVA,2026-07-11,NA,15,5,61,49,15
PIEDRAS NEGRAS / MONCLOVA,2026-07-12,NA,11,2,64,22,13
PIEDRAS NEGRAS / MONCLOVA,2026-07-13,NA,11,5,42,13,14
PIEDRAS NEGRAS / MONCLOVA,2026-07-14,NA,10,6,49,41,17
PIEDRAS NEGRAS / MONCLOVA,2026-07-15,NA,12,7,55,57,15
PIEDRAS NEGRAS / MONCLOVA,2026-07-16,NA,10,10,60,44,12
PIEDRAS NEGRAS / MONCLOVA,2026-07-17,NA,14,9,63,60,15
PIEDRAS NEGRAS / MONCLOVA,2026-07-18,NA,20,7,56,62,13
PIEDRAS NEGRAS / MONCLOVA,2026-07-19,NA,16,8,50,48,7
PIEDRAS NEGRAS / MONCLOVA,2026-07-20,NA,10,6,39,20,6
PIEDRAS NEGRAS / MONCLOVA,2026-07-21,NA,14,7,49,27,11
PIEDRAS NEGRAS / MONCLOVA,2026-07-22,NA,8,2,37,23,10
PIEDRAS NEGRAS / MONCLOVA,2026-07-23,NA,11,3,29,31,8
PIEDRAS NEGRAS / MONCLOVA,2026-07-24,NA,7,6,26,28,7
PIEDRAS NEGRAS / MONCLOVA,2026-07-25,NA,10,4,43,34,8
PIEDRAS NEGRAS / MONCLOVA,2026-07-26,NA,13,2,41,20,10
PIEDRAS NEGRAS / MONCLOVA,2026-07-27,NA,13,3,29,16,8
PIEDRAS NEGRAS / MONCLOVA,2026-07-28,NA,11,8,31,26,12
PIEDRAS NEGRAS / MONCLOVA,2026-07-29,NA,9,5,34,18,14
PIEDRAS NEGRAS / MONCLOVA,2026-07-30,NA,10,3,25,24,15
PIEDRAS NEGRAS / MONCLOVA,2026-07-31,NA,12,2,51,37,7
PIEDRAS NEGRAS / MONCLOVA,2026-08-01,1,11,6,36,33,5
PIEDRAS NEGRAS / MONCLOVA,2026-08-02,1,16,2,37,24,11
PIEDRAS NEGRAS / MONCLOVA,2026-08-03,1,14,3,30,12,9
PIEDRAS NEGRAS / MONCLOVA,2026-08-04,2,16,7,42,53,12
PIEDRAS NEGRAS / MONCLOVA,2026-08-05,3,13,3,32,40,13
PIEDRAS NEGRAS / MONCLOVA,2026-08-06,2,12,2,42,21,9
PIEDRAS NEGRAS / MONCLOVA,2026-08-07,2,12,2,42,25,11
PIEDRAS NEGRAS / MONCLOVA,2026-08-08,3,12,4,28,34,11
PIEDRAS NEGRAS / MONCLOVA,2026-08-09,1,13,5,31,30,14
PIEDRAS NEGRAS / MONCLOVA,2026-08-10,2,6,4,34,16,13
PIEDRAS NEGRAS / MONCLOVA,2026-08-11,2,12,6,38,28,16
PIEDRAS NEGRAS / MONCLOVA,2026-08-12,1,15,3,51,33,21
PIEDRAS NEGRAS / MONCLOVA,2026-08-13,2,11,3,41,32,13
PIEDRAS NEGRAS / MONCLOVA,2026-08-14,3,11,2,53,35,16
PIEDRAS NEGRAS / MONCLOVA,2026-08-15,2,10,3,46,35,11
PIEDRAS NEGRAS / MONCLOVA,2026-08-16,1,11,5,44,22,11
PIEDRAS NEGRAS / MONCLOVA,2026-08-17,3,12,5,43,11,8
PIEDRAS NEGRAS / MONCLOVA,2026-08-18,3,12,8,51,29,10
PIEDRAS NEGRAS / MONCLOVA,2026-08-19,3,15,6,50,38,13
PIEDRAS NEGRAS / MONCLOVA,2026-08-20,1,10,6,33,35,8
PIEDRAS NEGRAS / MONCLOVA,2026-08-21,2,9,3,31,33,10
PIEDRAS NEGRAS / MONCLOVA,2026-08-22,2,13,2,29,34,10
PIEDRAS NEGRAS / MONCLOVA,2026-08-23,1,11,1,21,40,7
PIEDRAS NEGRAS / MONCLOVA,2026-08-24,1,14,2,24,19,5
POZA RICA,2025-08-24,NA,2,NA,11,3,17
POZA RICA,2025-08-25,NA,1,NA,8,1,18
POZA RICA,2025-08-26,NA,1,1,NA,5,12
POZA RICA,2025-08-27,NA,4,2,4,4,9
POZA RICA,2025-08-28,NA,4,3,3,4,13
POZA RICA,2025-08-29,NA,2,NA,7,4,14
POZA RICA,2025-08-30,NA,6,2,9,5,10
POZA RICA,2025-08-31,NA,9,4,5,4,10
POZA RICA,2025-09-01,NA,7,1,3,6,7
POZA RICA,2025-09-02,NA,4,1,4,4,6
POZA RICA,2025-09-03,NA,1,1,2,3,10
POZA RICA,2025-09-04,NA,2,2,7,1,4
POZA RICA,2025-09-05,NA,1,3,1,1,11
POZA RICA,2025-09-06,NA,2,1,3,5,11
POZA RICA,2025-09-07,NA,1,2,5,4,13
POZA RICA,2025-09-08,NA,1,4,5,4,11
POZA RICA,2025-09-09,NA,1,2,7,2,11
POZA RICA,2025-09-10,NA,3,1,7,2,12
POZA RICA,2025-09-11,NA,1,3,5,2,12
POZA RICA,2025-09-12,NA,3,NA,5,1,10
POZA RICA,2025-09-13,NA,4,NA,12,2,9
POZA RICA,2025-09-14,NA,3,2,9,1,11
POZA RICA,2025-09-15,NA,4,7,8,2,9
POZA RICA,2025-09-16,NA,6,5,5,3,9
POZA RICA,2025-09-17,NA,2,2,7,7,9
POZA RICA,2025-09-18,NA,NA,11,5,1,4
POZA RICA,2025-09-19,NA,3,8,7,4,9
POZA RICA,2025-09-20,NA,2,4,5,8,11
POZA RICA,2025-09-21,NA,4,2,3,2,11
POZA RICA,2025-09-22,NA,4,1,6,3,12
POZA RICA,2025-09-23,NA,9,NA,4,2,10
POZA RICA,2025-09-24,NA,9,4,4,3,12
POZA RICA,2025-09-25,NA,7,4,4,4,11
POZA RICA,2025-09-26,NA,3,1,7,4,8
POZA RICA,2025-09-27,NA,6,3,20,4,13
POZA RICA,2025-09-28,NA,6,1,12,4,4
POZA RICA,2025-09-29,NA,6,NA,6,4,5
POZA RICA,2025-09-30,NA,4,2,6,5,5
POZA RICA,2025-10-01,NA,4,6,6,3,13
POZA RICA,2025-10-02,NA,1,4,4,3,9
POZA RICA,2025-10-03,NA,1,3,5,2,9
POZA RICA,2025-10-04,NA,3,6,7,2,11
POZA RICA,2025-10-05,NA,3,3,3,2,7
POZA RICA,2025-10-06,NA,2,3,4,1,7
POZA RICA,2025-10-07,NA,7,NA,7,2,6
POZA RICA,2025-10-08,NA,4,2,2,4,2
POZA RICA,2025-10-09,NA,7,1,6,2,NA
POZA RICA,2025-10-10,NA,6,2,5,1,1
POZA RICA,2025-10-11,NA,8,1,20,8,4
POZA RICA,2025-10-12,NA,15,4,30,47,7
POZA RICA,2025-10-13,NA,21,3,36,98,9
POZA RICA,2025-10-14,NA,25,3,42,126,10
POZA RICA,2025-10-15,NA,28,6,33,134,15
POZA RICA,2025-10-16,NA,30,8,38,139,22
POZA RICA,2025-10-17,NA,33,12,50,138,28
POZA RICA,2025-10-18,NA,37,14,40,119,28
POZA RICA,2025-10-19,NA,36,11,41,92,25
POZA RICA,2025-10-20,NA,30,14,42,60,26
POZA RICA,2025-10-21,NA,26,12,43,31,25
POZA RICA,2025-10-22,NA,24,13,43,12,24
POZA RICA,2025-10-23,NA,27,10,41,8,31
POZA RICA,2025-10-24,NA,15,8,42,7,29
POZA RICA,2025-10-25,NA,13,7,32,8,33
POZA RICA,2025-10-26,NA,3,2,27,10,23
POZA RICA,2025-10-27,NA,5,1,21,4,8
POZA RICA,2025-10-28,NA,12,1,14,6,7
POZA RICA,2025-10-29,NA,9,2,14,6,6
POZA RICA,2025-10-30,NA,8,2,21,6,7
POZA RICA,2025-10-31,NA,4,2,30,6,8
POZA RICA,2025-11-01,NA,14,6,26,5,9
POZA RICA,2025-11-02,NA,10,3,22,4,12
POZA RICA,2025-11-03,NA,8,4,7,5,15
POZA RICA,2025-11-04,NA,8,4,21,10,17
POZA RICA,2025-11-05,NA,10,5,12,5,18
POZA RICA,2025-11-06,NA,6,4,13,10,22
POZA RICA,2025-11-07,NA,6,2,19,4,21
POZA RICA,2025-11-08,NA,7,7,20,6,23
POZA RICA,2025-11-09,NA,6,4,19,5,23
POZA RICA,2025-11-10,NA,2,4,14,6,21
POZA RICA,2025-11-11,NA,6,6,12,5,19
POZA RICA,2025-11-12,NA,10,6,16,6,20
POZA RICA,2025-11-13,NA,7,12,12,6,14
POZA RICA,2025-11-14,NA,7,8,7,5,12
POZA RICA,2025-11-15,NA,8,6,15,13,9
POZA RICA,2025-11-16,NA,7,8,9,9,9
POZA RICA,2025-11-17,NA,2,8,11,8,8
POZA RICA,2025-11-18,NA,4,10,11,8,11
POZA RICA,2025-11-19,NA,5,14,9,4,16
POZA RICA,2025-11-20,NA,4,13,10,5,16
POZA RICA,2025-11-21,NA,4,13,14,4,19
POZA RICA,2025-11-22,NA,1,7,8,4,41
POZA RICA,2025-11-23,NA,1,4,8,3,32
POZA RICA,2025-11-24,NA,1,2,9,2,27
POZA RICA,2025-11-25,NA,4,3,7,3,22
POZA RICA,2025-11-26,NA,4,4,6,6,13
POZA RICA,2025-11-27,NA,4,4,4,10,13
POZA RICA,2025-11-28,NA,7,5,11,8,14
POZA RICA,2025-11-29,NA,7,6,11,8,14
POZA RICA,2025-11-30,NA,5,5,9,5,9
POZA RICA,2025-12-01,NA,4,8,7,9,8
POZA RICA,2025-12-02,NA,4,8,6,7,4
POZA RICA,2025-12-03,NA,3,8,16,4,5
POZA RICA,2025-12-04,NA,2,15,12,7,7
POZA RICA,2025-12-05,NA,2,10,9,7,8
POZA RICA,2025-12-06,NA,5,10,8,5,8
POZA RICA,2025-12-07,NA,3,7,6,10,8
POZA RICA,2025-12-08,NA,5,5,4,4,7
POZA RICA,2025-12-09,NA,6,5,5,8,11
POZA RICA,2025-12-10,NA,9,6,9,7,11
POZA RICA,2025-12-11,NA,6,4,17,9,10
POZA RICA,2025-12-12,NA,5,9,15,14,14
POZA RICA,2025-12-13,NA,9,13,14,14,14
POZA RICA,2025-12-14,NA,6,9,14,10,15
POZA RICA,2025-12-15,NA,5,7,11,8,15
POZA RICA,2025-12-16,NA,5,11,18,9,22
POZA RICA,2025-12-17,NA,11,14,27,5,23
POZA RICA,2025-12-18,NA,8,14,20,8,19
POZA RICA,2025-12-19,NA,6,20,21,6,19
POZA RICA,2025-12-20,NA,4,16,16,7,15
POZA RICA,2025-12-21,NA,1,16,8,11,21
POZA RICA,2025-12-22,NA,2,15,6,7,20
POZA RICA,2025-12-23,NA,1,12,15,7,15
POZA RICA,2025-12-24,NA,3,8,7,10,22
POZA RICA,2025-12-25,NA,2,5,5,12,22
POZA RICA,2025-12-26,NA,1,4,4,9,17
POZA RICA,2025-12-27,NA,7,5,6,10,15
POZA RICA,2025-12-28,NA,3,4,3,7,13
POZA RICA,2025-12-29,NA,1,5,2,12,11
POZA RICA,2025-12-30,NA,2,4,11,7,10
POZA RICA,2025-12-31,NA,3,5,12,2,14
POZA RICA,2026-01-01,NA,4,3,6,3,12
POZA RICA,2026-01-02,NA,3,3,10,2,10
POZA RICA,2026-01-03,NA,4,3,8,5,9
POZA RICA,2026-01-04,NA,4,1,5,5,11
POZA RICA,2026-01-05,NA,3,1,7,7,7
POZA RICA,2026-01-06,NA,5,2,10,6,8
POZA RICA,2026-01-07,NA,7,1,12,6,12
POZA RICA,2026-01-08,NA,5,5,10,7,8
POZA RICA,2026-01-09,NA,6,4,6,5,9
POZA RICA,2026-01-10,NA,8,4,9,4,13
POZA RICA,2026-01-11,NA,9,3,10,5,16
POZA RICA,2026-01-12,NA,9,2,12,7,14
POZA RICA,2026-01-13,NA,9,2,18,6,15
POZA RICA,2026-01-14,NA,7,1,9,4,14
POZA RICA,2026-01-15,NA,7,5,17,5,17
POZA RICA,2026-01-16,NA,7,6,11,11,13
POZA RICA,2026-01-17,NA,6,6,10,3,15
POZA RICA,2026-01-18,NA,2,9,8,5,15
POZA RICA,2026-01-19,NA,3,7,6,2,15
POZA RICA,2026-01-20,NA,3,5,6,4,25
POZA RICA,2026-01-21,NA,4,4,3,7,29
POZA RICA,2026-01-22,NA,4,3,4,7,20
POZA RICA,2026-01-23,NA,3,2,5,5,20
POZA RICA,2026-01-24,NA,5,1,5,3,14
POZA RICA,2026-01-25,NA,5,1,3,1,11
POZA RICA,2026-01-26,NA,3,1,3,3,6
POZA RICA,2026-01-27,NA,3,1,8,4,10
POZA RICA,2026-01-28,NA,1,1,3,4,7
POZA RICA,2026-01-29,NA,5,3,6,7,6
POZA RICA,2026-01-30,NA,5,1,2,10,8
POZA RICA,2026-01-31,NA,6,5,8,10,13
POZA RICA,2026-02-01,NA,9,7,7,12,14
POZA RICA,2026-02-02,NA,4,3,3,12,13
POZA RICA,2026-02-03,NA,6,5,2,2,13
POZA RICA,2026-02-04,NA,5,2,6,3,14
POZA RICA,2026-02-05,NA,8,6,14,10,18
POZA RICA,2026-02-06,NA,5,4,8,5,15
POZA RICA,2026-02-07,NA,8,1,3,2,16
POZA RICA,2026-02-08,NA,8,9,10,3,10
POZA RICA,2026-02-09,NA,7,6,5,5,6
POZA RICA,2026-02-10,NA,4,4,9,4,5
POZA RICA,2026-02-11,NA,4,3,4,8,5
POZA RICA,2026-02-12,NA,6,3,8,4,6
POZA RICA,2026-02-13,NA,5,4,11,9,8
POZA RICA,2026-02-14,NA,4,2,12,8,8
POZA RICA,2026-02-15,NA,5,3,4,6,10
POZA RICA,2026-02-16,NA,7,1,4,5,11
POZA RICA,2026-02-17,NA,3,1,5,6,14
POZA RICA,2026-02-18,NA,3,3,4,3,8
POZA RICA,2026-02-19,NA,3,1,8,6,5
POZA RICA,2026-02-20,NA,4,1,6,6,5
POZA RICA,2026-02-21,NA,2,1,6,7,4
POZA RICA,2026-02-22,NA,2,2,4,5,9
POZA RICA,2026-02-23,NA,3,2,6,1,6
POZA RICA,2026-02-24,NA,4,1,6,5,6
POZA RICA,2026-02-25,NA,3,1,6,5,10
POZA RICA,2026-02-26,NA,3,6,5,3,14
POZA RICA,2026-02-27,NA,7,6,12,5,12
POZA RICA,2026-02-28,NA,7,7,8,6,7
POZA RICA,2026-03-01,NA,8,5,10,5,9
POZA RICA,2026-03-02,NA,2,2,3,9,9
POZA RICA,2026-03-03,NA,3,4,9,6,7
POZA RICA,2026-03-04,NA,3,2,11,6,10
POZA RICA,2026-03-05,NA,5,NA,18,7,12
POZA RICA,2026-03-06,NA,3,5,7,6,11
POZA RICA,2026-03-07,NA,5,6,7,6,13
POZA RICA,2026-03-08,NA,2,4,8,6,13
POZA RICA,2026-03-09,NA,5,3,9,7,14
POZA RICA,2026-03-10,NA,5,1,8,6,13
POZA RICA,2026-03-11,NA,4,3,2,7,15
POZA RICA,2026-03-12,NA,3,4,8,7,15
POZA RICA,2026-03-13,NA,6,6,7,7,16
POZA RICA,2026-03-14,NA,5,2,5,12,19
POZA RICA,2026-03-15,NA,3,3,9,5,19
POZA RICA,2026-03-16,NA,3,3,2,11,17
POZA RICA,2026-03-17,NA,3,2,13,5,18
POZA RICA,2026-03-18,NA,3,3,8,16,15
POZA RICA,2026-03-19,NA,3,4,7,11,15
POZA RICA,2026-03-20,NA,1,7,7,10,18
POZA RICA,2026-03-21,NA,3,6,5,15,18
POZA RICA,2026-03-22,NA,2,3,11,10,20
POZA RICA,2026-03-23,NA,NA,4,16,9,20
POZA RICA,2026-03-24,NA,2,3,11,8,13
POZA RICA,2026-03-25,NA,4,5,8,5,9
POZA RICA,2026-03-26,NA,7,4,11,7,9
POZA RICA,2026-03-27,NA,3,2,16,9,12
POZA RICA,2026-03-28,NA,3,3,13,10,16
POZA RICA,2026-03-29,NA,5,4,10,15,17
POZA RICA,2026-03-30,NA,3,1,7,13,13
POZA RICA,2026-03-31,NA,2,2,10,10,14
POZA RICA,2026-04-01,NA,3,2,6,5,15
POZA RICA,2026-04-02,NA,3,1,14,8,11
POZA RICA,2026-04-04,NA,4,2,17,2,12
POZA RICA,2026-04-05,NA,2,NA,10,3,12
POZA RICA,2026-04-06,NA,1,1,9,6,10
POZA RICA,2026-04-07,NA,NA,4,14,7,12
POZA RICA,2026-04-08,NA,5,7,8,9,10
POZA RICA,2026-04-09,NA,5,9,13,8,12
POZA RICA,2026-04-10,NA,4,9,12,6,11
POZA RICA,2026-04-11,NA,5,3,6,10,8
POZA RICA,2026-04-12,NA,5,5,11,3,7
POZA RICA,2026-04-13,NA,3,2,9,6,7
POZA RICA,2026-04-14,NA,4,3,17,5,9
POZA RICA,2026-04-15,NA,8,5,17,11,13
POZA RICA,2026-04-16,NA,8,5,10,9,17
POZA RICA,2026-04-17,NA,7,2,9,5,21
POZA RICA,2026-04-18,NA,4,1,15,6,15
POZA RICA,2026-04-19,NA,3,2,11,3,13
POZA RICA,2026-04-20,NA,2,3,11,7,10
POZA RICA,2026-04-21,NA,2,16,23,7,10
POZA RICA,2026-04-22,NA,2,8,14,9,13
POZA RICA,2026-04-23,NA,3,9,9,10,12
POZA RICA,2026-04-24,NA,3,5,22,8,9
POZA RICA,2026-04-25,NA,4,11,17,5,15
POZA RICA,2026-04-26,NA,2,6,15,3,15
POZA RICA,2026-04-27,NA,NA,7,5,3,10
POZA RICA,2026-04-28,NA,4,5,6,5,12
POZA RICA,2026-04-29,NA,3,6,10,2,12
POZA RICA,2026-04-30,NA,4,10,14,3,10
POZA RICA,2026-05-01,NA,3,6,14,4,10
POZA RICA,2026-05-02,NA,3,3,20,4,10
POZA RICA,2026-05-03,NA,2,3,13,4,10
POZA RICA,2026-05-04,NA,4,6,17,6,10
POZA RICA,2026-05-05,NA,5,7,18,4,11
POZA RICA,2026-05-06,NA,4,13,15,3,15
POZA RICA,2026-05-07,NA,4,10,11,8,16
POZA RICA,2026-05-08,NA,3,3,5,1,15
POZA RICA,2026-05-09,NA,4,3,3,7,8
POZA RICA,2026-05-10,NA,2,2,7,6,6
POZA RICA,2026-05-11,NA,3,2,7,2,6
POZA RICA,2026-05-12,NA,4,4,6,3,5
POZA RICA,2026-05-13,NA,3,7,5,5,12
POZA RICA,2026-05-14,NA,1,3,9,2,12
POZA RICA,2026-05-15,NA,4,5,8,5,11
POZA RICA,2026-05-16,NA,7,4,9,9,6
POZA RICA,2026-05-17,NA,4,2,8,6,8
POZA RICA,2026-05-18,NA,2,4,7,4,11
POZA RICA,2026-05-19,NA,NA,6,9,4,13
POZA RICA,2026-05-20,NA,1,3,13,8,21
POZA RICA,2026-05-21,NA,1,10,18,6,20
POZA RICA,2026-05-22,NA,2,7,9,8,14
POZA RICA,2026-05-23,NA,3,9,10,13,17
POZA RICA,2026-05-24,NA,3,4,9,8,15
POZA RICA,2026-05-25,NA,5,5,9,7,16
POZA RICA,2026-05-26,NA,4,9,11,12,17
POZA RICA,2026-05-27,NA,4,9,13,9,19
POZA RICA,2026-05-28,NA,4,6,11,7,19
POZA RICA,2026-05-29,NA,5,7,13,12,21
POZA RICA,2026-05-30,NA,6,12,18,18,21
POZA RICA,2026-05-31,NA,4,14,17,10,23
POZA RICA,2026-06-01,NA,2,9,9,3,26
POZA RICA,2026-06-02,NA,4,8,14,7,26
POZA RICA,2026-06-03,NA,7,6,16,10,24
POZA RICA,2026-06-04,NA,4,7,15,5,19
POZA RICA,2026-06-05,NA,1,10,10,11,15
POZA RICA,2026-06-06,NA,3,7,12,5,15
POZA RICA,2026-06-07,NA,3,12,30,9,13
POZA RICA,2026-06-08,NA,3,9,26,7,15
POZA RICA,2026-06-09,NA,4,11,23,7,15
POZA RICA,2026-06-10,NA,3,3,19,6,13
POZA RICA,2026-06-11,NA,3,8,26,11,15
POZA RICA,2026-06-12,NA,5,10,22,8,13
POZA RICA,2026-06-13,NA,5,6,15,10,15
POZA RICA,2026-06-14,NA,2,2,16,10,18
POZA RICA,2026-06-15,NA,2,1,14,8,18
POZA RICA,2026-06-16,NA,2,8,25,10,16
POZA RICA,2026-06-17,NA,3,8,21,11,13
POZA RICA,2026-06-18,NA,2,6,26,12,17
POZA RICA,2026-06-19,NA,1,6,25,8,15
POZA RICA,2026-06-20,NA,5,7,18,15,17
POZA RICA,2026-06-21,NA,4,2,10,9,16
POZA RICA,2026-06-22,NA,2,4,6,7,19
POZA RICA,2026-06-23,NA,5,4,12,6,17
POZA RICA,2026-06-24,NA,7,3,13,12,19
POZA RICA,2026-06-25,NA,4,8,16,10,19
POZA RICA,2026-06-26,NA,3,7,12,7,21
POZA RICA,2026-06-27,NA,7,5,12,8,23
POZA RICA,2026-06-28,NA,2,6,7,12,15
POZA RICA,2026-06-29,NA,4,3,11,5,16
POZA RICA,2026-06-30,NA,5,4,14,9,19
POZA RICA,2026-07-01,NA,6,5,10,9,17
POZA RICA,2026-07-02,NA,5,10,13,3,20
POZA RICA,2026-07-03,NA,4,8,7,6,18
POZA RICA,2026-07-04,NA,3,3,9,11,15
POZA RICA,2026-07-05,NA,5,6,8,5,10
POZA RICA,2026-07-06,NA,1,2,6,7,12
POZA RICA,2026-07-07,NA,4,4,5,5,14
POZA RICA,2026-07-08,NA,3,3,10,4,18
POZA RICA,2026-07-09,NA,2,2,6,7,13
POZA RICA,2026-07-10,NA,3,2,6,7,13
POZA RICA,2026-07-11,NA,4,1,3,7,18
POZA RICA,2026-07-12,NA,3,NA,7,9,17
POZA RICA,2026-07-13,NA,3,NA,5,3,18
POZA RICA,2026-07-14,NA,4,2,9,6,14
POZA RICA,2026-07-15,NA,1,2,6,9,14
POZA RICA,2026-07-16,NA,3,2,7,9,15
POZA RICA,2026-07-17,NA,8,4,9,7,16
POZA RICA,2026-07-18,NA,8,5,14,6,20
POZA RICA,2026-07-19,NA,7,4,16,4,21
POZA RICA,2026-07-20,NA,4,4,12,3,18
POZA RICA,2026-07-21,NA,3,2,6,6,13
POZA RICA,2026-07-22,NA,2,NA,6,11,14
POZA RICA,2026-07-23,NA,2,2,4,8,15
POZA RICA,2026-07-24,NA,3,6,10,9,12
POZA RICA,2026-07-25,NA,8,4,14,14,16
POZA RICA,2026-07-26,NA,6,5,14,7,11
POZA RICA,2026-07-27,NA,4,2,10,5,11
POZA RICA,2026-07-28,NA,4,3,13,9,7
POZA RICA,2026-07-29,NA,4,9,19,9,7
POZA RICA,2026-07-30,NA,9,3,20,17,9
POZA RICA,2026-07-31,NA,9,5,16,13,12
POZA RICA,2026-08-01,4,10,7,25,7,13
POZA RICA,2026-08-02,1,6,4,10,8,13
POZA RICA,2026-08-03,1,6,3,11,5,15
POZA RICA,2026-08-04,NA,10,5,13,11,14
POZA RICA,2026-08-05,3,12,8,14,11,13
POZA RICA,2026-08-06,1,10,14,16,12,12
POZA RICA,2026-08-07,NA,8,11,14,9,11
POZA RICA,2026-08-08,NA,8,12,19,9,15
POZA RICA,2026-08-09,NA,3,3,13,5,16
POZA RICA,2026-08-10,NA,3,3,6,6,18
POZA RICA,2026-08-11,NA,4,6,14,9,24
POZA RICA,2026-08-12,1,6,14,6,7,21
POZA RICA,2026-08-13,1,7,9,13,13,22
POZA RICA,2026-08-14,NA,7,2,16,10,19
POZA RICA,2026-08-15,3,5,6,15,12,22
POZA RICA,2026-08-16,3,6,4,10,12,21
POZA RICA,2026-08-17,1,5,4,12,10,22
POZA RICA,2026-08-18,3,5,5,13,16,26
POZA RICA,2026-08-19,1,6,7,12,14,27
POZA RICA,2026-08-20,3,6,8,11,14,23
POZA RICA,2026-08-21,2,7,8,10,21,23
POZA RICA,2026-08-22,3,4,8,13,16,22
POZA RICA,2026-08-23,NA,8,9,11,17,23
POZA RICA,2026-08-24,NA,7,5,13,14,26
PUEBLA,2025-08-24,NA,44,36,113,67,137
PUEBLA,2025-08-25,NA,43,31,82,59,128
PUEBLA,2025-08-26,NA,50,41,93,69,134
PUEBLA,2025-08-27,NA,51,36,101,71,138
PUEBLA,2025-08-28,NA,66,41,103,82,151
PUEBLA,2025-08-29,NA,70,41,87,103,154
PUEBLA,2025-08-30,NA,82,47,74,127,132
PUEBLA,2025-08-31,NA,76,39,85,86,103
PUEBLA,2025-09-01,NA,56,39,81,53,92
PUEBLA,2025-09-02,NA,73,45,89,54,111
PUEBLA,2025-09-03,NA,71,47,100,72,140
PUEBLA,2025-09-04,NA,73,40,85,54,157
PUEBLA,2025-09-05,NA,73,39,110,53,144
PUEBLA,2025-09-06,NA,92,40,125,71,143
PUEBLA,2025-09-07,NA,75,43,113,68,122
PUEBLA,2025-09-08,NA,69,36,96,63,100
PUEBLA,2025-09-09,NA,69,36,100,80,116
PUEBLA,2025-09-10,NA,67,34,111,83,114
PUEBLA,2025-09-11,NA,69,33,97,81,110
PUEBLA,2025-09-12,NA,63,24,100,93,96
PUEBLA,2025-09-13,NA,58,22,107,93,87
PUEBLA,2025-09-14,NA,47,27,80,76,71
PUEBLA,2025-09-15,NA,40,24,76,70,71
PUEBLA,2025-09-16,NA,38,23,97,72,99
PUEBLA,2025-09-17,NA,40,22,80,58,91
PUEBLA,2025-09-18,NA,42,27,78,64,98
PUEBLA,2025-09-19,NA,42,33,87,62,90
PUEBLA,2025-09-20,NA,47,29,87,75,82
PUEBLA,2025-09-21,NA,42,31,77,57,83
PUEBLA,2025-09-22,NA,36,24,59,56,75
PUEBLA,2025-09-23,NA,47,24,81,74,109
PUEBLA,2025-09-24,NA,52,42,66,83,110
PUEBLA,2025-09-25,NA,64,26,70,84,106
PUEBLA,2025-09-26,NA,64,30,77,91,104
PUEBLA,2025-09-27,NA,59,22,73,106,94
PUEBLA,2025-09-28,NA,48,26,79,78,106
PUEBLA,2025-09-29,NA,47,22,64,80,89
PUEBLA,2025-09-30,NA,60,25,128,83,107
PUEBLA,2025-10-01,NA,68,35,137,73,120
PUEBLA,2025-10-02,NA,61,36,124,69,122
PUEBLA,2025-10-03,NA,54,37,118,82,134
PUEBLA,2025-10-04,NA,56,32,100,84,120
PUEBLA,2025-10-05,NA,41,25,74,68,110
PUEBLA,2025-10-06,NA,37,20,60,41,96
PUEBLA,2025-10-07,NA,55,28,79,68,104
PUEBLA,2025-10-08,NA,67,19,91,68,106
PUEBLA,2025-10-09,NA,60,25,105,57,100
PUEBLA,2025-10-10,NA,66,23,94,64,103
PUEBLA,2025-10-11,NA,80,16,91,74,100
PUEBLA,2025-10-12,NA,65,26,91,70,79
PUEBLA,2025-10-13,NA,59,25,85,53,79
PUEBLA,2025-10-14,NA,52,25,86,49,111
PUEBLA,2025-10-15,NA,51,27,83,70,110
PUEBLA,2025-10-16,NA,51,45,107,73,125
PUEBLA,2025-10-17,NA,50,43,104,96,121
PUEBLA,2025-10-18,NA,44,52,99,99,115
PUEBLA,2025-10-19,NA,44,37,96,65,89
PUEBLA,2025-10-20,NA,44,43,88,66,69
PUEBLA,2025-10-21,NA,47,44,100,89,101
PUEBLA,2025-10-22,NA,40,46,100,88,104
PUEBLA,2025-10-23,NA,51,44,97,77,101
PUEBLA,2025-10-24,NA,50,40,107,77,111
PUEBLA,2025-10-25,NA,60,34,104,81,130
PUEBLA,2025-10-26,NA,49,25,96,73,105
PUEBLA,2025-10-27,NA,35,20,74,55,84
PUEBLA,2025-10-28,NA,37,28,102,54,99
PUEBLA,2025-10-29,NA,43,25,102,64,108
PUEBLA,2025-10-30,NA,44,28,120,56,88
PUEBLA,2025-10-31,NA,48,20,103,72,86
PUEBLA,2025-11-01,NA,63,29,128,61,95
PUEBLA,2025-11-02,NA,50,31,91,43,79
PUEBLA,2025-11-03,NA,50,23,69,47,69
PUEBLA,2025-11-04,NA,52,34,72,54,102
PUEBLA,2025-11-05,NA,54,30,86,67,109
PUEBLA,2025-11-06,NA,59,32,87,86,128
PUEBLA,2025-11-07,NA,48,30,84,102,122
PUEBLA,2025-11-08,NA,64,27,101,111,119
PUEBLA,2025-11-09,NA,54,29,85,104,103
PUEBLA,2025-11-10,NA,45,28,65,99,88
PUEBLA,2025-11-11,NA,55,36,107,89,112
PUEBLA,2025-11-12,NA,52,40,107,108,124
PUEBLA,2025-11-13,NA,53,44,132,103,117
PUEBLA,2025-11-14,NA,44,39,97,123,116
PUEBLA,2025-11-15,NA,65,48,104,129,113
PUEBLA,2025-11-16,NA,65,62,89,140,112
PUEBLA,2025-11-17,NA,56,49,92,122,92
PUEBLA,2025-11-18,NA,75,58,131,136,122
PUEBLA,2025-11-19,NA,72,63,154,136,146
PUEBLA,2025-11-20,NA,78,78,150,130,172
PUEBLA,2025-11-21,NA,71,76,123,140,173
PUEBLA,2025-11-22,NA,72,61,123,155,181
PUEBLA,2025-11-23,NA,64,64,126,140,181
PUEBLA,2025-11-24,NA,55,49,121,107,156
PUEBLA,2025-11-25,NA,68,45,129,135,149
PUEBLA,2025-11-26,NA,75,40,104,156,131
PUEBLA,2025-11-27,NA,73,50,110,118,138
PUEBLA,2025-11-28,NA,71,33,107,130,144
PUEBLA,2025-11-29,NA,84,40,100,140,123
PUEBLA,2025-11-30,NA,78,38,93,127,106
PUEBLA,2025-12-01,NA,58,28,83,129,98
PUEBLA,2025-12-02,NA,46,38,73,131,114
PUEBLA,2025-12-03,NA,66,38,79,100,127
PUEBLA,2025-12-04,NA,48,44,83,98,128
PUEBLA,2025-12-05,NA,49,37,84,125,94
PUEBLA,2025-12-06,NA,48,46,87,107,86
PUEBLA,2025-12-07,NA,54,38,82,91,78
PUEBLA,2025-12-08,NA,49,29,63,74,62
PUEBLA,2025-12-09,NA,49,31,63,105,81
PUEBLA,2025-12-10,NA,43,32,56,109,91
PUEBLA,2025-12-11,NA,51,29,81,110,107
PUEBLA,2025-12-12,NA,56,38,85,127,77
PUEBLA,2025-12-13,NA,54,32,82,138,78
PUEBLA,2025-12-14,NA,54,28,74,134,74
PUEBLA,2025-12-15,NA,42,21,76,121,57
PUEBLA,2025-12-16,NA,46,29,65,155,91
PUEBLA,2025-12-17,NA,50,35,89,137,113
PUEBLA,2025-12-18,NA,52,46,109,165,136
PUEBLA,2025-12-19,NA,69,61,122,150,148
PUEBLA,2025-12-20,NA,68,54,128,159,159
PUEBLA,2025-12-21,NA,60,45,116,140,143
PUEBLA,2025-12-22,NA,47,45,96,127,127
PUEBLA,2025-12-23,NA,56,51,87,135,130
PUEBLA,2025-12-24,NA,55,54,107,109,133
PUEBLA,2025-12-25,NA,54,48,96,94,133
PUEBLA,2025-12-26,NA,48,43,79,88,127
PUEBLA,2025-12-27,NA,49,43,80,91,118
PUEBLA,2025-12-28,NA,46,40,75,74,119
PUEBLA,2025-12-29,NA,39,22,53,60,92
PUEBLA,2025-12-30,NA,53,32,59,78,80
PUEBLA,2025-12-31,NA,47,24,50,89,78
PUEBLA,2026-01-01,NA,43,16,39,79,72
PUEBLA,2026-01-02,NA,43,17,47,60,70
PUEBLA,2026-01-03,NA,49,30,67,75,80
PUEBLA,2026-01-04,NA,50,23,44,83,73
PUEBLA,2026-01-05,NA,32,14,52,83,70
PUEBLA,2026-01-06,NA,35,30,69,108,71
PUEBLA,2026-01-07,NA,39,46,55,101,91
PUEBLA,2026-01-08,NA,47,40,90,145,94
PUEBLA,2026-01-09,NA,62,48,98,145,93
PUEBLA,2026-01-10,NA,85,59,93,148,96
PUEBLA,2026-01-11,NA,69,50,98,144,87
PUEBLA,2026-01-12,NA,54,45,90,125,75
PUEBLA,2026-01-13,NA,52,47,95,150,102
PUEBLA,2026-01-14,NA,57,64,126,141,123
PUEBLA,2026-01-15,NA,77,62,123,137,130
PUEBLA,2026-01-16,NA,75,68,115,177,129
PUEBLA,2026-01-17,NA,70,79,118,187,136
PUEBLA,2026-01-18,NA,77,73,116,142,125
PUEBLA,2026-01-19,NA,63,66,111,103,134
PUEBLA,2026-01-20,NA,69,68,130,128,173
PUEBLA,2026-01-21,NA,67,59,133,115,166
PUEBLA,2026-01-22,NA,63,59,117,134,160
PUEBLA,2026-01-23,NA,74,60,120,136,150
PUEBLA,2026-01-24,NA,71,55,110,145,152
PUEBLA,2026-01-25,NA,66,51,99,107,132
PUEBLA,2026-01-26,NA,50,48,60,77,125
PUEBLA,2026-01-27,NA,53,34,64,91,145
PUEBLA,2026-01-28,NA,56,47,73,97,125
PUEBLA,2026-01-29,NA,81,52,84,120,131
PUEBLA,2026-01-30,NA,73,44,89,125,122
PUEBLA,2026-01-31,NA,84,42,101,132,128
PUEBLA,2026-02-01,NA,93,44,103,87,123
PUEBLA,2026-02-02,NA,87,45,84,98,98
PUEBLA,2026-02-03,NA,98,68,148,88,114
PUEBLA,2026-02-04,NA,81,47,139,109,115
PUEBLA,2026-02-05,NA,66,55,108,127,128
PUEBLA,2026-02-06,NA,49,55,103,102,123
PUEBLA,2026-02-07,NA,56,52,100,127,122
PUEBLA,2026-02-08,NA,67,42,97,112,118
PUEBLA,2026-02-09,NA,55,44,87,82,93
PUEBLA,2026-02-10,NA,63,56,105,105,100
PUEBLA,2026-02-11,NA,66,67,112,116,134
PUEBLA,2026-02-12,NA,69,65,104,130,131
PUEBLA,2026-02-13,NA,65,66,84,160,122
PUEBLA,2026-02-14,NA,62,50,111,181,116
PUEBLA,2026-02-15,NA,59,54,94,117,104
PUEBLA,2026-02-16,NA,54,57,74,123,103
PUEBLA,2026-02-17,NA,58,66,86,123,139
PUEBLA,2026-02-18,NA,51,55,96,107,135
PUEBLA,2026-02-19,NA,51,55,106,122,120
PUEBLA,2026-02-20,NA,49,45,115,128,111
PUEBLA,2026-02-21,NA,63,39,110,132,109
PUEBLA,2026-02-22,NA,57,47,87,120,107
PUEBLA,2026-02-23,NA,41,34,62,98,98
PUEBLA,2026-02-24,NA,56,38,76,73,115
PUEBLA,2026-02-25,NA,64,38,68,85,126
PUEBLA,2026-02-26,NA,67,38,68,96,116
PUEBLA,2026-02-27,NA,81,37,68,118,131
PUEBLA,2026-02-28,NA,83,46,71,135,144
PUEBLA,2026-03-01,NA,75,53,97,125,134
PUEBLA,2026-03-02,NA,66,54,77,66,120
PUEBLA,2026-03-03,NA,63,58,82,95,132
PUEBLA,2026-03-04,NA,57,56,90,88,142
PUEBLA,2026-03-05,NA,59,57,89,105,142
PUEBLA,2026-03-06,NA,68,60,91,123,159
PUEBLA,2026-03-07,NA,70,56,106,135,148
PUEBLA,2026-03-08,NA,55,51,101,113,144
PUEBLA,2026-03-09,NA,41,44,65,78,128
PUEBLA,2026-03-10,NA,48,33,93,106,119
PUEBLA,2026-03-11,NA,49,31,83,114,95
PUEBLA,2026-03-12,NA,56,37,73,119,84
PUEBLA,2026-03-13,NA,55,38,74,101,78
PUEBLA,2026-03-14,NA,60,25,75,123,75
PUEBLA,2026-03-15,NA,54,30,65,104,76
PUEBLA,2026-03-16,NA,32,28,42,91,64
PUEBLA,2026-03-17,NA,47,34,79,84,89
PUEBLA,2026-03-18,NA,36,40,84,85,83
PUEBLA,2026-03-19,NA,39,41,90,84,99
PUEBLA,2026-03-20,NA,46,32,105,98,97
PUEBLA,2026-03-21,NA,58,32,82,92,112
PUEBLA,2026-03-22,NA,40,33,54,61,125
PUEBLA,2026-03-23,NA,37,23,38,59,115
PUEBLA,2026-03-24,NA,40,24,66,68,104
PUEBLA,2026-03-25,NA,37,24,70,75,109
PUEBLA,2026-03-26,NA,40,20,50,94,106
PUEBLA,2026-03-27,NA,64,16,59,105,111
PUEBLA,2026-03-28,NA,57,26,68,133,112
PUEBLA,2026-03-29,NA,50,29,83,100,95
PUEBLA,2026-03-30,NA,52,25,69,82,81
PUEBLA,2026-03-31,NA,64,24,63,92,101
PUEBLA,2026-04-01,NA,60,24,74,94,105
PUEBLA,2026-04-02,NA,62,36,73,153,114
PUEBLA,2026-04-03,NA,61,36,59,113,116
PUEBLA,2026-04-04,NA,56,37,71,74,104
PUEBLA,2026-04-05,NA,51,32,66,83,88
PUEBLA,2026-04-06,NA,43,25,53,71,80
PUEBLA,2026-04-07,NA,39,36,98,75,101
PUEBLA,2026-04-08,NA,43,34,80,93,105
PUEBLA,2026-04-09,NA,41,32,74,101,103
PUEBLA,2026-04-10,NA,57,32,79,89,113
PUEBLA,2026-04-11,NA,66,34,96,108,108
PUEBLA,2026-04-12,NA,60,26,88,79,88
PUEBLA,2026-04-13,NA,42,30,61,74,81
PUEBLA,2026-04-14,NA,43,27,73,65,77
PUEBLA,2026-04-15,NA,35,32,70,84,124
PUEBLA,2026-04-16,NA,39,38,99,98,158
PUEBLA,2026-04-17,NA,43,37,97,114,176
PUEBLA,2026-04-18,NA,43,42,97,105,154
PUEBLA,2026-04-19,NA,37,53,99,78,125
PUEBLA,2026-04-20,NA,31,54,81,64,117
PUEBLA,2026-04-21,NA,58,57,84,85,116
PUEBLA,2026-04-22,NA,55,44,80,82,112
PUEBLA,2026-04-23,NA,51,46,131,84,135
PUEBLA,2026-04-24,NA,61,48,141,85,121
PUEBLA,2026-04-25,NA,65,55,132,98,112
PUEBLA,2026-04-26,NA,66,38,132,96,108
PUEBLA,2026-04-27,NA,58,27,105,87,94
PUEBLA,2026-04-28,NA,61,30,118,110,105
PUEBLA,2026-04-29,NA,64,40,81,111,104
PUEBLA,2026-04-30,NA,66,38,91,112,112
PUEBLA,2026-05-01,NA,63,39,109,107,121
PUEBLA,2026-05-02,NA,72,53,113,95,126
PUEBLA,2026-05-03,NA,55,41,96,66,117
PUEBLA,2026-05-04,NA,43,45,96,50,110
PUEBLA,2026-05-05,NA,45,38,120,79,106
PUEBLA,2026-05-06,NA,50,53,88,84,99
PUEBLA,2026-05-07,NA,41,50,102,112,93
PUEBLA,2026-05-08,NA,38,43,94,118,84
PUEBLA,2026-05-09,NA,30,41,100,124,88
PUEBLA,2026-05-10,NA,25,38,87,73,79
PUEBLA,2026-05-11,NA,24,35,89,59,76
PUEBLA,2026-05-12,NA,29,37,89,78,84
PUEBLA,2026-05-13,NA,28,41,103,95,81
PUEBLA,2026-05-14,NA,39,28,88,113,75
PUEBLA,2026-05-15,NA,47,37,82,135,85
PUEBLA,2026-05-16,NA,58,42,101,132,84
PUEBLA,2026-05-17,NA,51,38,88,83,81
PUEBLA,2026-05-18,NA,32,38,74,67,83
PUEBLA,2026-05-19,NA,40,30,90,79,108
PUEBLA,2026-05-20,NA,46,40,93,89,102
PUEBLA,2026-05-21,NA,45,46,104,88,107
PUEBLA,2026-05-22,NA,39,51,102,97,106
PUEBLA,2026-05-23,NA,47,50,90,111,108
PUEBLA,2026-05-24,NA,32,40,74,90,90
PUEBLA,2026-05-25,NA,29,37,76,82,85
PUEBLA,2026-05-26,NA,47,42,95,88,90
PUEBLA,2026-05-27,NA,56,56,102,105,97
PUEBLA,2026-05-28,NA,67,60,98,111,104
PUEBLA,2026-05-29,NA,63,51,83,113,120
PUEBLA,2026-05-30,NA,77,57,111,125,123
PUEBLA,2026-05-31,NA,79,60,135,96,119
PUEBLA,2026-06-01,NA,68,51,123,69,125
PUEBLA,2026-06-02,NA,64,60,111,89,122
PUEBLA,2026-06-03,NA,64,53,103,87,146
PUEBLA,2026-06-04,NA,62,60,118,117,132
PUEBLA,2026-06-05,NA,74,63,118,124,122
PUEBLA,2026-06-06,NA,72,64,147,132,107
PUEBLA,2026-06-07,NA,59,65,148,89,93
PUEBLA,2026-06-08,NA,53,51,106,77,75
PUEBLA,2026-06-09,NA,51,60,128,92,81
PUEBLA,2026-06-10,NA,53,69,138,117,105
PUEBLA,2026-06-11,NA,49,69,158,142,113
PUEBLA,2026-06-12,NA,53,62,153,118,106
PUEBLA,2026-06-13,NA,57,74,168,149,111
PUEBLA,2026-06-14,NA,50,64,145,103,118
PUEBLA,2026-06-15,NA,46,57,125,76,105
PUEBLA,2026-06-16,NA,61,73,135,102,104
PUEBLA,2026-06-17,NA,47,67,123,93,128
PUEBLA,2026-06-18,NA,47,53,106,94,131
PUEBLA,2026-06-19,NA,57,49,111,121,147
PUEBLA,2026-06-20,NA,60,45,145,124,129
PUEBLA,2026-06-21,NA,60,53,120,78,109
PUEBLA,2026-06-22,NA,47,48,83,71,96
PUEBLA,2026-06-23,NA,53,52,100,89,104
PUEBLA,2026-06-24,NA,57,52,105,86,123
PUEBLA,2026-06-25,NA,60,44,86,86,113
PUEBLA,2026-06-26,NA,64,48,78,88,108
PUEBLA,2026-06-27,NA,71,44,106,112,120
PUEBLA,2026-06-28,NA,74,43,99,96,117
PUEBLA,2026-06-29,NA,70,36,84,74,119
PUEBLA,2026-06-30,NA,72,41,118,91,112
PUEBLA,2026-07-01,NA,74,53,113,70,118
PUEBLA,2026-07-02,NA,71,51,127,96,113
PUEBLA,2026-07-03,NA,68,57,129,113,107
PUEBLA,2026-07-04,NA,85,65,139,112,116
PUEBLA,2026-07-05,NA,75,64,160,99,115
PUEBLA,2026-07-06,NA,68,63,135,80,106
PUEBLA,2026-07-07,NA,64,84,148,105,108
PUEBLA,2026-07-08,NA,70,77,161,108,105
PUEBLA,2026-07-09,NA,69,73,171,101,103
PUEBLA,2026-07-10,NA,70,66,138,98,123
PUEBLA,2026-07-11,NA,69,54,111,114,117
PUEBLA,2026-07-12,NA,68,32,108,92,108
PUEBLA,2026-07-13,NA,51,32,90,69,90
PUEBLA,2026-07-14,NA,60,42,113,87,101
PUEBLA,2026-07-15,NA,64,44,151,110,119
PUEBLA,2026-07-16,NA,66,57,119,121,129
PUEBLA,2026-07-17,NA,71,59,129,123,161
PUEBLA,2026-07-18,NA,66,72,148,133,162
PUEBLA,2026-07-19,NA,50,58,179,111,160
PUEBLA,2026-07-20,NA,37,53,135,70,153
PUEBLA,2026-07-21,NA,47,51,110,119,160
PUEBLA,2026-07-22,NA,54,73,107,119,188
PUEBLA,2026-07-23,NA,56,57,116,110,159
PUEBLA,2026-07-24,NA,72,71,127,134,132
PUEBLA,2026-07-25,NA,67,55,109,129,127
PUEBLA,2026-07-26,NA,59,45,112,101,111
PUEBLA,2026-07-27,NA,56,41,72,91,109
PUEBLA,2026-07-28,NA,72,38,97,109,127
PUEBLA,2026-07-29,NA,74,42,105,120,149
PUEBLA,2026-07-30,NA,89,48,111,124,154
PUEBLA,2026-07-31,NA,101,49,125,148,186
PUEBLA,2026-08-01,20,101,62,144,139,171
PUEBLA,2026-08-02,17,93,69,167,104,167
PUEBLA,2026-08-03,15,72,68,123,81,147
PUEBLA,2026-08-04,24,64,68,166,123,159
PUEBLA,2026-08-05,28,68,65,142,140,165
PUEBLA,2026-08-06,36,69,60,171,148,174
PUEBLA,2026-08-07,37,80,64,171,143,175
PUEBLA,2026-08-08,32,86,62,131,160,171
PUEBLA,2026-08-09,22,69,63,137,126,157
PUEBLA,2026-08-10,18,54,50,106,107,141
PUEBLA,2026-08-11,21,58,51,140,99,141
PUEBLA,2026-08-12,24,66,65,134,103,154
PUEBLA,2026-08-13,24,72,64,141,106,145
PUEBLA,2026-08-14,32,78,56,157,164,152
PUEBLA,2026-08-15,34,61,52,185,177,143
PUEBLA,2026-08-16,25,54,54,163,157,128
PUEBLA,2026-08-17,22,44,51,138,104,113
PUEBLA,2026-08-18,23,60,70,159,139,149
PUEBLA,2026-08-19,34,62,76,181,122,167
PUEBLA,2026-08-20,32,60,64,155,125,136
PUEBLA,2026-08-21,34,66,73,140,121,121
PUEBLA,2026-08-22,32,67,62,119,132,110
PUEBLA,2026-08-23,23,57,51,92,93,88
PUEBLA,2026-08-24,21,45,48,72,87,86
PUERTO VALLARTA,2025-08-24,NA,8,NA,21,16,18
PUERTO VALLARTA,2025-08-25,NA,9,3,23,19,18
PUERTO VALLARTA,2025-08-26,NA,6,2,31,22,32
PUERTO VALLARTA,2025-08-27,NA,9,5,31,30,33
PUERTO VALLARTA,2025-08-28,NA,17,4,34,21,36
PUERTO VALLARTA,2025-08-29,NA,12,4,22,22,28
PUERTO VALLARTA,2025-08-30,NA,13,2,25,27,29
PUERTO VALLARTA,2025-08-31,NA,14,2,26,20,24
PUERTO VALLARTA,2025-09-01,NA,10,4,45,18,21
PUERTO VALLARTA,2025-09-02,NA,15,4,37,23,20
PUERTO VALLARTA,2025-09-03,NA,16,7,38,17,26
PUERTO VALLARTA,2025-09-04,NA,15,7,32,25,22
PUERTO VALLARTA,2025-09-05,NA,8,3,32,26,17
PUERTO VALLARTA,2025-09-06,NA,13,5,29,22,26
PUERTO VALLARTA,2025-09-07,NA,13,5,28,20,23
PUERTO VALLARTA,2025-09-08,NA,7,3,33,17,15
PUERTO VALLARTA,2025-09-09,NA,9,3,30,19,19
PUERTO VALLARTA,2025-09-10,NA,15,6,39,28,17
PUERTO VALLARTA,2025-09-11,NA,13,NA,35,16,19
PUERTO VALLARTA,2025-09-12,NA,9,1,23,28,22
PUERTO VALLARTA,2025-09-13,NA,14,2,23,32,21
PUERTO VALLARTA,2025-09-14,NA,10,2,30,15,18
PUERTO VALLARTA,2025-09-15,NA,8,3,28,21,14
PUERTO VALLARTA,2025-09-16,NA,14,2,39,24,17
PUERTO VALLARTA,2025-09-17,NA,17,3,27,16,19
PUERTO VALLARTA,2025-09-18,NA,14,2,38,25,25
PUERTO VALLARTA,2025-09-19,NA,14,7,37,23,14
PUERTO VALLARTA,2025-09-20,NA,17,6,50,26,23
PUERTO VALLARTA,2025-09-21,NA,15,7,77,18,22
PUERTO VALLARTA,2025-09-22,NA,12,9,61,19,23
PUERTO VALLARTA,2025-09-23,NA,15,16,57,27,29
PUERTO VALLARTA,2025-09-24,NA,14,22,56,24,32
PUERTO VALLARTA,2025-09-25,NA,14,18,54,30,29
PUERTO VALLARTA,2025-09-26,NA,14,13,32,23,22
PUERTO VALLARTA,2025-09-27,NA,13,9,39,16,28
PUERTO VALLARTA,2025-09-28,NA,13,6,24,21,29
PUERTO VALLARTA,2025-09-29,NA,9,3,31,19,22
PUERTO VALLARTA,2025-09-30,NA,11,6,45,26,31
PUERTO VALLARTA,2025-10-01,NA,10,5,44,24,29
PUERTO VALLARTA,2025-10-02,NA,12,5,48,18,27
PUERTO VALLARTA,2025-10-03,NA,12,4,33,25,23
PUERTO VALLARTA,2025-10-04,NA,14,7,32,28,26
PUERTO VALLARTA,2025-10-05,NA,15,10,19,30,20
PUERTO VALLARTA,2025-10-06,NA,9,4,24,16,19
PUERTO VALLARTA,2025-10-07,NA,13,3,33,12,24
PUERTO VALLARTA,2025-10-08,NA,7,3,39,16,19
PUERTO VALLARTA,2025-10-09,NA,12,5,35,18,26
PUERTO VALLARTA,2025-10-10,NA,13,4,30,19,19
PUERTO VALLARTA,2025-10-11,NA,12,9,37,19,21
PUERTO VALLARTA,2025-10-12,NA,15,3,39,21,25
PUERTO VALLARTA,2025-10-13,NA,10,5,40,21,18
PUERTO VALLARTA,2025-10-14,NA,11,12,47,26,20
PUERTO VALLARTA,2025-10-15,NA,8,7,51,24,20
PUERTO VALLARTA,2025-10-16,NA,10,9,48,25,30
PUERTO VALLARTA,2025-10-17,NA,6,6,39,20,28
PUERTO VALLARTA,2025-10-18,NA,12,4,37,18,25
PUERTO VALLARTA,2025-10-19,NA,11,5,23,23,19
PUERTO VALLARTA,2025-10-20,NA,8,5,27,18,21
PUERTO VALLARTA,2025-10-21,NA,10,5,40,29,21
PUERTO VALLARTA,2025-10-22,NA,6,6,34,27,25
PUERTO VALLARTA,2025-10-23,NA,4,6,36,21,31
PUERTO VALLARTA,2025-10-24,NA,12,8,35,20,27
PUERTO VALLARTA,2025-10-25,NA,14,3,35,23,22
PUERTO VALLARTA,2025-10-26,NA,11,4,38,20,11
PUERTO VALLARTA,2025-10-27,NA,8,3,31,14,8
PUERTO VALLARTA,2025-10-28,NA,10,4,28,24,17
PUERTO VALLARTA,2025-10-29,NA,10,5,40,19,27
PUERTO VALLARTA,2025-10-30,NA,15,4,57,17,19
PUERTO VALLARTA,2025-10-31,NA,15,2,28,23,18
PUERTO VALLARTA,2025-11-01,NA,11,2,29,23,17
PUERTO VALLARTA,2025-11-02,NA,13,3,22,28,6
PUERTO VALLARTA,2025-11-03,NA,11,1,28,23,4
PUERTO VALLARTA,2025-11-04,NA,8,3,32,26,14
PUERTO VALLARTA,2025-11-05,NA,11,4,35,25,22
PUERTO VALLARTA,2025-11-06,NA,14,1,29,17,26
PUERTO VALLARTA,2025-11-07,NA,13,5,30,26,20
PUERTO VALLARTA,2025-11-08,NA,16,6,30,28,16
PUERTO VALLARTA,2025-11-09,NA,13,9,32,13,14
PUERTO VALLARTA,2025-11-10,NA,13,3,23,11,15
PUERTO VALLARTA,2025-11-11,NA,10,5,26,20,11
PUERTO VALLARTA,2025-11-12,NA,13,3,28,20,14
PUERTO VALLARTA,2025-11-13,NA,9,4,35,22,18
PUERTO VALLARTA,2025-11-14,NA,12,4,32,26,16
PUERTO VALLARTA,2025-11-15,NA,20,5,41,38,17
PUERTO VALLARTA,2025-11-16,NA,18,7,44,28,24
PUERTO VALLARTA,2025-11-17,NA,11,3,39,26,22
PUERTO VALLARTA,2025-11-18,NA,11,5,31,28,20
PUERTO VALLARTA,2025-11-19,NA,10,8,28,23,18
PUERTO VALLARTA,2025-11-20,NA,14,4,25,23,16
PUERTO VALLARTA,2025-11-21,NA,11,8,30,27,20
PUERTO VALLARTA,2025-11-22,NA,14,6,34,40,21
PUERTO VALLARTA,2025-11-23,NA,12,6,22,25,22
PUERTO VALLARTA,2025-11-24,NA,12,6,25,20,22
PUERTO VALLARTA,2025-11-25,NA,11,4,29,33,27
PUERTO VALLARTA,2025-11-26,NA,13,7,27,24,18
PUERTO VALLARTA,2025-11-27,NA,15,7,29,27,16
PUERTO VALLARTA,2025-11-28,NA,9,10,31,21,27
PUERTO VALLARTA,2025-11-29,NA,14,7,29,27,23
PUERTO VALLARTA,2025-11-30,NA,14,6,28,24,14
PUERTO VALLARTA,2025-12-01,NA,14,4,31,27,12
PUERTO VALLARTA,2025-12-02,NA,18,6,38,29,12
PUERTO VALLARTA,2025-12-03,NA,13,9,36,31,20
PUERTO VALLARTA,2025-12-04,NA,12,10,33,37,16
PUERTO VALLARTA,2025-12-05,NA,15,6,30,27,20
PUERTO VALLARTA,2025-12-06,NA,11,4,34,29,27
PUERTO VALLARTA,2025-12-07,NA,16,4,28,36,20
PUERTO VALLARTA,2025-12-08,NA,7,5,30,34,20
PUERTO VALLARTA,2025-12-09,NA,16,8,27,22,18
PUERTO VALLARTA,2025-12-10,NA,12,11,34,26,16
PUERTO VALLARTA,2025-12-11,NA,15,5,36,28,18
PUERTO VALLARTA,2025-12-12,NA,15,8,33,27,21
PUERTO VALLARTA,2025-12-13,NA,21,7,24,30,11
PUERTO VALLARTA,2025-12-14,NA,16,6,22,32,13
PUERTO VALLARTA,2025-12-15,NA,13,6,23,20,10
PUERTO VALLARTA,2025-12-16,NA,10,5,47,36,21
PUERTO VALLARTA,2025-12-17,NA,10,5,39,30,19
PUERTO VALLARTA,2025-12-18,NA,16,9,41,29,21
PUERTO VALLARTA,2025-12-19,NA,15,8,34,32,20
PUERTO VALLARTA,2025-12-20,NA,19,6,37,29,24
PUERTO VALLARTA,2025-12-21,NA,13,7,37,25,25
PUERTO VALLARTA,2025-12-22,NA,14,4,30,20,23
PUERTO VALLARTA,2025-12-23,NA,9,6,30,25,31
PUERTO VALLARTA,2025-12-24,NA,7,6,28,22,25
PUERTO VALLARTA,2025-12-25,NA,8,4,19,13,17
PUERTO VALLARTA,2025-12-26,NA,7,3,18,13,17
PUERTO VALLARTA,2025-12-27,NA,9,5,36,21,17
PUERTO VALLARTA,2025-12-28,NA,9,8,32,21,16
PUERTO VALLARTA,2025-12-29,NA,9,2,30,19,12
PUERTO VALLARTA,2025-12-30,NA,17,7,38,28,22
PUERTO VALLARTA,2025-12-31,NA,16,5,35,13,26
PUERTO VALLARTA,2026-01-01,NA,10,4,23,13,21
PUERTO VALLARTA,2026-01-02,NA,10,3,24,12,19
PUERTO VALLARTA,2026-01-03,NA,14,5,33,15,22
PUERTO VALLARTA,2026-01-04,NA,16,7,24,17,17
PUERTO VALLARTA,2026-01-05,NA,17,6,27,12,18
PUERTO VALLARTA,2026-01-06,NA,23,3,30,24,21
PUERTO VALLARTA,2026-01-07,NA,22,4,39,20,19
PUERTO VALLARTA,2026-01-08,NA,15,6,36,32,23
PUERTO VALLARTA,2026-01-09,NA,18,8,47,21,20
PUERTO VALLARTA,2026-01-10,NA,23,12,37,30,26
PUERTO VALLARTA,2026-01-11,NA,19,4,27,22,17
PUERTO VALLARTA,2026-01-12,NA,12,4,25,23,14
PUERTO VALLARTA,2026-01-13,NA,18,3,24,28,16
PUERTO VALLARTA,2026-01-14,NA,17,7,25,34,21
PUERTO VALLARTA,2026-01-15,NA,15,7,38,33,17
PUERTO VALLARTA,2026-01-16,NA,21,13,46,32,17
PUERTO VALLARTA,2026-01-17,NA,26,12,42,35,19
PUERTO VALLARTA,2026-01-18,NA,25,11,39,20,15
PUERTO VALLARTA,2026-01-19,NA,20,8,31,17,16
PUERTO VALLARTA,2026-01-20,NA,19,15,41,14,23
PUERTO VALLARTA,2026-01-21,NA,17,9,25,20,22
PUERTO VALLARTA,2026-01-22,NA,20,7,26,28,25
PUERTO VALLARTA,2026-01-23,NA,19,4,31,19,30
PUERTO VALLARTA,2026-01-24,NA,20,5,36,35,28
PUERTO VALLARTA,2026-01-25,NA,13,7,30,26,22
PUERTO VALLARTA,2026-01-26,NA,12,8,25,25,18
PUERTO VALLARTA,2026-01-27,NA,17,4,34,18,22
PUERTO VALLARTA,2026-01-28,NA,15,3,25,26,20
PUERTO VALLARTA,2026-01-29,NA,14,5,39,23,17
PUERTO VALLARTA,2026-01-30,NA,17,3,35,32,16
PUERTO VALLARTA,2026-01-31,NA,22,7,32,24,24
PUERTO VALLARTA,2026-02-01,NA,19,4,29,20,22
PUERTO VALLARTA,2026-02-02,NA,17,3,22,18,21
PUERTO VALLARTA,2026-02-03,NA,17,4,32,17,23
PUERTO VALLARTA,2026-02-04,NA,13,6,43,34,23
PUERTO VALLARTA,2026-02-05,NA,12,4,36,32,19
PUERTO VALLARTA,2026-02-06,NA,15,4,27,35,22
PUERTO VALLARTA,2026-02-07,NA,20,5,30,23,30
PUERTO VALLARTA,2026-02-08,NA,12,5,21,20,19
PUERTO VALLARTA,2026-02-09,NA,13,4,19,16,20
PUERTO VALLARTA,2026-02-10,NA,14,3,30,21,32
PUERTO VALLARTA,2026-02-11,NA,17,5,31,32,33
PUERTO VALLARTA,2026-02-12,NA,14,6,34,23,28
PUERTO VALLARTA,2026-02-13,NA,8,5,37,32,24
PUERTO VALLARTA,2026-02-14,NA,10,4,28,36,25
PUERTO VALLARTA,2026-02-15,NA,11,5,39,29,17
PUERTO VALLARTA,2026-02-16,NA,11,9,27,28,15
PUERTO VALLARTA,2026-02-17,NA,13,10,42,41,20
PUERTO VALLARTA,2026-02-18,NA,16,13,53,23,18
PUERTO VALLARTA,2026-02-19,NA,14,14,40,23,22
PUERTO VALLARTA,2026-02-20,NA,15,10,35,24,16
PUERTO VALLARTA,2026-02-21,NA,13,8,30,20,15
PUERTO VALLARTA,2026-02-22,NA,13,5,30,14,10
PUERTO VALLARTA,2026-02-23,NA,11,6,52,14,10
PUERTO VALLARTA,2026-02-24,NA,16,8,97,36,13
PUERTO VALLARTA,2026-02-25,NA,23,11,112,68,25
PUERTO VALLARTA,2026-02-26,NA,34,19,117,119,28
PUERTO VALLARTA,2026-02-27,NA,30,23,127,120,38
PUERTO VALLARTA,2026-02-28,NA,35,29,154,72,46
PUERTO VALLARTA,2026-03-01,NA,32,32,142,45,51
PUERTO VALLARTA,2026-03-02,NA,22,30,129,38,43
PUERTO VALLARTA,2026-03-03,NA,25,33,136,57,52
PUERTO VALLARTA,2026-03-04,NA,24,36,96,34,47
PUERTO VALLARTA,2026-03-05,NA,30,30,53,31,42
PUERTO VALLARTA,2026-03-06,NA,29,22,56,36,36
PUERTO VALLARTA,2026-03-07,NA,20,13,39,35,33
PUERTO VALLARTA,2026-03-08,NA,18,12,27,21,33
PUERTO VALLARTA,2026-03-09,NA,15,11,33,17,29
PUERTO VALLARTA,2026-03-10,NA,13,9,37,25,36
PUERTO VALLARTA,2026-03-11,NA,18,13,48,19,36
PUERTO VALLARTA,2026-03-12,NA,15,6,39,25,35
PUERTO VALLARTA,2026-03-13,NA,11,9,47,27,36
PUERTO VALLARTA,2026-03-14,NA,20,6,30,31,34
PUERTO VALLARTA,2026-03-15,NA,13,7,38,32,32
PUERTO VALLARTA,2026-03-16,NA,14,8,32,19,25
PUERTO VALLARTA,2026-03-17,NA,17,6,32,19,22
PUERTO VALLARTA,2026-03-18,NA,17,7,30,24,30
PUERTO VALLARTA,2026-03-19,NA,18,5,22,35,31
PUERTO VALLARTA,2026-03-20,NA,17,5,23,22,32
PUERTO VALLARTA,2026-03-21,NA,15,3,41,36,36
PUERTO VALLARTA,2026-03-22,NA,13,6,36,22,27
PUERTO VALLARTA,2026-03-23,NA,14,3,29,22,26
PUERTO VALLARTA,2026-03-24,NA,13,6,54,21,29
PUERTO VALLARTA,2026-03-25,NA,11,5,41,29,29
PUERTO VALLARTA,2026-03-26,NA,16,7,40,21,32
PUERTO VALLARTA,2026-03-27,NA,16,10,37,32,32
PUERTO VALLARTA,2026-03-28,NA,18,12,29,33,21
PUERTO VALLARTA,2026-03-29,NA,14,10,27,23,21
PUERTO VALLARTA,2026-03-30,NA,19,11,22,21,22
PUERTO VALLARTA,2026-03-31,NA,16,8,38,40,28
PUERTO VALLARTA,2026-04-01,NA,23,5,25,32,35
PUERTO VALLARTA,2026-04-02,NA,18,6,33,27,28
PUERTO VALLARTA,2026-04-03,NA,15,4,35,26,20
PUERTO VALLARTA,2026-04-04,NA,11,2,31,15,14
PUERTO VALLARTA,2026-04-05,NA,17,3,26,13,20
PUERTO VALLARTA,2026-04-06,NA,11,3,27,13,18
PUERTO VALLARTA,2026-04-07,NA,19,6,31,15,27
PUERTO VALLARTA,2026-04-08,NA,15,7,40,17,26
PUERTO VALLARTA,2026-04-09,NA,11,5,33,20,33
PUERTO VALLARTA,2026-04-10,NA,13,5,32,33,32
PUERTO VALLARTA,2026-04-11,NA,16,7,29,37,28
PUERTO VALLARTA,2026-04-12,NA,12,7,39,28,35
PUERTO VALLARTA,2026-04-13,NA,13,6,36,24,27
PUERTO VALLARTA,2026-04-14,NA,9,5,36,28,28
PUERTO VALLARTA,2026-04-15,NA,17,6,36,24,20
PUERTO VALLARTA,2026-04-16,NA,7,6,36,28,27
PUERTO VALLARTA,2026-04-17,NA,12,8,36,25,26
PUERTO VALLARTA,2026-04-18,NA,9,10,43,21,38
PUERTO VALLARTA,2026-04-19,NA,9,9,33,15,41
PUERTO VALLARTA,2026-04-20,NA,6,6,28,12,31
PUERTO VALLARTA,2026-04-21,NA,13,8,31,17,32
PUERTO VALLARTA,2026-04-22,NA,16,7,46,21,39
PUERTO VALLARTA,2026-04-23,NA,17,9,48,23,36
PUERTO VALLARTA,2026-04-24,NA,16,6,36,11,47
PUERTO VALLARTA,2026-04-25,NA,12,4,36,14,38
PUERTO VALLARTA,2026-04-26,NA,11,5,26,23,35
PUERTO VALLARTA,2026-04-27,NA,8,3,34,20,29
PUERTO VALLARTA,2026-04-28,NA,10,5,33,26,30
PUERTO VALLARTA,2026-04-29,NA,11,9,41,29,25
PUERTO VALLARTA,2026-04-30,NA,16,8,38,29,27
PUERTO VALLARTA,2026-05-01,NA,18,7,40,17,37
PUERTO VALLARTA,2026-05-02,NA,20,10,37,20,38
PUERTO VALLARTA,2026-05-03,NA,13,8,35,18,36
PUERTO VALLARTA,2026-05-04,NA,12,5,30,16,24
PUERTO VALLARTA,2026-05-05,NA,10,7,32,30,33
PUERTO VALLARTA,2026-05-06,NA,10,4,28,34,38
PUERTO VALLARTA,2026-05-07,NA,12,7,35,39,43
PUERTO VALLARTA,2026-05-08,NA,18,10,39,38,44
PUERTO VALLARTA,2026-05-09,NA,17,14,40,38,41
PUERTO VALLARTA,2026-05-10,NA,13,15,43,16,45
PUERTO VALLARTA,2026-05-11,NA,14,14,31,12,42
PUERTO VALLARTA,2026-05-12,NA,11,12,25,17,34
PUERTO VALLARTA,2026-05-13,NA,18,10,28,29,34
PUERTO VALLARTA,2026-05-14,NA,20,9,34,35,48
PUERTO VALLARTA,2026-05-15,NA,14,13,48,31,46
PUERTO VALLARTA,2026-05-16,NA,18,12,50,40,45
PUERTO VALLARTA,2026-05-17,NA,26,12,40,45,38
PUERTO VALLARTA,2026-05-18,NA,24,13,50,37,29
PUERTO VALLARTA,2026-05-19,NA,22,15,49,38,34
PUERTO VALLARTA,2026-05-20,NA,18,7,65,38,39
PUERTO VALLARTA,2026-05-21,NA,26,12,45,35,41
PUERTO VALLARTA,2026-05-22,NA,25,16,54,36,40
PUERTO VALLARTA,2026-05-23,NA,22,16,68,36,44
PUERTO VALLARTA,2026-05-24,NA,21,19,66,34,42
PUERTO VALLARTA,2026-05-25,NA,24,16,38,25,28
PUERTO VALLARTA,2026-05-26,NA,20,19,69,31,39
PUERTO VALLARTA,2026-05-27,NA,22,24,58,26,42
PUERTO VALLARTA,2026-05-28,NA,18,25,61,34,40
PUERTO VALLARTA,2026-05-29,NA,20,22,68,27,44
PUERTO VALLARTA,2026-05-30,NA,24,24,70,34,36
PUERTO VALLARTA,2026-05-31,NA,26,27,56,28,37
PUERTO VALLARTA,2026-06-01,NA,26,29,43,20,31
PUERTO VALLARTA,2026-06-02,NA,33,30,53,27,40
PUERTO VALLARTA,2026-06-03,NA,33,33,68,33,54
PUERTO VALLARTA,2026-06-04,NA,40,34,69,35,62
PUERTO VALLARTA,2026-06-05,NA,32,27,68,43,63
PUERTO VALLARTA,2026-06-06,NA,28,33,65,35,55
PUERTO VALLARTA,2026-06-07,NA,29,34,74,32,44
PUERTO VALLARTA,2026-06-08,NA,26,34,44,22,35
PUERTO VALLARTA,2026-06-09,NA,27,37,70,40,43
PUERTO VALLARTA,2026-06-10,NA,36,41,94,43,57
PUERTO VALLARTA,2026-06-11,NA,41,45,108,47,72
PUERTO VALLARTA,2026-06-12,NA,39,42,124,50,78
PUERTO VALLARTA,2026-06-13,NA,39,43,154,46,87
PUERTO VALLARTA,2026-06-14,NA,37,43,171,37,92
PUERTO VALLARTA,2026-06-15,NA,36,42,147,32,88
PUERTO VALLARTA,2026-06-16,NA,38,46,149,44,84
PUERTO VALLARTA,2026-06-17,NA,41,53,166,48,92
PUERTO VALLARTA,2026-06-18,NA,32,56,171,51,88
PUERTO VALLARTA,2026-06-19,NA,36,57,187,42,93
PUERTO VALLARTA,2026-06-20,NA,41,56,173,44,98
PUERTO VALLARTA,2026-06-21,NA,38,56,163,34,99
PUERTO VALLARTA,2026-06-22,NA,37,56,146,24,91
PUERTO VALLARTA,2026-06-23,NA,30,56,150,20,91
PUERTO VALLARTA,2026-06-24,NA,27,60,163,33,91
PUERTO VALLARTA,2026-06-25,NA,32,64,172,23,97
PUERTO VALLARTA,2026-06-26,NA,33,58,174,30,102
PUERTO VALLARTA,2026-06-27,NA,41,57,191,21,111
PUERTO VALLARTA,2026-06-28,NA,39,53,172,31,110
PUERTO VALLARTA,2026-06-29,NA,37,45,132,27,105
PUERTO VALLARTA,2026-06-30,NA,45,48,142,35,108
PUERTO VALLARTA,2026-07-01,NA,36,45,141,40,117
PUERTO VALLARTA,2026-07-02,NA,38,48,151,30,120
PUERTO VALLARTA,2026-07-03,NA,41,46,137,29,122
PUERTO VALLARTA,2026-07-04,NA,37,47,128,37,127
PUERTO VALLARTA,2026-07-05,NA,36,51,89,23,129
PUERTO VALLARTA,2026-07-06,NA,31,51,73,22,120
PUERTO VALLARTA,2026-07-07,NA,27,44,68,32,123
PUERTO VALLARTA,2026-07-08,NA,27,44,73,34,130
PUERTO VALLARTA,2026-07-09,NA,17,41,79,23,127
PUERTO VALLARTA,2026-07-10,NA,28,44,92,29,122
PUERTO VALLARTA,2026-07-11,NA,28,45,67,42,117
PUERTO VALLARTA,2026-07-12,NA,25,42,51,33,112
PUERTO VALLARTA,2026-07-13,NA,20,37,53,26,92
PUERTO VALLARTA,2026-07-14,NA,22,41,45,40,95
PUERTO VALLARTA,2026-07-15,NA,23,36,68,37,90
PUERTO VALLARTA,2026-07-16,NA,32,36,68,49,87
PUERTO VALLARTA,2026-07-17,NA,40,41,94,43,99
PUERTO VALLARTA,2026-07-18,NA,38,46,110,50,92
PUERTO VALLARTA,2026-07-19,NA,33,51,114,29,91
PUERTO VALLARTA,2026-07-20,NA,32,50,95,27,85
PUERTO VALLARTA,2026-07-21,NA,32,51,82,31,91
PUERTO VALLARTA,2026-07-22,NA,36,52,88,35,93
PUERTO VALLARTA,2026-07-23,NA,30,48,79,26,84
PUERTO VALLARTA,2026-07-24,NA,27,49,87,38,73
PUERTO VALLARTA,2026-07-25,NA,26,47,102,41,84
PUERTO VALLARTA,2026-07-26,NA,31,46,100,53,83
PUERTO VALLARTA,2026-07-27,NA,26,40,92,35,70
PUERTO VALLARTA,2026-07-28,NA,22,43,102,48,75
PUERTO VALLARTA,2026-07-29,NA,24,41,103,35,76
PUERTO VALLARTA,2026-07-30,NA,24,46,93,38,72
PUERTO VALLARTA,2026-07-31,NA,33,48,106,43,81
PUERTO VALLARTA,2026-08-01,5,38,44,133,47,79
PUERTO VALLARTA,2026-08-02,5,35,45,113,42,81
PUERTO VALLARTA,2026-08-03,3,39,43,81,46,76
PUERTO VALLARTA,2026-08-04,5,38,40,119,51,69
PUERTO VALLARTA,2026-08-05,6,39,40,144,42,75
PUERTO VALLARTA,2026-08-06,6,31,40,128,56,73
PUERTO VALLARTA,2026-08-07,8,37,44,116,72,84
PUERTO VALLARTA,2026-08-08,9,44,44,123,42,81
PUERTO VALLARTA,2026-08-09,6,34,39,115,26,91
PUERTO VALLARTA,2026-08-10,5,28,31,61,41,77
PUERTO VALLARTA,2026-08-11,4,25,32,99,34,77
PUERTO VALLARTA,2026-08-12,5,28,32,121,62,79
PUERTO VALLARTA,2026-08-13,4,36,34,128,67,82
PUERTO VALLARTA,2026-08-14,5,34,36,156,49,82
PUERTO VALLARTA,2026-08-15,7,35,39,166,47,89
PUERTO VALLARTA,2026-08-16,8,39,39,136,43,87
PUERTO VALLARTA,2026-08-17,9,44,42,117,34,81
PUERTO VALLARTA,2026-08-18,5,49,45,149,39,86
PUERTO VALLARTA,2026-08-19,5,54,49,151,37,94
PUERTO VALLARTA,2026-08-20,3,42,51,130,43,88
PUERTO VALLARTA,2026-08-21,3,33,53,107,51,92
PUERTO VALLARTA,2026-08-22,3,18,47,109,50,93
PUERTO VALLARTA,2026-08-23,5,21,49,115,40,95
PUERTO VALLARTA,2026-08-24,4,18,49,104,26,89
QUERETARO,2025-08-24,NA,9,4,14,31,13
QUERETARO,2025-08-25,NA,9,5,20,32,15
QUERETARO,2025-08-26,NA,19,7,35,42,21
QUERETARO,2025-08-27,NA,17,5,26,36,26
QUERETARO,2025-08-28,NA,18,4,28,56,22
QUERETARO,2025-08-29,NA,20,5,38,59,25
QUERETARO,2025-08-30,NA,20,2,27,59,32
QUERETARO,2025-08-31,NA,7,2,19,52,26
QUERETARO,2025-09-01,NA,11,2,23,35,21
QUERETARO,2025-09-02,NA,15,4,27,38,25
QUERETARO,2025-09-03,NA,10,5,27,32,34
QUERETARO,2025-09-04,NA,5,5,35,44,33
QUERETARO,2025-09-05,NA,9,6,30,54,22
QUERETARO,2025-09-06,NA,11,3,36,52,31
QUERETARO,2025-09-07,NA,16,3,29,43,21
QUERETARO,2025-09-08,NA,10,2,16,31,21
QUERETARO,2025-09-09,NA,11,4,28,46,28
QUERETARO,2025-09-10,NA,12,6,23,52,38
QUERETARO,2025-09-11,NA,14,4,26,49,41
QUERETARO,2025-09-12,NA,15,3,29,47,37
QUERETARO,2025-09-13,NA,20,6,59,47,41
QUERETARO,2025-09-14,NA,6,2,36,39,35
QUERETARO,2025-09-15,NA,8,5,25,35,29
QUERETARO,2025-09-16,NA,10,1,37,34,24
QUERETARO,2025-09-17,NA,9,1,38,44,24
QUERETARO,2025-09-18,NA,8,3,44,37,36
QUERETARO,2025-09-19,NA,7,3,30,32,35
QUERETARO,2025-09-20,NA,14,4,32,37,28
QUERETARO,2025-09-21,NA,11,5,30,40,26
QUERETARO,2025-09-22,NA,8,4,27,23,24
QUERETARO,2025-09-23,NA,10,5,24,36,36
QUERETARO,2025-09-24,NA,10,7,20,33,41
QUERETARO,2025-09-25,NA,13,3,15,33,44
QUERETARO,2025-09-26,NA,15,8,24,39,38
QUERETARO,2025-09-27,NA,14,4,28,48,43
QUERETARO,2025-09-28,NA,9,1,25,25,47
QUERETARO,2025-09-29,NA,11,4,30,24,46
QUERETARO,2025-09-30,NA,26,6,32,35,39
QUERETARO,2025-10-01,NA,27,3,33,42,38
QUERETARO,2025-10-02,NA,24,1,35,46,35
QUERETARO,2025-10-03,NA,24,6,32,42,35
QUERETARO,2025-10-04,NA,23,3,22,40,29
QUERETARO,2025-10-05,NA,20,3,15,30,31
QUERETARO,2025-10-06,NA,20,4,15,29,27
QUERETARO,2025-10-07,NA,16,3,16,25,32
QUERETARO,2025-10-08,NA,11,6,22,36,31
QUERETARO,2025-10-09,NA,15,4,23,46,28
QUERETARO,2025-10-10,NA,19,5,19,46,35
QUERETARO,2025-10-11,NA,29,2,28,48,27
QUERETARO,2025-10-12,NA,18,7,28,42,16
QUERETARO,2025-10-13,NA,12,4,28,35,15
QUERETARO,2025-10-14,NA,16,9,40,40,21
QUERETARO,2025-10-15,NA,15,6,31,46,20
QUERETARO,2025-10-16,NA,17,7,30,34,24
QUERETARO,2025-10-17,NA,20,7,33,42,21
QUERETARO,2025-10-18,NA,20,8,28,36,30
QUERETARO,2025-10-19,NA,12,8,27,31,30
QUERETARO,2025-10-20,NA,14,5,24,32,27
QUERETARO,2025-10-21,NA,7,2,27,32,35
QUERETARO,2025-10-22,NA,12,10,18,46,45
QUERETARO,2025-10-23,NA,10,6,25,37,42
QUERETARO,2025-10-24,NA,16,6,17,39,46
QUERETARO,2025-10-25,NA,15,6,24,45,40
QUERETARO,2025-10-26,NA,12,2,23,34,36
QUERETARO,2025-10-27,NA,11,4,22,36,35
QUERETARO,2025-10-28,NA,12,6,22,59,25
QUERETARO,2025-10-29,NA,10,7,23,57,31
QUERETARO,2025-10-30,NA,22,8,22,58,30
QUERETARO,2025-10-31,NA,21,3,20,54,30
QUERETARO,2025-11-01,NA,19,2,22,37,29
QUERETARO,2025-11-02,NA,10,2,16,30,27
QUERETARO,2025-11-03,NA,12,2,21,25,21
QUERETARO,2025-11-04,NA,5,7,20,37,24
QUERETARO,2025-11-05,NA,13,9,23,32,34
QUERETARO,2025-11-06,NA,5,9,28,48,40
QUERETARO,2025-11-07,NA,12,10,20,63,40
QUERETARO,2025-11-08,NA,19,8,25,64,34
QUERETARO,2025-11-09,NA,14,6,24,47,30
QUERETARO,2025-11-10,NA,12,2,17,39,30
QUERETARO,2025-11-11,NA,12,6,31,47,33
QUERETARO,2025-11-12,NA,12,7,22,45,34
QUERETARO,2025-11-13,NA,20,5,27,40,37
QUERETARO,2025-11-14,NA,19,7,31,46,37
QUERETARO,2025-11-15,NA,20,4,24,58,41
QUERETARO,2025-11-16,NA,18,6,25,51,35
QUERETARO,2025-11-17,NA,17,4,15,52,26
QUERETARO,2025-11-18,NA,14,7,25,66,30
QUERETARO,2025-11-19,NA,15,10,38,63,31
QUERETARO,2025-11-20,NA,15,10,33,60,38
QUERETARO,2025-11-21,NA,12,7,33,52,42
QUERETARO,2025-11-22,NA,15,5,35,58,62
QUERETARO,2025-11-23,NA,11,5,28,45,46
QUERETARO,2025-11-24,NA,9,4,23,43,37
QUERETARO,2025-11-25,NA,11,8,30,42,41
QUERETARO,2025-11-26,NA,10,6,25,52,34
QUERETARO,2025-11-27,NA,9,2,26,49,40
QUERETARO,2025-11-28,NA,23,3,27,56,41
QUERETARO,2025-11-29,NA,20,2,29,57,43
QUERETARO,2025-11-30,NA,14,NA,29,50,33
QUERETARO,2025-12-01,NA,12,4,28,28,26
QUERETARO,2025-12-02,NA,17,5,23,34,26
QUERETARO,2025-12-03,NA,23,7,31,45,39
QUERETARO,2025-12-04,NA,25,11,37,55,33
QUERETARO,2025-12-05,NA,26,7,26,58,32
QUERETARO,2025-12-06,NA,15,3,30,54,19
QUERETARO,2025-12-07,NA,11,4,37,41,22
QUERETARO,2025-12-08,NA,10,1,29,29,13
QUERETARO,2025-12-09,NA,14,1,23,40,20
QUERETARO,2025-12-10,NA,11,1,36,51,24
QUERETARO,2025-12-11,NA,9,6,31,49,26
QUERETARO,2025-12-12,NA,14,4,36,50,31
QUERETARO,2025-12-13,NA,14,8,35,61,29
QUERETARO,2025-12-14,NA,10,NA,29,52,24
QUERETARO,2025-12-15,NA,14,2,27,40,23
QUERETARO,2025-12-16,NA,13,7,43,47,26
QUERETARO,2025-12-17,NA,11,9,25,49,28
QUERETARO,2025-12-18,NA,13,9,23,52,21
QUERETARO,2025-12-19,NA,10,6,33,60,20
QUERETARO,2025-12-20,NA,12,6,25,58,32
QUERETARO,2025-12-21,NA,10,1,30,43,32
QUERETARO,2025-12-22,NA,8,5,24,41,25
QUERETARO,2025-12-23,NA,15,6,26,54,30
QUERETARO,2025-12-24,NA,11,3,24,37,28
QUERETARO,2025-12-25,NA,9,2,21,28,23
QUERETARO,2025-12-26,NA,18,5,23,28,22
QUERETARO,2025-12-27,NA,16,3,29,40,22
QUERETARO,2025-12-28,NA,11,7,28,27,21
QUERETARO,2025-12-29,NA,12,7,26,26,17
QUERETARO,2025-12-30,NA,19,6,28,27,20
QUERETARO,2025-12-31,NA,16,5,20,27,22
QUERETARO,2026-01-01,NA,9,3,17,19,15
QUERETARO,2026-01-02,NA,10,7,21,27,22
QUERETARO,2026-01-03,NA,10,7,30,40,35
QUERETARO,2026-01-04,NA,10,3,33,37,25
QUERETARO,2026-01-05,NA,11,5,36,40,25
QUERETARO,2026-01-06,NA,15,4,40,63,35
QUERETARO,2026-01-07,NA,8,7,34,58,37
QUERETARO,2026-01-08,NA,11,6,35,60,34
QUERETARO,2026-01-09,NA,12,7,32,56,38
QUERETARO,2026-01-10,NA,16,7,35,60,27
QUERETARO,2026-01-11,NA,16,8,23,47,23
QUERETARO,2026-01-12,NA,11,7,20,36,22
QUERETARO,2026-01-13,NA,17,13,34,36,14
QUERETARO,2026-01-14,NA,14,9,34,47,21
QUERETARO,2026-01-15,NA,11,9,30,52,28
QUERETARO,2026-01-16,NA,13,7,28,67,20
QUERETARO,2026-01-17,NA,19,8,39,56,25
QUERETARO,2026-01-18,NA,11,6,33,47,17
QUERETARO,2026-01-19,NA,11,9,37,42,16
QUERETARO,2026-01-20,NA,14,8,37,41,24
QUERETARO,2026-01-21,NA,18,6,22,52,15
QUERETARO,2026-01-22,NA,17,3,35,52,22
QUERETARO,2026-01-23,NA,18,4,27,54,12
QUERETARO,2026-01-24,NA,23,2,34,77,18
QUERETARO,2026-01-25,NA,18,2,37,42,19
QUERETARO,2026-01-26,NA,16,4,27,39,15
QUERETARO,2026-01-27,NA,13,5,33,62,18
QUERETARO,2026-01-28,NA,15,4,29,54,21
QUERETARO,2026-01-29,NA,17,6,47,56,27
QUERETARO,2026-01-30,NA,32,4,38,64,29
QUERETARO,2026-01-31,NA,25,8,37,73,36
QUERETARO,2026-02-01,NA,19,12,30,50,30
QUERETARO,2026-02-02,NA,14,10,30,47,26
QUERETARO,2026-02-03,NA,12,4,31,39,29
QUERETARO,2026-02-04,NA,15,7,33,46,26
QUERETARO,2026-02-05,NA,11,7,39,59,32
QUERETARO,2026-02-06,NA,12,2,36,64,33
QUERETARO,2026-02-07,NA,20,8,38,85,44
QUERETARO,2026-02-08,NA,12,6,35,64,30
QUERETARO,2026-02-09,NA,19,4,39,42,24
QUERETARO,2026-02-10,NA,20,1,45,62,22
QUERETARO,2026-02-11,NA,14,3,38,66,31
QUERETARO,2026-02-12,NA,17,3,39,58,29
QUERETARO,2026-02-13,NA,15,7,46,66,37
QUERETARO,2026-02-14,NA,19,6,36,71,35
QUERETARO,2026-02-15,NA,16,8,33,50,28
QUERETARO,2026-02-16,NA,13,6,35,38,25
QUERETARO,2026-02-17,NA,12,4,32,47,30
QUERETARO,2026-02-18,NA,10,5,34,41,38
QUERETARO,2026-02-19,NA,9,5,39,47,44
QUERETARO,2026-02-20,NA,18,5,28,57,47
QUERETARO,2026-02-21,NA,16,8,34,49,45
QUERETARO,2026-02-22,NA,13,6,28,38,47
QUERETARO,2026-02-23,NA,11,6,31,32,33
QUERETARO,2026-02-24,NA,12,10,35,44,35
QUERETARO,2026-02-25,NA,13,8,32,46,30
QUERETARO,2026-02-26,NA,17,11,32,42,35
QUERETARO,2026-02-27,NA,18,7,39,61,35
QUERETARO,2026-02-28,NA,17,8,30,64,36
QUERETARO,2026-03-01,NA,18,9,33,45,21
QUERETARO,2026-03-02,NA,17,7,34,28,21
QUERETARO,2026-03-03,NA,21,10,36,39,28
QUERETARO,2026-03-04,NA,10,9,35,46,28
QUERETARO,2026-03-05,NA,13,7,39,45,29
QUERETARO,2026-03-06,NA,12,7,42,43,31
QUERETARO,2026-03-07,NA,8,5,44,41,34
QUERETARO,2026-03-08,NA,7,6,49,37,32
QUERETARO,2026-03-09,NA,7,4,43,26,33
QUERETARO,2026-03-10,NA,10,8,38,35,39
QUERETARO,2026-03-11,NA,7,4,30,36,35
QUERETARO,2026-03-12,NA,12,9,29,57,39
QUERETARO,2026-03-13,NA,13,5,42,46,40
QUERETARO,2026-03-14,NA,18,4,43,55,39
QUERETARO,2026-03-15,NA,17,6,37,40,37
QUERETARO,2026-03-16,NA,19,5,27,33,31
QUERETARO,2026-03-17,NA,19,1,32,27,39
QUERETARO,2026-03-18,NA,16,4,36,41,32
QUERETARO,2026-03-19,NA,16,4,29,50,42
QUERETARO,2026-03-20,NA,13,2,31,62,43
QUERETARO,2026-03-21,NA,23,3,28,60,37
QUERETARO,2026-03-22,NA,18,3,29,50,38
QUERETARO,2026-03-23,NA,14,5,22,28,34
QUERETARO,2026-03-24,NA,17,7,27,41,28
QUERETARO,2026-03-25,NA,14,7,24,48,35
QUERETARO,2026-03-26,NA,16,7,26,42,38
QUERETARO,2026-03-27,NA,19,6,33,66,36
QUERETARO,2026-03-28,NA,23,9,39,74,31
QUERETARO,2026-03-29,NA,17,8,28,65,29
QUERETARO,2026-03-30,NA,9,5,22,44,25
QUERETARO,2026-03-31,NA,21,6,31,55,31
QUERETARO,2026-04-01,NA,16,3,39,53,33
QUERETARO,2026-04-02,NA,24,5,32,63,44
QUERETARO,2026-04-03,NA,22,6,35,55,40
QUERETARO,2026-04-04,NA,34,4,29,37,33
QUERETARO,2026-04-05,NA,29,3,36,36,28
QUERETARO,2026-04-06,NA,28,5,34,39,25
QUERETARO,2026-04-07,NA,16,8,30,46,22
QUERETARO,2026-04-08,NA,10,6,27,49,22
QUERETARO,2026-04-09,NA,15,7,25,45,22
QUERETARO,2026-04-10,NA,14,13,37,57,27
QUERETARO,2026-04-11,NA,10,11,28,58,19
QUERETARO,2026-04-12,NA,8,11,32,48,20
QUERETARO,2026-04-13,NA,12,8,29,49,18
QUERETARO,2026-04-14,NA,8,12,47,49,21
QUERETARO,2026-04-15,NA,11,12,37,54,41
QUERETARO,2026-04-16,NA,14,13,43,57,54
QUERETARO,2026-04-17,NA,13,16,37,49,62
QUERETARO,2026-04-18,NA,18,7,40,52,72
QUERETARO,2026-04-19,NA,11,6,32,46,72
QUERETARO,2026-04-20,NA,13,8,34,33,60
QUERETARO,2026-04-21,NA,12,8,41,33,64
QUERETARO,2026-04-22,NA,11,9,47,42,60
QUERETARO,2026-04-23,NA,10,8,44,43,61
QUERETARO,2026-04-24,NA,10,9,35,39,60
QUERETARO,2026-04-25,NA,13,9,46,55,58
QUERETARO,2026-04-26,NA,15,11,42,39,43
QUERETARO,2026-04-27,NA,17,9,31,30,38
QUERETARO,2026-04-28,NA,13,10,44,40,55
QUERETARO,2026-04-29,NA,19,11,38,40,58
QUERETARO,2026-04-30,NA,19,18,34,33,60
QUERETARO,2026-05-01,NA,21,15,37,37,71
QUERETARO,2026-05-02,NA,12,10,26,31,62
QUERETARO,2026-05-03,NA,13,10,28,24,56
QUERETARO,2026-05-04,NA,12,6,32,28,54
QUERETARO,2026-05-05,NA,11,15,35,33,59
QUERETARO,2026-05-06,NA,12,6,33,37,69
QUERETARO,2026-05-07,NA,16,7,37,46,67
QUERETARO,2026-05-08,NA,15,11,44,46,69
QUERETARO,2026-05-09,NA,18,10,46,51,71
QUERETARO,2026-05-10,NA,15,2,24,41,71
QUERETARO,2026-05-11,NA,12,6,22,33,68
QUERETARO,2026-05-12,NA,10,6,31,44,79
QUERETARO,2026-05-13,NA,6,6,22,43,83
QUERETARO,2026-05-14,NA,12,3,28,47,88
QUERETARO,2026-05-15,NA,14,4,28,67,90
QUERETARO,2026-05-16,NA,18,2,32,76,86
QUERETARO,2026-05-17,NA,9,3,43,44,71
QUERETARO,2026-05-18,NA,9,5,34,41,66
QUERETARO,2026-05-19,NA,10,5,28,54,81
QUERETARO,2026-05-20,NA,18,4,35,40,83
QUERETARO,2026-05-21,NA,16,6,51,53,92
QUERETARO,2026-05-22,NA,14,9,46,52,94
QUERETARO,2026-05-23,NA,14,8,41,53,97
QUERETARO,2026-05-24,NA,14,10,34,40,85
QUERETARO,2026-05-25,NA,11,9,32,45,79
QUERETARO,2026-05-26,NA,12,10,29,61,67
QUERETARO,2026-05-27,NA,18,12,35,45,69
QUERETARO,2026-05-28,NA,18,8,36,51,75
QUERETARO,2026-05-29,NA,20,8,42,79,70
QUERETARO,2026-05-30,NA,16,13,41,75,73
QUERETARO,2026-05-31,NA,14,14,33,48,70
QUERETARO,2026-06-01,NA,13,8,34,35,65
QUERETARO,2026-06-02,NA,17,12,33,47,75
QUERETARO,2026-06-03,NA,10,8,37,64,80
QUERETARO,2026-06-04,NA,16,4,42,58,76
QUERETARO,2026-06-05,NA,17,9,54,61,81
QUERETARO,2026-06-06,NA,24,10,56,87,81
QUERETARO,2026-06-07,NA,14,14,47,78,69
QUERETARO,2026-06-08,NA,13,15,40,49,54
QUERETARO,2026-06-09,NA,17,17,40,45,59
QUERETARO,2026-06-10,NA,20,12,39,56,67
QUERETARO,2026-06-11,NA,19,18,49,61,73
QUERETARO,2026-06-12,NA,13,18,39,59,75
QUERETARO,2026-06-13,NA,15,8,34,48,86
QUERETARO,2026-06-14,NA,17,8,31,38,74
QUERETARO,2026-06-15,NA,11,11,37,30,64
QUERETARO,2026-06-16,NA,12,15,48,52,55
QUERETARO,2026-06-17,NA,12,14,22,47,61
QUERETARO,2026-06-18,NA,9,13,22,39,68
QUERETARO,2026-06-19,NA,13,12,39,58,75
QUERETARO,2026-06-20,NA,15,11,41,61,80
QUERETARO,2026-06-21,NA,12,5,43,57,83
QUERETARO,2026-06-22,NA,8,5,28,38,71
QUERETARO,2026-06-23,NA,6,7,32,53,68
QUERETARO,2026-06-24,NA,9,10,50,61,71
QUERETARO,2026-06-25,NA,11,10,36,61,81
QUERETARO,2026-06-26,NA,18,13,39,62,79
QUERETARO,2026-06-27,NA,16,11,27,75,81
QUERETARO,2026-06-28,NA,16,10,23,66,75
QUERETARO,2026-06-29,NA,20,11,39,54,59
QUERETARO,2026-06-30,NA,24,10,46,73,63
QUERETARO,2026-07-01,NA,21,10,64,57,69
QUERETARO,2026-07-02,NA,27,10,40,62,83
QUERETARO,2026-07-03,NA,25,12,40,72,87
QUERETARO,2026-07-04,NA,27,13,48,85,81
QUERETARO,2026-07-05,NA,16,9,40,60,70
QUERETARO,2026-07-06,NA,18,10,45,41,57
QUERETARO,2026-07-07,NA,15,14,36,48,65
QUERETARO,2026-07-08,NA,16,13,39,69,71
QUERETARO,2026-07-09,NA,14,15,32,63,66
QUERETARO,2026-07-10,NA,15,12,32,68,79
QUERETARO,2026-07-11,NA,15,14,35,54,78
QUERETARO,2026-07-12,NA,11,17,31,40,64
QUERETARO,2026-07-13,NA,7,7,34,32,58
QUERETARO,2026-07-14,NA,10,11,37,43,63
QUERETARO,2026-07-15,NA,11,10,36,51,52
QUERETARO,2026-07-16,NA,15,8,34,59,68
QUERETARO,2026-07-17,NA,17,9,35,48,79
QUERETARO,2026-07-18,NA,17,12,38,72,82
QUERETARO,2026-07-19,NA,16,13,33,46,84
QUERETARO,2026-07-20,NA,14,12,31,35,68
QUERETARO,2026-07-21,NA,15,10,47,56,60
QUERETARO,2026-07-22,NA,11,7,38,62,57
QUERETARO,2026-07-23,NA,11,7,31,72,59
QUERETARO,2026-07-24,NA,15,10,43,68,73
QUERETARO,2026-07-25,NA,12,10,37,69,71
QUERETARO,2026-07-26,NA,13,13,23,46,65
QUERETARO,2026-07-27,NA,12,11,31,46,58
QUERETARO,2026-07-28,NA,15,23,60,60,61
QUERETARO,2026-07-29,NA,20,15,51,67,64
QUERETARO,2026-07-30,NA,21,13,55,70,80
QUERETARO,2026-07-31,NA,29,18,45,73,93
QUERETARO,2026-08-01,8,24,22,54,71,99
QUERETARO,2026-08-02,6,21,17,38,53,88
QUERETARO,2026-08-03,5,16,16,34,51,81
QUERETARO,2026-08-04,3,12,11,37,54,72
QUERETARO,2026-08-05,1,12,12,35,76,82
QUERETARO,2026-08-06,3,15,7,30,60,71
QUERETARO,2026-08-07,NA,13,14,30,59,66
QUERETARO,2026-08-08,2,20,6,27,64,63
QUERETARO,2026-08-09,NA,16,7,34,41,62
QUERETARO,2026-08-10,NA,15,5,31,42,56
QUERETARO,2026-08-11,NA,19,7,28,43,57
QUERETARO,2026-08-12,2,19,14,35,55,74
QUERETARO,2026-08-13,4,17,11,34,65,65
QUERETARO,2026-08-14,2,17,6,36,61,67
QUERETARO,2026-08-15,1,13,8,38,87,66
QUERETARO,2026-08-16,NA,18,5,42,63,58
QUERETARO,2026-08-17,1,12,6,44,54,55
QUERETARO,2026-08-18,NA,16,6,33,61,52
QUERETARO,2026-08-19,NA,19,8,36,66,57
QUERETARO,2026-08-20,1,14,8,41,75,75
QUERETARO,2026-08-21,6,23,10,34,72,86
QUERETARO,2026-08-22,3,28,8,35,72,99
QUERETARO,2026-08-23,3,22,6,41,46,94
QUERETARO,2026-08-24,3,19,6,37,42,75
REYNOSA,2025-08-24,NA,19,12,62,80,8
REYNOSA,2025-08-25,NA,13,6,55,57,4
REYNOSA,2025-08-26,NA,28,15,74,65,7
REYNOSA,2025-08-27,NA,26,9,84,74,10
REYNOSA,2025-08-28,NA,33,8,76,78,11
REYNOSA,2025-08-29,NA,15,6,64,65,10
REYNOSA,2025-08-30,NA,26,5,90,77,10
REYNOSA,2025-08-31,NA,29,4,75,53,11
REYNOSA,2025-09-01,NA,23,3,50,36,8
REYNOSA,2025-09-02,NA,17,1,60,44,10
REYNOSA,2025-09-03,NA,17,4,72,89,10
REYNOSA,2025-09-04,NA,21,6,74,79,16
REYNOSA,2025-09-05,NA,20,5,81,100,11
REYNOSA,2025-09-06,NA,19,4,99,91,13
REYNOSA,2025-09-07,NA,13,4,56,99,11
REYNOSA,2025-09-08,NA,18,6,64,52,9
REYNOSA,2025-09-09,NA,19,6,81,54,11
REYNOSA,2025-09-10,NA,20,9,72,62,11
REYNOSA,2025-09-11,NA,25,1,74,70,14
REYNOSA,2025-09-12,NA,20,2,79,65,13
REYNOSA,2025-09-13,NA,16,5,86,72,14
REYNOSA,2025-09-14,NA,13,4,70,76,6
REYNOSA,2025-09-15,NA,8,2,44,47,5
REYNOSA,2025-09-16,NA,11,2,56,49,7
REYNOSA,2025-09-17,NA,14,4,65,42,8
REYNOSA,2025-09-18,NA,9,3,61,53,7
REYNOSA,2025-09-19,NA,13,2,75,44,13
REYNOSA,2025-09-20,NA,11,5,69,53,8
REYNOSA,2025-09-21,NA,12,7,60,41,19
REYNOSA,2025-09-22,NA,10,10,52,34,6
REYNOSA,2025-09-23,NA,20,6,49,42,14
REYNOSA,2025-09-24,NA,7,4,58,52,15
REYNOSA,2025-09-25,NA,7,4,43,45,11
REYNOSA,2025-09-26,NA,7,2,50,43,8
REYNOSA,2025-09-27,NA,14,5,59,56,3
REYNOSA,2025-09-28,NA,16,5,44,44,6
REYNOSA,2025-09-29,NA,13,4,38,19,12
REYNOSA,2025-09-30,NA,10,4,61,29,7
REYNOSA,2025-10-01,NA,13,5,47,29,5
REYNOSA,2025-10-02,NA,13,2,48,32,7
REYNOSA,2025-10-03,NA,14,5,49,23,7
REYNOSA,2025-10-04,NA,8,5,48,37,7
REYNOSA,2025-10-05,NA,7,6,38,33,6
REYNOSA,2025-10-06,NA,8,3,31,26,7
REYNOSA,2025-10-07,NA,14,3,35,28,14
REYNOSA,2025-10-08,NA,14,4,38,34,11
REYNOSA,2025-10-09,NA,19,6,42,33,9
REYNOSA,2025-10-10,NA,14,5,39,34,11
REYNOSA,2025-10-11,NA,13,6,63,37,7
REYNOSA,2025-10-12,NA,9,13,56,34,13
REYNOSA,2025-10-13,NA,10,5,37,23,9
REYNOSA,2025-10-14,NA,7,6,48,29,15
REYNOSA,2025-10-15,NA,10,6,55,37,14
REYNOSA,2025-10-16,NA,14,10,51,40,9
REYNOSA,2025-10-17,NA,7,8,38,36,7
REYNOSA,2025-10-18,NA,10,10,35,33,17
REYNOSA,2025-10-19,NA,15,9,44,40,10
REYNOSA,2025-10-20,NA,10,6,35,15,6
REYNOSA,2025-10-21,NA,8,8,51,39,6
REYNOSA,2025-10-22,NA,14,3,50,36,7
REYNOSA,2025-10-23,NA,8,5,47,36,6
REYNOSA,2025-10-24,NA,19,6,54,34,11
REYNOSA,2025-10-25,NA,21,5,67,40,5
REYNOSA,2025-10-26,NA,18,3,71,41,8
REYNOSA,2025-10-27,NA,12,2,47,22,8
REYNOSA,2025-10-28,NA,13,3,58,28,11
REYNOSA,2025-10-29,NA,15,3,57,26,9
REYNOSA,2025-10-30,NA,17,5,69,34,7
REYNOSA,2025-10-31,NA,12,5,61,32,10
REYNOSA,2025-11-01,NA,10,8,105,24,9
REYNOSA,2025-11-02,NA,14,10,48,28,6
REYNOSA,2025-11-03,NA,12,6,36,19,5
REYNOSA,2025-11-04,NA,12,6,28,29,6
REYNOSA,2025-11-05,NA,13,7,42,38,6
REYNOSA,2025-11-06,NA,8,5,48,40,3
REYNOSA,2025-11-07,NA,10,6,31,36,8
REYNOSA,2025-11-08,NA,7,4,55,50,6
REYNOSA,2025-11-09,NA,10,7,58,41,7
REYNOSA,2025-11-10,NA,8,4,50,39,8
REYNOSA,2025-11-11,NA,14,12,54,34,13
REYNOSA,2025-11-12,NA,10,8,54,41,7
REYNOSA,2025-11-13,NA,16,8,52,33,7
REYNOSA,2025-11-14,NA,16,9,55,38,14
REYNOSA,2025-11-15,NA,16,5,61,39,13
REYNOSA,2025-11-16,NA,20,9,69,52,13
REYNOSA,2025-11-17,NA,11,10,49,39,12
REYNOSA,2025-11-18,NA,18,18,77,66,17
REYNOSA,2025-11-19,NA,19,17,70,70,10
REYNOSA,2025-11-20,NA,16,13,86,76,12
REYNOSA,2025-11-21,NA,13,10,59,58,10
REYNOSA,2025-11-22,NA,20,6,45,41,12
REYNOSA,2025-11-23,NA,16,6,56,53,14
REYNOSA,2025-11-24,NA,16,4,55,44,8
REYNOSA,2025-11-25,NA,14,4,51,44,5
REYNOSA,2025-11-26,NA,18,7,70,36,14
REYNOSA,2025-11-27,NA,19,9,93,41,17
REYNOSA,2025-11-28,NA,21,5,77,44,10
REYNOSA,2025-11-29,NA,20,5,79,54,9
REYNOSA,2025-11-30,NA,18,8,69,53,8
REYNOSA,2025-12-01,NA,13,3,54,50,6
REYNOSA,2025-12-02,NA,22,14,67,54,5
REYNOSA,2025-12-03,NA,20,18,70,54,11
REYNOSA,2025-12-04,NA,13,16,59,63,6
REYNOSA,2025-12-05,NA,8,13,55,42,9
REYNOSA,2025-12-06,NA,15,9,59,55,8
REYNOSA,2025-12-07,NA,22,11,56,43,10
REYNOSA,2025-12-08,NA,18,8,53,27,9
REYNOSA,2025-12-09,NA,15,12,69,36,11
REYNOSA,2025-12-10,NA,12,8,62,41,9
REYNOSA,2025-12-11,NA,13,5,51,43,11
REYNOSA,2025-12-12,NA,12,5,55,70,4
REYNOSA,2025-12-13,NA,20,5,54,43,3
REYNOSA,2025-12-14,NA,14,5,59,30,6
REYNOSA,2025-12-15,NA,14,3,52,26,7
REYNOSA,2025-12-16,NA,11,8,56,36,14
REYNOSA,2025-12-17,NA,9,4,45,36,9
REYNOSA,2025-12-18,NA,14,5,52,37,13
REYNOSA,2025-12-19,NA,12,5,57,35,9
REYNOSA,2025-12-20,NA,10,7,66,43,6
REYNOSA,2025-12-21,NA,8,5,51,56,10
REYNOSA,2025-12-22,NA,8,4,43,31,1
REYNOSA,2025-12-23,NA,14,3,49,50,9
REYNOSA,2025-12-24,NA,18,6,49,32,9
REYNOSA,2025-12-25,NA,12,6,38,18,1
REYNOSA,2025-12-26,NA,13,3,43,26,2
REYNOSA,2025-12-27,NA,13,12,61,59,7
REYNOSA,2025-12-28,NA,7,7,74,47,12
REYNOSA,2025-12-29,NA,9,8,56,24,10
REYNOSA,2025-12-30,NA,10,9,69,43,5
REYNOSA,2025-12-31,NA,9,8,55,42,5
REYNOSA,2026-01-01,NA,13,6,49,28,3
REYNOSA,2026-01-02,NA,15,8,44,23,2
REYNOSA,2026-01-03,NA,12,7,66,38,7
REYNOSA,2026-01-04,NA,15,5,68,58,9
REYNOSA,2026-01-05,NA,13,10,59,33,6
REYNOSA,2026-01-06,NA,16,7,51,52,13
REYNOSA,2026-01-07,NA,13,5,55,43,12
REYNOSA,2026-01-08,NA,17,10,60,49,15
REYNOSA,2026-01-09,NA,9,8,91,64,9
REYNOSA,2026-01-10,NA,16,13,113,60,11
REYNOSA,2026-01-11,NA,19,7,96,59,7
REYNOSA,2026-01-12,NA,16,7,61,29,2
REYNOSA,2026-01-13,NA,15,6,73,64,4
REYNOSA,2026-01-14,NA,14,9,71,63,11
REYNOSA,2026-01-15,NA,17,8,54,60,10
REYNOSA,2026-01-16,NA,19,7,59,46,11
REYNOSA,2026-01-17,NA,22,7,74,56,11
REYNOSA,2026-01-18,NA,23,5,61,80,10
REYNOSA,2026-01-19,NA,13,8,48,31,10
REYNOSA,2026-01-20,NA,12,4,51,47,8
REYNOSA,2026-01-21,NA,12,5,51,51,7
REYNOSA,2026-01-22,NA,10,9,44,39,7
REYNOSA,2026-01-23,NA,14,6,55,47,10
REYNOSA,2026-01-24,NA,12,4,61,53,11
REYNOSA,2026-01-25,NA,13,5,58,43,11
REYNOSA,2026-01-26,NA,11,4,52,37,7
REYNOSA,2026-01-27,NA,17,7,57,42,17
REYNOSA,2026-01-28,NA,17,7,56,47,8
REYNOSA,2026-01-29,NA,20,9,55,52,8
REYNOSA,2026-01-30,NA,24,6,71,51,6
REYNOSA,2026-01-31,NA,20,12,68,59,12
REYNOSA,2026-02-01,NA,17,9,70,67,12
REYNOSA,2026-02-02,NA,23,8,52,34,12
REYNOSA,2026-02-03,NA,33,6,60,60,8
REYNOSA,2026-02-04,NA,34,8,63,54,5
REYNOSA,2026-02-05,NA,25,6,63,42,7
REYNOSA,2026-02-06,NA,19,9,54,64,11
REYNOSA,2026-02-07,NA,15,5,69,55,15
REYNOSA,2026-02-08,NA,22,5,42,43,13
REYNOSA,2026-02-09,NA,19,6,52,33,12
REYNOSA,2026-02-10,NA,20,7,46,39,14
REYNOSA,2026-02-11,NA,16,4,63,34,10
REYNOSA,2026-02-12,NA,17,10,86,42,10
REYNOSA,2026-02-13,NA,20,14,80,69,11
REYNOSA,2026-02-14,NA,18,13,67,69,12
REYNOSA,2026-02-15,NA,12,8,60,51,6
REYNOSA,2026-02-16,NA,12,14,66,28,7
REYNOSA,2026-02-17,NA,20,14,63,51,10
REYNOSA,2026-02-18,NA,11,6,52,41,16
REYNOSA,2026-02-19,NA,7,9,65,46,13
REYNOSA,2026-02-20,NA,14,14,67,53,14
REYNOSA,2026-02-21,NA,19,6,76,66,11
REYNOSA,2026-02-22,NA,26,6,80,43,7
REYNOSA,2026-02-23,NA,13,5,70,35,7
REYNOSA,2026-02-24,NA,25,10,65,37,8
REYNOSA,2026-02-25,NA,16,8,45,33,13
REYNOSA,2026-02-26,NA,14,8,33,27,11
REYNOSA,2026-02-27,NA,17,5,56,39,11
REYNOSA,2026-02-28,NA,18,6,50,57,21
REYNOSA,2026-03-01,NA,20,7,75,45,15
REYNOSA,2026-03-02,NA,17,6,59,30,13
REYNOSA,2026-03-03,NA,17,10,54,40,11
REYNOSA,2026-03-04,NA,17,8,57,42,14
REYNOSA,2026-03-05,NA,13,13,73,54,13
REYNOSA,2026-03-06,NA,16,7,95,50,11
REYNOSA,2026-03-07,NA,22,6,103,62,12
REYNOSA,2026-03-08,NA,24,6,73,61,16
REYNOSA,2026-03-09,NA,20,5,56,28,8
REYNOSA,2026-03-10,NA,17,5,60,51,13
REYNOSA,2026-03-11,NA,28,12,75,75,19
REYNOSA,2026-03-12,NA,30,11,105,83,16
REYNOSA,2026-03-13,NA,21,14,96,91,8
REYNOSA,2026-03-14,NA,23,11,85,86,10
REYNOSA,2026-03-15,NA,18,9,59,68,6
REYNOSA,2026-03-16,NA,12,9,56,44,7
REYNOSA,2026-03-17,NA,15,12,82,47,9
REYNOSA,2026-03-18,NA,18,14,93,52,9
REYNOSA,2026-03-19,NA,12,9,65,49,11
REYNOSA,2026-03-20,NA,11,7,61,58,9
REYNOSA,2026-03-21,NA,20,8,78,60,10
REYNOSA,2026-03-22,NA,20,10,90,45,15
REYNOSA,2026-03-23,NA,17,8,56,33,8
REYNOSA,2026-03-24,NA,18,11,55,50,7
REYNOSA,2026-03-25,NA,15,6,63,45,11
REYNOSA,2026-03-26,NA,12,8,72,47,9
REYNOSA,2026-03-27,NA,15,8,73,55,6
REYNOSA,2026-03-28,NA,14,13,67,58,2
REYNOSA,2026-03-29,NA,23,12,75,46,3
REYNOSA,2026-03-30,NA,18,7,58,19,3
REYNOSA,2026-03-31,NA,23,11,90,38,9
REYNOSA,2026-04-01,NA,22,11,84,33,9
REYNOSA,2026-04-02,NA,26,9,92,75,17
REYNOSA,2026-04-03,NA,26,10,109,65,13
REYNOSA,2026-04-04,NA,23,15,100,75,20
REYNOSA,2026-04-05,NA,22,14,80,53,13
REYNOSA,2026-04-06,NA,19,13,101,20,14
REYNOSA,2026-04-07,NA,19,8,95,49,20
REYNOSA,2026-04-08,NA,16,12,80,50,10
REYNOSA,2026-04-09,NA,20,14,55,59,9
REYNOSA,2026-04-10,NA,19,10,62,40,12
REYNOSA,2026-04-11,NA,16,12,79,59,9
REYNOSA,2026-04-12,NA,19,6,64,79,8
REYNOSA,2026-04-13,NA,14,10,71,35,8
REYNOSA,2026-04-14,NA,15,10,102,46,14
REYNOSA,2026-04-15,NA,10,9,111,50,24
REYNOSA,2026-04-16,NA,12,11,86,43,20
REYNOSA,2026-04-17,NA,16,13,73,48,25
REYNOSA,2026-04-18,NA,16,17,94,70,19
REYNOSA,2026-04-19,NA,14,12,91,68,14
REYNOSA,2026-04-20,NA,16,16,68,34,8
REYNOSA,2026-04-21,NA,13,14,73,54,19
REYNOSA,2026-04-22,NA,8,12,78,38,20
REYNOSA,2026-04-23,NA,12,11,66,52,13
REYNOSA,2026-04-24,NA,18,12,66,49,9
REYNOSA,2026-04-25,NA,17,9,71,64,7
REYNOSA,2026-04-26,NA,19,10,73,58,6
REYNOSA,2026-04-27,NA,12,8,62,29,4
REYNOSA,2026-04-28,NA,12,12,53,29,14
REYNOSA,2026-04-29,NA,12,15,65,51,16
REYNOSA,2026-04-30,NA,12,7,54,36,17
REYNOSA,2026-05-01,NA,16,7,81,41,9
REYNOSA,2026-05-02,NA,15,11,67,62,16
REYNOSA,2026-05-03,NA,20,16,73,46,7
REYNOSA,2026-05-04,NA,21,8,52,39,9
REYNOSA,2026-05-05,NA,19,7,58,89,17
REYNOSA,2026-05-06,NA,22,17,87,80,18
REYNOSA,2026-05-07,NA,22,15,102,67,13
REYNOSA,2026-05-08,NA,14,10,61,53,8
REYNOSA,2026-05-09,NA,18,7,59,52,14
REYNOSA,2026-05-10,NA,18,11,75,43,11
REYNOSA,2026-05-11,NA,19,10,50,30,4
REYNOSA,2026-05-12,NA,20,11,82,48,12
REYNOSA,2026-05-13,NA,18,11,98,53,14
REYNOSA,2026-05-14,NA,20,17,83,66,15
REYNOSA,2026-05-15,NA,19,18,62,73,17
REYNOSA,2026-05-16,NA,19,18,81,65,8
REYNOSA,2026-05-17,NA,18,19,91,91,10
REYNOSA,2026-05-18,NA,27,20,117,43,8
REYNOSA,2026-05-19,NA,30,15,90,60,15
REYNOSA,2026-05-20,NA,27,14,100,77,20
REYNOSA,2026-05-21,NA,19,16,153,79,15
REYNOSA,2026-05-22,NA,19,13,101,85,13
REYNOSA,2026-05-23,NA,25,10,123,89,23
REYNOSA,2026-05-24,NA,21,8,83,71,12
REYNOSA,2026-05-25,NA,17,6,73,42,12
REYNOSA,2026-05-26,NA,11,8,94,61,16
REYNOSA,2026-05-27,NA,14,10,91,63,25
REYNOSA,2026-05-28,NA,20,13,85,78,20
REYNOSA,2026-05-29,NA,18,9,96,69,28
REYNOSA,2026-05-30,NA,28,13,93,78,31
REYNOSA,2026-05-31,NA,32,16,86,60,24
REYNOSA,2026-06-01,NA,22,10,67,37,18
REYNOSA,2026-06-02,NA,20,10,80,47,20
REYNOSA,2026-06-03,NA,22,12,67,81,21
REYNOSA,2026-06-04,NA,27,13,89,116,23
REYNOSA,2026-06-05,NA,25,18,81,124,21
REYNOSA,2026-06-06,NA,31,18,90,132,31
REYNOSA,2026-06-07,NA,35,17,95,117,34
REYNOSA,2026-06-08,NA,30,12,86,50,22
REYNOSA,2026-06-09,NA,23,14,84,62,34
REYNOSA,2026-06-10,NA,16,7,70,52,30
REYNOSA,2026-06-11,NA,21,15,91,52,25
REYNOSA,2026-06-12,NA,20,10,97,60,21
REYNOSA,2026-06-13,NA,19,10,73,58,29
REYNOSA,2026-06-14,NA,19,6,79,40,19
REYNOSA,2026-06-15,NA,16,10,74,19,18
REYNOSA,2026-06-16,NA,18,17,86,48,23
REYNOSA,2026-06-17,NA,19,15,147,60,17
REYNOSA,2026-06-18,NA,25,13,150,76,16
REYNOSA,2026-06-19,NA,23,17,189,79,28
REYNOSA,2026-06-20,NA,28,22,201,74,23
REYNOSA,2026-06-21,NA,30,19,150,79,21
REYNOSA,2026-06-22,NA,36,19,110,53,13
REYNOSA,2026-06-23,NA,27,26,151,60,19
REYNOSA,2026-06-24,NA,24,26,156,53,25
REYNOSA,2026-06-25,NA,23,25,112,68,23
REYNOSA,2026-06-26,NA,19,15,120,78,22
REYNOSA,2026-06-27,NA,19,15,112,80,23
REYNOSA,2026-06-28,NA,18,8,80,87,39
REYNOSA,2026-06-29,NA,19,7,72,61,31
REYNOSA,2026-06-30,NA,27,8,113,73,36
REYNOSA,2026-07-01,NA,25,11,104,74,40
REYNOSA,2026-07-02,NA,24,12,68,80,42
REYNOSA,2026-07-03,NA,26,8,86,81,37
REYNOSA,2026-07-04,NA,24,7,90,59,28
REYNOSA,2026-07-05,NA,22,8,72,63,33
REYNOSA,2026-07-06,NA,23,6,75,42,21
REYNOSA,2026-07-07,NA,22,8,69,47,24
REYNOSA,2026-07-08,NA,26,8,78,43,23
REYNOSA,2026-07-09,NA,19,6,71,47,24
REYNOSA,2026-07-10,NA,23,13,70,43,24
REYNOSA,2026-07-11,NA,26,16,97,61,31
REYNOSA,2026-07-12,NA,20,8,77,70,32
REYNOSA,2026-07-13,NA,16,6,57,39,31
REYNOSA,2026-07-14,NA,18,12,101,43,34
REYNOSA,2026-07-15,NA,21,11,107,46,32
REYNOSA,2026-07-16,NA,19,6,106,59,36
REYNOSA,2026-07-17,NA,16,9,101,91,33
REYNOSA,2026-07-18,NA,22,12,93,67,26
REYNOSA,2026-07-19,NA,25,6,73,81,21
REYNOSA,2026-07-20,NA,23,7,66,44,21
REYNOSA,2026-07-21,NA,19,6,89,56,14
REYNOSA,2026-07-22,NA,21,11,105,60,21
REYNOSA,2026-07-23,NA,18,5,103,65,16
REYNOSA,2026-07-24,NA,28,11,125,60,10
REYNOSA,2026-07-25,NA,28,11,95,74,13
REYNOSA,2026-07-26,NA,30,11,90,75,12
REYNOSA,2026-07-27,NA,20,7,71,52,7
REYNOSA,2026-07-28,NA,22,10,76,66,9
REYNOSA,2026-07-29,NA,20,12,80,71,12
REYNOSA,2026-07-30,NA,29,12,101,67,17
REYNOSA,2026-07-31,NA,21,12,92,61,14
REYNOSA,2026-08-01,1,24,12,71,61,19
REYNOSA,2026-08-02,NA,28,11,73,70,18
REYNOSA,2026-08-03,NA,18,11,97,47,12
REYNOSA,2026-08-04,3,28,11,157,69,15
REYNOSA,2026-08-05,2,31,13,179,79,18
REYNOSA,2026-08-06,3,32,11,156,125,28
REYNOSA,2026-08-07,3,28,9,136,105,29
REYNOSA,2026-08-08,2,29,15,109,91,28
REYNOSA,2026-08-09,1,25,11,108,58,20
REYNOSA,2026-08-10,NA,25,10,67,44,13
REYNOSA,2026-08-11,1,18,10,79,37,8
REYNOSA,2026-08-12,NA,25,17,86,72,12
REYNOSA,2026-08-13,2,18,9,93,57,19
REYNOSA,2026-08-14,NA,21,7,91,56,13
REYNOSA,2026-08-15,NA,22,5,84,72,14
REYNOSA,2026-08-16,NA,22,7,70,47,13
REYNOSA,2026-08-17,NA,15,8,51,36,7
REYNOSA,2026-08-18,2,30,9,63,57,20
REYNOSA,2026-08-19,2,24,10,82,53,16
REYNOSA,2026-08-20,NA,17,9,65,55,19
REYNOSA,2026-08-21,NA,17,10,98,67,22
REYNOSA,2026-08-22,2,25,14,87,80,22
REYNOSA,2026-08-23,2,30,8,74,65,19
REYNOSA,2026-08-24,NA,18,5,52,33,15
SALTILLO,2025-08-24,NA,15,6,47,39,16
SALTILLO,2025-08-25,NA,13,1,35,27,10
SALTILLO,2025-08-26,NA,9,3,66,35,20
SALTILLO,2025-08-27,NA,18,6,71,38,25
SALTILLO,2025-08-28,NA,25,11,75,46,21
SALTILLO,2025-08-29,NA,30,9,72,51,20
SALTILLO,2025-08-30,NA,37,11,99,51,22
SALTILLO,2025-08-31,NA,43,13,99,54,12
SALTILLO,2025-09-01,NA,26,16,70,51,10
SALTILLO,2025-09-02,NA,29,20,82,42,20
SALTILLO,2025-09-03,NA,28,16,108,75,20
SALTILLO,2025-09-04,NA,35,17,133,56,17
SALTILLO,2025-09-05,NA,33,18,102,54,19
SALTILLO,2025-09-06,NA,27,16,88,58,12
SALTILLO,2025-09-07,NA,31,10,69,59,16
SALTILLO,2025-09-08,NA,26,9,61,50,13
SALTILLO,2025-09-09,NA,21,13,74,57,16
SALTILLO,2025-09-10,NA,21,17,70,65,23
SALTILLO,2025-09-11,NA,18,6,71,55,30
SALTILLO,2025-09-12,NA,17,13,54,60,32
SALTILLO,2025-09-13,NA,20,6,61,57,15
SALTILLO,2025-09-14,NA,15,6,64,46,15
SALTILLO,2025-09-15,NA,13,1,44,47,10
SALTILLO,2025-09-16,NA,12,3,52,61,8
SALTILLO,2025-09-17,NA,12,NA,58,49,10
SALTILLO,2025-09-18,NA,14,3,65,43,24
SALTILLO,2025-09-19,NA,14,11,64,57,30
SALTILLO,2025-09-20,NA,15,13,74,53,26
SALTILLO,2025-09-21,NA,15,14,58,39,34
SALTILLO,2025-09-22,NA,12,11,56,32,17
SALTILLO,2025-09-23,NA,14,9,64,41,18
SALTILLO,2025-09-24,NA,14,7,56,46,20
SALTILLO,2025-09-25,NA,13,12,60,46,15
SALTILLO,2025-09-26,NA,15,15,55,43,20
SALTILLO,2025-09-27,NA,17,15,56,47,18
SALTILLO,2025-09-28,NA,22,13,60,37,7
SALTILLO,2025-09-29,NA,19,6,32,16,4
SALTILLO,2025-09-30,NA,16,9,54,51,6
SALTILLO,2025-10-01,NA,16,9,52,32,10
SALTILLO,2025-10-02,NA,12,8,64,28,22
SALTILLO,2025-10-03,NA,18,11,54,30,20
SALTILLO,2025-10-04,NA,17,5,39,39,19
SALTILLO,2025-10-05,NA,13,6,31,37,15
SALTILLO,2025-10-06,NA,10,3,30,18,7
SALTILLO,2025-10-07,NA,11,5,36,25,17
SALTILLO,2025-10-08,NA,16,6,37,23,15
SALTILLO,2025-10-09,NA,12,5,36,34,14
SALTILLO,2025-10-10,NA,9,2,43,45,17
SALTILLO,2025-10-11,NA,18,5,39,40,15
SALTILLO,2025-10-12,NA,17,7,27,24,13
SALTILLO,2025-10-13,NA,14,6,30,26,10
SALTILLO,2025-10-14,NA,14,2,40,40,10
SALTILLO,2025-10-15,NA,19,6,64,39,20
SALTILLO,2025-10-16,NA,25,9,68,53,26
SALTILLO,2025-10-17,NA,20,15,64,74,24
SALTILLO,2025-10-18,NA,22,10,53,63,25
SALTILLO,2025-10-19,NA,18,9,43,51,25
SALTILLO,2025-10-20,NA,15,5,37,43,14
SALTILLO,2025-10-21,NA,19,5,47,47,19
SALTILLO,2025-10-22,NA,13,6,58,57,29
SALTILLO,2025-10-23,NA,12,8,61,53,29
SALTILLO,2025-10-24,NA,20,11,65,68,25
SALTILLO,2025-10-25,NA,20,13,49,63,27
SALTILLO,2025-10-26,NA,16,7,39,44,17
SALTILLO,2025-10-27,NA,13,1,45,36,12
SALTILLO,2025-10-28,NA,23,7,53,44,18
SALTILLO,2025-10-29,NA,25,10,42,39,20
SALTILLO,2025-10-30,NA,22,8,37,29,13
SALTILLO,2025-10-31,NA,23,9,53,33,12
SALTILLO,2025-11-01,NA,17,12,50,36,12
SALTILLO,2025-11-02,NA,13,15,69,18,13
SALTILLO,2025-11-03,NA,12,8,45,27,9
SALTILLO,2025-11-04,NA,14,5,69,26,23
SALTILLO,2025-11-05,NA,14,11,51,37,24
SALTILLO,2025-11-06,NA,22,10,52,45,16
SALTILLO,2025-11-07,NA,16,9,42,46,20
SALTILLO,2025-11-08,NA,20,15,45,37,19
SALTILLO,2025-11-09,NA,16,14,32,43,14
SALTILLO,2025-11-10,NA,10,9,43,33,13
SALTILLO,2025-11-11,NA,11,3,54,55,19
SALTILLO,2025-11-12,NA,14,10,48,57,30
SALTILLO,2025-11-13,NA,10,11,45,48,29
SALTILLO,2025-11-14,NA,11,7,47,62,28
SALTILLO,2025-11-15,NA,15,7,42,76,17
SALTILLO,2025-11-16,NA,14,5,41,34,12
SALTILLO,2025-11-17,NA,11,7,33,31,4
SALTILLO,2025-11-18,NA,13,9,58,38,14
SALTILLO,2025-11-19,NA,18,13,50,49,19
SALTILLO,2025-11-20,NA,23,21,52,58,29
SALTILLO,2025-11-21,NA,19,17,51,63,24
SALTILLO,2025-11-22,NA,25,13,59,75,33
SALTILLO,2025-11-23,NA,27,17,54,52,26
SALTILLO,2025-11-24,NA,13,4,41,36,13
SALTILLO,2025-11-25,NA,12,8,68,41,19
SALTILLO,2025-11-26,NA,17,14,46,40,16
SALTILLO,2025-11-27,NA,17,16,47,51,24
SALTILLO,2025-11-28,NA,19,5,37,51,15
SALTILLO,2025-11-29,NA,25,6,40,56,12
SALTILLO,2025-11-30,NA,25,8,48,33,13
SALTILLO,2025-12-01,NA,22,11,38,35,10
SALTILLO,2025-12-02,NA,18,21,73,46,21
SALTILLO,2025-12-03,NA,19,16,55,32,18
SALTILLO,2025-12-04,NA,17,6,82,42,18
SALTILLO,2025-12-05,NA,18,8,50,42,15
SALTILLO,2025-12-06,NA,15,4,47,38,22
SALTILLO,2025-12-07,NA,10,1,42,35,17
SALTILLO,2025-12-08,NA,11,1,42,21,8
SALTILLO,2025-12-09,NA,13,4,50,26,14
SALTILLO,2025-12-10,NA,8,14,44,49,19
SALTILLO,2025-12-11,NA,7,10,54,48,21
SALTILLO,2025-12-12,NA,13,14,51,49,11
SALTILLO,2025-12-13,NA,17,5,35,50,13
SALTILLO,2025-12-14,NA,14,3,48,38,12
SALTILLO,2025-12-15,NA,14,6,33,30,1
SALTILLO,2025-12-16,NA,16,7,53,44,9
SALTILLO,2025-12-17,NA,11,12,57,51,17
SALTILLO,2025-12-18,NA,12,14,70,55,5
SALTILLO,2025-12-19,NA,10,17,65,51,10
SALTILLO,2025-12-20,NA,15,13,68,51,16
SALTILLO,2025-12-21,NA,17,15,50,45,15
SALTILLO,2025-12-22,NA,17,12,42,30,6
SALTILLO,2025-12-23,NA,19,9,61,39,13
SALTILLO,2025-12-24,NA,16,10,60,37,11
SALTILLO,2025-12-25,NA,14,5,42,20,10
SALTILLO,2025-12-26,NA,14,4,26,25,5
SALTILLO,2025-12-27,NA,14,11,35,56,8
SALTILLO,2025-12-28,NA,19,15,41,37,8
SALTILLO,2025-12-29,NA,15,9,27,24,5
SALTILLO,2025-12-30,NA,11,12,69,36,11
SALTILLO,2025-12-31,NA,10,22,69,30,10
SALTILLO,2026-01-01,NA,6,16,40,22,8
SALTILLO,2026-01-02,NA,8,13,39,33,8
SALTILLO,2026-01-03,NA,13,5,40,50,5
SALTILLO,2026-01-04,NA,16,7,47,36,4
SALTILLO,2026-01-05,NA,10,3,34,35,1
SALTILLO,2026-01-06,NA,13,15,49,52,14
SALTILLO,2026-01-07,NA,20,9,43,64,7
SALTILLO,2026-01-08,NA,19,12,56,53,10
SALTILLO,2026-01-09,NA,25,8,53,68,8
SALTILLO,2026-01-10,NA,25,12,63,70,11
SALTILLO,2026-01-11,NA,19,15,52,51,6
SALTILLO,2026-01-12,NA,13,15,74,63,4
SALTILLO,2026-01-13,NA,18,23,91,89,10
SALTILLO,2026-01-14,NA,24,33,82,80,22
SALTILLO,2026-01-15,NA,19,29,74,75,18
SALTILLO,2026-01-16,NA,13,19,66,76,28
SALTILLO,2026-01-17,NA,21,24,57,66,28
SALTILLO,2026-01-18,NA,26,19,56,57,26
SALTILLO,2026-01-19,NA,23,15,48,50,10
SALTILLO,2026-01-20,NA,25,10,69,51,17
SALTILLO,2026-01-21,NA,22,12,52,58,16
SALTILLO,2026-01-22,NA,21,9,43,71,21
SALTILLO,2026-01-23,NA,17,14,68,55,12
SALTILLO,2026-01-24,NA,17,12,62,68,19
SALTILLO,2026-01-25,NA,18,7,58,60,13
SALTILLO,2026-01-26,NA,11,7,56,34,7
SALTILLO,2026-01-27,NA,15,19,70,47,15
SALTILLO,2026-01-28,NA,18,21,56,36,20
SALTILLO,2026-01-29,NA,19,16,53,59,20
SALTILLO,2026-01-30,NA,21,21,55,50,16
SALTILLO,2026-01-31,NA,23,18,61,60,10
SALTILLO,2026-02-01,NA,23,19,67,57,NA
SALTILLO,2026-02-02,NA,18,4,41,32,3
SALTILLO,2026-02-03,NA,14,7,43,44,8
SALTILLO,2026-02-04,NA,17,12,45,56,15
SALTILLO,2026-02-05,NA,13,7,38,44,23
SALTILLO,2026-02-06,NA,14,9,27,55,8
SALTILLO,2026-02-07,NA,8,14,41,51,10
SALTILLO,2026-02-08,NA,9,16,41,52,11
SALTILLO,2026-02-09,NA,12,9,32,31,15
SALTILLO,2026-02-10,NA,15,8,54,35,28
SALTILLO,2026-02-11,NA,23,9,54,29,12
SALTILLO,2026-02-12,NA,17,9,49,54,15
SALTILLO,2026-02-13,NA,17,6,60,59,9
SALTILLO,2026-02-14,NA,17,8,73,79,16
SALTILLO,2026-02-15,NA,22,9,70,58,11
SALTILLO,2026-02-16,NA,17,7,58,38,2
SALTILLO,2026-02-17,NA,20,12,52,67,8
SALTILLO,2026-02-18,NA,15,19,55,63,8
SALTILLO,2026-02-19,NA,11,10,41,66,9
SALTILLO,2026-02-20,NA,10,3,49,71,9
SALTILLO,2026-02-21,NA,14,7,67,75,14
SALTILLO,2026-02-22,NA,12,9,53,52,16
SALTILLO,2026-02-23,NA,8,8,43,36,5
SALTILLO,2026-02-24,NA,10,5,62,35,7
SALTILLO,2026-02-25,NA,11,8,55,56,17
SALTILLO,2026-02-26,NA,16,14,58,64,23
SALTILLO,2026-02-27,NA,21,13,54,65,17
SALTILLO,2026-02-28,NA,25,10,47,69,11
SALTILLO,2026-03-01,NA,31,13,62,47,2
SALTILLO,2026-03-02,NA,25,11,49,31,1
SALTILLO,2026-03-03,NA,19,12,60,47,10
SALTILLO,2026-03-04,NA,18,6,52,47,19
SALTILLO,2026-03-05,NA,12,11,60,63,14
SALTILLO,2026-03-06,NA,18,12,72,63,9
SALTILLO,2026-03-07,NA,18,18,79,76,7
SALTILLO,2026-03-08,NA,21,20,63,70,7
SALTILLO,2026-03-09,NA,22,15,50,50,11
SALTILLO,2026-03-10,NA,18,23,58,77,13
SALTILLO,2026-03-11,NA,14,18,62,49,15
SALTILLO,2026-03-12,NA,13,17,64,60,20
SALTILLO,2026-03-13,NA,12,17,59,46,17
SALTILLO,2026-03-14,NA,18,12,50,61,20
SALTILLO,2026-03-15,NA,18,14,65,35,15
SALTILLO,2026-03-16,NA,15,7,52,40,11
SALTILLO,2026-03-17,NA,13,8,47,33,11
SALTILLO,2026-03-18,NA,11,13,62,44,13
SALTILLO,2026-03-19,NA,10,20,56,53,14
SALTILLO,2026-03-20,NA,10,11,58,70,7
SALTILLO,2026-03-21,NA,17,10,49,63,11
SALTILLO,2026-03-22,NA,16,6,45,60,9
SALTILLO,2026-03-23,NA,7,3,39,33,9
SALTILLO,2026-03-24,NA,12,10,54,45,21
SALTILLO,2026-03-25,NA,12,7,50,39,21
SALTILLO,2026-03-26,NA,11,7,47,45,11
SALTILLO,2026-03-27,NA,12,10,57,50,4
SALTILLO,2026-03-28,NA,12,8,49,45,11
SALTILLO,2026-03-29,NA,16,7,50,45,14
SALTILLO,2026-03-30,NA,12,9,57,29,11
SALTILLO,2026-03-31,NA,17,10,56,57,17
SALTILLO,2026-04-01,NA,17,11,47,63,9
SALTILLO,2026-04-02,NA,19,7,50,67,7
SALTILLO,2026-04-03,NA,12,5,42,38,7
SALTILLO,2026-04-04,NA,5,4,34,27,7
SALTILLO,2026-04-05,NA,4,6,40,19,8
SALTILLO,2026-04-06,NA,5,4,53,27,3
SALTILLO,2026-04-07,NA,12,11,102,58,16
SALTILLO,2026-04-08,NA,20,21,81,70,18
SALTILLO,2026-04-09,NA,23,24,85,58,19
SALTILLO,2026-04-10,NA,24,13,87,58,8
SALTILLO,2026-04-11,NA,25,15,85,63,13
SALTILLO,2026-04-12,NA,27,19,70,44,8
SALTILLO,2026-04-13,NA,25,7,64,44,7
SALTILLO,2026-04-14,NA,24,19,116,54,7
SALTILLO,2026-04-15,NA,19,24,86,71,16
SALTILLO,2026-04-16,NA,22,27,79,105,14
SALTILLO,2026-04-17,NA,21,31,89,91,9
SALTILLO,2026-04-18,NA,26,37,71,90,6
SALTILLO,2026-04-19,NA,31,19,72,83,14
SALTILLO,2026-04-20,NA,28,16,70,56,11
SALTILLO,2026-04-21,NA,26,21,96,53,20
SALTILLO,2026-04-22,NA,32,21,95,63,26
SALTILLO,2026-04-23,NA,31,9,88,71,22
SALTILLO,2026-04-24,NA,27,16,73,77,35
SALTILLO,2026-04-25,NA,16,19,70,58,38
SALTILLO,2026-04-26,NA,14,17,62,36,30
SALTILLO,2026-04-27,NA,12,12,39,26,19
SALTILLO,2026-04-28,NA,14,7,67,33,23
SALTILLO,2026-04-29,NA,18,9,68,66,12
SALTILLO,2026-04-30,NA,22,9,61,49,16
SALTILLO,2026-05-01,NA,20,7,73,42,13
SALTILLO,2026-05-02,NA,19,12,49,37,15
SALTILLO,2026-05-03,NA,19,11,54,30,15
SALTILLO,2026-05-04,NA,15,6,52,27,12
SALTILLO,2026-05-05,NA,13,8,71,44,15
SALTILLO,2026-05-06,NA,19,14,51,60,25
SALTILLO,2026-05-07,NA,18,15,56,62,26
SALTILLO,2026-05-08,NA,13,11,56,45,18
SALTILLO,2026-05-09,NA,20,6,56,49,20
SALTILLO,2026-05-10,NA,15,11,44,43,18
SALTILLO,2026-05-11,NA,9,8,43,35,16
SALTILLO,2026-05-12,NA,16,10,49,36,10
SALTILLO,2026-05-13,NA,8,11,47,57,14
SALTILLO,2026-05-14,NA,10,12,55,58,21
SALTILLO,2026-05-15,NA,18,14,47,53,26
SALTILLO,2026-05-16,NA,15,19,75,62,29
SALTILLO,2026-05-17,NA,17,16,83,39,34
SALTILLO,2026-05-18,NA,22,11,75,31,21
SALTILLO,2026-05-19,NA,21,9,73,33,23
SALTILLO,2026-05-20,NA,23,12,71,50,26
SALTILLO,2026-05-21,NA,21,21,77,61,29
SALTILLO,2026-05-22,NA,20,24,85,60,27
SALTILLO,2026-05-23,NA,26,22,86,58,26
SALTILLO,2026-05-24,NA,31,21,74,56,17
SALTILLO,2026-05-25,NA,20,19,49,22,10
SALTILLO,2026-05-26,NA,18,17,61,62,13
SALTILLO,2026-05-27,NA,11,9,57,71,18
SALTILLO,2026-05-28,NA,16,6,43,54,20
SALTILLO,2026-05-29,NA,22,7,47,55,8
SALTILLO,2026-05-30,NA,20,14,51,66,11
SALTILLO,2026-05-31,NA,22,16,44,40,12
SALTILLO,2026-06-01,NA,20,9,45,20,14
SALTILLO,2026-06-02,NA,19,8,43,39,24
SALTILLO,2026-06-03,NA,22,7,60,54,28
SALTILLO,2026-06-04,NA,17,9,65,54,32
SALTILLO,2026-06-05,NA,17,23,56,50,31
SALTILLO,2026-06-06,NA,19,16,82,60,36
SALTILLO,2026-06-07,NA,13,9,72,30,31
SALTILLO,2026-06-08,NA,12,8,51,31,22
SALTILLO,2026-06-09,NA,15,20,97,51,37
SALTILLO,2026-06-10,NA,15,15,102,61,12
SALTILLO,2026-06-11,NA,21,16,90,52,13
SALTILLO,2026-06-12,NA,12,8,79,50,17
SALTILLO,2026-06-13,NA,23,8,82,59,21
SALTILLO,2026-06-14,NA,20,9,64,45,19
SALTILLO,2026-06-15,NA,19,5,56,38,15
SALTILLO,2026-06-16,NA,29,17,115,70,15
SALTILLO,2026-06-17,NA,41,24,149,75,18
SALTILLO,2026-06-18,NA,21,30,161,78,16
SALTILLO,2026-06-19,NA,23,32,143,95,22
SALTILLO,2026-06-20,NA,23,35,130,104,28
SALTILLO,2026-06-21,NA,24,33,101,106,23
SALTILLO,2026-06-22,NA,24,32,99,40,17
SALTILLO,2026-06-23,NA,15,34,108,68,28
SALTILLO,2026-06-24,NA,8,27,94,76,29
SALTILLO,2026-06-25,NA,9,23,103,67,23
SALTILLO,2026-06-26,NA,11,18,106,70,11
SALTILLO,2026-06-27,NA,17,27,114,94,14
SALTILLO,2026-06-28,NA,15,20,77,77,14
SALTILLO,2026-06-29,NA,15,21,80,47,13
SALTILLO,2026-06-30,NA,24,29,79,47,23
SALTILLO,2026-07-01,NA,22,29,93,52,15
SALTILLO,2026-07-02,NA,26,29,94,62,19
SALTILLO,2026-07-03,NA,21,20,83,68,21
SALTILLO,2026-07-04,NA,21,18,90,64,26
SALTILLO,2026-07-05,NA,26,20,58,66,22
SALTILLO,2026-07-06,NA,21,22,69,44,22
SALTILLO,2026-07-07,NA,19,17,62,58,15
SALTILLO,2026-07-08,NA,19,17,96,76,22
SALTILLO,2026-07-09,NA,21,20,94,63,31
SALTILLO,2026-07-10,NA,24,19,73,60,16
SALTILLO,2026-07-11,NA,28,8,79,57,23
SALTILLO,2026-07-12,NA,20,6,59,40,19
SALTILLO,2026-07-13,NA,19,5,53,52,10
SALTILLO,2026-07-14,NA,18,12,69,62,19
SALTILLO,2026-07-15,NA,16,17,102,93,29
SALTILLO,2026-07-16,NA,18,25,95,99,22
SALTILLO,2026-07-17,NA,24,27,126,117,24
SALTILLO,2026-07-18,NA,28,22,93,121,13
SALTILLO,2026-07-19,NA,26,24,88,100,21
SALTILLO,2026-07-20,NA,22,11,42,54,17
SALTILLO,2026-07-21,NA,21,17,84,76,24
SALTILLO,2026-07-22,NA,21,17,90,86,24
SALTILLO,2026-07-23,NA,19,23,84,81,25
SALTILLO,2026-07-24,NA,19,13,67,79,14
SALTILLO,2026-07-25,NA,22,14,70,74,19
SALTILLO,2026-07-26,NA,25,11,65,42,16
SALTILLO,2026-07-27,NA,12,9,22,56,10
SALTILLO,2026-07-28,NA,11,13,61,51,12
SALTILLO,2026-07-29,NA,14,17,59,40,18
SALTILLO,2026-07-30,NA,20,12,54,52,12
SALTILLO,2026-07-31,NA,19,13,59,50,24
SALTILLO,2026-08-01,3,17,11,47,61,11
SALTILLO,2026-08-02,3,13,7,55,38,8
SALTILLO,2026-08-03,2,10,5,21,32,9
SALTILLO,2026-08-04,2,10,12,75,59,10
SALTILLO,2026-08-05,5,19,4,68,63,14
SALTILLO,2026-08-06,5,10,7,64,59,14
SALTILLO,2026-08-07,2,11,11,57,71,15
SALTILLO,2026-08-08,2,16,6,57,84,22
SALTILLO,2026-08-09,2,16,9,44,60,15
SALTILLO,2026-08-10,1,13,5,58,41,6
SALTILLO,2026-08-11,1,12,7,44,48,16
SALTILLO,2026-08-12,2,8,8,62,69,13
SALTILLO,2026-08-13,2,11,15,48,63,15
SALTILLO,2026-08-14,2,14,15,73,81,19
SALTILLO,2026-08-15,3,18,26,79,76,23
SALTILLO,2026-08-16,5,15,16,72,66,14
SALTILLO,2026-08-17,12,14,21,88,41,12
SALTILLO,2026-08-18,7,13,18,87,77,19
SALTILLO,2026-08-19,5,14,19,104,80,12
SALTILLO,2026-08-20,6,14,28,73,74,8
SALTILLO,2026-08-21,9,17,33,56,71,15
SALTILLO,2026-08-22,8,22,40,68,75,11
SALTILLO,2026-08-23,5,23,27,57,59,17
SALTILLO,2026-08-24,1,17,12,46,43,10
SAN LUIS POTOSI,2025-08-24,NA,19,12,31,24,39
SAN LUIS POTOSI,2025-08-25,NA,20,19,41,21,36
SAN LUIS POTOSI,2025-08-26,NA,21,12,64,34,31
SAN LUIS POTOSI,2025-08-27,NA,30,16,70,27,32
SAN LUIS POTOSI,2025-08-28,NA,35,23,60,53,32
SAN LUIS POTOSI,2025-08-29,NA,36,16,56,45,29
SAN LUIS POTOSI,2025-08-30,NA,40,26,59,59,36
SAN LUIS POTOSI,2025-08-31,NA,29,13,53,24,26
SAN LUIS POTOSI,2025-09-01,NA,27,15,59,19,22
SAN LUIS POTOSI,2025-09-02,NA,25,11,73,32,27
SAN LUIS POTOSI,2025-09-03,NA,20,22,79,31,46
SAN LUIS POTOSI,2025-09-04,NA,21,16,67,38,50
SAN LUIS POTOSI,2025-09-05,NA,26,19,65,26,51
SAN LUIS POTOSI,2025-09-06,NA,29,26,67,38,44
SAN LUIS POTOSI,2025-09-07,NA,24,16,57,33,47
SAN LUIS POTOSI,2025-09-08,NA,19,16,50,25,46
SAN LUIS POTOSI,2025-09-09,NA,17,13,61,27,42
SAN LUIS POTOSI,2025-09-10,NA,21,17,67,37,55
SAN LUIS POTOSI,2025-09-11,NA,21,16,63,34,49
SAN LUIS POTOSI,2025-09-12,NA,28,15,62,47,47
SAN LUIS POTOSI,2025-09-13,NA,33,13,52,47,55
SAN LUIS POTOSI,2025-09-14,NA,27,18,54,31,43
SAN LUIS POTOSI,2025-09-15,NA,15,15,44,30,33
SAN LUIS POTOSI,2025-09-16,NA,18,11,49,29,22
SAN LUIS POTOSI,2025-09-17,NA,15,10,34,31,29
SAN LUIS POTOSI,2025-09-18,NA,23,7,44,26,38
SAN LUIS POTOSI,2025-09-19,NA,20,12,49,19,31
SAN LUIS POTOSI,2025-09-20,NA,26,6,56,24,21
SAN LUIS POTOSI,2025-09-21,NA,25,11,48,20,22
SAN LUIS POTOSI,2025-09-22,NA,19,6,29,14,19
SAN LUIS POTOSI,2025-09-23,NA,18,15,49,19,32
SAN LUIS POTOSI,2025-09-24,NA,19,19,56,28,33
SAN LUIS POTOSI,2025-09-25,NA,17,20,68,28,31
SAN LUIS POTOSI,2025-09-26,NA,19,22,43,30,23
SAN LUIS POTOSI,2025-09-27,NA,27,15,67,36,34
SAN LUIS POTOSI,2025-09-28,NA,24,18,49,17,35
SAN LUIS POTOSI,2025-09-29,NA,21,10,49,15,18
SAN LUIS POTOSI,2025-09-30,NA,23,17,60,27,29
SAN LUIS POTOSI,2025-10-01,NA,28,21,47,21,30
SAN LUIS POTOSI,2025-10-02,NA,24,32,62,25,38
SAN LUIS POTOSI,2025-10-03,NA,30,28,62,28,39
SAN LUIS POTOSI,2025-10-04,NA,38,26,54,35,37
SAN LUIS POTOSI,2025-10-05,NA,34,21,57,32,56
SAN LUIS POTOSI,2025-10-06,NA,26,18,53,28,44
SAN LUIS POTOSI,2025-10-07,NA,27,18,53,36,41
SAN LUIS POTOSI,2025-10-08,NA,26,22,52,34,36
SAN LUIS POTOSI,2025-10-09,NA,32,21,74,45,39
SAN LUIS POTOSI,2025-10-10,NA,33,25,72,43,41
SAN LUIS POTOSI,2025-10-11,NA,38,24,69,39,35
SAN LUIS POTOSI,2025-10-12,NA,22,25,51,27,20
SAN LUIS POTOSI,2025-10-13,NA,20,19,55,25,17
SAN LUIS POTOSI,2025-10-14,NA,32,17,64,42,32
SAN LUIS POTOSI,2025-10-15,NA,32,18,70,61,39
SAN LUIS POTOSI,2025-10-16,NA,26,20,72,44,44
SAN LUIS POTOSI,2025-10-17,NA,25,24,68,54,45
SAN LUIS POTOSI,2025-10-18,NA,21,28,54,45,37
SAN LUIS POTOSI,2025-10-19,NA,27,18,53,28,33
SAN LUIS POTOSI,2025-10-20,NA,21,15,42,39,29
SAN LUIS POTOSI,2025-10-21,NA,20,12,59,36,37
SAN LUIS POTOSI,2025-10-22,NA,21,17,69,38,28
SAN LUIS POTOSI,2025-10-23,NA,21,13,65,39,26
SAN LUIS POTOSI,2025-10-24,NA,19,17,78,42,23
SAN LUIS POTOSI,2025-10-25,NA,21,13,69,48,34
SAN LUIS POTOSI,2025-10-26,NA,15,14,53,37,42
SAN LUIS POTOSI,2025-10-27,NA,15,13,37,20,29
SAN LUIS POTOSI,2025-10-28,NA,18,25,43,23,32
SAN LUIS POTOSI,2025-10-29,NA,23,25,48,47,45
SAN LUIS POTOSI,2025-10-30,NA,27,21,64,37,39
SAN LUIS POTOSI,2025-10-31,NA,37,18,52,29,49
SAN LUIS POTOSI,2025-11-01,NA,25,14,53,23,46
SAN LUIS POTOSI,2025-11-02,NA,21,8,41,23,39
SAN LUIS POTOSI,2025-11-03,NA,23,8,33,12,35
SAN LUIS POTOSI,2025-11-04,NA,21,19,40,19,49
SAN LUIS POTOSI,2025-11-05,NA,22,20,50,31,57
SAN LUIS POTOSI,2025-11-06,NA,27,17,46,35,55
SAN LUIS POTOSI,2025-11-07,NA,29,20,52,46,43
SAN LUIS POTOSI,2025-11-08,NA,25,18,72,48,43
SAN LUIS POTOSI,2025-11-09,NA,15,19,49,31,26
SAN LUIS POTOSI,2025-11-10,NA,14,13,35,30,20
SAN LUIS POTOSI,2025-11-11,NA,20,24,51,37,31
SAN LUIS POTOSI,2025-11-12,NA,16,14,49,40,29
SAN LUIS POTOSI,2025-11-13,NA,26,25,74,41,27
SAN LUIS POTOSI,2025-11-14,NA,18,21,69,33,38
SAN LUIS POTOSI,2025-11-15,NA,22,26,72,54,36
SAN LUIS POTOSI,2025-11-16,NA,24,23,48,45,38
SAN LUIS POTOSI,2025-11-17,NA,18,16,47,51,33
SAN LUIS POTOSI,2025-11-18,NA,20,17,83,39,38
SAN LUIS POTOSI,2025-11-19,NA,24,20,77,41,41
SAN LUIS POTOSI,2025-11-20,NA,22,20,74,46,52
SAN LUIS POTOSI,2025-11-21,NA,29,16,69,50,46
SAN LUIS POTOSI,2025-11-22,NA,28,14,85,51,56
SAN LUIS POTOSI,2025-11-23,NA,23,12,41,38,39
SAN LUIS POTOSI,2025-11-24,NA,17,9,37,28,33
SAN LUIS POTOSI,2025-11-25,NA,19,19,46,36,34
SAN LUIS POTOSI,2025-11-26,NA,20,14,43,37,24
SAN LUIS POTOSI,2025-11-27,NA,22,11,55,39,14
SAN LUIS POTOSI,2025-11-28,NA,33,14,57,36,16
SAN LUIS POTOSI,2025-11-29,NA,34,14,50,52,24
SAN LUIS POTOSI,2025-11-30,NA,39,11,56,31,27
SAN LUIS POTOSI,2025-12-01,NA,27,8,47,29,26
SAN LUIS POTOSI,2025-12-02,NA,27,20,70,45,31
SAN LUIS POTOSI,2025-12-03,NA,31,24,72,42,59
SAN LUIS POTOSI,2025-12-04,NA,37,18,71,45,44
SAN LUIS POTOSI,2025-12-05,NA,35,12,71,50,45
SAN LUIS POTOSI,2025-12-06,NA,33,17,57,55,40
SAN LUIS POTOSI,2025-12-07,NA,32,20,73,41,29
SAN LUIS POTOSI,2025-12-08,NA,34,16,60,51,14
SAN LUIS POTOSI,2025-12-09,NA,23,24,95,51,25
SAN LUIS POTOSI,2025-12-10,NA,24,58,104,52,38
SAN LUIS POTOSI,2025-12-11,NA,30,47,92,69,46
SAN LUIS POTOSI,2025-12-12,NA,27,35,116,55,40
SAN LUIS POTOSI,2025-12-13,NA,27,31,138,51,42
SAN LUIS POTOSI,2025-12-14,NA,26,33,88,44,33
SAN LUIS POTOSI,2025-12-15,NA,25,25,67,35,28
SAN LUIS POTOSI,2025-12-16,NA,34,37,81,61,56
SAN LUIS POTOSI,2025-12-17,NA,29,28,95,49,48
SAN LUIS POTOSI,2025-12-18,NA,29,31,106,53,48
SAN LUIS POTOSI,2025-12-19,NA,33,25,78,55,40
SAN LUIS POTOSI,2025-12-20,NA,41,18,56,69,41
SAN LUIS POTOSI,2025-12-21,NA,32,15,51,30,34
SAN LUIS POTOSI,2025-12-22,NA,29,14,46,32,20
SAN LUIS POTOSI,2025-12-23,NA,31,21,61,35,42
SAN LUIS POTOSI,2025-12-24,NA,27,31,64,23,59
SAN LUIS POTOSI,2025-12-25,NA,12,15,47,19,32
SAN LUIS POTOSI,2025-12-26,NA,16,18,44,10,15
SAN LUIS POTOSI,2025-12-27,NA,27,9,45,27,24
SAN LUIS POTOSI,2025-12-28,NA,20,9,41,23,19
SAN LUIS POTOSI,2025-12-29,NA,20,9,38,26,12
SAN LUIS POTOSI,2025-12-30,NA,19,20,56,39,33
SAN LUIS POTOSI,2025-12-31,NA,16,14,52,35,28
SAN LUIS POTOSI,2026-01-01,NA,21,8,48,16,24
SAN LUIS POTOSI,2026-01-02,NA,25,7,48,34,17
SAN LUIS POTOSI,2026-01-03,NA,24,23,54,39,34
SAN LUIS POTOSI,2026-01-04,NA,23,13,43,35,30
SAN LUIS POTOSI,2026-01-05,NA,19,16,44,23,19
SAN LUIS POTOSI,2026-01-06,NA,22,31,69,41,45
SAN LUIS POTOSI,2026-01-07,NA,27,28,69,35,42
SAN LUIS POTOSI,2026-01-08,NA,15,22,61,52,34
SAN LUIS POTOSI,2026-01-09,NA,22,19,50,50,27
SAN LUIS POTOSI,2026-01-10,NA,24,16,50,58,33
SAN LUIS POTOSI,2026-01-11,NA,24,16,34,26,24
SAN LUIS POTOSI,2026-01-12,NA,21,11,39,24,28
SAN LUIS POTOSI,2026-01-13,NA,29,17,50,46,41
SAN LUIS POTOSI,2026-01-14,NA,29,28,56,29,42
SAN LUIS POTOSI,2026-01-15,NA,29,19,50,48,34
SAN LUIS POTOSI,2026-01-16,NA,29,14,46,57,32
SAN LUIS POTOSI,2026-01-17,NA,38,18,63,63,41
SAN LUIS POTOSI,2026-01-18,NA,35,17,50,39,27
SAN LUIS POTOSI,2026-01-19,NA,27,7,46,40,25
SAN LUIS POTOSI,2026-01-20,NA,33,11,68,63,43
SAN LUIS POTOSI,2026-01-21,NA,28,25,46,49,33
SAN LUIS POTOSI,2026-01-22,NA,24,29,66,46,24
SAN LUIS POTOSI,2026-01-23,NA,36,29,69,44,28
SAN LUIS POTOSI,2026-01-24,NA,35,25,68,55,39
SAN LUIS POTOSI,2026-01-25,NA,23,21,52,36,43
SAN LUIS POTOSI,2026-01-26,NA,22,10,43,34,31
SAN LUIS POTOSI,2026-01-27,NA,23,9,51,47,22
SAN LUIS POTOSI,2026-01-28,NA,32,18,58,42,51
SAN LUIS POTOSI,2026-01-29,NA,40,22,58,47,56
SAN LUIS POTOSI,2026-01-30,NA,40,21,58,54,37
SAN LUIS POTOSI,2026-01-31,NA,46,22,54,64,39
SAN LUIS POTOSI,2026-02-01,NA,38,22,62,41,39
SAN LUIS POTOSI,2026-02-02,NA,32,15,46,31,22
SAN LUIS POTOSI,2026-02-03,NA,35,20,48,22,27
SAN LUIS POTOSI,2026-02-04,NA,30,18,49,47,44
SAN LUIS POTOSI,2026-02-05,NA,30,13,73,47,36
SAN LUIS POTOSI,2026-02-06,NA,35,23,55,40,29
SAN LUIS POTOSI,2026-02-07,NA,32,19,57,51,35
SAN LUIS POTOSI,2026-02-08,NA,25,13,53,42,24
SAN LUIS POTOSI,2026-02-09,NA,16,9,39,41,17
SAN LUIS POTOSI,2026-02-10,NA,19,15,49,47,30
SAN LUIS POTOSI,2026-02-11,NA,30,22,60,44,31
SAN LUIS POTOSI,2026-02-12,NA,29,22,57,40,26
SAN LUIS POTOSI,2026-02-13,NA,32,11,67,44,32
SAN LUIS POTOSI,2026-02-14,NA,27,11,65,40,38
SAN LUIS POTOSI,2026-02-15,NA,23,14,36,27,29
SAN LUIS POTOSI,2026-02-16,NA,13,13,53,26,17
SAN LUIS POTOSI,2026-02-17,NA,22,18,57,50,18
SAN LUIS POTOSI,2026-02-18,NA,20,16,62,44,33
SAN LUIS POTOSI,2026-02-19,NA,20,11,65,44,26
SAN LUIS POTOSI,2026-02-20,NA,28,13,66,54,23
SAN LUIS POTOSI,2026-02-21,NA,27,13,63,67,35
SAN LUIS POTOSI,2026-02-22,NA,22,10,40,29,20
SAN LUIS POTOSI,2026-02-23,NA,21,9,47,33,13
SAN LUIS POTOSI,2026-02-24,NA,20,11,50,42,23
SAN LUIS POTOSI,2026-02-25,NA,30,11,46,44,24
SAN LUIS POTOSI,2026-02-26,NA,29,7,49,48,24
SAN LUIS POTOSI,2026-02-27,NA,41,12,57,52,26
SAN LUIS POTOSI,2026-02-28,NA,51,17,74,49,36
SAN LUIS POTOSI,2026-03-01,NA,40,18,59,33,31
SAN LUIS POTOSI,2026-03-02,NA,33,10,38,48,21
SAN LUIS POTOSI,2026-03-03,NA,36,17,56,55,33
SAN LUIS POTOSI,2026-03-04,NA,29,18,67,58,34
SAN LUIS POTOSI,2026-03-05,NA,30,18,68,56,29
SAN LUIS POTOSI,2026-03-06,NA,32,25,68,56,20
SAN LUIS POTOSI,2026-03-07,NA,31,25,78,53,36
SAN LUIS POTOSI,2026-03-08,NA,25,26,55,37,30
SAN LUIS POTOSI,2026-03-09,NA,17,19,53,34,20
SAN LUIS POTOSI,2026-03-10,NA,27,28,69,45,26
SAN LUIS POTOSI,2026-03-11,NA,23,27,67,47,37
SAN LUIS POTOSI,2026-03-12,NA,30,13,62,53,28
SAN LUIS POTOSI,2026-03-13,NA,35,12,67,69,25
SAN LUIS POTOSI,2026-03-14,NA,38,30,72,52,34
SAN LUIS POTOSI,2026-03-15,NA,28,26,70,32,32
SAN LUIS POTOSI,2026-03-16,NA,30,19,69,34,31
SAN LUIS POTOSI,2026-03-17,NA,21,21,51,25,34
SAN LUIS POTOSI,2026-03-18,NA,28,14,70,36,28
SAN LUIS POTOSI,2026-03-19,NA,23,18,71,25,37
SAN LUIS POTOSI,2026-03-20,NA,24,16,52,33,29
SAN LUIS POTOSI,2026-03-21,NA,29,21,56,34,41
SAN LUIS POTOSI,2026-03-22,NA,24,27,58,37,35
SAN LUIS POTOSI,2026-03-23,NA,24,23,61,24,28
SAN LUIS POTOSI,2026-03-24,NA,22,20,57,40,33
SAN LUIS POTOSI,2026-03-25,NA,29,20,51,27,30
SAN LUIS POTOSI,2026-03-26,NA,28,16,57,43,28
SAN LUIS POTOSI,2026-03-27,NA,34,15,60,51,40
SAN LUIS POTOSI,2026-03-28,NA,33,22,71,51,40
SAN LUIS POTOSI,2026-03-29,NA,30,14,69,38,38
SAN LUIS POTOSI,2026-03-30,NA,24,9,56,47,18
SAN LUIS POTOSI,2026-03-31,NA,33,27,57,52,31
SAN LUIS POTOSI,2026-04-01,NA,33,32,60,32,61
SAN LUIS POTOSI,2026-04-02,NA,33,38,66,39,46
SAN LUIS POTOSI,2026-04-03,NA,27,17,42,36,39
SAN LUIS POTOSI,2026-04-04,NA,23,13,43,37,35
SAN LUIS POTOSI,2026-04-05,NA,27,21,42,37,46
SAN LUIS POTOSI,2026-04-06,NA,24,16,54,38,35
SAN LUIS POTOSI,2026-04-07,NA,30,23,72,44,57
SAN LUIS POTOSI,2026-04-08,NA,20,22,74,46,43
SAN LUIS POTOSI,2026-04-09,NA,24,14,62,48,41
SAN LUIS POTOSI,2026-04-10,NA,25,20,65,43,38
SAN LUIS POTOSI,2026-04-11,NA,25,19,77,39,39
SAN LUIS POTOSI,2026-04-12,NA,30,14,63,34,27
SAN LUIS POTOSI,2026-04-13,NA,21,12,50,38,19
SAN LUIS POTOSI,2026-04-14,NA,30,38,77,33,38
SAN LUIS POTOSI,2026-04-15,NA,25,35,98,49,64
SAN LUIS POTOSI,2026-04-16,NA,31,26,83,49,68
SAN LUIS POTOSI,2026-04-17,NA,27,22,84,50,68
SAN LUIS POTOSI,2026-04-18,NA,28,28,94,46,64
SAN LUIS POTOSI,2026-04-19,NA,20,18,58,31,63
SAN LUIS POTOSI,2026-04-20,NA,16,9,53,18,43
SAN LUIS POTOSI,2026-04-21,NA,21,20,67,30,61
SAN LUIS POTOSI,2026-04-22,NA,19,16,68,31,64
SAN LUIS POTOSI,2026-04-23,NA,18,17,81,38,60
SAN LUIS POTOSI,2026-04-24,NA,26,21,83,27,55
SAN LUIS POTOSI,2026-04-25,NA,26,14,96,41,62
SAN LUIS POTOSI,2026-04-26,NA,23,8,73,26,48
SAN LUIS POTOSI,2026-04-27,NA,19,10,68,23,43
SAN LUIS POTOSI,2026-04-28,NA,24,20,77,42,48
SAN LUIS POTOSI,2026-04-29,NA,31,23,81,28,47
SAN LUIS POTOSI,2026-04-30,NA,32,25,79,26,55
SAN LUIS POTOSI,2026-05-01,NA,33,28,86,29,67
SAN LUIS POTOSI,2026-05-02,NA,35,28,98,28,68
SAN LUIS POTOSI,2026-05-03,NA,29,16,77,18,47
SAN LUIS POTOSI,2026-05-04,NA,27,14,70,15,43
SAN LUIS POTOSI,2026-05-05,NA,28,20,70,36,50
SAN LUIS POTOSI,2026-05-06,NA,37,24,75,40,49
SAN LUIS POTOSI,2026-05-07,NA,32,25,72,37,50
SAN LUIS POTOSI,2026-05-08,NA,32,15,58,41,52
SAN LUIS POTOSI,2026-05-09,NA,29,49,73,43,46
SAN LUIS POTOSI,2026-05-10,NA,20,28,55,26,40
SAN LUIS POTOSI,2026-05-11,NA,20,8,51,23,36
SAN LUIS POTOSI,2026-05-12,NA,27,21,62,55,39
SAN LUIS POTOSI,2026-05-13,NA,28,16,79,46,40
SAN LUIS POTOSI,2026-05-14,NA,30,21,71,49,43
SAN LUIS POTOSI,2026-05-15,NA,28,21,74,84,46
SAN LUIS POTOSI,2026-05-16,NA,46,19,103,41,55
SAN LUIS POTOSI,2026-05-17,NA,33,19,90,59,61
SAN LUIS POTOSI,2026-05-18,NA,24,10,77,27,38
SAN LUIS POTOSI,2026-05-19,NA,25,21,76,44,53
SAN LUIS POTOSI,2026-05-20,NA,22,19,70,63,55
SAN LUIS POTOSI,2026-05-21,NA,17,20,84,50,47
SAN LUIS POTOSI,2026-05-22,NA,19,14,83,46,50
SAN LUIS POTOSI,2026-05-23,NA,29,19,103,58,54
SAN LUIS POTOSI,2026-05-24,NA,25,17,76,39,46
SAN LUIS POTOSI,2026-05-25,NA,16,17,60,29,31
SAN LUIS POTOSI,2026-05-26,NA,20,16,75,45,38
SAN LUIS POTOSI,2026-05-27,NA,24,14,62,45,45
SAN LUIS POTOSI,2026-05-28,NA,33,21,81,49,56
SAN LUIS POTOSI,2026-05-29,NA,33,24,76,57,57
SAN LUIS POTOSI,2026-05-30,NA,29,29,80,64,49
SAN LUIS POTOSI,2026-05-31,NA,26,21,68,22,52
SAN LUIS POTOSI,2026-06-01,NA,19,13,43,25,38
SAN LUIS POTOSI,2026-06-02,NA,29,25,60,44,49
SAN LUIS POTOSI,2026-06-03,NA,24,27,77,56,67
SAN LUIS POTOSI,2026-06-04,NA,30,30,98,62,71
SAN LUIS POTOSI,2026-06-05,NA,31,35,87,53,73
SAN LUIS POTOSI,2026-06-06,NA,32,44,115,78,71
SAN LUIS POTOSI,2026-06-07,NA,26,39,109,59,60
SAN LUIS POTOSI,2026-06-08,NA,27,24,92,38,41
SAN LUIS POTOSI,2026-06-09,NA,26,31,102,47,50
SAN LUIS POTOSI,2026-06-10,NA,31,40,102,47,65
SAN LUIS POTOSI,2026-06-11,NA,38,38,127,83,70
SAN LUIS POTOSI,2026-06-12,NA,34,52,109,67,68
SAN LUIS POTOSI,2026-06-13,NA,32,44,108,60,77
SAN LUIS POTOSI,2026-06-14,NA,30,35,88,45,75
SAN LUIS POTOSI,2026-06-15,NA,21,30,80,49,51
SAN LUIS POTOSI,2026-06-16,NA,25,30,94,72,61
SAN LUIS POTOSI,2026-06-17,NA,29,32,98,52,50
SAN LUIS POTOSI,2026-06-18,NA,29,33,89,72,53
SAN LUIS POTOSI,2026-06-19,NA,30,39,101,56,58
SAN LUIS POTOSI,2026-06-20,NA,33,31,125,67,63
SAN LUIS POTOSI,2026-06-21,NA,33,40,77,63,58
SAN LUIS POTOSI,2026-06-22,NA,28,28,76,35,54
SAN LUIS POTOSI,2026-06-23,NA,25,18,65,57,51
SAN LUIS POTOSI,2026-06-24,NA,30,32,96,59,55
SAN LUIS POTOSI,2026-06-25,NA,28,27,79,38,62
SAN LUIS POTOSI,2026-06-26,NA,32,33,73,44,65
SAN LUIS POTOSI,2026-06-27,NA,35,33,88,41,63
SAN LUIS POTOSI,2026-06-28,NA,29,22,57,35,61
SAN LUIS POTOSI,2026-06-29,NA,23,21,59,31,44
SAN LUIS POTOSI,2026-06-30,NA,29,31,75,51,49
SAN LUIS POTOSI,2026-07-01,NA,27,42,113,46,51
SAN LUIS POTOSI,2026-07-02,NA,33,50,102,49,49
SAN LUIS POTOSI,2026-07-03,NA,38,46,113,41,53
SAN LUIS POTOSI,2026-07-04,NA,37,33,124,67,51
SAN LUIS POTOSI,2026-07-05,NA,25,33,120,45,53
SAN LUIS POTOSI,2026-07-06,NA,24,23,78,29,49
SAN LUIS POTOSI,2026-07-07,NA,27,18,90,51,59
SAN LUIS POTOSI,2026-07-08,NA,24,21,82,64,55
SAN LUIS POTOSI,2026-07-09,NA,21,26,82,51,51
SAN LUIS POTOSI,2026-07-10,NA,31,30,86,52,58
SAN LUIS POTOSI,2026-07-11,NA,47,37,101,51,61
SAN LUIS POTOSI,2026-07-12,NA,26,27,70,37,46
SAN LUIS POTOSI,2026-07-13,NA,23,28,76,32,41
SAN LUIS POTOSI,2026-07-14,NA,29,30,91,56,55
SAN LUIS POTOSI,2026-07-15,NA,28,33,85,58,55
SAN LUIS POTOSI,2026-07-16,NA,29,21,101,68,52
SAN LUIS POTOSI,2026-07-17,NA,28,18,98,60,47
SAN LUIS POTOSI,2026-07-18,NA,34,26,100,66,44
SAN LUIS POTOSI,2026-07-19,NA,25,24,70,53,52
SAN LUIS POTOSI,2026-07-20,NA,30,20,61,41,50
SAN LUIS POTOSI,2026-07-21,NA,26,27,84,66,57
SAN LUIS POTOSI,2026-07-22,NA,31,28,74,57,55
SAN LUIS POTOSI,2026-07-23,NA,28,20,59,57,56
SAN LUIS POTOSI,2026-07-24,NA,31,24,65,50,47
SAN LUIS POTOSI,2026-07-25,NA,31,24,74,49,44
SAN LUIS POTOSI,2026-07-26,NA,24,19,63,36,41
SAN LUIS POTOSI,2026-07-27,NA,29,10,51,46,37
SAN LUIS POTOSI,2026-07-28,NA,32,24,57,39,56
SAN LUIS POTOSI,2026-07-29,NA,32,24,73,43,66
SAN LUIS POTOSI,2026-07-30,NA,29,18,64,46,66
SAN LUIS POTOSI,2026-07-31,NA,33,18,59,48,52
SAN LUIS POTOSI,2026-08-01,16,29,22,81,44,53
SAN LUIS POTOSI,2026-08-02,17,37,32,66,41,42
SAN LUIS POTOSI,2026-08-03,16,26,18,95,44,41
SAN LUIS POTOSI,2026-08-04,18,29,29,130,73,43
SAN LUIS POTOSI,2026-08-05,21,28,36,110,87,62
SAN LUIS POTOSI,2026-08-06,19,32,34,111,80,55
SAN LUIS POTOSI,2026-08-07,23,37,34,100,99,65
SAN LUIS POTOSI,2026-08-08,19,37,32,97,96,71
SAN LUIS POTOSI,2026-08-09,13,23,19,86,88,63
SAN LUIS POTOSI,2026-08-10,12,22,17,70,55,49
SAN LUIS POTOSI,2026-08-11,23,32,19,66,47,45
SAN LUIS POTOSI,2026-08-12,19,30,22,63,41,47
SAN LUIS POTOSI,2026-08-13,14,36,17,59,84,57
SAN LUIS POTOSI,2026-08-14,14,27,17,48,78,54
SAN LUIS POTOSI,2026-08-15,17,33,21,51,74,53
SAN LUIS POTOSI,2026-08-16,16,24,21,65,61,44
SAN LUIS POTOSI,2026-08-17,13,20,13,61,48,32
SAN LUIS POTOSI,2026-08-18,16,26,21,77,73,45
SAN LUIS POTOSI,2026-08-19,16,29,22,70,79,43
SAN LUIS POTOSI,2026-08-20,14,22,22,70,92,43
SAN LUIS POTOSI,2026-08-21,20,24,32,59,90,51
SAN LUIS POTOSI,2026-08-22,19,24,39,76,82,62
SAN LUIS POTOSI,2026-08-23,13,25,26,58,57,64
SAN LUIS POTOSI,2026-08-24,13,20,18,43,39,46
TAMPICO,2025-08-24,NA,7,2,19,34,10
TAMPICO,2025-08-25,NA,3,1,20,31,10
TAMPICO,2025-08-26,NA,5,7,39,32,21
TAMPICO,2025-08-27,NA,7,2,27,25,11
TAMPICO,2025-08-28,NA,6,3,27,34,10
TAMPICO,2025-08-29,NA,8,2,28,38,11
TAMPICO,2025-08-30,NA,5,2,24,38,11
TAMPICO,2025-08-31,NA,7,5,26,32,15
TAMPICO,2025-09-01,NA,5,4,19,24,11
TAMPICO,2025-09-02,NA,6,3,26,38,12
TAMPICO,2025-09-03,NA,4,4,26,28,20
TAMPICO,2025-09-04,NA,8,8,34,31,12
TAMPICO,2025-09-05,NA,8,3,18,39,11
TAMPICO,2025-09-06,NA,9,5,29,24,14
TAMPICO,2025-09-07,NA,6,1,15,28,12
TAMPICO,2025-09-08,NA,7,3,16,28,12
TAMPICO,2025-09-09,NA,8,8,40,40,15
TAMPICO,2025-09-10,NA,5,4,34,61,13
TAMPICO,2025-09-11,NA,5,6,30,40,14
TAMPICO,2025-09-12,NA,11,3,31,44,21
TAMPICO,2025-09-13,NA,11,1,31,49,22
TAMPICO,2025-09-14,NA,14,6,22,35,20
TAMPICO,2025-09-15,NA,8,6,19,34,17
TAMPICO,2025-09-16,NA,5,4,37,35,23
TAMPICO,2025-09-17,NA,3,9,32,37,19
TAMPICO,2025-09-18,NA,4,4,28,30,22
TAMPICO,2025-09-19,NA,10,5,30,36,24
TAMPICO,2025-09-20,NA,10,4,24,32,24
TAMPICO,2025-09-21,NA,6,2,18,30,21
TAMPICO,2025-09-22,NA,4,2,18,29,19
TAMPICO,2025-09-23,NA,5,2,25,38,25
TAMPICO,2025-09-24,NA,3,1,21,30,14
TAMPICO,2025-09-25,NA,6,3,34,34,19
TAMPICO,2025-09-26,NA,7,5,19,32,10
TAMPICO,2025-09-27,NA,7,4,14,36,14
TAMPICO,2025-09-28,NA,8,5,22,27,13
TAMPICO,2025-09-29,NA,8,4,26,25,11
TAMPICO,2025-09-30,NA,6,5,26,16,19
TAMPICO,2025-10-01,NA,8,2,25,13,21
TAMPICO,2025-10-02,NA,11,3,21,14,12
TAMPICO,2025-10-03,NA,14,2,23,17,15
TAMPICO,2025-10-04,NA,11,5,20,18,17
TAMPICO,2025-10-05,NA,13,7,24,17,16
TAMPICO,2025-10-06,NA,13,7,28,27,11
TAMPICO,2025-10-07,NA,12,6,17,21,23
TAMPICO,2025-10-08,NA,9,7,33,24,14
TAMPICO,2025-10-09,NA,10,10,43,18,15
TAMPICO,2025-10-10,NA,10,7,33,24,15
TAMPICO,2025-10-11,NA,12,6,54,33,12
TAMPICO,2025-10-12,NA,9,4,49,29,12
TAMPICO,2025-10-13,NA,7,2,31,43,13
TAMPICO,2025-10-14,NA,7,6,28,38,21
TAMPICO,2025-10-15,NA,11,9,22,37,12
TAMPICO,2025-10-16,NA,12,10,36,52,13
TAMPICO,2025-10-17,NA,12,6,24,49,19
TAMPICO,2025-10-18,NA,14,5,22,65,15
TAMPICO,2025-10-19,NA,12,3,22,54,16
TAMPICO,2025-10-20,NA,10,3,10,51,17
TAMPICO,2025-10-21,NA,4,3,27,40,17
TAMPICO,2025-10-22,NA,8,7,22,51,13
TAMPICO,2025-10-23,NA,12,4,19,57,14
TAMPICO,2025-10-24,NA,12,2,27,61,9
TAMPICO,2025-10-25,NA,8,5,21,54,13
TAMPICO,2025-10-26,NA,10,2,23,44,14
TAMPICO,2025-10-27,NA,10,3,16,43,10
TAMPICO,2025-10-28,NA,11,5,17,44,15
TAMPICO,2025-10-29,NA,7,1,17,43,12
TAMPICO,2025-10-30,NA,9,5,53,41,7
TAMPICO,2025-10-31,NA,9,8,63,45,9
TAMPICO,2025-11-01,NA,13,4,32,38,13
TAMPICO,2025-11-02,NA,11,7,35,35,14
TAMPICO,2025-11-03,NA,8,7,27,37,12
TAMPICO,2025-11-04,NA,10,9,31,41,8
TAMPICO,2025-11-05,NA,8,6,19,38,16
TAMPICO,2025-11-06,NA,5,8,26,33,15
TAMPICO,2025-11-07,NA,7,5,21,54,17
TAMPICO,2025-11-08,NA,9,6,23,50,12
TAMPICO,2025-11-09,NA,11,5,15,47,15
TAMPICO,2025-11-10,NA,7,2,13,47,9
TAMPICO,2025-11-11,NA,9,3,21,42,18
TAMPICO,2025-11-12,NA,12,10,32,42,19
TAMPICO,2025-11-13,NA,11,3,23,46,17
TAMPICO,2025-11-14,NA,14,4,21,53,17
TAMPICO,2025-11-15,NA,13,9,31,57,11
TAMPICO,2025-11-16,NA,8,10,26,41,14
TAMPICO,2025-11-17,NA,9,6,16,34,13
TAMPICO,2025-11-18,NA,8,2,29,46,13
TAMPICO,2025-11-19,NA,2,4,23,45,19
TAMPICO,2025-11-20,NA,5,3,23,41,19
TAMPICO,2025-11-21,NA,5,4,32,60,21
TAMPICO,2025-11-22,NA,7,9,29,56,23
TAMPICO,2025-11-23,NA,5,6,27,62,25
TAMPICO,2025-11-24,NA,5,4,26,48,20
TAMPICO,2025-11-25,NA,10,10,20,54,20
TAMPICO,2025-11-26,NA,9,16,37,62,20
TAMPICO,2025-11-27,NA,7,11,32,55,12
TAMPICO,2025-11-28,NA,5,10,24,61,24
TAMPICO,2025-11-29,NA,9,5,20,55,10
TAMPICO,2025-11-30,NA,12,6,26,40,12
TAMPICO,2025-12-01,NA,6,3,17,29,8
TAMPICO,2025-12-02,NA,12,2,16,30,7
TAMPICO,2025-12-03,NA,7,2,17,28,12
TAMPICO,2025-12-04,NA,10,5,14,27,14
TAMPICO,2025-12-05,NA,7,3,18,31,13
TAMPICO,2025-12-06,NA,7,6,22,39,11
TAMPICO,2025-12-07,NA,4,6,25,35,11
TAMPICO,2025-12-08,NA,2,4,12,28,6
TAMPICO,2025-12-09,NA,1,4,25,35,20
TAMPICO,2025-12-10,NA,2,3,20,48,17
TAMPICO,2025-12-11,NA,5,3,24,41,16
TAMPICO,2025-12-12,NA,4,1,19,46,10
TAMPICO,2025-12-13,NA,3,3,18,32,14
TAMPICO,2025-12-14,NA,7,3,23,29,14
TAMPICO,2025-12-15,NA,3,1,13,35,14
TAMPICO,2025-12-16,NA,6,5,21,38,15
TAMPICO,2025-12-17,NA,6,5,13,32,11
TAMPICO,2025-12-18,NA,9,4,22,28,14
TAMPICO,2025-12-19,NA,5,2,18,37,9
TAMPICO,2025-12-20,NA,8,1,23,49,9
TAMPICO,2025-12-21,NA,10,5,22,29,16
TAMPICO,2025-12-22,NA,12,1,19,28,11
TAMPICO,2025-12-23,NA,12,6,31,29,20
TAMPICO,2025-12-24,NA,7,6,25,24,15
TAMPICO,2025-12-25,NA,4,5,14,24,14
TAMPICO,2025-12-26,NA,7,3,16,21,12
TAMPICO,2025-12-27,NA,13,3,18,33,9
TAMPICO,2025-12-28,NA,6,2,14,29,12
TAMPICO,2025-12-29,NA,8,1,16,35,11
TAMPICO,2025-12-30,NA,4,5,40,31,16
TAMPICO,2025-12-31,NA,1,1,24,28,16
TAMPICO,2026-01-01,NA,2,NA,27,19,9
TAMPICO,2026-01-02,NA,2,3,21,18,12
TAMPICO,2026-01-03,NA,9,12,36,32,18
TAMPICO,2026-01-04,NA,8,2,21,26,12
TAMPICO,2026-01-05,NA,6,2,21,27,11
TAMPICO,2026-01-06,NA,6,2,27,37,17
TAMPICO,2026-01-07,NA,3,3,17,16,15
TAMPICO,2026-01-08,NA,7,5,21,24,13
TAMPICO,2026-01-09,NA,7,9,25,31,17
TAMPICO,2026-01-10,NA,8,9,34,43,26
TAMPICO,2026-01-11,NA,7,6,28,29,21
TAMPICO,2026-01-12,NA,5,5,24,27,14
TAMPICO,2026-01-13,NA,6,9,23,35,18
TAMPICO,2026-01-14,NA,9,5,23,36,20
TAMPICO,2026-01-15,NA,9,7,20,53,24
TAMPICO,2026-01-16,NA,11,4,27,49,20
TAMPICO,2026-01-17,NA,10,3,27,51,20
TAMPICO,2026-01-18,NA,12,5,19,48,9
TAMPICO,2026-01-19,NA,5,7,10,47,5
TAMPICO,2026-01-20,NA,9,3,26,46,10
TAMPICO,2026-01-21,NA,6,6,15,48,13
TAMPICO,2026-01-22,NA,5,7,23,54,18
TAMPICO,2026-01-23,NA,13,5,24,47,21
TAMPICO,2026-01-24,NA,8,4,23,51,22
TAMPICO,2026-01-25,NA,8,5,27,38,19
TAMPICO,2026-01-26,NA,8,4,11,26,9
TAMPICO,2026-01-27,NA,8,8,22,34,11
TAMPICO,2026-01-28,NA,4,5,25,47,9
TAMPICO,2026-01-29,NA,14,7,31,48,8
TAMPICO,2026-01-30,NA,19,7,22,56,8
TAMPICO,2026-01-31,NA,22,10,28,51,14
TAMPICO,2026-02-01,NA,26,8,28,43,12
TAMPICO,2026-02-02,NA,18,7,17,36,11
TAMPICO,2026-02-03,NA,16,7,16,38,13
TAMPICO,2026-02-04,NA,14,5,25,34,18
TAMPICO,2026-02-05,NA,12,5,19,38,26
TAMPICO,2026-02-06,NA,8,5,17,37,19
TAMPICO,2026-02-07,NA,9,9,18,41,17
TAMPICO,2026-02-08,NA,10,6,18,32,18
TAMPICO,2026-02-09,NA,7,5,9,23,15
TAMPICO,2026-02-10,NA,12,4,21,31,13
TAMPICO,2026-02-11,NA,11,1,12,37,11
TAMPICO,2026-02-12,NA,7,1,20,40,12
TAMPICO,2026-02-13,NA,10,NA,23,46,12
TAMPICO,2026-02-14,NA,8,1,19,55,11
TAMPICO,2026-02-15,NA,8,7,26,47,13
TAMPICO,2026-02-16,NA,3,4,19,28,11
TAMPICO,2026-02-17,NA,4,3,26,35,15
TAMPICO,2026-02-18,NA,9,5,20,54,22
TAMPICO,2026-02-19,NA,4,3,14,52,23
TAMPICO,2026-02-20,NA,10,5,19,45,16
TAMPICO,2026-02-21,NA,6,2,38,42,13
TAMPICO,2026-02-22,NA,2,8,36,52,17
TAMPICO,2026-02-23,NA,4,4,31,39,13
TAMPICO,2026-02-24,NA,5,12,40,40,11
TAMPICO,2026-02-25,NA,6,10,32,42,14
TAMPICO,2026-02-26,NA,8,6,29,45,14
TAMPICO,2026-02-27,NA,15,10,24,44,14
TAMPICO,2026-02-28,NA,20,7,16,50,19
TAMPICO,2026-03-01,NA,18,4,21,36,17
TAMPICO,2026-03-02,NA,11,6,14,37,12
TAMPICO,2026-03-03,NA,12,5,14,36,21
TAMPICO,2026-03-04,NA,10,7,29,33,23
TAMPICO,2026-03-05,NA,5,6,19,45,21
TAMPICO,2026-03-06,NA,7,3,29,40,26
TAMPICO,2026-03-07,NA,9,7,29,38,19
TAMPICO,2026-03-08,NA,6,6,21,27,23
TAMPICO,2026-03-09,NA,3,4,19,18,17
TAMPICO,2026-03-10,NA,5,4,29,25,21
TAMPICO,2026-03-11,NA,3,4,30,30,18
TAMPICO,2026-03-12,NA,5,6,19,32,17
TAMPICO,2026-03-13,NA,4,6,22,50,17
TAMPICO,2026-03-14,NA,9,10,22,57,16
TAMPICO,2026-03-15,NA,9,10,58,50,21
TAMPICO,2026-03-16,NA,10,13,68,33,20
TAMPICO,2026-03-17,NA,14,16,79,48,22
TAMPICO,2026-03-18,NA,16,8,93,58,21
TAMPICO,2026-03-19,NA,17,12,60,59,12
TAMPICO,2026-03-20,NA,9,14,45,55,10
TAMPICO,2026-03-21,NA,5,12,30,61,18
TAMPICO,2026-03-22,NA,4,13,23,34,19
TAMPICO,2026-03-23,NA,6,8,24,27,16
TAMPICO,2026-03-24,NA,7,11,27,41,19
TAMPICO,2026-03-25,NA,4,7,31,24,15
TAMPICO,2026-03-26,NA,7,6,22,36,14
TAMPICO,2026-03-27,NA,10,7,18,41,18
TAMPICO,2026-03-28,NA,10,7,29,45,12
TAMPICO,2026-03-29,NA,9,7,29,43,13
TAMPICO,2026-03-30,NA,5,7,19,45,13
TAMPICO,2026-03-31,NA,8,6,25,52,17
TAMPICO,2026-04-01,NA,13,8,24,27,23
TAMPICO,2026-04-02,NA,9,8,22,35,25
TAMPICO,2026-04-03,NA,9,10,24,32,22
TAMPICO,2026-04-04,NA,6,9,14,34,21
TAMPICO,2026-04-05,NA,6,4,23,48,21
TAMPICO,2026-04-06,NA,4,1,24,40,19
TAMPICO,2026-04-07,NA,5,8,17,48,19
TAMPICO,2026-04-08,NA,8,6,36,45,20
TAMPICO,2026-04-09,NA,13,5,26,41,23
TAMPICO,2026-04-10,NA,12,6,21,30,24
TAMPICO,2026-04-11,NA,8,7,29,37,18
TAMPICO,2026-04-12,NA,7,6,20,34,17
TAMPICO,2026-04-13,NA,6,3,35,29,16
TAMPICO,2026-04-14,NA,5,9,15,41,21
TAMPICO,2026-04-15,NA,13,12,31,39,18
TAMPICO,2026-04-16,NA,9,12,32,36,13
TAMPICO,2026-04-17,NA,12,9,22,56,16
TAMPICO,2026-04-18,NA,16,11,36,45,9
TAMPICO,2026-04-19,NA,14,7,34,56,18
TAMPICO,2026-04-20,NA,10,6,34,33,17
TAMPICO,2026-04-21,NA,5,11,24,43,18
TAMPICO,2026-04-22,NA,5,9,17,56,19
TAMPICO,2026-04-23,NA,7,6,23,32,27
TAMPICO,2026-04-24,NA,9,8,28,42,18
TAMPICO,2026-04-25,NA,9,7,25,49,11
TAMPICO,2026-04-26,NA,7,7,23,38,13
TAMPICO,2026-04-27,NA,5,3,28,44,8
TAMPICO,2026-04-28,NA,5,7,32,46,9
TAMPICO,2026-04-29,NA,11,5,25,58,15
TAMPICO,2026-04-30,NA,8,5,25,57,11
TAMPICO,2026-05-01,NA,8,5,29,44,13
TAMPICO,2026-05-02,NA,12,6,27,41,12
TAMPICO,2026-05-03,NA,10,11,21,32,13
TAMPICO,2026-05-04,NA,8,4,17,21,9
TAMPICO,2026-05-05,NA,3,7,27,34,19
TAMPICO,2026-05-06,NA,9,8,26,47,17
TAMPICO,2026-05-07,NA,7,5,35,41,8
TAMPICO,2026-05-08,NA,9,7,27,33,5
TAMPICO,2026-05-09,NA,9,6,19,31,6
TAMPICO,2026-05-10,NA,4,3,32,32,9
TAMPICO,2026-05-11,NA,6,5,28,31,9
TAMPICO,2026-05-12,NA,4,8,41,33,14
TAMPICO,2026-05-13,NA,6,4,47,31,18
TAMPICO,2026-05-14,NA,6,6,31,34,22
TAMPICO,2026-05-15,NA,8,10,36,39,12
TAMPICO,2026-05-16,NA,11,9,29,53,10
TAMPICO,2026-05-17,NA,10,8,39,43,8
TAMPICO,2026-05-18,NA,7,4,31,35,6
TAMPICO,2026-05-19,NA,8,1,35,39,11
TAMPICO,2026-05-20,NA,9,5,14,36,12
TAMPICO,2026-05-21,NA,14,13,31,46,14
TAMPICO,2026-05-22,NA,14,9,38,51,10
TAMPICO,2026-05-23,NA,10,12,47,55,14
TAMPICO,2026-05-24,NA,10,14,34,50,6
TAMPICO,2026-05-25,NA,12,13,16,31,3
TAMPICO,2026-05-26,NA,8,13,36,47,10
TAMPICO,2026-05-27,NA,8,10,29,41,13
TAMPICO,2026-05-28,NA,4,9,29,28,21
TAMPICO,2026-05-29,NA,9,13,36,45,13
TAMPICO,2026-05-30,NA,9,10,54,50,13
TAMPICO,2026-05-31,NA,5,11,42,39,12
TAMPICO,2026-06-01,NA,8,10,29,22,6
TAMPICO,2026-06-02,NA,7,12,45,31,12
TAMPICO,2026-06-03,NA,11,15,42,35,19
TAMPICO,2026-06-04,NA,11,14,33,45,13
TAMPICO,2026-06-05,NA,9,15,42,35,17
TAMPICO,2026-06-06,NA,8,9,45,45,8
TAMPICO,2026-06-07,NA,4,7,30,45,13
TAMPICO,2026-06-08,NA,4,10,22,32,12
TAMPICO,2026-06-09,NA,10,13,58,45,19
TAMPICO,2026-06-10,NA,18,17,74,49,15
TAMPICO,2026-06-11,NA,16,18,76,46,15
TAMPICO,2026-06-12,NA,17,23,62,52,19
TAMPICO,2026-06-13,NA,15,29,54,55,13
TAMPICO,2026-06-14,NA,17,31,53,51,12
TAMPICO,2026-06-15,NA,18,27,94,44,4
TAMPICO,2026-06-16,NA,14,39,64,55,10
TAMPICO,2026-06-17,NA,15,43,60,40,8
TAMPICO,2026-06-18,NA,15,37,69,46,10
TAMPICO,2026-06-19,NA,14,34,70,44,11
TAMPICO,2026-06-20,NA,11,36,80,48,12
TAMPICO,2026-06-21,NA,14,35,59,48,16
TAMPICO,2026-06-22,NA,13,33,23,33,15
TAMPICO,2026-06-23,NA,12,27,31,34,18
TAMPICO,2026-06-24,NA,8,21,68,30,12
TAMPICO,2026-06-25,NA,9,9,47,30,11
TAMPICO,2026-06-26,NA,13,11,62,26,13
TAMPICO,2026-06-27,NA,12,9,45,33,15
TAMPICO,2026-06-28,NA,7,4,19,37,12
TAMPICO,2026-06-29,NA,10,4,24,36,7
TAMPICO,2026-06-30,NA,9,7,44,44,12
TAMPICO,2026-07-01,NA,9,7,42,39,10
TAMPICO,2026-07-02,NA,12,10,67,30,15
TAMPICO,2026-07-03,NA,13,9,50,35,17
TAMPICO,2026-07-04,NA,17,12,36,44,11
TAMPICO,2026-07-05,NA,14,14,37,36,9
TAMPICO,2026-07-06,NA,5,10,44,27,10
TAMPICO,2026-07-07,NA,4,14,38,29,12
TAMPICO,2026-07-08,NA,5,9,24,22,8
TAMPICO,2026-07-09,NA,7,8,32,27,9
TAMPICO,2026-07-10,NA,7,6,35,22,13
TAMPICO,2026-07-11,NA,9,6,28,29,7
TAMPICO,2026-07-12,NA,11,5,26,33,11
TAMPICO,2026-07-13,NA,12,4,20,27,2
TAMPICO,2026-07-14,NA,7,12,31,28,8
TAMPICO,2026-07-15,NA,5,7,26,37,6
TAMPICO,2026-07-16,NA,7,7,32,36,14
TAMPICO,2026-07-17,NA,4,7,21,44,11
TAMPICO,2026-07-18,NA,8,4,33,34,10
TAMPICO,2026-07-19,NA,9,2,30,31,8
TAMPICO,2026-07-20,NA,6,2,20,20,7
TAMPICO,2026-07-21,NA,11,NA,36,30,5
TAMPICO,2026-07-22,NA,7,3,48,32,12
TAMPICO,2026-07-23,NA,4,1,39,27,11
TAMPICO,2026-07-24,NA,9,1,33,42,7
TAMPICO,2026-07-25,NA,13,3,36,44,9
TAMPICO,2026-07-26,NA,18,NA,34,43,12
TAMPICO,2026-07-27,NA,14,2,20,27,9
TAMPICO,2026-07-28,NA,14,3,31,42,7
TAMPICO,2026-07-29,NA,11,4,26,41,7
TAMPICO,2026-07-30,NA,16,4,25,49,9
TAMPICO,2026-07-31,NA,18,5,32,43,10
TAMPICO,2026-08-01,1,16,7,31,28,12
TAMPICO,2026-08-02,NA,14,5,29,21,10
TAMPICO,2026-08-03,NA,8,3,21,11,4
TAMPICO,2026-08-04,1,14,9,35,21,9
TAMPICO,2026-08-05,NA,15,4,37,27,6
TAMPICO,2026-08-06,NA,10,3,31,28,5
TAMPICO,2026-08-07,NA,8,6,30,27,6
TAMPICO,2026-08-08,1,10,2,29,32,14
TAMPICO,2026-08-09,1,14,3,25,24,15
TAMPICO,2026-08-10,NA,12,2,13,21,9
TAMPICO,2026-08-11,1,15,NA,28,27,7
TAMPICO,2026-08-12,1,13,6,36,33,6
TAMPICO,2026-08-13,NA,12,4,18,24,7
TAMPICO,2026-08-14,NA,10,4,29,37,7
TAMPICO,2026-08-15,3,13,8,50,54,13
TAMPICO,2026-08-16,3,5,6,44,67,14
TAMPICO,2026-08-17,4,11,12,45,37,12
TAMPICO,2026-08-18,2,5,15,65,42,10
TAMPICO,2026-08-19,3,3,16,51,36,16
TAMPICO,2026-08-20,1,7,3,32,40,12
TAMPICO,2026-08-21,1,6,7,33,35,11
TAMPICO,2026-08-22,1,8,3,27,52,12
TAMPICO,2026-08-23,NA,5,2,31,37,9
TAMPICO,2026-08-24,NA,6,3,26,34,9
TEPIC,2025-08-24,NA,4,1,1,12,6
TEPIC,2025-08-25,NA,2,NA,1,9,5
TEPIC,2025-08-26,NA,6,NA,9,9,7
TEPIC,2025-08-27,NA,6,4,7,12,12
TEPIC,2025-08-28,NA,5,3,9,15,7
TEPIC,2025-08-29,NA,9,5,9,19,4
TEPIC,2025-08-30,NA,9,2,11,11,5
TEPIC,2025-08-31,NA,9,2,4,6,5
TEPIC,2025-09-01,NA,7,1,6,8,5
TEPIC,2025-09-02,NA,4,2,8,17,7
TEPIC,2025-09-03,NA,3,NA,5,18,8
TEPIC,2025-09-04,NA,2,2,7,17,7
TEPIC,2025-09-05,NA,2,1,6,18,6
TEPIC,2025-09-06,NA,3,NA,6,13,3
TEPIC,2025-09-07,NA,3,NA,3,9,3
TEPIC,2025-09-08,NA,3,1,4,9,1
TEPIC,2025-09-09,NA,3,2,11,4,6
TEPIC,2025-09-10,NA,3,3,3,5,4
TEPIC,2025-09-11,NA,5,3,4,3,3
TEPIC,2025-09-12,NA,3,2,2,5,2
TEPIC,2025-09-13,NA,6,2,3,8,1
TEPIC,2025-09-14,NA,1,2,2,6,2
TEPIC,2025-09-15,NA,1,1,1,3,1
TEPIC,2025-09-16,NA,NA,1,8,11,3
TEPIC,2025-09-17,NA,2,2,8,7,4
TEPIC,2025-09-18,NA,7,2,8,8,3
TEPIC,2025-09-19,NA,6,4,8,7,6
TEPIC,2025-09-20,NA,4,1,5,10,10
TEPIC,2025-09-21,NA,5,3,6,6,8
TEPIC,2025-09-22,NA,6,NA,7,4,4
TEPIC,2025-09-23,NA,5,1,5,6,7
TEPIC,2025-09-24,NA,4,1,5,11,8
TEPIC,2025-09-25,NA,2,NA,4,11,5
TEPIC,2025-09-26,NA,2,NA,10,11,7
TEPIC,2025-09-27,NA,4,NA,14,9,8
TEPIC,2025-09-28,NA,3,1,4,5,8
TEPIC,2025-09-29,NA,3,2,7,4,7
TEPIC,2025-09-30,NA,5,NA,5,5,10
TEPIC,2025-10-01,NA,4,4,9,8,8
TEPIC,2025-10-02,NA,2,2,3,4,10
TEPIC,2025-10-03,NA,1,1,3,5,12
TEPIC,2025-10-04,NA,5,4,7,7,10
TEPIC,2025-10-05,NA,4,5,10,7,8
TEPIC,2025-10-06,NA,2,6,2,2,5
TEPIC,2025-10-07,NA,7,1,8,11,10
TEPIC,2025-10-08,NA,4,1,6,10,12
TEPIC,2025-10-09,NA,2,NA,5,11,9
TEPIC,2025-10-10,NA,4,2,4,6,11
TEPIC,2025-10-11,NA,3,3,8,11,7
TEPIC,2025-10-12,NA,1,3,3,11,8
TEPIC,2025-10-13,NA,1,1,1,11,5
TEPIC,2025-10-14,NA,3,2,5,15,6
TEPIC,2025-10-15,NA,3,3,3,12,6
TEPIC,2025-10-16,NA,2,1,3,12,10
TEPIC,2025-10-17,NA,4,2,7,7,10
TEPIC,2025-10-18,NA,3,4,6,4,7
TEPIC,2025-10-19,NA,2,4,1,8,5
TEPIC,2025-10-20,NA,1,2,2,5,NA
TEPIC,2025-10-21,NA,3,5,5,8,2
TEPIC,2025-10-22,NA,3,2,3,11,4
TEPIC,2025-10-23,NA,2,1,3,10,7
TEPIC,2025-10-24,NA,6,NA,6,8,7
TEPIC,2025-10-25,NA,4,1,8,15,7
TEPIC,2025-10-26,NA,5,1,9,18,7
TEPIC,2025-10-27,NA,5,NA,2,17,8
TEPIC,2025-10-28,NA,2,NA,6,15,5
TEPIC,2025-10-29,NA,5,1,5,14,7
TEPIC,2025-10-30,NA,8,4,4,20,6
TEPIC,2025-10-31,NA,11,2,27,18,8
TEPIC,2025-11-01,NA,8,1,14,19,7
TEPIC,2025-11-02,NA,8,3,1,5,3
TEPIC,2025-11-03,NA,3,3,4,8,3
TEPIC,2025-11-04,NA,2,2,7,13,9
TEPIC,2025-11-05,NA,3,2,8,6,7
TEPIC,2025-11-06,NA,1,2,10,12,12
TEPIC,2025-11-07,NA,1,NA,5,12,9
TEPIC,2025-11-08,NA,6,1,4,20,8
TEPIC,2025-11-09,NA,5,4,9,12,9
TEPIC,2025-11-10,NA,3,2,9,8,4
TEPIC,2025-11-11,NA,5,8,11,12,7
TEPIC,2025-11-12,NA,6,NA,13,14,9
TEPIC,2025-11-13,NA,7,3,4,14,11
TEPIC,2025-11-14,NA,3,5,8,15,13
TEPIC,2025-11-15,NA,6,4,14,19,12
TEPIC,2025-11-16,NA,3,3,11,14,12
TEPIC,2025-11-17,NA,3,4,4,9,6
TEPIC,2025-11-18,NA,5,3,14,19,7
TEPIC,2025-11-19,NA,6,3,15,16,7
TEPIC,2025-11-20,NA,6,4,9,22,11
TEPIC,2025-11-21,NA,4,4,19,13,17
TEPIC,2025-11-22,NA,6,6,21,16,22
TEPIC,2025-11-23,NA,7,5,19,14,23
TEPIC,2025-11-24,NA,2,4,4,12,22
TEPIC,2025-11-25,NA,4,2,3,12,19
TEPIC,2025-11-26,NA,3,4,2,13,10
TEPIC,2025-11-27,NA,8,1,4,19,10
TEPIC,2025-11-28,NA,9,2,1,19,12
TEPIC,2025-11-29,NA,7,2,2,22,11
TEPIC,2025-11-30,NA,2,3,8,18,10
TEPIC,2025-12-01,NA,4,4,7,6,11
TEPIC,2025-12-02,NA,4,2,7,13,14
TEPIC,2025-12-03,NA,5,4,6,7,10
TEPIC,2025-12-04,NA,5,2,6,9,7
TEPIC,2025-12-05,NA,4,2,10,25,3
TEPIC,2025-12-06,NA,7,4,10,21,5
TEPIC,2025-12-07,NA,10,5,9,30,NA
TEPIC,2025-12-08,NA,7,6,10,23,NA
TEPIC,2025-12-09,NA,5,5,13,25,4
TEPIC,2025-12-10,NA,5,5,13,25,4
TEPIC,2025-12-11,NA,7,5,15,25,6
TEPIC,2025-12-12,NA,11,5,18,23,6
TEPIC,2025-12-13,NA,11,6,19,29,6
TEPIC,2025-12-14,NA,12,8,12,30,9
TEPIC,2025-12-15,NA,6,7,11,29,12
TEPIC,2025-12-16,NA,6,12,17,43,18
TEPIC,2025-12-17,NA,8,14,19,55,18
TEPIC,2025-12-18,NA,11,15,16,45,19
TEPIC,2025-12-19,NA,13,13,18,43,18
TEPIC,2025-12-20,NA,8,10,16,59,19
TEPIC,2025-12-21,NA,10,8,16,48,20
TEPIC,2025-12-22,NA,8,2,6,32,15
TEPIC,2025-12-23,NA,9,4,14,31,7
TEPIC,2025-12-24,NA,9,4,19,19,3
TEPIC,2025-12-25,NA,3,6,18,20,5
TEPIC,2025-12-26,NA,2,6,19,25,5
TEPIC,2025-12-27,NA,6,7,11,28,6
TEPIC,2025-12-28,NA,4,7,11,18,6
TEPIC,2025-12-29,NA,5,4,8,13,6
TEPIC,2025-12-30,NA,3,4,7,23,6
TEPIC,2025-12-31,NA,6,7,13,23,10
TEPIC,2026-01-01,NA,5,6,5,20,9
TEPIC,2026-01-02,NA,7,6,11,23,12
TEPIC,2026-01-03,NA,10,5,11,34,13
TEPIC,2026-01-04,NA,11,2,13,37,10
TEPIC,2026-01-05,NA,10,3,9,33,9
TEPIC,2026-01-06,NA,12,2,11,45,13
TEPIC,2026-01-07,NA,10,NA,12,39,17
TEPIC,2026-01-08,NA,9,3,24,46,17
TEPIC,2026-01-09,NA,9,1,22,56,21
TEPIC,2026-01-10,NA,10,4,20,63,18
TEPIC,2026-01-11,NA,7,6,16,43,18
TEPIC,2026-01-12,NA,6,9,12,22,14
TEPIC,2026-01-13,NA,6,8,7,27,13
TEPIC,2026-01-14,NA,6,4,4,30,15
TEPIC,2026-01-15,NA,10,2,11,27,8
TEPIC,2026-01-16,NA,12,4,12,30,5
TEPIC,2026-01-17,NA,12,3,6,38,10
TEPIC,2026-01-18,NA,10,3,8,25,7
TEPIC,2026-01-19,NA,6,1,6,19,6
TEPIC,2026-01-20,NA,9,3,13,25,14
TEPIC,2026-01-21,NA,5,3,9,34,13
TEPIC,2026-01-22,NA,6,5,11,35,11
TEPIC,2026-01-23,NA,7,8,10,31,16
TEPIC,2026-01-24,NA,6,8,12,23,15
TEPIC,2026-01-25,NA,5,5,4,29,14
TEPIC,2026-01-26,NA,2,4,14,18,12
TEPIC,2026-01-27,NA,4,6,11,27,12
TEPIC,2026-01-28,NA,6,6,9,35,12
TEPIC,2026-01-29,NA,6,7,11,35,17
TEPIC,2026-01-30,NA,5,4,10,36,18
TEPIC,2026-01-31,NA,5,4,10,39,18
TEPIC,2026-02-01,NA,4,2,15,24,19
TEPIC,2026-02-02,NA,2,1,8,17,17
TEPIC,2026-02-03,NA,2,4,10,15,12
TEPIC,2026-02-04,NA,3,1,11,22,9
TEPIC,2026-02-05,NA,4,6,6,22,9
TEPIC,2026-02-06,NA,4,5,4,25,12
TEPIC,2026-02-07,NA,3,NA,5,30,14
TEPIC,2026-02-08,NA,3,1,14,27,13
TEPIC,2026-02-09,NA,4,5,11,16,10
TEPIC,2026-02-10,NA,8,7,9,31,9
TEPIC,2026-02-11,NA,2,9,20,33,12
TEPIC,2026-02-12,NA,3,9,22,36,11
TEPIC,2026-02-13,NA,6,6,12,28,11
TEPIC,2026-02-14,NA,5,8,5,29,9
TEPIC,2026-02-15,NA,4,6,3,20,9
TEPIC,2026-02-16,NA,4,5,3,10,2
TEPIC,2026-02-17,NA,6,6,4,18,9
TEPIC,2026-02-18,NA,7,6,7,27,9
TEPIC,2026-02-19,NA,7,7,13,19,12
TEPIC,2026-02-20,NA,6,8,20,31,22
TEPIC,2026-02-21,NA,5,7,17,34,20
TEPIC,2026-02-22,NA,4,9,12,17,20
TEPIC,2026-02-23,NA,6,9,14,18,19
TEPIC,2026-02-24,NA,3,1,9,20,21
TEPIC,2026-02-25,NA,6,3,9,19,23
TEPIC,2026-02-26,NA,5,8,14,16,17
TEPIC,2026-02-27,NA,5,5,7,19,16
TEPIC,2026-02-28,NA,6,10,7,27,18
TEPIC,2026-03-01,NA,5,10,15,20,16
TEPIC,2026-03-02,NA,4,8,8,15,10
TEPIC,2026-03-03,NA,4,12,10,35,10
TEPIC,2026-03-04,NA,2,15,12,39,14
TEPIC,2026-03-05,NA,6,12,17,34,21
TEPIC,2026-03-06,NA,7,14,20,37,23
TEPIC,2026-03-07,NA,8,14,25,39,27
TEPIC,2026-03-08,NA,9,13,28,29,25
TEPIC,2026-03-09,NA,10,11,20,16,22
TEPIC,2026-03-10,NA,7,9,20,29,15
TEPIC,2026-03-11,NA,9,10,29,25,15
TEPIC,2026-03-12,NA,4,11,22,31,17
TEPIC,2026-03-13,NA,5,7,15,33,16
TEPIC,2026-03-14,NA,6,10,18,27,15
TEPIC,2026-03-15,NA,4,12,16,33,15
TEPIC,2026-03-16,NA,6,8,17,13,9
TEPIC,2026-03-17,NA,7,6,12,18,3
TEPIC,2026-03-18,NA,10,5,17,12,7
TEPIC,2026-03-19,NA,6,6,16,23,9
TEPIC,2026-03-20,NA,6,7,12,25,9
TEPIC,2026-03-21,NA,9,10,13,18,9
TEPIC,2026-03-22,NA,5,10,8,14,9
TEPIC,2026-03-23,NA,6,6,5,8,3
TEPIC,2026-03-24,NA,5,9,16,23,4
TEPIC,2026-03-25,NA,6,12,21,24,8
TEPIC,2026-03-26,NA,4,10,19,22,10
TEPIC,2026-03-27,NA,3,6,13,28,10
TEPIC,2026-03-28,NA,5,5,15,32,15
TEPIC,2026-03-29,NA,8,9,20,29,13
TEPIC,2026-03-30,NA,6,8,12,22,13
TEPIC,2026-03-31,NA,5,8,12,19,10
TEPIC,2026-04-01,NA,6,9,21,28,20
TEPIC,2026-04-02,NA,6,16,25,27,25
TEPIC,2026-04-03,NA,4,11,32,21,25
TEPIC,2026-04-04,NA,5,12,20,9,18
TEPIC,2026-04-05,NA,3,11,19,9,14
TEPIC,2026-04-06,NA,1,6,9,6,9
TEPIC,2026-04-07,NA,2,7,12,20,7
TEPIC,2026-04-08,NA,8,8,11,26,13
TEPIC,2026-04-09,NA,8,14,19,19,16
TEPIC,2026-04-10,NA,5,14,18,19,15
TEPIC,2026-04-11,NA,6,9,16,26,14
TEPIC,2026-04-12,NA,9,7,19,20,11
TEPIC,2026-04-13,NA,7,3,14,18,12
TEPIC,2026-04-14,NA,6,7,12,32,6
TEPIC,2026-04-15,NA,6,5,23,38,9
TEPIC,2026-04-16,NA,5,7,27,33,11
TEPIC,2026-04-17,NA,10,12,21,44,9
TEPIC,2026-04-18,NA,13,13,24,46,11
TEPIC,2026-04-19,NA,9,12,33,40,13
TEPIC,2026-04-20,NA,7,5,28,21,8
TEPIC,2026-04-21,NA,12,9,26,33,7
TEPIC,2026-04-22,NA,11,10,27,23,8
TEPIC,2026-04-23,NA,9,11,28,36,11
TEPIC,2026-04-24,NA,11,14,31,36,14
TEPIC,2026-04-25,NA,12,5,29,32,13
TEPIC,2026-04-26,NA,12,8,25,26,11
TEPIC,2026-04-27,NA,9,7,21,23,8
TEPIC,2026-04-28,NA,7,10,23,16,10
TEPIC,2026-04-29,NA,6,9,32,28,11
TEPIC,2026-04-30,NA,10,7,33,25,9
TEPIC,2026-05-01,NA,11,7,32,29,12
TEPIC,2026-05-02,NA,12,7,40,28,13
TEPIC,2026-05-03,NA,11,7,33,16,13
TEPIC,2026-05-04,NA,10,8,24,16,11
TEPIC,2026-05-05,NA,10,10,25,20,15
TEPIC,2026-05-06,NA,10,5,17,37,16
TEPIC,2026-05-07,NA,12,13,14,45,12
TEPIC,2026-05-08,NA,12,14,18,41,9
TEPIC,2026-05-09,NA,10,10,20,17,12
TEPIC,2026-05-10,NA,9,8,22,14,13
TEPIC,2026-05-11,NA,8,9,21,11,11
TEPIC,2026-05-12,NA,4,6,13,17,10
TEPIC,2026-05-13,NA,4,2,11,21,11
TEPIC,2026-05-14,NA,3,3,20,24,10
TEPIC,2026-05-15,NA,4,9,16,29,11
TEPIC,2026-05-16,NA,6,11,21,27,15
TEPIC,2026-05-17,NA,5,6,20,18,12
TEPIC,2026-05-18,NA,6,6,28,16,12
TEPIC,2026-05-19,NA,5,9,33,26,17
TEPIC,2026-05-20,NA,7,11,31,17,13
TEPIC,2026-05-21,NA,6,13,32,23,13
TEPIC,2026-05-22,NA,6,14,29,21,14
TEPIC,2026-05-23,NA,6,14,26,14,12
TEPIC,2026-05-24,NA,5,13,23,8,12
TEPIC,2026-05-25,NA,3,14,14,16,10
TEPIC,2026-05-26,NA,1,15,21,16,9
TEPIC,2026-05-27,NA,8,24,16,22,14
TEPIC,2026-05-28,NA,5,19,25,27,13
TEPIC,2026-05-29,NA,5,14,17,34,11
TEPIC,2026-05-30,NA,7,13,18,26,9
TEPIC,2026-05-31,NA,12,12,24,24,12
TEPIC,2026-06-01,NA,12,12,29,13,12
TEPIC,2026-06-02,NA,13,16,36,23,13
TEPIC,2026-06-03,NA,15,15,59,21,17
TEPIC,2026-06-04,NA,16,31,30,27,15
TEPIC,2026-06-05,NA,17,27,39,23,21
TEPIC,2026-06-06,NA,16,32,45,23,26
TEPIC,2026-06-07,NA,19,30,48,27,24
TEPIC,2026-06-08,NA,19,28,60,16,26
TEPIC,2026-06-09,NA,17,27,70,23,26
TEPIC,2026-06-10,NA,17,31,77,21,29
TEPIC,2026-06-11,NA,16,33,76,13,30
TEPIC,2026-06-12,NA,10,36,68,22,30
TEPIC,2026-06-13,NA,8,34,54,27,37
TEPIC,2026-06-14,NA,8,32,53,23,35
TEPIC,2026-06-15,NA,5,36,45,16,34
TEPIC,2026-06-16,NA,7,34,28,24,36
TEPIC,2026-06-17,NA,10,34,42,27,41
TEPIC,2026-06-18,NA,5,33,54,27,40
TEPIC,2026-06-19,NA,7,35,68,29,41
TEPIC,2026-06-20,NA,8,37,65,25,45
TEPIC,2026-06-21,NA,10,37,76,15,47
TEPIC,2026-06-22,NA,7,39,58,14,47
TEPIC,2026-06-23,NA,8,45,57,22,52
TEPIC,2026-06-24,NA,10,49,61,14,53
TEPIC,2026-06-25,NA,9,46,61,19,60
TEPIC,2026-06-26,NA,4,47,53,21,61
TEPIC,2026-06-27,NA,5,46,47,18,64
TEPIC,2026-06-28,NA,5,46,29,12,66
TEPIC,2026-06-29,NA,3,28,19,14,68
TEPIC,2026-06-30,NA,5,28,33,17,74
TEPIC,2026-07-01,NA,10,25,24,15,74
TEPIC,2026-07-02,NA,6,19,30,17,72
TEPIC,2026-07-03,NA,8,22,33,21,71
TEPIC,2026-07-04,NA,10,24,44,17,71
TEPIC,2026-07-05,NA,10,25,32,19,74
TEPIC,2026-07-06,NA,8,22,12,16,75
TEPIC,2026-07-07,NA,10,16,29,24,76
TEPIC,2026-07-08,NA,8,15,41,23,82
TEPIC,2026-07-09,NA,8,17,42,21,86
TEPIC,2026-07-10,NA,9,23,40,17,80
TEPIC,2026-07-11,NA,11,22,28,24,74
TEPIC,2026-07-12,NA,10,21,24,15,75
TEPIC,2026-07-13,NA,6,15,19,11,75
TEPIC,2026-07-14,NA,9,16,43,17,76
TEPIC,2026-07-15,NA,6,17,51,17,79
TEPIC,2026-07-16,NA,7,17,52,12,81
TEPIC,2026-07-17,NA,10,20,54,24,83
TEPIC,2026-07-18,NA,11,22,54,17,87
TEPIC,2026-07-19,NA,9,22,54,20,93
TEPIC,2026-07-20,NA,7,26,53,11,96
TEPIC,2026-07-21,NA,8,33,54,13,98
TEPIC,2026-07-22,NA,4,32,56,30,101
TEPIC,2026-07-23,NA,7,30,74,14,100
TEPIC,2026-07-24,NA,10,31,45,15,94
TEPIC,2026-07-25,NA,11,31,43,15,98
TEPIC,2026-07-26,NA,7,29,34,11,95
TEPIC,2026-07-27,NA,6,14,26,9,93
TEPIC,2026-07-28,NA,8,17,21,33,96
TEPIC,2026-07-29,NA,8,13,30,25,99
TEPIC,2026-07-30,NA,6,12,20,19,102
TEPIC,2026-07-31,NA,7,10,21,21,99
TEPIC,2026-08-01,38,9,12,31,21,105
TEPIC,2026-08-02,35,12,11,39,18,104
TEPIC,2026-08-03,35,13,14,29,11,105
TEPIC,2026-08-04,35,16,12,56,20,105
TEPIC,2026-08-05,34,19,15,73,23,103
TEPIC,2026-08-06,34,10,17,82,31,104
TEPIC,2026-08-07,32,11,23,83,29,103
TEPIC,2026-08-08,41,16,28,83,32,109
TEPIC,2026-08-09,44,18,29,75,17,109
TEPIC,2026-08-10,42,16,29,52,16,106
TEPIC,2026-08-11,43,12,31,50,15,105
TEPIC,2026-08-12,43,15,32,55,24,108
TEPIC,2026-08-13,44,10,29,56,22,112
TEPIC,2026-08-14,40,8,30,60,26,113
TEPIC,2026-08-15,59,12,31,60,27,116
TEPIC,2026-08-16,59,12,28,57,20,117
TEPIC,2026-08-17,58,11,28,59,13,117
TEPIC,2026-08-18,57,10,31,56,27,121
TEPIC,2026-08-19,55,14,33,67,31,124
TEPIC,2026-08-20,52,15,34,62,37,127
TEPIC,2026-08-21,52,13,29,59,28,132
TEPIC,2026-08-22,72,15,27,72,37,122
TEPIC,2026-08-23,74,14,28,82,27,117
TEPIC,2026-08-24,73,14,29,65,15,118
TIJUANA,2025-08-24,NA,57,8,145,81,61
TIJUANA,2025-08-25,NA,48,10,116,70,40
TIJUANA,2025-08-26,NA,39,11,139,73,49
TIJUANA,2025-08-27,NA,47,14,125,73,46
TIJUANA,2025-08-28,NA,52,16,133,72,43
TIJUANA,2025-08-29,NA,72,18,171,74,43
TIJUANA,2025-08-30,NA,80,20,270,94,49
TIJUANA,2025-08-31,NA,103,28,264,80,57
TIJUANA,2025-09-01,NA,97,23,176,65,44
TIJUANA,2025-09-02,NA,99,23,205,73,69
TIJUANA,2025-09-03,NA,84,31,196,95,75
TIJUANA,2025-09-04,NA,72,31,180,80,94
TIJUANA,2025-09-05,NA,77,24,175,100,91
TIJUANA,2025-09-06,NA,65,16,198,86,81
TIJUANA,2025-09-07,NA,64,28,203,92,69
TIJUANA,2025-09-08,NA,53,22,130,76,43
TIJUANA,2025-09-09,NA,48,16,161,88,44
TIJUANA,2025-09-10,NA,31,12,136,63,43
TIJUANA,2025-09-11,NA,47,9,161,60,46
TIJUANA,2025-09-12,NA,50,16,124,61,46
TIJUANA,2025-09-13,NA,70,10,129,70,40
TIJUANA,2025-09-14,NA,64,14,121,74,32
TIJUANA,2025-09-15,NA,40,5,90,52,25
TIJUANA,2025-09-16,NA,40,13,121,69,34
TIJUANA,2025-09-17,NA,39,22,134,83,49
TIJUANA,2025-09-18,NA,43,17,133,74,47
TIJUANA,2025-09-19,NA,46,16,155,61,53
TIJUANA,2025-09-20,NA,44,13,182,88,65
TIJUANA,2025-09-21,NA,55,18,192,71,73
TIJUANA,2025-09-22,NA,57,9,124,52,51
TIJUANA,2025-09-23,NA,67,21,168,63,65
TIJUANA,2025-09-24,NA,45,23,123,63,70
TIJUANA,2025-09-25,NA,50,18,131,52,59
TIJUANA,2025-09-26,NA,51,12,141,74,58
TIJUANA,2025-09-27,NA,53,20,130,110,44
TIJUANA,2025-09-28,NA,68,18,164,66,49
TIJUANA,2025-09-29,NA,65,11,123,57,28
TIJUANA,2025-09-30,NA,71,11,141,61,43
TIJUANA,2025-10-01,NA,61,13,158,51,54
TIJUANA,2025-10-02,NA,65,18,160,60,53
TIJUANA,2025-10-03,NA,49,25,140,73,52
TIJUANA,2025-10-04,NA,58,18,161,65,53
TIJUANA,2025-10-05,NA,59,25,160,55,60
TIJUANA,2025-10-06,NA,57,15,114,41,41
TIJUANA,2025-10-07,NA,57,14,132,73,51
TIJUANA,2025-10-08,NA,58,12,117,93,69
TIJUANA,2025-10-09,NA,60,9,146,80,54
TIJUANA,2025-10-10,NA,64,22,143,89,55
TIJUANA,2025-10-11,NA,75,21,145,102,43
TIJUANA,2025-10-12,NA,69,13,160,103,51
TIJUANA,2025-10-13,NA,47,10,126,65,26
TIJUANA,2025-10-14,NA,55,14,145,62,43
TIJUANA,2025-10-15,NA,63,23,142,57,38
TIJUANA,2025-10-16,NA,58,33,237,77,53
TIJUANA,2025-10-17,NA,73,26,216,94,70
TIJUANA,2025-10-18,NA,84,28,180,107,71
TIJUANA,2025-10-19,NA,76,25,189,70,67
TIJUANA,2025-10-20,NA,55,10,135,64,55
TIJUANA,2025-10-21,NA,51,19,171,69,36
TIJUANA,2025-10-22,NA,50,16,189,78,71
TIJUANA,2025-10-23,NA,66,11,165,93,55
TIJUANA,2025-10-24,NA,58,14,145,89,56
TIJUANA,2025-10-25,NA,63,5,163,91,49
TIJUANA,2025-10-26,NA,56,12,145,64,34
TIJUANA,2025-10-27,NA,50,10,96,74,27
TIJUANA,2025-10-28,NA,47,13,123,70,39
TIJUANA,2025-10-29,NA,48,18,139,52,54
TIJUANA,2025-10-30,NA,52,15,161,67,52
TIJUANA,2025-10-31,NA,61,11,161,80,54
TIJUANA,2025-11-01,NA,85,16,173,55,55
TIJUANA,2025-11-02,NA,109,17,204,64,66
TIJUANA,2025-11-03,NA,94,13,146,50,56
TIJUANA,2025-11-04,NA,77,24,160,69,38
TIJUANA,2025-11-05,NA,72,32,158,52,46
TIJUANA,2025-11-06,NA,62,33,133,50,43
TIJUANA,2025-11-07,NA,77,31,146,60,55
TIJUANA,2025-11-08,NA,89,26,117,83,50
TIJUANA,2025-11-09,NA,94,24,127,72,62
TIJUANA,2025-11-10,NA,61,22,136,66,42
TIJUANA,2025-11-11,NA,64,26,164,64,67
TIJUANA,2025-11-12,NA,53,22,186,77,59
TIJUANA,2025-11-13,NA,66,13,169,83,70
TIJUANA,2025-11-14,NA,52,16,170,80,73
TIJUANA,2025-11-15,NA,50,20,152,108,72
TIJUANA,2025-11-16,NA,76,20,197,103,47
TIJUANA,2025-11-17,NA,72,25,179,85,34
TIJUANA,2025-11-18,NA,88,31,239,138,55
TIJUANA,2025-11-19,NA,100,39,250,107,83
TIJUANA,2025-11-20,NA,105,57,204,103,88
TIJUANA,2025-11-21,NA,66,38,158,83,83
TIJUANA,2025-11-22,NA,76,40,188,98,99
TIJUANA,2025-11-23,NA,85,33,185,95,102
TIJUANA,2025-11-24,NA,69,24,148,74,59
TIJUANA,2025-11-25,NA,73,22,152,82,56
TIJUANA,2025-11-26,NA,67,17,184,80,58
TIJUANA,2025-11-27,NA,77,17,173,68,68
TIJUANA,2025-11-28,NA,76,19,144,79,66
TIJUANA,2025-11-29,NA,73,16,159,83,62
TIJUANA,2025-11-30,NA,86,22,160,96,57
TIJUANA,2025-12-01,NA,61,14,92,54,35
TIJUANA,2025-12-02,NA,51,14,160,78,36
TIJUANA,2025-12-03,NA,52,13,143,73,46
TIJUANA,2025-12-04,NA,60,31,137,75,47
TIJUANA,2025-12-05,NA,73,28,134,75,59
TIJUANA,2025-12-06,NA,81,26,148,88,60
TIJUANA,2025-12-07,NA,78,32,156,83,61
TIJUANA,2025-12-08,NA,63,21,110,72,26
TIJUANA,2025-12-09,NA,49,18,149,63,38
TIJUANA,2025-12-10,NA,52,30,128,76,40
TIJUANA,2025-12-11,NA,49,21,143,61,40
TIJUANA,2025-12-12,NA,57,11,145,74,41
TIJUANA,2025-12-13,NA,54,23,139,99,33
TIJUANA,2025-12-14,NA,64,24,144,79,41
TIJUANA,2025-12-15,NA,47,20,126,60,29
TIJUANA,2025-12-16,NA,53,29,157,89,64
TIJUANA,2025-12-17,NA,63,27,160,98,74
TIJUANA,2025-12-18,NA,58,21,166,119,59
TIJUANA,2025-12-19,NA,56,28,151,96,56
TIJUANA,2025-12-20,NA,65,25,172,107,68
TIJUANA,2025-12-21,NA,70,25,154,100,74
TIJUANA,2025-12-22,NA,74,23,112,64,45
TIJUANA,2025-12-23,NA,69,25,153,83,63
TIJUANA,2025-12-24,NA,52,22,124,68,62
TIJUANA,2025-12-25,NA,56,15,172,55,53
TIJUANA,2025-12-26,NA,65,13,224,56,50
TIJUANA,2025-12-27,NA,91,39,260,120,69
TIJUANA,2025-12-28,NA,86,40,287,106,47
TIJUANA,2025-12-29,NA,68,32,198,105,33
TIJUANA,2025-12-30,NA,87,51,246,95,61
TIJUANA,2025-12-31,NA,96,52,230,115,73
TIJUANA,2026-01-01,NA,93,46,190,75,69
TIJUANA,2026-01-02,NA,102,47,296,93,66
TIJUANA,2026-01-03,NA,115,53,389,133,73
TIJUANA,2026-01-04,NA,114,57,400,132,62
TIJUANA,2026-01-05,NA,114,54,298,103,57
TIJUANA,2026-01-06,NA,115,54,318,112,72
TIJUANA,2026-01-07,NA,112,65,247,121,75
TIJUANA,2026-01-08,NA,97,55,258,112,70
TIJUANA,2026-01-09,NA,94,42,239,87,57
TIJUANA,2026-01-10,NA,96,49,235,109,67
TIJUANA,2026-01-11,NA,106,51,256,104,56
TIJUANA,2026-01-12,NA,91,43,240,89,52
TIJUANA,2026-01-13,NA,81,40,286,122,60
TIJUANA,2026-01-14,NA,99,62,281,131,81
TIJUANA,2026-01-15,NA,109,64,241,145,79
TIJUANA,2026-01-16,NA,100,56,211,137,83
TIJUANA,2026-01-17,NA,109,65,209,127,103
TIJUANA,2026-01-18,NA,112,66,221,120,92
TIJUANA,2026-01-19,NA,109,55,161,73,73
TIJUANA,2026-01-20,NA,89,48,171,97,79
TIJUANA,2026-01-21,NA,79,49,160,88,65
TIJUANA,2026-01-22,NA,60,50,157,106,72
TIJUANA,2026-01-23,NA,49,49,160,95,74
TIJUANA,2026-01-24,NA,54,38,170,119,75
TIJUANA,2026-01-25,NA,73,34,154,63,61
TIJUANA,2026-01-26,NA,59,37,120,52,48
TIJUANA,2026-01-27,NA,69,28,127,84,64
TIJUANA,2026-01-28,NA,68,27,121,83,77
TIJUANA,2026-01-29,NA,82,26,132,117,64
TIJUANA,2026-01-30,NA,83,14,158,131,56
TIJUANA,2026-01-31,NA,88,24,175,132,71
TIJUANA,2026-02-01,NA,137,32,187,80,70
TIJUANA,2026-02-02,NA,109,30,141,83,62
TIJUANA,2026-02-03,NA,121,48,170,101,66
TIJUANA,2026-02-04,NA,99,34,172,114,98
TIJUANA,2026-02-05,NA,84,39,162,105,94
TIJUANA,2026-02-06,NA,72,30,137,91,92
TIJUANA,2026-02-07,NA,73,28,143,121,76
TIJUANA,2026-02-08,NA,86,33,163,100,71
TIJUANA,2026-02-09,NA,79,31,135,68,55
TIJUANA,2026-02-10,NA,84,23,146,88,51
TIJUANA,2026-02-11,NA,72,24,151,88,71
TIJUANA,2026-02-12,NA,73,16,154,114,63
TIJUANA,2026-02-13,NA,61,22,165,104,73
TIJUANA,2026-02-14,NA,69,23,158,111,60
TIJUANA,2026-02-15,NA,73,37,154,92,62
TIJUANA,2026-02-16,NA,62,34,133,83,48
TIJUANA,2026-02-17,NA,67,29,177,93,65
TIJUANA,2026-02-18,NA,70,50,232,111,77
TIJUANA,2026-02-19,NA,63,45,227,115,81
TIJUANA,2026-02-20,NA,56,38,189,150,83
TIJUANA,2026-02-21,NA,68,37,200,157,81
TIJUANA,2026-02-22,NA,77,32,219,135,86
TIJUANA,2026-02-23,NA,59,23,195,95,63
TIJUANA,2026-02-24,NA,88,40,171,124,78
TIJUANA,2026-02-25,NA,78,32,175,105,93
TIJUANA,2026-02-26,NA,79,26,167,125,81
TIJUANA,2026-02-27,NA,99,31,177,135,83
TIJUANA,2026-02-28,NA,112,33,206,104,87
TIJUANA,2026-03-01,NA,142,41,255,85,90
TIJUANA,2026-03-02,NA,141,37,222,67,93
TIJUANA,2026-03-03,NA,146,47,258,104,89
TIJUANA,2026-03-04,NA,123,38,168,64,97
TIJUANA,2026-03-05,NA,84,30,164,75,80
TIJUANA,2026-03-06,NA,80,26,143,68,66
TIJUANA,2026-03-07,NA,82,23,153,101,68
TIJUANA,2026-03-08,NA,90,34,147,68,77
TIJUANA,2026-03-09,NA,78,24,148,62,67
TIJUANA,2026-03-10,NA,84,19,192,85,76
TIJUANA,2026-03-11,NA,71,27,188,94,66
TIJUANA,2026-03-12,NA,62,29,166,98,64
TIJUANA,2026-03-13,NA,65,23,192,117,56
TIJUANA,2026-03-14,NA,77,29,188,120,62
TIJUANA,2026-03-15,NA,78,30,194,116,74
TIJUANA,2026-03-16,NA,72,29,128,76,50
TIJUANA,2026-03-17,NA,56,33,123,71,60
TIJUANA,2026-03-18,NA,54,33,205,96,64
TIJUANA,2026-03-19,NA,61,33,218,96,66
TIJUANA,2026-03-20,NA,65,31,215,117,69
TIJUANA,2026-03-21,NA,70,32,200,107,75
TIJUANA,2026-03-22,NA,80,32,201,108,67
TIJUANA,2026-03-23,NA,68,27,138,65,48
TIJUANA,2026-03-24,NA,53,23,160,97,52
TIJUANA,2026-03-25,NA,64,28,187,98,59
TIJUANA,2026-03-26,NA,61,31,158,89,68
TIJUANA,2026-03-27,NA,66,14,161,103,47
TIJUANA,2026-03-28,NA,88,14,183,111,55
TIJUANA,2026-03-29,NA,101,19,216,79,63
TIJUANA,2026-03-30,NA,95,24,186,72,57
TIJUANA,2026-03-31,NA,89,35,178,103,70
TIJUANA,2026-04-01,NA,89,37,185,91,68
TIJUANA,2026-04-02,NA,82,34,170,111,58
TIJUANA,2026-04-03,NA,75,30,136,101,60
TIJUANA,2026-04-04,NA,59,21,126,71,48
TIJUANA,2026-04-05,NA,56,21,131,83,33
TIJUANA,2026-04-06,NA,46,28,114,66,30
TIJUANA,2026-04-07,NA,49,35,168,83,59
TIJUANA,2026-04-08,NA,50,30,174,92,57
TIJUANA,2026-04-09,NA,38,28,163,94,56
TIJUANA,2026-04-10,NA,46,15,180,118,58
TIJUANA,2026-04-11,NA,64,25,159,113,61
TIJUANA,2026-04-12,NA,59,25,169,88,61
TIJUANA,2026-04-13,NA,45,17,151,64,32
TIJUANA,2026-04-14,NA,62,32,207,82,62
TIJUANA,2026-04-15,NA,77,34,166,110,92
TIJUANA,2026-04-16,NA,85,33,193,116,101
TIJUANA,2026-04-17,NA,82,33,190,119,97
TIJUANA,2026-04-18,NA,76,26,188,131,106
TIJUANA,2026-04-19,NA,76,27,204,98,75
TIJUANA,2026-04-20,NA,46,22,109,64,62
TIJUANA,2026-04-21,NA,49,23,142,92,97
TIJUANA,2026-04-22,NA,51,26,166,104,91
TIJUANA,2026-04-23,NA,52,30,194,99,80
TIJUANA,2026-04-24,NA,71,27,184,111,79
TIJUANA,2026-04-25,NA,89,23,175,125,60
TIJUANA,2026-04-26,NA,86,21,208,91,68
TIJUANA,2026-04-27,NA,55,20,177,67,58
TIJUANA,2026-04-28,NA,60,34,188,89,67
TIJUANA,2026-04-29,NA,69,32,193,103,79
TIJUANA,2026-04-30,NA,66,29,161,94,91
TIJUANA,2026-05-01,NA,87,32,160,74,90
TIJUANA,2026-05-02,NA,96,39,167,89,75
TIJUANA,2026-05-03,NA,86,39,170,75,78
TIJUANA,2026-05-04,NA,56,17,115,60,51
TIJUANA,2026-05-05,NA,51,25,163,81,78
TIJUANA,2026-05-06,NA,52,28,150,89,85
TIJUANA,2026-05-07,NA,43,31,149,89,81
TIJUANA,2026-05-08,NA,59,19,164,100,99
TIJUANA,2026-05-09,NA,75,21,177,116,83
TIJUANA,2026-05-10,NA,74,16,186,91,82
TIJUANA,2026-05-11,NA,47,17,146,51,59
TIJUANA,2026-05-12,NA,52,30,179,88,91
TIJUANA,2026-05-13,NA,50,30,161,84,86
TIJUANA,2026-05-14,NA,51,30,155,107,100
TIJUANA,2026-05-15,NA,57,38,159,101,89
TIJUANA,2026-05-16,NA,80,36,181,121,100
TIJUANA,2026-05-17,NA,75,42,190,113,102
TIJUANA,2026-05-18,NA,48,32,140,65,59
TIJUANA,2026-05-19,NA,52,29,182,105,79
TIJUANA,2026-05-20,NA,57,39,192,104,76
TIJUANA,2026-05-21,NA,47,35,187,106,86
TIJUANA,2026-05-22,NA,48,33,162,115,82
TIJUANA,2026-05-23,NA,52,26,160,103,78
TIJUANA,2026-05-24,NA,55,16,144,83,67
TIJUANA,2026-05-25,NA,51,14,99,65,45
TIJUANA,2026-05-26,NA,58,25,145,75,72
TIJUANA,2026-05-27,NA,61,24,124,74,77
TIJUANA,2026-05-28,NA,55,25,160,86,75
TIJUANA,2026-05-29,NA,65,22,138,94,65
TIJUANA,2026-05-30,NA,110,23,186,131,75
TIJUANA,2026-05-31,NA,123,33,205,103,98
TIJUANA,2026-06-01,NA,105,33,164,61,93
TIJUANA,2026-06-02,NA,96,33,139,85,112
TIJUANA,2026-06-03,NA,96,30,129,90,102
TIJUANA,2026-06-04,NA,86,24,158,108,89
TIJUANA,2026-06-05,NA,102,33,190,89,97
TIJUANA,2026-06-06,NA,94,29,201,123,97
TIJUANA,2026-06-07,NA,98,34,193,114,112
TIJUANA,2026-06-08,NA,93,33,120,71,81
TIJUANA,2026-06-09,NA,75,45,184,87,100
TIJUANA,2026-06-10,NA,80,57,206,114,129
TIJUANA,2026-06-11,NA,72,57,197,99,112
TIJUANA,2026-06-12,NA,52,43,180,89,86
TIJUANA,2026-06-13,NA,78,39,207,116,78
TIJUANA,2026-06-14,NA,87,44,232,118,80
TIJUANA,2026-06-15,NA,90,44,170,70,80
TIJUANA,2026-06-16,NA,100,46,214,103,97
TIJUANA,2026-06-17,NA,104,37,211,87,107
TIJUANA,2026-06-18,NA,109,49,220,90,99
TIJUANA,2026-06-19,NA,100,44,221,107,102
TIJUANA,2026-06-20,NA,89,46,213,113,116
TIJUANA,2026-06-21,NA,106,43,216,97,104
TIJUANA,2026-06-22,NA,85,37,148,62,79
TIJUANA,2026-06-23,NA,68,28,163,88,87
TIJUANA,2026-06-24,NA,66,41,158,93,98
TIJUANA,2026-06-25,NA,76,29,140,135,108
TIJUANA,2026-06-26,NA,82,22,96,117,105
TIJUANA,2026-06-27,NA,100,29,175,120,109
TIJUANA,2026-06-28,NA,88,34,185,107,105
TIJUANA,2026-06-29,NA,68,26,148,75,81
TIJUANA,2026-06-30,NA,75,25,161,103,70
TIJUANA,2026-07-01,NA,76,25,147,81,83
TIJUANA,2026-07-02,NA,78,31,178,96,87
TIJUANA,2026-07-03,NA,72,33,161,117,91
TIJUANA,2026-07-04,NA,85,33,206,158,102
TIJUANA,2026-07-05,NA,84,29,199,103,91
TIJUANA,2026-07-06,NA,81,31,138,56,63
TIJUANA,2026-07-07,NA,76,23,168,104,76
TIJUANA,2026-07-08,NA,76,22,149,84,72
TIJUANA,2026-07-09,NA,55,26,137,82,80
TIJUANA,2026-07-10,NA,56,21,132,108,92
TIJUANA,2026-07-11,NA,67,26,144,123,89
TIJUANA,2026-07-12,NA,63,26,125,92,90
TIJUANA,2026-07-13,NA,46,21,101,72,52
TIJUANA,2026-07-14,NA,58,36,162,70,88
TIJUANA,2026-07-15,NA,64,28,170,92,94
TIJUANA,2026-07-16,NA,64,34,192,96,104
TIJUANA,2026-07-17,NA,78,32,201,123,98
TIJUANA,2026-07-18,NA,84,31,195,116,75
TIJUANA,2026-07-19,NA,89,31,229,121,91
TIJUANA,2026-07-20,NA,89,21,160,64,67
TIJUANA,2026-07-21,NA,86,27,175,95,83
TIJUANA,2026-07-22,NA,78,27,158,88,85
TIJUANA,2026-07-23,NA,65,29,154,97,85
TIJUANA,2026-07-24,NA,71,37,166,108,86
TIJUANA,2026-07-25,NA,76,31,159,111,82
TIJUANA,2026-07-26,NA,65,29,188,91,88
TIJUANA,2026-07-27,NA,58,25,142,59,57
TIJUANA,2026-07-28,NA,71,38,159,100,91
TIJUANA,2026-07-29,NA,81,29,176,92,100
TIJUANA,2026-07-30,NA,93,36,171,84,82
TIJUANA,2026-07-31,NA,90,38,157,76,87
TIJUANA,2026-08-01,87,88,39,218,94,107
TIJUANA,2026-08-02,81,120,45,178,84,104
TIJUANA,2026-08-03,47,82,32,156,71,76
TIJUANA,2026-08-04,18,85,41,169,93,104
TIJUANA,2026-08-05,21,96,33,146,107,104
TIJUANA,2026-08-06,72,90,28,148,110,92
TIJUANA,2026-08-07,49,95,21,164,114,89
TIJUANA,2026-08-08,96,93,36,173,107,88
TIJUANA,2026-08-09,53,79,28,169,104,90
TIJUANA,2026-08-10,12,54,16,123,56,52
TIJUANA,2026-08-11,193,67,31,169,64,90
TIJUANA,2026-08-12,176,83,35,166,107,107
TIJUANA,2026-08-13,241,70,26,179,117,105
TIJUANA,2026-08-14,193,83,20,183,105,107
TIJUANA,2026-08-15,236,81,20,171,147,86
TIJUANA,2026-08-16,208,100,22,173,119,94
TIJUANA,2026-08-17,144,73,24,140,67,82
TIJUANA,2026-08-18,168,89,35,200,127,87
TIJUANA,2026-08-19,158,82,38,169,107,80
TIJUANA,2026-08-20,128,86,42,167,111,105
TIJUANA,2026-08-21,95,74,27,179,113,113
TIJUANA,2026-08-22,226,96,18,194,123,106
TIJUANA,2026-08-23,200,108,21,214,121,97
TIJUANA,2026-08-24,132,70,22,150,70,72
TOLUCA,2025-08-24,NA,54,29,94,38,141
TOLUCA,2025-08-25,NA,36,18,86,44,117
TOLUCA,2025-08-26,NA,55,29,116,44,152
TOLUCA,2025-08-27,NA,45,23,108,61,145
TOLUCA,2025-08-28,NA,62,26,90,60,158
TOLUCA,2025-08-29,NA,79,28,118,57,116
TOLUCA,2025-08-30,NA,83,22,149,80,133
TOLUCA,2025-08-31,NA,91,35,146,75,143
TOLUCA,2025-09-01,NA,82,33,125,49,124
TOLUCA,2025-09-02,NA,63,44,167,70,130
TOLUCA,2025-09-03,NA,41,41,112,55,135
TOLUCA,2025-09-04,NA,42,31,142,68,128
TOLUCA,2025-09-05,NA,49,41,122,69,149
TOLUCA,2025-09-06,NA,53,28,136,67,154
TOLUCA,2025-09-07,NA,42,22,117,66,150
TOLUCA,2025-09-08,NA,34,12,115,44,115
TOLUCA,2025-09-09,NA,37,20,112,58,124
TOLUCA,2025-09-10,NA,48,33,109,71,142
TOLUCA,2025-09-11,NA,53,33,122,69,149
TOLUCA,2025-09-12,NA,60,32,151,92,148
TOLUCA,2025-09-13,NA,56,26,133,70,138
TOLUCA,2025-09-14,NA,50,21,112,73,114
TOLUCA,2025-09-15,NA,42,18,124,52,85
TOLUCA,2025-09-16,NA,32,18,96,43,79
TOLUCA,2025-09-17,NA,42,19,95,37,70
TOLUCA,2025-09-18,NA,39,33,143,55,88
TOLUCA,2025-09-19,NA,47,33,126,65,123
TOLUCA,2025-09-20,NA,38,17,127,74,118
TOLUCA,2025-09-21,NA,28,28,109,57,109
TOLUCA,2025-09-22,NA,28,17,99,53,81
TOLUCA,2025-09-23,NA,45,21,99,61,110
TOLUCA,2025-09-24,NA,50,29,102,56,112
TOLUCA,2025-09-25,NA,51,32,129,61,116
TOLUCA,2025-09-26,NA,63,28,137,56,112
TOLUCA,2025-09-27,NA,70,29,137,55,112
TOLUCA,2025-09-28,NA,56,17,110,52,101
TOLUCA,2025-09-29,NA,46,17,79,43,77
TOLUCA,2025-09-30,NA,65,41,119,70,96
TOLUCA,2025-10-01,NA,54,35,134,47,106
TOLUCA,2025-10-02,NA,64,25,140,64,111
TOLUCA,2025-10-03,NA,58,31,146,63,121
TOLUCA,2025-10-04,NA,58,32,123,62,105
TOLUCA,2025-10-05,NA,48,31,108,55,109
TOLUCA,2025-10-06,NA,36,27,85,34,82
TOLUCA,2025-10-07,NA,44,32,108,47,93
TOLUCA,2025-10-08,NA,44,28,95,47,109
TOLUCA,2025-10-09,NA,40,14,87,62,98
TOLUCA,2025-10-10,NA,38,22,88,55,102
TOLUCA,2025-10-11,NA,56,28,136,65,110
TOLUCA,2025-10-12,NA,55,22,106,51,93
TOLUCA,2025-10-13,NA,44,24,115,44,55
TOLUCA,2025-10-14,NA,50,27,116,54,81
TOLUCA,2025-10-15,NA,52,34,107,70,89
TOLUCA,2025-10-16,NA,61,34,137,77,108
TOLUCA,2025-10-17,NA,54,37,121,73,108
TOLUCA,2025-10-18,NA,48,33,108,68,106
TOLUCA,2025-10-19,NA,45,31,100,62,102
TOLUCA,2025-10-20,NA,40,18,81,47,63
TOLUCA,2025-10-21,NA,41,36,124,60,82
TOLUCA,2025-10-22,NA,35,18,101,51,96
TOLUCA,2025-10-23,NA,39,24,99,56,84
TOLUCA,2025-10-24,NA,50,29,116,61,72
TOLUCA,2025-10-25,NA,48,20,104,71,74
TOLUCA,2025-10-26,NA,42,21,96,65,70
TOLUCA,2025-10-27,NA,37,16,99,54,56
TOLUCA,2025-10-28,NA,37,19,106,59,71
TOLUCA,2025-10-29,NA,41,24,109,72,79
TOLUCA,2025-10-30,NA,52,25,103,68,67
TOLUCA,2025-10-31,NA,61,21,104,71,87
TOLUCA,2025-11-01,NA,60,22,108,66,89
TOLUCA,2025-11-02,NA,45,22,89,44,77
TOLUCA,2025-11-03,NA,47,16,97,35,63
TOLUCA,2025-11-04,NA,45,29,121,56,93
TOLUCA,2025-11-05,NA,42,25,96,49,111
TOLUCA,2025-11-06,NA,42,21,115,63,118
TOLUCA,2025-11-07,NA,48,25,104,73,117
TOLUCA,2025-11-08,NA,57,32,119,83,113
TOLUCA,2025-11-09,NA,57,31,91,62,102
TOLUCA,2025-11-10,NA,48,28,83,91,72
TOLUCA,2025-11-11,NA,57,38,117,68,93
TOLUCA,2025-11-12,NA,57,55,111,83,88
TOLUCA,2025-11-13,NA,59,48,115,73,99
TOLUCA,2025-11-14,NA,63,31,112,83,96
TOLUCA,2025-11-15,NA,69,35,106,96,87
TOLUCA,2025-11-16,NA,52,42,100,71,75
TOLUCA,2025-11-17,NA,38,45,96,70,61
TOLUCA,2025-11-18,NA,31,47,95,87,89
TOLUCA,2025-11-19,NA,27,35,102,59,86
TOLUCA,2025-11-20,NA,36,31,115,61,85
TOLUCA,2025-11-21,NA,45,34,121,66,104
TOLUCA,2025-11-22,NA,59,48,97,60,117
TOLUCA,2025-11-23,NA,49,33,85,59,95
TOLUCA,2025-11-24,NA,48,29,86,80,71
TOLUCA,2025-11-25,NA,50,32,112,72,88
TOLUCA,2025-11-26,NA,44,34,121,89,86
TOLUCA,2025-11-27,NA,45,23,95,72,90
TOLUCA,2025-11-28,NA,65,28,111,91,88
TOLUCA,2025-11-29,NA,62,28,112,97,84
TOLUCA,2025-11-30,NA,56,28,87,71,70
TOLUCA,2025-12-01,NA,41,21,94,94,69
TOLUCA,2025-12-02,NA,51,25,100,83,85
TOLUCA,2025-12-03,NA,50,26,111,61,75
TOLUCA,2025-12-04,NA,36,32,113,59,73
TOLUCA,2025-12-05,NA,40,34,98,74,75
TOLUCA,2025-12-06,NA,47,25,119,91,63
TOLUCA,2025-12-07,NA,44,31,109,82,56
TOLUCA,2025-12-08,NA,43,27,81,63,43
TOLUCA,2025-12-09,NA,47,34,116,73,73
TOLUCA,2025-12-10,NA,48,29,106,61,78
TOLUCA,2025-12-11,NA,54,27,112,62,72
TOLUCA,2025-12-12,NA,58,19,113,67,77
TOLUCA,2025-12-13,NA,66,22,114,76,82
TOLUCA,2025-12-14,NA,54,30,90,94,71
TOLUCA,2025-12-15,NA,32,26,92,72,62
TOLUCA,2025-12-16,NA,40,36,103,72,75
TOLUCA,2025-12-17,NA,43,39,118,75,85
TOLUCA,2025-12-18,NA,50,26,111,80,101
TOLUCA,2025-12-19,NA,57,29,119,87,100
TOLUCA,2025-12-20,NA,63,26,106,90,92
TOLUCA,2025-12-21,NA,56,25,94,78,93
TOLUCA,2025-12-22,NA,42,25,80,63,62
TOLUCA,2025-12-23,NA,53,29,125,81,90
TOLUCA,2025-12-24,NA,40,27,111,64,84
TOLUCA,2025-12-25,NA,24,19,73,35,61
TOLUCA,2025-12-26,NA,32,25,83,40,61
TOLUCA,2025-12-27,NA,47,35,98,57,77
TOLUCA,2025-12-28,NA,42,37,84,65,88
TOLUCA,2025-12-29,NA,42,32,78,49,60
TOLUCA,2025-12-30,NA,43,29,94,66,73
TOLUCA,2025-12-31,NA,33,20,84,46,71
TOLUCA,2026-01-01,NA,25,14,65,32,62
TOLUCA,2026-01-02,NA,30,15,81,42,63
TOLUCA,2026-01-03,NA,43,30,112,80,56
TOLUCA,2026-01-04,NA,44,31,97,74,80
TOLUCA,2026-01-05,NA,32,20,63,44,61
TOLUCA,2026-01-06,NA,43,30,107,89,77
TOLUCA,2026-01-07,NA,55,30,95,77,76
TOLUCA,2026-01-08,NA,50,38,130,89,91
TOLUCA,2026-01-09,NA,54,31,105,108,93
TOLUCA,2026-01-10,NA,54,49,108,101,115
TOLUCA,2026-01-11,NA,45,44,90,80,100
TOLUCA,2026-01-12,NA,40,24,77,68,59
TOLUCA,2026-01-13,NA,56,32,112,74,83
TOLUCA,2026-01-14,NA,53,37,103,72,83
TOLUCA,2026-01-15,NA,53,38,122,84,78
TOLUCA,2026-01-16,NA,52,45,128,105,102
TOLUCA,2026-01-17,NA,48,37,118,124,96
TOLUCA,2026-01-18,NA,59,33,119,74,99
TOLUCA,2026-01-19,NA,53,28,103,69,75
TOLUCA,2026-01-20,NA,64,47,115,70,90
TOLUCA,2026-01-21,NA,55,43,132,60,74
TOLUCA,2026-01-22,NA,45,32,124,79,77
TOLUCA,2026-01-23,NA,56,27,124,77,85
TOLUCA,2026-01-24,NA,63,27,119,105,90
TOLUCA,2026-01-25,NA,59,31,98,68,78
TOLUCA,2026-01-26,NA,46,23,78,66,58
TOLUCA,2026-01-27,NA,57,31,106,84,104
TOLUCA,2026-01-28,NA,71,31,96,77,124
TOLUCA,2026-01-29,NA,75,21,119,76,117
TOLUCA,2026-01-30,NA,89,40,95,70,125
TOLUCA,2026-01-31,NA,88,38,117,93,105
TOLUCA,2026-02-01,NA,69,34,119,69,106
TOLUCA,2026-02-02,NA,50,28,97,55,81
TOLUCA,2026-02-03,NA,49,31,96,64,93
TOLUCA,2026-02-04,NA,60,33,119,74,108
TOLUCA,2026-02-05,NA,49,37,112,79,117
TOLUCA,2026-02-06,NA,50,42,92,96,97
TOLUCA,2026-02-07,NA,66,42,144,104,99
TOLUCA,2026-02-08,NA,58,40,124,78,87
TOLUCA,2026-02-09,NA,57,25,103,66,59
TOLUCA,2026-02-10,NA,56,34,135,73,69
TOLUCA,2026-02-11,NA,54,32,147,86,109
TOLUCA,2026-02-12,NA,55,44,163,91,104
TOLUCA,2026-02-13,NA,69,36,134,89,114
TOLUCA,2026-02-14,NA,76,30,120,89,106
TOLUCA,2026-02-15,NA,72,34,125,102,118
TOLUCA,2026-02-16,NA,58,42,119,61,97
TOLUCA,2026-02-17,NA,59,42,179,84,104
TOLUCA,2026-02-18,NA,68,48,165,81,120
TOLUCA,2026-02-19,NA,53,40,125,91,102
TOLUCA,2026-02-20,NA,56,33,133,84,112
TOLUCA,2026-02-21,NA,70,45,125,91,108
TOLUCA,2026-02-22,NA,61,37,117,83,108
TOLUCA,2026-02-23,NA,42,21,96,51,87
TOLUCA,2026-02-24,NA,58,27,132,68,77
TOLUCA,2026-02-25,NA,53,30,133,76,92
TOLUCA,2026-02-26,NA,73,33,131,96,106
TOLUCA,2026-02-27,NA,72,31,106,99,111
TOLUCA,2026-02-28,NA,74,30,130,103,115
TOLUCA,2026-03-01,NA,67,46,128,81,109
TOLUCA,2026-03-02,NA,59,25,116,72,80
TOLUCA,2026-03-03,NA,61,41,147,73,82
TOLUCA,2026-03-04,NA,54,26,130,63,83
TOLUCA,2026-03-05,NA,57,28,136,82,72
TOLUCA,2026-03-06,NA,55,43,133,81,91
TOLUCA,2026-03-07,NA,53,35,120,97,87
TOLUCA,2026-03-08,NA,52,34,149,74,92
TOLUCA,2026-03-09,NA,48,24,132,61,89
TOLUCA,2026-03-10,NA,48,41,132,97,82
TOLUCA,2026-03-11,NA,46,26,126,96,89
TOLUCA,2026-03-12,NA,44,37,148,88,100
TOLUCA,2026-03-13,NA,52,30,118,94,92
TOLUCA,2026-03-14,NA,70,26,127,88,84
TOLUCA,2026-03-15,NA,53,34,134,99,84
TOLUCA,2026-03-16,NA,41,33,126,78,56
TOLUCA,2026-03-17,NA,40,38,132,94,62
TOLUCA,2026-03-18,NA,41,54,144,86,67
TOLUCA,2026-03-19,NA,48,51,161,88,101
TOLUCA,2026-03-20,NA,60,42,159,80,102
TOLUCA,2026-03-21,NA,63,35,116,78,91
TOLUCA,2026-03-22,NA,52,33,127,52,82
TOLUCA,2026-03-23,NA,46,26,102,45,62
TOLUCA,2026-03-24,NA,57,39,139,60,77
TOLUCA,2026-03-25,NA,61,36,115,64,78
TOLUCA,2026-03-26,NA,63,36,120,71,65
TOLUCA,2026-03-27,NA,65,33,121,83,76
TOLUCA,2026-03-28,NA,71,31,130,97,70
TOLUCA,2026-03-29,NA,65,29,146,76,68
TOLUCA,2026-03-30,NA,55,27,111,60,55
TOLUCA,2026-03-31,NA,72,59,147,93,91
TOLUCA,2026-04-01,NA,73,76,162,100,101
TOLUCA,2026-04-02,NA,82,74,164,107,103
TOLUCA,2026-04-03,NA,69,42,149,79,93
TOLUCA,2026-04-04,NA,49,38,119,57,78
TOLUCA,2026-04-05,NA,43,38,121,67,60
TOLUCA,2026-04-06,NA,40,34,120,68,63
TOLUCA,2026-04-07,NA,50,44,156,108,79
TOLUCA,2026-04-08,NA,52,70,180,95,109
TOLUCA,2026-04-09,NA,59,63,180,122,104
TOLUCA,2026-04-10,NA,55,61,183,89,124
TOLUCA,2026-04-11,NA,50,48,186,106,113
TOLUCA,2026-04-12,NA,53,52,173,84,90
TOLUCA,2026-04-13,NA,39,40,153,78,83
TOLUCA,2026-04-14,NA,46,47,179,95,91
TOLUCA,2026-04-15,NA,45,60,172,114,119
TOLUCA,2026-04-16,NA,56,66,192,124,135
TOLUCA,2026-04-17,NA,64,55,200,120,162
TOLUCA,2026-04-18,NA,68,52,183,124,140
TOLUCA,2026-04-19,NA,64,59,161,92,121
TOLUCA,2026-04-20,NA,43,46,121,64,95
TOLUCA,2026-04-21,NA,36,56,182,71,111
TOLUCA,2026-04-22,NA,46,56,146,72,108
TOLUCA,2026-04-23,NA,43,50,172,70,103
TOLUCA,2026-04-24,NA,50,40,159,103,109
TOLUCA,2026-04-25,NA,57,42,161,99,115
TOLUCA,2026-04-26,NA,54,41,143,87,98
TOLUCA,2026-04-27,NA,42,35,133,79,80
TOLUCA,2026-04-28,NA,47,60,142,90,92
TOLUCA,2026-04-29,NA,57,51,164,86,104
TOLUCA,2026-04-30,NA,62,59,144,79,126
TOLUCA,2026-05-01,NA,78,55,149,74,111
TOLUCA,2026-05-02,NA,65,53,157,91,107
TOLUCA,2026-05-03,NA,63,61,138,77,99
TOLUCA,2026-05-04,NA,54,41,128,58,82
TOLUCA,2026-05-05,NA,50,49,162,78,104
TOLUCA,2026-05-06,NA,53,55,172,83,100
TOLUCA,2026-05-07,NA,46,53,188,91,97
TOLUCA,2026-05-08,NA,51,40,163,71,116
TOLUCA,2026-05-09,NA,51,45,203,95,116
TOLUCA,2026-05-10,NA,37,37,145,71,92
TOLUCA,2026-05-11,NA,30,32,138,58,77
TOLUCA,2026-05-12,NA,36,51,147,84,88
TOLUCA,2026-05-13,NA,44,46,165,76,104
TOLUCA,2026-05-14,NA,47,58,157,74,123
TOLUCA,2026-05-15,NA,46,54,172,85,121
TOLUCA,2026-05-16,NA,45,51,158,107,109
TOLUCA,2026-05-17,NA,39,48,124,72,100
TOLUCA,2026-05-18,NA,36,30,143,58,90
TOLUCA,2026-05-19,NA,43,39,151,81,90
TOLUCA,2026-05-20,NA,51,52,189,90,97
TOLUCA,2026-05-21,NA,47,60,204,111,108
TOLUCA,2026-05-22,NA,42,49,143,96,123
TOLUCA,2026-05-23,NA,54,53,196,125,137
TOLUCA,2026-05-24,NA,48,50,183,92,146
TOLUCA,2026-05-25,NA,38,43,147,56,121
TOLUCA,2026-05-26,NA,44,42,155,97,170
TOLUCA,2026-05-27,NA,48,50,207,95,214
TOLUCA,2026-05-28,NA,64,48,171,91,251
TOLUCA,2026-05-29,NA,61,58,209,89,276
TOLUCA,2026-05-30,NA,63,52,230,119,309
TOLUCA,2026-05-31,NA,49,48,213,98,336
TOLUCA,2026-06-01,NA,51,54,209,70,344
TOLUCA,2026-06-02,NA,58,85,224,121,385
TOLUCA,2026-06-03,NA,57,74,225,121,421
TOLUCA,2026-06-04,NA,65,61,239,119,411
TOLUCA,2026-06-05,NA,69,65,184,96,447
TOLUCA,2026-06-06,NA,67,65,227,122,471
TOLUCA,2026-06-07,NA,62,73,211,102,490
TOLUCA,2026-06-08,NA,48,66,176,75,486
TOLUCA,2026-06-09,NA,49,96,206,109,532
TOLUCA,2026-06-10,NA,52,89,184,149,581
TOLUCA,2026-06-11,NA,51,69,141,129,614
TOLUCA,2026-06-12,NA,55,59,171,100,614
TOLUCA,2026-06-13,NA,63,64,191,120,619
TOLUCA,2026-06-14,NA,52,62,201,101,619
TOLUCA,2026-06-15,NA,39,50,167,72,613
TOLUCA,2026-06-16,NA,50,74,214,112,625
TOLUCA,2026-06-17,NA,55,103,207,112,645
TOLUCA,2026-06-18,NA,68,103,157,118,682
TOLUCA,2026-06-19,NA,64,86,152,148,691
TOLUCA,2026-06-20,NA,66,89,193,111,721
TOLUCA,2026-06-21,NA,50,92,144,99,739
TOLUCA,2026-06-22,NA,30,62,116,61,745
TOLUCA,2026-06-23,NA,51,51,161,94,775
TOLUCA,2026-06-24,NA,40,49,137,76,773
TOLUCA,2026-06-25,NA,53,52,144,63,773
TOLUCA,2026-06-26,NA,65,36,129,68,733
TOLUCA,2026-06-27,NA,67,37,159,77,741
TOLUCA,2026-06-28,NA,61,48,133,84,731
TOLUCA,2026-06-29,NA,56,41,130,63,725
TOLUCA,2026-06-30,NA,64,63,165,88,740
TOLUCA,2026-07-01,NA,63,59,147,55,766
TOLUCA,2026-07-02,NA,70,64,176,63,773
TOLUCA,2026-07-03,NA,61,68,169,97,737
TOLUCA,2026-07-04,NA,64,64,167,109,757
TOLUCA,2026-07-05,NA,54,52,146,105,776
TOLUCA,2026-07-06,NA,38,29,127,64,773
TOLUCA,2026-07-07,NA,55,45,164,83,779
TOLUCA,2026-07-08,NA,56,47,160,79,801
TOLUCA,2026-07-09,NA,65,39,172,89,791
TOLUCA,2026-07-10,NA,63,35,153,107,778
TOLUCA,2026-07-11,NA,71,39,131,117,714
TOLUCA,2026-07-12,NA,55,43,123,94,649
TOLUCA,2026-07-13,NA,35,36,122,76,619
TOLUCA,2026-07-14,NA,42,39,155,99,613
TOLUCA,2026-07-15,NA,36,57,184,74,609
TOLUCA,2026-07-16,NA,47,47,174,94,616
TOLUCA,2026-07-17,NA,61,50,142,110,617
TOLUCA,2026-07-18,NA,55,53,153,120,630
TOLUCA,2026-07-19,NA,50,42,127,91,625
TOLUCA,2026-07-20,NA,33,37,128,65,559
TOLUCA,2026-07-21,NA,47,52,179,93,498
TOLUCA,2026-07-22,NA,48,64,157,86,454
TOLUCA,2026-07-23,NA,50,59,142,83,440
TOLUCA,2026-07-24,NA,62,54,147,108,421
TOLUCA,2026-07-25,NA,67,37,138,82,395
TOLUCA,2026-07-26,NA,48,41,145,85,360
TOLUCA,2026-07-27,NA,41,38,109,67,353
TOLUCA,2026-07-28,NA,50,51,133,96,351
TOLUCA,2026-07-29,NA,43,54,170,104,322
TOLUCA,2026-07-30,NA,64,61,155,100,290
TOLUCA,2026-07-31,NA,72,52,145,95,277
TOLUCA,2026-08-01,15,72,41,160,82,261
TOLUCA,2026-08-02,17,61,42,150,89,258
TOLUCA,2026-08-03,9,47,33,125,85,252
TOLUCA,2026-08-04,19,64,54,180,107,253
TOLUCA,2026-08-05,12,54,56,157,119,248
TOLUCA,2026-08-06,21,50,54,163,87,245
TOLUCA,2026-08-07,15,64,55,147,109,247
TOLUCA,2026-08-08,10,80,48,175,123,264
TOLUCA,2026-08-09,5,65,44,124,73,255
TOLUCA,2026-08-10,6,53,35,114,65,249
TOLUCA,2026-08-11,9,63,37,151,78,255
TOLUCA,2026-08-12,17,57,61,166,105,255
TOLUCA,2026-08-13,18,59,49,155,143,253
TOLUCA,2026-08-14,15,61,55,129,135,238
TOLUCA,2026-08-15,25,69,55,164,154,255
TOLUCA,2026-08-16,20,62,53,167,139,265
TOLUCA,2026-08-17,16,51,46,148,124,266
TOLUCA,2026-08-18,23,53,62,161,156,286
TOLUCA,2026-08-19,24,60,79,168,137,317
TOLUCA,2026-08-20,29,72,96,163,145,314
TOLUCA,2026-08-21,27,65,75,148,171,293
TOLUCA,2026-08-22,41,73,72,161,152,208
TOLUCA,2026-08-23,21,66,65,170,146,177
TOLUCA,2026-08-24,9,53,45,121,94,135
TUXTLA,2025-08-24,NA,29,6,30,45,30
TUXTLA,2025-08-25,NA,20,6,24,30,20
TUXTLA,2025-08-26,NA,22,6,24,42,28
TUXTLA,2025-08-27,NA,14,6,40,57,36
TUXTLA,2025-08-28,NA,25,5,35,45,23
TUXTLA,2025-08-29,NA,25,5,36,49,25
TUXTLA,2025-08-30,NA,26,7,28,59,23
TUXTLA,2025-08-31,NA,28,6,20,40,23
TUXTLA,2025-09-01,NA,30,4,21,24,15
TUXTLA,2025-09-02,NA,23,8,39,34,22
TUXTLA,2025-09-03,NA,22,5,29,49,24
TUXTLA,2025-09-04,NA,28,4,27,47,26
TUXTLA,2025-09-05,NA,30,4,33,52,23
TUXTLA,2025-09-06,NA,30,3,30,53,27
TUXTLA,2025-09-07,NA,26,2,22,46,20
TUXTLA,2025-09-08,NA,17,1,21,29,19
TUXTLA,2025-09-09,NA,16,2,27,48,19
TUXTLA,2025-09-10,NA,16,2,28,46,23
TUXTLA,2025-09-11,NA,16,4,31,60,19
TUXTLA,2025-09-12,NA,24,3,31,57,19
TUXTLA,2025-09-13,NA,24,4,37,60,14
TUXTLA,2025-09-14,NA,16,6,39,54,12
TUXTLA,2025-09-15,NA,18,4,29,41,12
TUXTLA,2025-09-16,NA,20,4,35,48,18
TUXTLA,2025-09-17,NA,25,4,27,31,21
TUXTLA,2025-09-18,NA,25,3,32,31,19
TUXTLA,2025-09-19,NA,26,4,30,36,22
TUXTLA,2025-09-20,NA,15,2,27,44,30
TUXTLA,2025-09-21,NA,15,6,32,33,29
TUXTLA,2025-09-22,NA,11,3,25,37,24
TUXTLA,2025-09-23,NA,11,6,28,32,25
TUXTLA,2025-09-24,NA,7,6,40,38,32
TUXTLA,2025-09-25,NA,10,4,34,45,26
TUXTLA,2025-09-26,NA,13,4,38,37,31
TUXTLA,2025-09-27,NA,13,5,26,44,32
TUXTLA,2025-09-28,NA,14,3,30,35,22
TUXTLA,2025-09-29,NA,12,4,31,31,20
TUXTLA,2025-09-30,NA,14,9,30,47,24
TUXTLA,2025-10-01,NA,19,11,29,44,28
TUXTLA,2025-10-02,NA,16,6,35,37,19
TUXTLA,2025-10-03,NA,20,4,23,28,20
TUXTLA,2025-10-04,NA,23,4,27,28,28
TUXTLA,2025-10-05,NA,21,5,29,28,25
TUXTLA,2025-10-06,NA,23,3,26,21,22
TUXTLA,2025-10-07,NA,19,3,31,25,17
TUXTLA,2025-10-08,NA,19,5,20,23,24
TUXTLA,2025-10-09,NA,19,1,26,33,24
TUXTLA,2025-10-10,NA,16,3,27,49,30
TUXTLA,2025-10-11,NA,21,7,28,59,29
TUXTLA,2025-10-12,NA,22,8,24,50,32
TUXTLA,2025-10-13,NA,25,7,23,53,25
TUXTLA,2025-10-14,NA,25,7,27,56,22
TUXTLA,2025-10-15,NA,20,9,34,50,23
TUXTLA,2025-10-16,NA,22,8,32,61,24
TUXTLA,2025-10-17,NA,18,5,33,59,24
TUXTLA,2025-10-18,NA,16,4,32,66,25
TUXTLA,2025-10-19,NA,18,2,26,51,16
TUXTLA,2025-10-20,NA,22,2,25,50,12
TUXTLA,2025-10-21,NA,21,6,35,56,14
TUXTLA,2025-10-22,NA,10,3,35,51,11
TUXTLA,2025-10-23,NA,16,4,37,57,11
TUXTLA,2025-10-24,NA,15,6,24,66,12
TUXTLA,2025-10-25,NA,13,6,27,58,16
TUXTLA,2025-10-26,NA,9,5,30,60,15
TUXTLA,2025-10-27,NA,7,4,25,48,16
TUXTLA,2025-10-28,NA,14,4,27,42,12
TUXTLA,2025-10-29,NA,16,3,30,43,16
TUXTLA,2025-10-30,NA,22,3,29,47,15
TUXTLA,2025-10-31,NA,19,4,40,51,18
TUXTLA,2025-11-01,NA,19,3,33,35,20
TUXTLA,2025-11-02,NA,18,3,28,35,19
TUXTLA,2025-11-03,NA,11,1,28,31,14
TUXTLA,2025-11-04,NA,22,5,23,31,16
TUXTLA,2025-11-05,NA,13,3,24,34,20
TUXTLA,2025-11-06,NA,16,4,22,38,15
TUXTLA,2025-11-07,NA,15,6,20,41,26
TUXTLA,2025-11-08,NA,18,1,21,59,17
TUXTLA,2025-11-09,NA,18,1,29,59,17
TUXTLA,2025-11-10,NA,17,1,28,57,17
TUXTLA,2025-11-11,NA,9,8,35,74,14
TUXTLA,2025-11-12,NA,14,9,38,75,12
TUXTLA,2025-11-13,NA,17,4,46,77,18
TUXTLA,2025-11-14,NA,16,7,36,83,18
TUXTLA,2025-11-15,NA,25,14,35,80,16
TUXTLA,2025-11-16,NA,22,12,38,57,22
TUXTLA,2025-11-17,NA,22,13,27,47,19
TUXTLA,2025-11-18,NA,21,21,39,77,13
TUXTLA,2025-11-19,NA,21,18,33,71,20
TUXTLA,2025-11-20,NA,21,10,28,75,18
TUXTLA,2025-11-21,NA,19,7,26,66,18
TUXTLA,2025-11-22,NA,20,8,32,66,31
TUXTLA,2025-11-23,NA,15,4,29,59,24
TUXTLA,2025-11-24,NA,16,4,34,60,22
TUXTLA,2025-11-25,NA,22,5,29,58,18
TUXTLA,2025-11-26,NA,21,7,24,72,21
TUXTLA,2025-11-27,NA,19,6,30,72,25
TUXTLA,2025-11-28,NA,20,6,31,76,20
TUXTLA,2025-11-29,NA,18,5,39,71,24
TUXTLA,2025-11-30,NA,24,5,34,43,23
TUXTLA,2025-12-01,NA,22,2,29,29,12
TUXTLA,2025-12-02,NA,23,6,23,38,13
TUXTLA,2025-12-03,NA,24,5,28,28,22
TUXTLA,2025-12-04,NA,24,5,25,30,24
TUXTLA,2025-12-05,NA,19,4,23,43,18
TUXTLA,2025-12-06,NA,22,4,27,57,19
TUXTLA,2025-12-07,NA,17,4,30,59,15
TUXTLA,2025-12-08,NA,19,6,24,47,14
TUXTLA,2025-12-09,NA,14,2,39,54,17
TUXTLA,2025-12-10,NA,17,4,33,54,21
TUXTLA,2025-12-11,NA,19,5,42,68,24
TUXTLA,2025-12-12,NA,15,7,31,74,23
TUXTLA,2025-12-13,NA,19,4,34,76,19
TUXTLA,2025-12-14,NA,17,4,27,74,19
TUXTLA,2025-12-15,NA,11,4,25,70,14
TUXTLA,2025-12-16,NA,26,10,34,94,20
TUXTLA,2025-12-17,NA,24,17,42,87,20
TUXTLA,2025-12-18,NA,23,19,46,90,30
TUXTLA,2025-12-19,NA,21,19,39,85,37
TUXTLA,2025-12-20,NA,25,17,47,80,31
TUXTLA,2025-12-21,NA,22,19,39,62,31
TUXTLA,2025-12-22,NA,17,15,44,53,26
TUXTLA,2025-12-23,NA,18,15,42,54,18
TUXTLA,2025-12-24,NA,23,13,40,48,20
TUXTLA,2025-12-25,NA,24,10,29,49,18
TUXTLA,2025-12-26,NA,26,8,30,32,17
TUXTLA,2025-12-27,NA,30,6,29,33,19
TUXTLA,2025-12-28,NA,29,7,36,32,32
TUXTLA,2025-12-29,NA,19,7,31,25,22
TUXTLA,2025-12-30,NA,20,11,45,49,22
TUXTLA,2025-12-31,NA,19,12,35,38,27
TUXTLA,2026-01-01,NA,19,13,32,39,26
TUXTLA,2026-01-02,NA,21,13,30,27,26
TUXTLA,2026-01-03,NA,22,13,25,52,33
TUXTLA,2026-01-04,NA,18,7,34,48,30
TUXTLA,2026-01-05,NA,13,4,22,40,28
TUXTLA,2026-01-06,NA,21,5,34,43,26
TUXTLA,2026-01-07,NA,26,7,23,65,16
TUXTLA,2026-01-08,NA,18,7,40,94,18
TUXTLA,2026-01-09,NA,18,4,38,86,19
TUXTLA,2026-01-10,NA,21,12,32,99,21
TUXTLA,2026-01-11,NA,24,12,36,91,28
TUXTLA,2026-01-12,NA,27,8,30,76,20
TUXTLA,2026-01-13,NA,25,9,29,84,21
TUXTLA,2026-01-14,NA,22,9,37,91,27
TUXTLA,2026-01-15,NA,24,8,38,86,29
TUXTLA,2026-01-16,NA,29,9,38,97,37
TUXTLA,2026-01-17,NA,33,7,32,87,43
TUXTLA,2026-01-18,NA,31,4,27,67,40
TUXTLA,2026-01-19,NA,27,4,29,54,37
TUXTLA,2026-01-20,NA,27,2,31,57,32
TUXTLA,2026-01-21,NA,22,6,19,60,28
TUXTLA,2026-01-22,NA,17,7,33,59,28
TUXTLA,2026-01-23,NA,20,10,36,66,31
TUXTLA,2026-01-24,NA,19,8,47,90,29
TUXTLA,2026-01-25,NA,17,6,31,71,25
TUXTLA,2026-01-26,NA,15,3,25,53,19
TUXTLA,2026-01-27,NA,14,7,32,57,29
TUXTLA,2026-01-28,NA,17,5,31,68,29
TUXTLA,2026-01-29,NA,19,4,27,52,24
TUXTLA,2026-01-30,NA,22,7,29,55,19
TUXTLA,2026-01-31,NA,21,2,32,55,26
TUXTLA,2026-02-01,NA,18,5,26,44,27
TUXTLA,2026-02-02,NA,19,5,30,49,18
TUXTLA,2026-02-03,NA,23,9,32,39,22
TUXTLA,2026-02-04,NA,16,8,35,58,24
TUXTLA,2026-02-05,NA,14,6,30,47,19
TUXTLA,2026-02-06,NA,18,6,31,53,20
TUXTLA,2026-02-07,NA,20,5,31,59,25
TUXTLA,2026-02-08,NA,24,4,34,51,22
TUXTLA,2026-02-09,NA,15,1,31,43,15
TUXTLA,2026-02-10,NA,21,6,27,56,24
TUXTLA,2026-02-11,NA,18,6,22,58,34
TUXTLA,2026-02-12,NA,12,9,37,61,28
TUXTLA,2026-02-13,NA,11,5,36,77,29
TUXTLA,2026-02-14,NA,18,3,36,76,21
TUXTLA,2026-02-15,NA,16,7,20,62,21
TUXTLA,2026-02-16,NA,14,3,30,45,15
TUXTLA,2026-02-17,NA,19,4,26,72,19
TUXTLA,2026-02-18,NA,20,2,32,59,19
TUXTLA,2026-02-19,NA,23,7,24,48,25
TUXTLA,2026-02-20,NA,28,5,24,63,20
TUXTLA,2026-02-21,NA,16,6,31,67,25
TUXTLA,2026-02-22,NA,15,8,26,58,25
TUXTLA,2026-02-23,NA,10,3,27,44,18
TUXTLA,2026-02-24,NA,21,6,23,71,18
TUXTLA,2026-02-25,NA,18,5,35,64,27
TUXTLA,2026-02-26,NA,18,5,33,70,22
TUXTLA,2026-02-27,NA,19,6,29,67,23
TUXTLA,2026-02-28,NA,22,8,29,77,35
TUXTLA,2026-03-01,NA,22,11,29,51,24
TUXTLA,2026-03-02,NA,21,10,25,50,19
TUXTLA,2026-03-03,NA,17,12,25,54,17
TUXTLA,2026-03-04,NA,22,8,29,57,17
TUXTLA,2026-03-05,NA,18,8,27,54,12
TUXTLA,2026-03-06,NA,19,10,34,42,19
TUXTLA,2026-03-07,NA,21,5,32,52,21
TUXTLA,2026-03-08,NA,21,5,27,46,26
TUXTLA,2026-03-09,NA,10,3,26,41,28
TUXTLA,2026-03-10,NA,22,3,37,57,32
TUXTLA,2026-03-11,NA,22,6,37,59,35
TUXTLA,2026-03-12,NA,22,8,36,66,29
TUXTLA,2026-03-13,NA,22,4,29,57,15
TUXTLA,2026-03-14,NA,21,9,33,54,18
TUXTLA,2026-03-15,NA,18,5,39,50,22
TUXTLA,2026-03-16,NA,13,3,34,35,19
TUXTLA,2026-03-17,NA,17,9,43,48,14
TUXTLA,2026-03-18,NA,20,5,51,45,38
TUXTLA,2026-03-19,NA,22,10,37,42,30
TUXTLA,2026-03-20,NA,25,9,36,55,27
TUXTLA,2026-03-21,NA,24,3,32,55,24
TUXTLA,2026-03-22,NA,19,6,24,39,28
TUXTLA,2026-03-23,NA,15,5,27,40,16
TUXTLA,2026-03-24,NA,17,4,30,58,24
TUXTLA,2026-03-25,NA,16,5,33,43,26
TUXTLA,2026-03-26,NA,17,2,27,55,35
TUXTLA,2026-03-27,NA,24,2,28,55,27
TUXTLA,2026-03-28,NA,23,5,31,58,19
TUXTLA,2026-03-29,NA,22,14,29,42,23
TUXTLA,2026-03-30,NA,20,14,25,18,16
TUXTLA,2026-03-31,NA,28,15,26,48,22
TUXTLA,2026-04-01,NA,17,18,49,40,34
TUXTLA,2026-04-02,NA,17,17,36,46,30
TUXTLA,2026-04-03,NA,17,12,20,42,26
TUXTLA,2026-04-04,NA,19,9,18,20,21
TUXTLA,2026-04-05,NA,21,12,25,25,20
TUXTLA,2026-04-06,NA,15,6,24,27,15
TUXTLA,2026-04-07,NA,21,9,44,33,16
TUXTLA,2026-04-08,NA,26,12,48,44,19
TUXTLA,2026-04-09,NA,26,5,39,48,26
TUXTLA,2026-04-10,NA,22,7,32,40,34
TUXTLA,2026-04-11,NA,25,10,51,36,33
TUXTLA,2026-04-12,NA,24,11,37,36,27
TUXTLA,2026-04-13,NA,22,7,35,29,22
TUXTLA,2026-04-14,NA,21,10,34,45,22
TUXTLA,2026-04-15,NA,16,13,33,49,30
TUXTLA,2026-04-16,NA,20,12,34,48,28
TUXTLA,2026-04-17,NA,18,11,33,42,24
TUXTLA,2026-04-18,NA,19,11,26,42,23
TUXTLA,2026-04-19,NA,18,15,26,33,23
TUXTLA,2026-04-20,NA,15,13,31,25,19
TUXTLA,2026-04-21,NA,14,11,32,40,25
TUXTLA,2026-04-22,NA,17,10,32,43,28
TUXTLA,2026-04-23,NA,23,16,36,42,35
TUXTLA,2026-04-24,NA,26,11,47,122,32
TUXTLA,2026-04-25,NA,21,14,47,149,28
TUXTLA,2026-04-26,NA,22,19,52,152,24
TUXTLA,2026-04-27,NA,22,17,40,115,25
TUXTLA,2026-04-28,NA,23,14,49,129,43
TUXTLA,2026-04-29,NA,16,12,51,117,35
TUXTLA,2026-04-30,NA,19,10,61,78,31
TUXTLA,2026-05-01,NA,19,10,48,60,41
TUXTLA,2026-05-02,NA,25,16,47,64,34
TUXTLA,2026-05-03,NA,36,14,45,36,36
TUXTLA,2026-05-04,NA,25,11,31,30,27
TUXTLA,2026-05-05,NA,20,12,36,59,27
TUXTLA,2026-05-06,NA,19,12,38,81,24
TUXTLA,2026-05-07,NA,17,14,46,76,23
TUXTLA,2026-05-08,NA,10,15,47,68,17
TUXTLA,2026-05-09,NA,9,12,45,56,22
TUXTLA,2026-05-10,NA,7,8,66,37,22
TUXTLA,2026-05-11,NA,10,8,51,21,22
TUXTLA,2026-05-12,NA,19,15,67,50,16
TUXTLA,2026-05-13,NA,26,14,79,54,16
TUXTLA,2026-05-14,NA,26,14,77,62,17
TUXTLA,2026-05-15,NA,28,13,63,60,26
TUXTLA,2026-05-16,NA,25,19,69,56,34
TUXTLA,2026-05-17,NA,32,20,70,48,33
TUXTLA,2026-05-18,NA,26,19,71,34,31
TUXTLA,2026-05-19,NA,23,22,49,58,41
TUXTLA,2026-05-20,NA,29,24,73,56,43
TUXTLA,2026-05-21,NA,30,21,70,85,44
TUXTLA,2026-05-22,NA,31,20,62,80,40
TUXTLA,2026-05-23,NA,24,20,65,72,38
TUXTLA,2026-05-24,NA,18,12,60,41,29
TUXTLA,2026-05-25,NA,20,7,51,28,27
TUXTLA,2026-05-26,NA,22,10,47,47,20
TUXTLA,2026-05-27,NA,15,6,36,47,27
TUXTLA,2026-05-28,NA,15,9,42,53,28
TUXTLA,2026-05-29,NA,21,8,52,67,39
TUXTLA,2026-05-30,NA,26,15,63,65,38
TUXTLA,2026-05-31,NA,23,14,56,42,29
TUXTLA,2026-06-01,NA,21,11,47,26,26
TUXTLA,2026-06-02,NA,22,13,53,50,21
TUXTLA,2026-06-03,NA,29,13,66,53,27
TUXTLA,2026-06-04,NA,21,16,74,50,29
TUXTLA,2026-06-05,NA,28,22,71,43,22
TUXTLA,2026-06-06,NA,28,16,58,59,22
TUXTLA,2026-06-07,NA,22,17,61,61,22
TUXTLA,2026-06-08,NA,20,16,57,37,21
TUXTLA,2026-06-09,NA,21,19,65,54,30
TUXTLA,2026-06-10,NA,19,19,61,63,22
TUXTLA,2026-06-11,NA,21,20,61,62,25
TUXTLA,2026-06-12,NA,12,16,50,45,27
TUXTLA,2026-06-13,NA,12,16,43,46,26
TUXTLA,2026-06-14,NA,13,17,46,47,25
TUXTLA,2026-06-15,NA,11,5,40,35,29
TUXTLA,2026-06-16,NA,17,8,46,53,30
TUXTLA,2026-06-17,NA,21,9,48,56,32
TUXTLA,2026-06-18,NA,18,8,60,46,32
TUXTLA,2026-06-19,NA,12,7,60,41,31
TUXTLA,2026-06-20,NA,10,11,53,43,23
TUXTLA,2026-06-21,NA,9,13,54,37,18
TUXTLA,2026-06-22,NA,8,11,44,11,17
TUXTLA,2026-06-23,NA,8,10,43,33,19
TUXTLA,2026-06-24,NA,14,9,50,40,28
TUXTLA,2026-06-25,NA,14,13,44,47,25
TUXTLA,2026-06-26,NA,16,10,27,41,32
TUXTLA,2026-06-27,NA,12,7,27,47,30
TUXTLA,2026-06-28,NA,9,9,28,28,30
TUXTLA,2026-06-29,NA,9,8,25,15,24
TUXTLA,2026-06-30,NA,9,15,38,48,25
TUXTLA,2026-07-01,NA,15,13,37,42,29
TUXTLA,2026-07-02,NA,21,14,39,40,33
TUXTLA,2026-07-03,NA,23,13,49,36,30
TUXTLA,2026-07-04,NA,22,14,43,49,27
TUXTLA,2026-07-05,NA,20,10,52,33,23
TUXTLA,2026-07-06,NA,19,10,24,25,23
TUXTLA,2026-07-07,NA,19,11,51,22,27
TUXTLA,2026-07-08,NA,21,13,47,43,34
TUXTLA,2026-07-09,NA,19,6,37,32,26
TUXTLA,2026-07-10,NA,16,9,41,37,20
TUXTLA,2026-07-11,NA,15,3,37,46,19
TUXTLA,2026-07-12,NA,13,2,32,32,20
TUXTLA,2026-07-13,NA,7,2,30,21,17
TUXTLA,2026-07-14,NA,15,6,31,39,21
TUXTLA,2026-07-15,NA,18,7,40,32,28
TUXTLA,2026-07-16,NA,17,10,36,51,23
TUXTLA,2026-07-17,NA,14,13,63,42,28
TUXTLA,2026-07-18,NA,14,12,75,40,27
TUXTLA,2026-07-19,NA,15,18,62,46,27
TUXTLA,2026-07-20,NA,18,15,48,28,26
TUXTLA,2026-07-21,NA,13,16,53,30,29
TUXTLA,2026-07-22,NA,17,17,61,45,33
TUXTLA,2026-07-23,NA,19,14,47,52,32
TUXTLA,2026-07-24,NA,29,14,48,54,27
TUXTLA,2026-07-25,NA,24,14,47,50,24
TUXTLA,2026-07-26,NA,20,11,38,34,28
TUXTLA,2026-07-27,NA,11,6,31,40,23
TUXTLA,2026-07-28,NA,13,12,46,40,29
TUXTLA,2026-07-29,NA,24,10,64,44,32
TUXTLA,2026-07-30,NA,26,12,84,50,29
TUXTLA,2026-07-31,NA,25,15,97,70,24
TUXTLA,2026-08-01,2,30,14,92,60,25
TUXTLA,2026-08-02,NA,34,22,88,45,23
TUXTLA,2026-08-03,2,32,20,64,45,21
TUXTLA,2026-08-04,1,34,13,73,49,19
TUXTLA,2026-08-05,7,35,17,71,75,28
TUXTLA,2026-08-06,9,32,12,84,89,27
TUXTLA,2026-08-07,6,31,15,99,93,32
TUXTLA,2026-08-08,6,36,21,75,104,34
TUXTLA,2026-08-09,5,41,26,62,82,42
TUXTLA,2026-08-10,5,34,21,52,57,32
TUXTLA,2026-08-11,6,32,15,95,69,34
TUXTLA,2026-08-12,6,35,23,97,102,37
TUXTLA,2026-08-13,6,40,20,85,110,39
TUXTLA,2026-08-14,3,41,21,90,91,37
TUXTLA,2026-08-15,3,40,17,59,90,44
TUXTLA,2026-08-16,6,36,14,66,59,42
TUXTLA,2026-08-17,6,36,13,54,38,43
TUXTLA,2026-08-18,2,26,15,49,63,29
TUXTLA,2026-08-19,NA,18,13,51,69,25
TUXTLA,2026-08-20,NA,25,10,51,72,30
TUXTLA,2026-08-21,1,30,6,73,68,31
TUXTLA,2026-08-22,1,34,9,81,84,38
TUXTLA,2026-08-23,2,40,13,87,69,41
TUXTLA,2026-08-24,NA,22,10,67,43,37
VERACRUZ,2025-08-24,NA,16,4,39,22,33
VERACRUZ,2025-08-25,NA,12,3,35,22,33
VERACRUZ,2025-08-26,NA,12,9,65,31,44
VERACRUZ,2025-08-27,NA,15,4,46,32,40
VERACRUZ,2025-08-28,NA,16,11,67,33,38
VERACRUZ,2025-08-29,NA,15,15,69,36,45
VERACRUZ,2025-08-30,NA,23,11,63,36,48
VERACRUZ,2025-08-31,NA,26,6,56,29,50
VERACRUZ,2025-09-01,NA,23,8,63,18,38
VERACRUZ,2025-09-02,NA,23,7,57,26,41
VERACRUZ,2025-09-03,NA,23,10,62,31,52
VERACRUZ,2025-09-04,NA,14,23,63,24,51
VERACRUZ,2025-09-05,NA,22,20,61,33,54
VERACRUZ,2025-09-06,NA,19,12,48,28,51
VERACRUZ,2025-09-07,NA,16,6,40,25,51
VERACRUZ,2025-09-08,NA,13,9,39,26,43
VERACRUZ,2025-09-09,NA,14,12,39,29,43
VERACRUZ,2025-09-10,NA,11,9,41,38,42
VERACRUZ,2025-09-11,NA,8,10,38,42,34
VERACRUZ,2025-09-12,NA,10,10,47,42,42
VERACRUZ,2025-09-13,NA,12,8,48,32,44
VERACRUZ,2025-09-14,NA,15,8,33,36,41
VERACRUZ,2025-09-15,NA,13,5,31,34,36
VERACRUZ,2025-09-16,NA,9,10,40,35,45
VERACRUZ,2025-09-17,NA,11,13,60,38,46
VERACRUZ,2025-09-18,NA,20,11,67,29,41
VERACRUZ,2025-09-19,NA,16,9,75,26,41
VERACRUZ,2025-09-20,NA,22,3,62,34,44
VERACRUZ,2025-09-21,NA,20,6,56,23,39
VERACRUZ,2025-09-22,NA,17,5,52,20,36
VERACRUZ,2025-09-23,NA,17,10,64,26,48
VERACRUZ,2025-09-24,NA,11,10,51,26,54
VERACRUZ,2025-09-25,NA,11,12,61,29,55
VERACRUZ,2025-09-26,NA,15,11,50,28,56
VERACRUZ,2025-09-27,NA,12,8,54,33,55
VERACRUZ,2025-09-28,NA,11,10,45,23,52
VERACRUZ,2025-09-29,NA,7,14,42,14,49
VERACRUZ,2025-09-30,NA,14,18,79,28,50
VERACRUZ,2025-10-01,NA,11,13,62,25,47
VERACRUZ,2025-10-02,NA,14,15,60,30,51
VERACRUZ,2025-10-03,NA,18,13,49,34,45
VERACRUZ,2025-10-04,NA,20,10,64,25,41
VERACRUZ,2025-10-05,NA,19,9,56,26,30
VERACRUZ,2025-10-06,NA,14,8,55,17,23
VERACRUZ,2025-10-07,NA,16,11,56,18,41
VERACRUZ,2025-10-08,NA,18,18,71,23,51
VERACRUZ,2025-10-09,NA,17,20,98,29,61
VERACRUZ,2025-10-10,NA,14,14,82,28,43
VERACRUZ,2025-10-11,NA,20,13,68,32,43
VERACRUZ,2025-10-12,NA,15,12,62,25,40
VERACRUZ,2025-10-13,NA,11,11,39,17,23
VERACRUZ,2025-10-14,NA,19,13,53,30,25
VERACRUZ,2025-10-15,NA,13,13,63,41,32
VERACRUZ,2025-10-16,NA,11,11,62,41,36
VERACRUZ,2025-10-17,NA,15,10,67,32,36
VERACRUZ,2025-10-18,NA,19,6,60,33,35
VERACRUZ,2025-10-19,NA,16,6,74,30,39
VERACRUZ,2025-10-20,NA,12,6,56,28,34
VERACRUZ,2025-10-21,NA,9,10,71,37,30
VERACRUZ,2025-10-22,NA,8,7,60,26,37
VERACRUZ,2025-10-23,NA,9,14,42,26,48
VERACRUZ,2025-10-24,NA,11,7,39,33,46
VERACRUZ,2025-10-25,NA,11,8,45,32,45
VERACRUZ,2025-10-26,NA,9,8,42,26,37
VERACRUZ,2025-10-27,NA,10,7,34,20,23
VERACRUZ,2025-10-28,NA,12,10,45,26,40
VERACRUZ,2025-10-29,NA,18,8,48,30,35
VERACRUZ,2025-10-30,NA,22,11,166,40,42
VERACRUZ,2025-10-31,NA,23,11,160,44,49
VERACRUZ,2025-11-01,NA,22,11,156,27,46
VERACRUZ,2025-11-02,NA,23,14,124,28,37
VERACRUZ,2025-11-03,NA,22,13,105,17,32
VERACRUZ,2025-11-04,NA,18,8,103,29,30
VERACRUZ,2025-11-05,NA,17,16,96,35,34
VERACRUZ,2025-11-06,NA,16,13,82,31,39
VERACRUZ,2025-11-07,NA,20,9,82,44,47
VERACRUZ,2025-11-08,NA,15,14,78,51,47
VERACRUZ,2025-11-09,NA,11,13,72,40,37
VERACRUZ,2025-11-10,NA,13,13,55,31,19
VERACRUZ,2025-11-11,NA,9,18,75,46,36
VERACRUZ,2025-11-12,NA,13,12,63,48,34
VERACRUZ,2025-11-13,NA,17,15,53,60,29
VERACRUZ,2025-11-14,NA,18,12,48,64,32
VERACRUZ,2025-11-15,NA,22,14,58,62,22
VERACRUZ,2025-11-16,NA,20,17,48,51,17
VERACRUZ,2025-11-17,NA,12,17,45,41,15
VERACRUZ,2025-11-18,NA,9,17,55,62,15
VERACRUZ,2025-11-19,NA,8,16,50,56,22
VERACRUZ,2025-11-20,NA,9,12,48,58,34
VERACRUZ,2025-11-21,NA,9,10,42,44,50
VERACRUZ,2025-11-22,NA,13,10,42,46,55
VERACRUZ,2025-11-23,NA,14,14,57,36,51
VERACRUZ,2025-11-24,NA,12,13,39,36,42
VERACRUZ,2025-11-25,NA,11,10,52,39,40
VERACRUZ,2025-11-26,NA,12,8,41,41,43
VERACRUZ,2025-11-27,NA,19,7,50,36,45
VERACRUZ,2025-11-28,NA,21,9,69,30,33
VERACRUZ,2025-11-29,NA,25,11,63,40,43
VERACRUZ,2025-11-30,NA,22,9,62,35,48
VERACRUZ,2025-12-01,NA,16,8,40,26,37
VERACRUZ,2025-12-02,NA,14,15,69,28,47
VERACRUZ,2025-12-03,NA,23,25,62,31,50
VERACRUZ,2025-12-04,NA,17,17,60,24,47
VERACRUZ,2025-12-05,NA,17,17,45,34,51
VERACRUZ,2025-12-06,NA,22,19,48,39,45
VERACRUZ,2025-12-07,NA,16,15,48,43,38
VERACRUZ,2025-12-08,NA,10,11,50,36,28
VERACRUZ,2025-12-09,NA,13,17,77,44,34
VERACRUZ,2025-12-10,NA,14,20,73,46,40
VERACRUZ,2025-12-11,NA,13,18,58,35,33
VERACRUZ,2025-12-12,NA,13,15,46,48,29
VERACRUZ,2025-12-13,NA,14,15,41,35,30
VERACRUZ,2025-12-14,NA,14,15,43,36,20
VERACRUZ,2025-12-15,NA,10,8,39,25,25
VERACRUZ,2025-12-16,NA,14,15,48,40,21
VERACRUZ,2025-12-17,NA,16,12,53,40,20
VERACRUZ,2025-12-18,NA,6,11,44,42,23
VERACRUZ,2025-12-19,NA,7,12,51,31,28
VERACRUZ,2025-12-20,NA,17,16,43,44,37
VERACRUZ,2025-12-21,NA,13,11,34,24,39
VERACRUZ,2025-12-22,NA,12,7,39,16,31
VERACRUZ,2025-12-23,NA,14,14,39,28,28
VERACRUZ,2025-12-24,NA,8,12,61,25,34
VERACRUZ,2025-12-25,NA,7,6,39,15,37
VERACRUZ,2025-12-26,NA,6,9,32,25,36
VERACRUZ,2025-12-27,NA,9,7,49,39,39
VERACRUZ,2025-12-28,NA,6,12,41,34,30
VERACRUZ,2025-12-29,NA,10,15,45,29,21
VERACRUZ,2025-12-30,NA,18,9,45,22,27
VERACRUZ,2025-12-31,NA,9,7,68,20,29
VERACRUZ,2026-01-01,NA,12,5,39,15,28
VERACRUZ,2026-01-02,NA,12,12,44,18,29
VERACRUZ,2026-01-03,NA,16,12,57,27,20
VERACRUZ,2026-01-04,NA,15,14,59,40,23
VERACRUZ,2026-01-05,NA,15,7,50,24,19
VERACRUZ,2026-01-06,NA,12,12,53,46,27
VERACRUZ,2026-01-07,NA,4,14,52,51,34
VERACRUZ,2026-01-08,NA,15,13,64,54,34
VERACRUZ,2026-01-09,NA,14,12,63,57,42
VERACRUZ,2026-01-10,NA,14,17,45,46,41
VERACRUZ,2026-01-11,NA,17,14,50,42,40
VERACRUZ,2026-01-12,NA,15,11,87,38,29
VERACRUZ,2026-01-13,NA,15,16,104,52,38
VERACRUZ,2026-01-14,NA,10,14,73,53,41
VERACRUZ,2026-01-15,NA,6,11,63,56,35
VERACRUZ,2026-01-16,NA,9,11,53,52,36
VERACRUZ,2026-01-17,NA,12,14,51,48,32
VERACRUZ,2026-01-18,NA,11,17,37,36,26
VERACRUZ,2026-01-19,NA,11,11,45,25,28
VERACRUZ,2026-01-20,NA,9,14,49,26,39
VERACRUZ,2026-01-21,NA,5,19,35,48,37
VERACRUZ,2026-01-22,NA,6,18,54,64,29
VERACRUZ,2026-01-23,NA,10,14,41,64,33
VERACRUZ,2026-01-24,NA,16,12,31,68,26
VERACRUZ,2026-01-25,NA,13,12,37,63,25
VERACRUZ,2026-01-26,NA,12,16,31,39,17
VERACRUZ,2026-01-27,NA,8,15,98,41,31
VERACRUZ,2026-01-28,NA,9,17,68,57,41
VERACRUZ,2026-01-29,NA,20,12,59,71,37
VERACRUZ,2026-01-30,NA,19,14,41,65,46
VERACRUZ,2026-01-31,NA,18,16,56,62,46
VERACRUZ,2026-02-01,NA,21,16,54,41,50
VERACRUZ,2026-02-02,NA,19,14,60,47,45
VERACRUZ,2026-02-03,NA,21,20,56,50,42
VERACRUZ,2026-02-04,NA,21,27,52,43,39
VERACRUZ,2026-02-05,NA,10,20,41,47,33
VERACRUZ,2026-02-06,NA,14,20,43,46,36
VERACRUZ,2026-02-07,NA,14,11,38,49,33
VERACRUZ,2026-02-08,NA,18,6,34,43,19
VERACRUZ,2026-02-09,NA,13,11,32,33,13
VERACRUZ,2026-02-10,NA,19,5,48,46,20
VERACRUZ,2026-02-11,NA,19,7,38,53,33
VERACRUZ,2026-02-12,NA,15,8,48,58,43
VERACRUZ,2026-02-13,NA,15,13,39,54,47
VERACRUZ,2026-02-14,NA,17,12,49,58,35
VERACRUZ,2026-02-15,NA,19,9,32,40,25
VERACRUZ,2026-02-16,NA,24,8,35,40,20
VERACRUZ,2026-02-17,NA,21,9,49,53,32
VERACRUZ,2026-02-18,NA,14,6,38,42,32
VERACRUZ,2026-02-19,NA,15,11,40,50,37
VERACRUZ,2026-02-20,NA,11,10,35,35,35
VERACRUZ,2026-02-21,NA,19,9,38,37,25
VERACRUZ,2026-02-22,NA,22,8,39,32,28
VERACRUZ,2026-02-23,NA,14,8,66,27,24
VERACRUZ,2026-02-24,NA,13,10,72,38,28
VERACRUZ,2026-02-25,NA,10,7,37,54,24
VERACRUZ,2026-02-26,NA,13,10,30,50,38
VERACRUZ,2026-02-27,NA,18,11,35,62,30
VERACRUZ,2026-02-28,NA,19,6,38,59,23
VERACRUZ,2026-03-01,NA,20,10,39,38,21
VERACRUZ,2026-03-02,NA,12,10,27,29,13
VERACRUZ,2026-03-03,NA,10,11,34,50,29
VERACRUZ,2026-03-04,NA,15,12,35,38,33
VERACRUZ,2026-03-05,NA,16,9,36,38,32
VERACRUZ,2026-03-06,NA,9,7,37,44,32
VERACRUZ,2026-03-07,NA,16,11,53,47,33
VERACRUZ,2026-03-08,NA,16,13,27,28,32
VERACRUZ,2026-03-09,NA,18,13,27,30,35
VERACRUZ,2026-03-10,NA,19,20,35,47,38
VERACRUZ,2026-03-11,NA,19,17,39,43,38
VERACRUZ,2026-03-12,NA,17,11,45,47,26
VERACRUZ,2026-03-13,NA,19,8,43,38,27
VERACRUZ,2026-03-14,NA,18,11,42,37,26
VERACRUZ,2026-03-15,NA,16,9,36,33,21
VERACRUZ,2026-03-16,NA,18,7,23,34,21
VERACRUZ,2026-03-17,NA,23,7,103,37,23
VERACRUZ,2026-03-18,NA,23,20,301,52,23
VERACRUZ,2026-03-19,NA,26,25,326,53,26
VERACRUZ,2026-03-20,NA,36,26,321,50,44
VERACRUZ,2026-03-21,NA,35,37,274,65,57
VERACRUZ,2026-03-22,NA,34,43,247,60,55
VERACRUZ,2026-03-23,NA,27,43,160,51,41
VERACRUZ,2026-03-24,NA,26,44,161,50,41
VERACRUZ,2026-03-25,NA,34,35,137,28,48
VERACRUZ,2026-03-26,NA,27,30,101,39,42
VERACRUZ,2026-03-27,NA,16,27,57,39,41
VERACRUZ,2026-03-28,NA,16,22,57,44,39
VERACRUZ,2026-03-29,NA,16,19,60,44,25
VERACRUZ,2026-03-30,NA,18,11,25,34,15
VERACRUZ,2026-03-31,NA,17,18,46,41,22
VERACRUZ,2026-04-01,NA,25,10,40,35,24
VERACRUZ,2026-04-02,NA,27,8,55,43,25
VERACRUZ,2026-04-03,NA,25,16,59,41,34
VERACRUZ,2026-04-04,NA,21,23,53,44,28
VERACRUZ,2026-04-05,NA,9,13,38,22,32
VERACRUZ,2026-04-06,NA,9,10,42,27,25
VERACRUZ,2026-04-07,NA,19,19,60,38,21
VERACRUZ,2026-04-08,NA,20,26,80,44,28
VERACRUZ,2026-04-09,NA,23,21,63,37,26
VERACRUZ,2026-04-10,NA,18,18,59,35,46
VERACRUZ,2026-04-11,NA,16,10,63,59,44
VERACRUZ,2026-04-12,NA,20,15,61,36,30
VERACRUZ,2026-04-13,NA,20,10,40,35,26
VERACRUZ,2026-04-14,NA,19,7,43,44,20
VERACRUZ,2026-04-15,NA,21,7,37,44,33
VERACRUZ,2026-04-16,NA,14,7,29,45,43
VERACRUZ,2026-04-17,NA,12,10,32,35,35
VERACRUZ,2026-04-18,NA,15,10,36,34,34
VERACRUZ,2026-04-19,NA,8,10,31,20,34
VERACRUZ,2026-04-20,NA,6,9,34,25,30
VERACRUZ,2026-04-21,NA,12,13,47,26,36
VERACRUZ,2026-04-22,NA,9,15,57,25,34
VERACRUZ,2026-04-23,NA,13,9,54,20,34
VERACRUZ,2026-04-24,NA,9,7,31,30,31
VERACRUZ,2026-04-25,NA,12,9,48,28,23
VERACRUZ,2026-04-26,NA,18,10,55,22,31
VERACRUZ,2026-04-27,NA,16,8,32,21,29
VERACRUZ,2026-04-28,NA,21,11,34,28,37
VERACRUZ,2026-04-29,NA,25,12,57,34,29
VERACRUZ,2026-04-30,NA,23,15,80,37,37
VERACRUZ,2026-05-01,NA,20,15,64,29,37
VERACRUZ,2026-05-02,NA,26,11,61,38,32
VERACRUZ,2026-05-03,NA,22,11,97,32,32
VERACRUZ,2026-05-04,NA,19,17,62,25,27
VERACRUZ,2026-05-05,NA,16,19,58,39,31
VERACRUZ,2026-05-06,NA,11,14,60,28,36
VERACRUZ,2026-05-07,NA,13,19,54,35,37
VERACRUZ,2026-05-08,NA,15,13,50,40,31
VERACRUZ,2026-05-09,NA,18,14,55,46,40
VERACRUZ,2026-05-10,NA,16,15,53,43,40
VERACRUZ,2026-05-11,NA,15,14,47,37,38
VERACRUZ,2026-05-12,NA,13,14,58,42,34
VERACRUZ,2026-05-13,NA,13,14,49,43,42
VERACRUZ,2026-05-14,NA,15,9,55,38,36
VERACRUZ,2026-05-15,NA,21,17,49,33,33
VERACRUZ,2026-05-16,NA,20,17,40,50,34
VERACRUZ,2026-05-17,NA,15,9,45,47,29
VERACRUZ,2026-05-18,NA,14,12,41,31,28
VERACRUZ,2026-05-19,NA,7,10,53,38,37
VERACRUZ,2026-05-20,NA,10,13,65,39,41
VERACRUZ,2026-05-21,NA,14,19,55,44,51
VERACRUZ,2026-05-22,NA,11,11,48,45,48
VERACRUZ,2026-05-23,NA,14,6,43,47,44
VERACRUZ,2026-05-24,NA,11,8,41,36,34
VERACRUZ,2026-05-25,NA,13,10,40,23,26
VERACRUZ,2026-05-26,NA,12,14,51,33,28
VERACRUZ,2026-05-27,NA,14,15,47,32,27
VERACRUZ,2026-05-28,NA,19,5,41,34,29
VERACRUZ,2026-05-29,NA,18,5,48,51,39
VERACRUZ,2026-05-30,NA,24,4,55,48,38
VERACRUZ,2026-05-31,NA,18,6,45,31,43
VERACRUZ,2026-06-01,NA,16,5,43,26,28
VERACRUZ,2026-06-02,NA,16,12,84,42,40
VERACRUZ,2026-06-03,NA,18,18,108,42,45
VERACRUZ,2026-06-04,NA,21,26,92,49,42
VERACRUZ,2026-06-05,NA,16,26,112,46,30
VERACRUZ,2026-06-06,NA,23,19,99,59,27
VERACRUZ,2026-06-07,NA,20,21,90,50,35
VERACRUZ,2026-06-08,NA,18,25,90,29,30
VERACRUZ,2026-06-09,NA,16,21,85,47,39
VERACRUZ,2026-06-10,NA,18,26,100,51,39
VERACRUZ,2026-06-11,NA,17,28,116,44,49
VERACRUZ,2026-06-12,NA,12,25,57,41,49
VERACRUZ,2026-06-13,NA,12,26,78,48,45
VERACRUZ,2026-06-14,NA,9,33,53,37,45
VERACRUZ,2026-06-15,NA,6,25,68,26,40
VERACRUZ,2026-06-16,NA,8,16,59,32,48
VERACRUZ,2026-06-17,NA,13,12,70,24,39
VERACRUZ,2026-06-18,NA,11,15,49,24,31
VERACRUZ,2026-06-19,NA,14,12,54,47,34
VERACRUZ,2026-06-20,NA,24,13,65,44,28
VERACRUZ,2026-06-21,NA,19,11,49,30,27
VERACRUZ,2026-06-22,NA,10,9,42,19,27
VERACRUZ,2026-06-23,NA,17,13,51,26,32
VERACRUZ,2026-06-24,NA,16,16,63,23,34
VERACRUZ,2026-06-25,NA,20,14,72,25,40
VERACRUZ,2026-06-26,NA,14,10,59,32,48
VERACRUZ,2026-06-27,NA,10,10,57,35,42
VERACRUZ,2026-06-28,NA,12,8,57,21,44
VERACRUZ,2026-06-29,NA,8,8,58,22,36
VERACRUZ,2026-06-30,NA,7,12,33,37,42
VERACRUZ,2026-07-01,NA,11,14,47,35,41
VERACRUZ,2026-07-02,NA,13,12,54,36,36
VERACRUZ,2026-07-03,NA,14,15,52,38,33
VERACRUZ,2026-07-04,NA,12,11,51,37,30
VERACRUZ,2026-07-05,NA,19,9,49,25,37
VERACRUZ,2026-07-06,NA,15,7,47,17,32
VERACRUZ,2026-07-07,NA,11,8,54,34,36
VERACRUZ,2026-07-08,NA,11,8,41,35,32
VERACRUZ,2026-07-09,NA,24,9,58,21,38
VERACRUZ,2026-07-10,NA,19,10,51,34,37
VERACRUZ,2026-07-11,NA,13,6,72,35,34
VERACRUZ,2026-07-12,NA,16,11,52,36,37
VERACRUZ,2026-07-13,NA,17,11,43,30,33
VERACRUZ,2026-07-14,NA,20,11,53,35,32
VERACRUZ,2026-07-15,NA,21,8,49,39,43
VERACRUZ,2026-07-16,NA,22,10,47,40,37
VERACRUZ,2026-07-17,NA,18,15,55,42,39
VERACRUZ,2026-07-18,NA,19,8,58,41,31
VERACRUZ,2026-07-19,NA,10,7,54,45,29
VERACRUZ,2026-07-20,NA,4,6,32,27,22
VERACRUZ,2026-07-21,NA,10,14,36,33,19
VERACRUZ,2026-07-22,NA,11,13,50,39,25
VERACRUZ,2026-07-23,NA,16,10,48,41,24
VERACRUZ,2026-07-24,NA,15,13,53,49,30
VERACRUZ,2026-07-25,NA,14,19,55,49,25
VERACRUZ,2026-07-26,NA,10,11,59,34,22
VERACRUZ,2026-07-27,NA,7,13,44,15,14
VERACRUZ,2026-07-28,NA,9,12,54,32,26
VERACRUZ,2026-07-29,NA,14,8,62,36,32
VERACRUZ,2026-07-30,NA,19,16,74,39,38
VERACRUZ,2026-07-31,NA,25,17,75,42,41
VERACRUZ,2026-08-01,9,24,23,90,37,32
VERACRUZ,2026-08-02,5,20,11,77,37,29
VERACRUZ,2026-08-03,4,17,7,50,28,24
VERACRUZ,2026-08-04,9,15,16,65,38,24
VERACRUZ,2026-08-05,9,13,22,71,38,32
VERACRUZ,2026-08-06,4,17,15,76,42,37
VERACRUZ,2026-08-07,4,13,17,78,45,37
VERACRUZ,2026-08-08,1,22,7,77,43,37
VERACRUZ,2026-08-09,1,20,5,63,38,39
VERACRUZ,2026-08-10,1,16,6,51,42,37
VERACRUZ,2026-08-11,3,20,13,70,43,37
VERACRUZ,2026-08-12,4,20,16,73,45,41
VERACRUZ,2026-08-13,2,24,16,88,52,39
VERACRUZ,2026-08-14,3,23,20,58,59,37
VERACRUZ,2026-08-15,9,11,20,115,61,50
VERACRUZ,2026-08-16,8,24,14,110,50,54
VERACRUZ,2026-08-17,4,14,16,66,33,28
VERACRUZ,2026-08-18,6,19,12,83,54,29
VERACRUZ,2026-08-19,5,19,14,62,52,35
VERACRUZ,2026-08-20,4,21,9,71,51,39
VERACRUZ,2026-08-21,4,19,14,77,42,33
VERACRUZ,2026-08-22,10,20,12,93,43,25
VERACRUZ,2026-08-23,8,13,9,75,27,26
VERACRUZ,2026-08-24,8,10,9,65,26,27
VILLAHERMOSA,2025-08-24,NA,7,2,5,40,8
VILLAHERMOSA,2025-08-25,NA,7,3,4,33,6
VILLAHERMOSA,2025-08-26,NA,5,4,15,42,10
VILLAHERMOSA,2025-08-27,NA,7,5,12,41,20
VILLAHERMOSA,2025-08-28,NA,11,1,17,34,15
VILLAHERMOSA,2025-08-29,NA,7,3,10,44,14
VILLAHERMOSA,2025-08-30,NA,6,1,6,36,9
VILLAHERMOSA,2025-08-31,NA,7,4,14,40,13
VILLAHERMOSA,2025-09-01,NA,3,4,10,29,11
VILLAHERMOSA,2025-09-02,NA,7,4,10,34,13
VILLAHERMOSA,2025-09-03,NA,10,3,16,29,18
VILLAHERMOSA,2025-09-04,NA,5,1,15,23,14
VILLAHERMOSA,2025-09-05,NA,5,2,9,27,13
VILLAHERMOSA,2025-09-06,NA,4,1,14,30,11
VILLAHERMOSA,2025-09-07,NA,3,4,6,27,13
VILLAHERMOSA,2025-09-08,NA,7,2,10,31,13
VILLAHERMOSA,2025-09-09,NA,9,2,13,39,15
VILLAHERMOSA,2025-09-10,NA,6,2,16,45,16
VILLAHERMOSA,2025-09-11,NA,8,2,22,43,21
VILLAHERMOSA,2025-09-12,NA,12,2,18,42,21
VILLAHERMOSA,2025-09-13,NA,9,3,19,36,16
VILLAHERMOSA,2025-09-14,NA,15,2,18,40,24
VILLAHERMOSA,2025-09-15,NA,13,4,13,22,17
VILLAHERMOSA,2025-09-16,NA,12,4,18,21,14
VILLAHERMOSA,2025-09-17,NA,9,3,11,16,17
VILLAHERMOSA,2025-09-18,NA,6,2,12,15,16
VILLAHERMOSA,2025-09-19,NA,9,3,6,15,16
VILLAHERMOSA,2025-09-20,NA,10,2,8,21,18
VILLAHERMOSA,2025-09-21,NA,6,1,6,29,13
VILLAHERMOSA,2025-09-22,NA,4,1,8,27,12
VILLAHERMOSA,2025-09-23,NA,4,2,13,24,13
VILLAHERMOSA,2025-09-24,NA,4,1,17,25,21
VILLAHERMOSA,2025-09-25,NA,1,3,17,24,18
VILLAHERMOSA,2025-09-26,NA,8,4,8,30,15
VILLAHERMOSA,2025-09-27,NA,8,NA,11,33,14
VILLAHERMOSA,2025-09-28,NA,5,1,13,37,11
VILLAHERMOSA,2025-09-29,NA,3,1,28,28,11
VILLAHERMOSA,2025-09-30,NA,6,5,15,37,14
VILLAHERMOSA,2025-10-01,NA,7,5,18,25,17
VILLAHERMOSA,2025-10-02,NA,10,5,10,27,15
VILLAHERMOSA,2025-10-03,NA,7,3,16,28,17
VILLAHERMOSA,2025-10-04,NA,9,3,7,25,13
VILLAHERMOSA,2025-10-05,NA,7,2,11,22,13
VILLAHERMOSA,2025-10-06,NA,8,3,10,19,9
VILLAHERMOSA,2025-10-07,NA,7,4,14,16,15
VILLAHERMOSA,2025-10-08,NA,9,4,12,14,14
VILLAHERMOSA,2025-10-09,NA,3,4,14,17,22
VILLAHERMOSA,2025-10-10,NA,6,4,13,14,12
VILLAHERMOSA,2025-10-11,NA,5,6,19,20,12
VILLAHERMOSA,2025-10-12,NA,5,3,9,24,19
VILLAHERMOSA,2025-10-13,NA,6,3,9,21,13
VILLAHERMOSA,2025-10-14,NA,9,3,11,27,14
VILLAHERMOSA,2025-10-15,NA,7,5,18,25,14
VILLAHERMOSA,2025-10-16,NA,9,3,17,21,16
VILLAHERMOSA,2025-10-17,NA,7,4,14,16,21
VILLAHERMOSA,2025-10-18,NA,8,5,10,21,25
VILLAHERMOSA,2025-10-19,NA,9,NA,17,22,21
VILLAHERMOSA,2025-10-20,NA,7,NA,15,16,17
VILLAHERMOSA,2025-10-21,NA,8,1,16,21,20
VILLAHERMOSA,2025-10-22,NA,11,1,8,21,19
VILLAHERMOSA,2025-10-23,NA,13,7,10,21,21
VILLAHERMOSA,2025-10-24,NA,12,3,17,25,24
VILLAHERMOSA,2025-10-25,NA,11,2,11,30,16
VILLAHERMOSA,2025-10-26,NA,9,3,7,18,12
VILLAHERMOSA,2025-10-27,NA,4,1,10,16,6
VILLAHERMOSA,2025-10-28,NA,7,3,9,15,13
VILLAHERMOSA,2025-10-29,NA,10,1,8,21,13
VILLAHERMOSA,2025-10-30,NA,8,3,15,25,14
VILLAHERMOSA,2025-10-31,NA,5,1,12,25,8
VILLAHERMOSA,2025-11-01,NA,13,NA,10,17,9
VILLAHERMOSA,2025-11-02,NA,12,1,15,18,8
VILLAHERMOSA,2025-11-03,NA,5,NA,13,12,6
VILLAHERMOSA,2025-11-04,NA,6,1,13,19,10
VILLAHERMOSA,2025-11-05,NA,5,1,13,18,9
VILLAHERMOSA,2025-11-06,NA,3,3,13,13,13
VILLAHERMOSA,2025-11-07,NA,2,2,15,19,7
VILLAHERMOSA,2025-11-08,NA,4,5,9,28,14
VILLAHERMOSA,2025-11-09,NA,4,4,12,23,14
VILLAHERMOSA,2025-11-10,NA,3,2,9,25,10
VILLAHERMOSA,2025-11-11,NA,6,5,14,30,20
VILLAHERMOSA,2025-11-12,NA,7,4,13,22,13
VILLAHERMOSA,2025-11-13,NA,11,5,15,24,15
VILLAHERMOSA,2025-11-14,NA,10,5,14,31,14
VILLAHERMOSA,2025-11-15,NA,13,4,16,33,20
VILLAHERMOSA,2025-11-16,NA,15,4,18,33,27
VILLAHERMOSA,2025-11-17,NA,10,6,18,26,24
VILLAHERMOSA,2025-11-18,NA,10,7,15,16,30
VILLAHERMOSA,2025-11-19,NA,9,5,15,25,32
VILLAHERMOSA,2025-11-20,NA,7,5,17,28,27
VILLAHERMOSA,2025-11-21,NA,9,6,19,28,34
VILLAHERMOSA,2025-11-22,NA,9,9,8,32,27
VILLAHERMOSA,2025-11-23,NA,9,7,4,21,27
VILLAHERMOSA,2025-11-24,NA,5,5,6,23,16
VILLAHERMOSA,2025-11-25,NA,4,6,15,31,16
VILLAHERMOSA,2025-11-26,NA,4,7,16,28,17
VILLAHERMOSA,2025-11-27,NA,6,6,19,31,21
VILLAHERMOSA,2025-11-28,NA,9,5,19,31,26
VILLAHERMOSA,2025-11-29,NA,11,3,12,29,21
VILLAHERMOSA,2025-11-30,NA,13,4,16,33,14
VILLAHERMOSA,2025-12-01,NA,10,6,19,17,14
VILLAHERMOSA,2025-12-02,NA,7,5,18,13,12
VILLAHERMOSA,2025-12-03,NA,14,7,20,21,13
VILLAHERMOSA,2025-12-04,NA,9,5,13,18,13
VILLAHERMOSA,2025-12-05,NA,7,5,16,26,13
VILLAHERMOSA,2025-12-06,NA,9,4,19,30,10
VILLAHERMOSA,2025-12-07,NA,10,5,22,21,15
VILLAHERMOSA,2025-12-08,NA,6,2,13,23,10
VILLAHERMOSA,2025-12-09,NA,8,3,19,36,17
VILLAHERMOSA,2025-12-10,NA,8,1,38,35,15
VILLAHERMOSA,2025-12-11,NA,7,3,26,36,16
VILLAHERMOSA,2025-12-12,NA,10,2,21,31,17
VILLAHERMOSA,2025-12-13,NA,10,3,17,37,20
VILLAHERMOSA,2025-12-14,NA,5,1,16,43,18
VILLAHERMOSA,2025-12-15,NA,12,4,14,34,12
VILLAHERMOSA,2025-12-16,NA,10,6,18,29,16
VILLAHERMOSA,2025-12-17,NA,10,4,15,35,18
VILLAHERMOSA,2025-12-18,NA,10,3,15,38,16
VILLAHERMOSA,2025-12-19,NA,11,7,17,41,17
VILLAHERMOSA,2025-12-20,NA,12,6,23,29,19
VILLAHERMOSA,2025-12-21,NA,9,4,13,22,16
VILLAHERMOSA,2025-12-22,NA,5,3,12,24,15
VILLAHERMOSA,2025-12-23,NA,4,1,20,24,15
VILLAHERMOSA,2025-12-24,NA,3,5,15,24,15
VILLAHERMOSA,2025-12-25,NA,1,5,13,16,10
VILLAHERMOSA,2025-12-26,NA,2,8,10,17,8
VILLAHERMOSA,2025-12-27,NA,4,7,14,21,8
VILLAHERMOSA,2025-12-28,NA,6,5,14,23,12
VILLAHERMOSA,2025-12-29,NA,3,2,23,23,10
VILLAHERMOSA,2025-12-30,NA,6,6,24,27,17
VILLAHERMOSA,2025-12-31,NA,10,4,18,27,16
VILLAHERMOSA,2026-01-01,NA,10,3,14,16,8
VILLAHERMOSA,2026-01-02,NA,12,4,20,12,10
VILLAHERMOSA,2026-01-03,NA,13,7,24,25,20
VILLAHERMOSA,2026-01-04,NA,15,8,20,28,16
VILLAHERMOSA,2026-01-05,NA,5,3,18,22,11
VILLAHERMOSA,2026-01-06,NA,9,5,22,19,16
VILLAHERMOSA,2026-01-07,NA,7,2,17,23,22
VILLAHERMOSA,2026-01-08,NA,11,5,19,31,17
VILLAHERMOSA,2026-01-09,NA,9,7,17,29,18
VILLAHERMOSA,2026-01-10,NA,14,5,21,32,16
VILLAHERMOSA,2026-01-11,NA,11,4,15,30,11
VILLAHERMOSA,2026-01-12,NA,7,2,12,21,4
VILLAHERMOSA,2026-01-13,NA,8,4,15,28,10
VILLAHERMOSA,2026-01-14,NA,6,5,18,33,11
VILLAHERMOSA,2026-01-15,NA,6,3,15,42,15
VILLAHERMOSA,2026-01-16,NA,13,6,22,39,16
VILLAHERMOSA,2026-01-17,NA,16,10,20,33,17
VILLAHERMOSA,2026-01-18,NA,13,8,13,28,16
VILLAHERMOSA,2026-01-19,NA,11,7,10,27,11
VILLAHERMOSA,2026-01-20,NA,12,4,21,32,11
VILLAHERMOSA,2026-01-21,NA,9,NA,10,37,14
VILLAHERMOSA,2026-01-22,NA,13,3,16,38,12
VILLAHERMOSA,2026-01-23,NA,17,4,19,38,14
VILLAHERMOSA,2026-01-24,NA,18,2,25,43,25
VILLAHERMOSA,2026-01-25,NA,16,1,18,43,23
VILLAHERMOSA,2026-01-26,NA,20,5,13,30,18
VILLAHERMOSA,2026-01-27,NA,19,7,22,33,15
VILLAHERMOSA,2026-01-28,NA,14,2,23,35,13
VILLAHERMOSA,2026-01-29,NA,17,2,17,28,15
VILLAHERMOSA,2026-01-30,NA,12,7,14,28,17
VILLAHERMOSA,2026-01-31,NA,15,4,12,27,18
VILLAHERMOSA,2026-02-01,NA,18,4,13,38,16
VILLAHERMOSA,2026-02-02,NA,19,7,16,25,18
VILLAHERMOSA,2026-02-03,NA,19,4,18,27,15
VILLAHERMOSA,2026-02-04,NA,17,7,19,28,20
VILLAHERMOSA,2026-02-05,NA,14,4,11,32,16
VILLAHERMOSA,2026-02-06,NA,15,8,16,20,20
VILLAHERMOSA,2026-02-07,NA,15,5,14,22,16
VILLAHERMOSA,2026-02-08,NA,13,3,7,26,15
VILLAHERMOSA,2026-02-09,NA,4,1,5,26,12
VILLAHERMOSA,2026-02-10,NA,5,3,11,31,10
VILLAHERMOSA,2026-02-11,NA,6,4,13,23,14
VILLAHERMOSA,2026-02-12,NA,11,3,11,42,18
VILLAHERMOSA,2026-02-13,NA,10,3,18,35,17
VILLAHERMOSA,2026-02-14,NA,9,3,13,36,16
VILLAHERMOSA,2026-02-15,NA,6,NA,10,22,14
VILLAHERMOSA,2026-02-16,NA,9,2,8,21,14
VILLAHERMOSA,2026-02-17,NA,9,4,16,23,10
VILLAHERMOSA,2026-02-18,NA,10,2,21,27,14
VILLAHERMOSA,2026-02-19,NA,10,8,12,23,20
VILLAHERMOSA,2026-02-20,NA,6,4,15,25,21
VILLAHERMOSA,2026-02-21,NA,5,3,16,28,21
VILLAHERMOSA,2026-02-22,NA,7,1,7,23,18
VILLAHERMOSA,2026-02-23,NA,3,1,12,19,11
VILLAHERMOSA,2026-02-24,NA,8,4,23,28,18
VILLAHERMOSA,2026-02-25,NA,5,6,19,28,17
VILLAHERMOSA,2026-02-26,NA,9,5,16,26,17
VILLAHERMOSA,2026-02-27,NA,9,5,18,30,20
VILLAHERMOSA,2026-02-28,NA,10,1,21,52,23
VILLAHERMOSA,2026-03-01,NA,5,5,21,30,22
VILLAHERMOSA,2026-03-02,NA,13,4,13,20,18
VILLAHERMOSA,2026-03-03,NA,15,4,22,30,22
VILLAHERMOSA,2026-03-04,NA,8,3,19,45,24
VILLAHERMOSA,2026-03-05,NA,16,4,29,21,25
VILLAHERMOSA,2026-03-06,NA,24,11,19,23,23
VILLAHERMOSA,2026-03-07,NA,13,13,23,19,28
VILLAHERMOSA,2026-03-08,NA,11,9,16,19,26
VILLAHERMOSA,2026-03-09,NA,7,4,9,19,19
VILLAHERMOSA,2026-03-10,NA,10,5,12,30,17
VILLAHERMOSA,2026-03-11,NA,4,2,13,34,12
VILLAHERMOSA,2026-03-12,NA,6,5,13,35,14
VILLAHERMOSA,2026-03-13,NA,11,2,11,34,7
VILLAHERMOSA,2026-03-14,NA,12,1,15,33,11
VILLAHERMOSA,2026-03-15,NA,10,3,11,30,8
VILLAHERMOSA,2026-03-16,NA,6,1,9,30,8
VILLAHERMOSA,2026-03-17,NA,7,1,9,25,8
VILLAHERMOSA,2026-03-18,NA,11,3,24,28,10
VILLAHERMOSA,2026-03-19,NA,8,NA,24,29,11
VILLAHERMOSA,2026-03-20,NA,12,3,21,31,12
VILLAHERMOSA,2026-03-21,NA,6,5,19,35,13
VILLAHERMOSA,2026-03-22,NA,6,2,14,31,10
VILLAHERMOSA,2026-03-23,NA,5,1,12,24,9
VILLAHERMOSA,2026-03-24,NA,4,5,14,29,9
VILLAHERMOSA,2026-03-25,NA,10,2,20,20,13
VILLAHERMOSA,2026-03-26,NA,8,3,19,23,16
VILLAHERMOSA,2026-03-27,NA,13,4,17,27,13
VILLAHERMOSA,2026-03-28,NA,8,4,15,29,14
VILLAHERMOSA,2026-03-29,NA,9,3,28,36,12
VILLAHERMOSA,2026-03-30,NA,6,2,15,34,12
VILLAHERMOSA,2026-03-31,NA,6,5,15,26,10
VILLAHERMOSA,2026-04-01,NA,12,10,21,25,14
VILLAHERMOSA,2026-04-02,NA,22,7,19,26,15
VILLAHERMOSA,2026-04-03,NA,9,5,14,24,17
VILLAHERMOSA,2026-04-04,NA,6,4,14,20,13
VILLAHERMOSA,2026-04-05,NA,9,3,9,21,11
VILLAHERMOSA,2026-04-06,NA,7,1,10,23,7
VILLAHERMOSA,2026-04-07,NA,9,2,11,35,7
VILLAHERMOSA,2026-04-08,NA,9,4,16,29,16
VILLAHERMOSA,2026-04-09,NA,8,8,22,29,19
VILLAHERMOSA,2026-04-10,NA,4,6,14,25,19
VILLAHERMOSA,2026-04-11,NA,9,9,16,25,14
VILLAHERMOSA,2026-04-12,NA,10,10,20,21,13
VILLAHERMOSA,2026-04-13,NA,10,8,10,26,13
VILLAHERMOSA,2026-04-14,NA,5,9,16,41,12
VILLAHERMOSA,2026-04-15,NA,7,6,14,36,15
VILLAHERMOSA,2026-04-16,NA,7,7,22,34,16
VILLAHERMOSA,2026-04-17,NA,6,6,18,24,15
VILLAHERMOSA,2026-04-18,NA,6,3,14,36,18
VILLAHERMOSA,2026-04-19,NA,4,7,16,35,23
VILLAHERMOSA,2026-04-20,NA,4,4,12,15,23
VILLAHERMOSA,2026-04-21,NA,8,2,14,14,31
VILLAHERMOSA,2026-04-22,NA,4,3,16,22,22
VILLAHERMOSA,2026-04-23,NA,5,NA,18,13,18
VILLAHERMOSA,2026-04-24,NA,6,1,14,15,18
VILLAHERMOSA,2026-04-25,NA,8,2,9,18,24
VILLAHERMOSA,2026-04-26,NA,6,3,18,31,21
VILLAHERMOSA,2026-04-27,NA,9,5,16,25,18
VILLAHERMOSA,2026-04-28,NA,8,4,12,22,21
VILLAHERMOSA,2026-04-29,NA,11,1,16,22,15
VILLAHERMOSA,2026-04-30,NA,9,1,22,29,18
VILLAHERMOSA,2026-05-01,NA,13,4,23,18,20
VILLAHERMOSA,2026-05-02,NA,14,8,17,14,17
VILLAHERMOSA,2026-05-03,NA,11,7,19,20,15
VILLAHERMOSA,2026-05-04,NA,11,9,10,14,13
VILLAHERMOSA,2026-05-05,NA,11,14,28,29,18
VILLAHERMOSA,2026-05-06,NA,9,8,48,19,26
VILLAHERMOSA,2026-05-07,NA,8,4,32,19,23
VILLAHERMOSA,2026-05-08,NA,7,5,19,21,11
VILLAHERMOSA,2026-05-09,NA,9,8,26,29,14
VILLAHERMOSA,2026-05-10,NA,12,7,23,22,18
VILLAHERMOSA,2026-05-11,NA,8,6,20,24,19
VILLAHERMOSA,2026-05-12,NA,9,10,14,25,19
VILLAHERMOSA,2026-05-13,NA,13,9,32,26,21
VILLAHERMOSA,2026-05-14,NA,15,9,32,23,21
VILLAHERMOSA,2026-05-15,NA,12,5,29,24,26
VILLAHERMOSA,2026-05-16,NA,10,8,24,18,24
VILLAHERMOSA,2026-05-17,NA,7,11,17,23,24
VILLAHERMOSA,2026-05-18,NA,8,8,27,24,18
VILLAHERMOSA,2026-05-19,NA,7,7,31,27,24
VILLAHERMOSA,2026-05-20,NA,7,8,29,30,28
VILLAHERMOSA,2026-05-21,NA,9,4,25,26,27
VILLAHERMOSA,2026-05-22,NA,11,4,20,26,20
VILLAHERMOSA,2026-05-23,NA,12,4,25,27,18
VILLAHERMOSA,2026-05-24,NA,7,7,18,22,16
VILLAHERMOSA,2026-05-25,NA,6,4,29,21,13
VILLAHERMOSA,2026-05-26,NA,10,6,31,24,18
VILLAHERMOSA,2026-05-27,NA,10,5,32,26,15
VILLAHERMOSA,2026-05-28,NA,9,8,25,20,15
VILLAHERMOSA,2026-05-29,NA,12,10,27,34,19
VILLAHERMOSA,2026-05-30,NA,11,11,33,29,16
VILLAHERMOSA,2026-05-31,NA,10,12,34,20,16
VILLAHERMOSA,2026-06-01,NA,5,9,24,16,16
VILLAHERMOSA,2026-06-02,NA,8,8,37,18,14
VILLAHERMOSA,2026-06-03,NA,7,8,31,15,17
VILLAHERMOSA,2026-06-04,NA,10,4,38,19,21
VILLAHERMOSA,2026-06-05,NA,11,3,34,33,22
VILLAHERMOSA,2026-06-06,NA,15,6,30,29,25
VILLAHERMOSA,2026-06-07,NA,17,12,36,19,20
VILLAHERMOSA,2026-06-08,NA,11,8,39,20,17
VILLAHERMOSA,2026-06-09,NA,5,8,34,26,23
VILLAHERMOSA,2026-06-10,NA,8,5,42,19,26
VILLAHERMOSA,2026-06-11,NA,9,6,40,22,21
VILLAHERMOSA,2026-06-12,NA,15,8,41,35,16
VILLAHERMOSA,2026-06-13,NA,14,9,44,36,18
VILLAHERMOSA,2026-06-14,NA,11,8,41,26,19
VILLAHERMOSA,2026-06-15,NA,6,8,41,24,15
VILLAHERMOSA,2026-06-16,NA,11,9,42,31,20
VILLAHERMOSA,2026-06-17,NA,8,8,47,39,23
VILLAHERMOSA,2026-06-18,NA,15,9,46,27,27
VILLAHERMOSA,2026-06-19,NA,12,17,40,26,32
VILLAHERMOSA,2026-06-20,NA,15,14,40,18,40
VILLAHERMOSA,2026-06-21,NA,15,13,45,11,48
VILLAHERMOSA,2026-06-22,NA,14,11,59,8,41
VILLAHERMOSA,2026-06-23,NA,17,11,67,20,39
VILLAHERMOSA,2026-06-24,NA,21,15,67,28,40
VILLAHERMOSA,2026-06-25,NA,23,11,51,21,36
VILLAHERMOSA,2026-06-26,NA,16,10,38,25,38
VILLAHERMOSA,2026-06-27,NA,16,13,47,22,35
VILLAHERMOSA,2026-06-28,NA,10,13,41,20,29
VILLAHERMOSA,2026-06-29,NA,9,4,32,21,21
VILLAHERMOSA,2026-06-30,NA,9,3,38,30,20
VILLAHERMOSA,2026-07-01,NA,9,5,39,25,21
VILLAHERMOSA,2026-07-02,NA,9,11,35,29,18
VILLAHERMOSA,2026-07-03,NA,9,12,32,33,20
VILLAHERMOSA,2026-07-04,NA,11,10,30,33,22
VILLAHERMOSA,2026-07-05,NA,9,8,37,29,24
VILLAHERMOSA,2026-07-06,NA,7,9,55,19,21
VILLAHERMOSA,2026-07-07,NA,13,8,40,30,17
VILLAHERMOSA,2026-07-08,NA,15,6,36,31,17
VILLAHERMOSA,2026-07-09,NA,13,8,41,26,23
VILLAHERMOSA,2026-07-10,NA,13,8,36,28,29
VILLAHERMOSA,2026-07-11,NA,17,4,41,27,31
VILLAHERMOSA,2026-07-12,NA,13,3,39,19,28
VILLAHERMOSA,2026-07-13,NA,10,4,27,24,27
VILLAHERMOSA,2026-07-14,NA,4,7,22,30,22
VILLAHERMOSA,2026-07-15,NA,9,10,38,32,14
VILLAHERMOSA,2026-07-16,NA,9,13,39,36,12
VILLAHERMOSA,2026-07-17,NA,17,14,49,32,13
VILLAHERMOSA,2026-07-18,NA,16,9,41,34,16
VILLAHERMOSA,2026-07-19,NA,11,7,44,27,21
VILLAHERMOSA,2026-07-20,NA,10,8,28,23,19
VILLAHERMOSA,2026-07-21,NA,16,11,31,36,20
VILLAHERMOSA,2026-07-22,NA,16,14,47,40,19
VILLAHERMOSA,2026-07-23,NA,15,13,48,38,20
VILLAHERMOSA,2026-07-24,NA,18,9,52,39,17
VILLAHERMOSA,2026-07-25,NA,13,14,47,32,18
VILLAHERMOSA,2026-07-26,NA,12,13,40,33,20
VILLAHERMOSA,2026-07-27,NA,7,14,36,26,12
VILLAHERMOSA,2026-07-28,NA,13,17,45,23,12
VILLAHERMOSA,2026-07-29,NA,19,13,51,32,18
VILLAHERMOSA,2026-07-30,NA,14,11,43,37,19
VILLAHERMOSA,2026-07-31,NA,20,14,44,37,25
VILLAHERMOSA,2026-08-01,4,23,14,36,27,28
VILLAHERMOSA,2026-08-02,4,18,16,28,24,37
VILLAHERMOSA,2026-08-03,2,10,7,19,17,20
VILLAHERMOSA,2026-08-04,2,11,8,26,26,22
VILLAHERMOSA,2026-08-05,3,11,5,48,22,18
VILLAHERMOSA,2026-08-06,4,12,7,30,18,17
VILLAHERMOSA,2026-08-07,2,9,3,32,23,12
VILLAHERMOSA,2026-08-08,3,8,3,23,25,12
VILLAHERMOSA,2026-08-09,2,8,2,12,22,9
VILLAHERMOSA,2026-08-10,3,7,5,12,23,9
VILLAHERMOSA,2026-08-11,3,10,7,21,23,15
VILLAHERMOSA,2026-08-12,3,14,5,26,23,20
VILLAHERMOSA,2026-08-13,6,18,6,44,22,19
VILLAHERMOSA,2026-08-14,6,14,9,39,21,15
VILLAHERMOSA,2026-08-15,5,11,7,27,25,22
VILLAHERMOSA,2026-08-16,3,8,1,23,26,14
VILLAHERMOSA,2026-08-17,2,7,2,26,21,10
VILLAHERMOSA,2026-08-18,2,13,5,30,20,18
VILLAHERMOSA,2026-08-19,3,14,4,29,34,26
VILLAHERMOSA,2026-08-20,3,10,4,48,27,29
VILLAHERMOSA,2026-08-21,2,10,4,37,33,29
VILLAHERMOSA,2026-08-22,2,8,3,39,33,24
VILLAHERMOSA,2026-08-23,2,10,3,30,28,25
VILLAHERMOSA,2026-08-24,1,7,1,25,32,17
XALAPA,2025-08-24,NA,5,5,10,13,26
XALAPA,2025-08-25,NA,3,3,5,7,21
XALAPA,2025-08-26,NA,9,11,18,11,33
XALAPA,2025-08-27,NA,16,12,9,17,32
XALAPA,2025-08-28,NA,14,16,13,11,56
XALAPA,2025-08-29,NA,19,10,15,14,35
XALAPA,2025-08-30,NA,23,8,4,3,31
XALAPA,2025-08-31,NA,19,14,10,6,36
XALAPA,2025-09-01,NA,15,8,11,11,33
XALAPA,2025-09-02,NA,9,9,8,7,29
XALAPA,2025-09-03,NA,8,6,12,8,27
XALAPA,2025-09-04,NA,12,6,12,13,28
XALAPA,2025-09-05,NA,15,6,13,14,18
XALAPA,2025-09-06,NA,16,4,9,15,23
XALAPA,2025-09-07,NA,8,4,16,13,25
XALAPA,2025-09-08,NA,6,5,10,11,18
XALAPA,2025-09-09,NA,9,11,14,9,30
XALAPA,2025-09-10,NA,14,8,16,11,37
XALAPA,2025-09-11,NA,11,8,19,8,43
XALAPA,2025-09-12,NA,7,6,6,15,36
XALAPA,2025-09-13,NA,7,6,8,12,34
XALAPA,2025-09-14,NA,10,9,11,8,32
XALAPA,2025-09-15,NA,12,6,12,5,33
XALAPA,2025-09-16,NA,10,10,7,6,39
XALAPA,2025-09-17,NA,6,7,7,9,26
XALAPA,2025-09-18,NA,6,6,19,6,27
XALAPA,2025-09-19,NA,11,4,15,8,29
XALAPA,2025-09-20,NA,8,2,11,7,32
XALAPA,2025-09-21,NA,11,4,15,10,26
XALAPA,2025-09-22,NA,4,3,3,7,25
XALAPA,2025-09-23,NA,8,7,12,5,36
XALAPA,2025-09-24,NA,9,3,13,10,48
XALAPA,2025-09-25,NA,8,4,12,14,41
XALAPA,2025-09-26,NA,8,10,14,9,43
XALAPA,2025-09-27,NA,11,6,13,13,39
XALAPA,2025-09-28,NA,6,4,15,7,37
XALAPA,2025-09-29,NA,9,3,12,9,26
XALAPA,2025-09-30,NA,13,9,13,8,34
XALAPA,2025-10-01,NA,11,7,4,11,34
XALAPA,2025-10-02,NA,17,6,13,5,30
XALAPA,2025-10-03,NA,16,7,8,8,41
XALAPA,2025-10-04,NA,15,7,13,9,42
XALAPA,2025-10-05,NA,16,13,17,9,39
XALAPA,2025-10-06,NA,10,6,6,6,32
XALAPA,2025-10-07,NA,10,7,13,10,24
XALAPA,2025-10-08,NA,14,10,16,14,24
XALAPA,2025-10-09,NA,10,16,14,11,30
XALAPA,2025-10-10,NA,15,11,17,7,20
XALAPA,2025-10-11,NA,23,8,23,11,30
XALAPA,2025-10-12,NA,16,9,22,12,20
XALAPA,2025-10-13,NA,14,3,13,11,11
XALAPA,2025-10-14,NA,18,9,14,11,20
XALAPA,2025-10-15,NA,19,7,16,14,25
XALAPA,2025-10-16,NA,17,12,13,10,32
XALAPA,2025-10-17,NA,15,16,23,9,27
XALAPA,2025-10-18,NA,14,13,19,11,22
XALAPA,2025-10-19,NA,11,10,22,11,24
XALAPA,2025-10-20,NA,7,5,10,9,20
XALAPA,2025-10-21,NA,7,5,11,13,29
XALAPA,2025-10-22,NA,10,8,19,15,35
XALAPA,2025-10-23,NA,8,6,10,16,39
XALAPA,2025-10-24,NA,12,8,10,13,50
XALAPA,2025-10-25,NA,18,8,22,10,49
XALAPA,2025-10-26,NA,18,8,19,10,51
XALAPA,2025-10-27,NA,16,6,18,8,44
XALAPA,2025-10-28,NA,11,9,13,13,57
XALAPA,2025-10-29,NA,17,16,19,18,50
XALAPA,2025-10-30,NA,17,14,30,14,39
XALAPA,2025-10-31,NA,16,9,14,15,28
XALAPA,2025-11-01,NA,16,9,6,16,12
XALAPA,2025-11-02,NA,13,9,10,7,20
XALAPA,2025-11-03,NA,15,9,16,7,17
XALAPA,2025-11-04,NA,15,8,15,16,16
XALAPA,2025-11-05,NA,8,5,13,22,26
XALAPA,2025-11-06,NA,9,10,7,17,31
XALAPA,2025-11-07,NA,9,15,14,11,41
XALAPA,2025-11-08,NA,13,10,7,21,44
XALAPA,2025-11-09,NA,9,7,7,13,40
XALAPA,2025-11-10,NA,7,5,6,16,35
XALAPA,2025-11-11,NA,14,5,8,16,36
XALAPA,2025-11-12,NA,12,12,11,17,45
XALAPA,2025-11-13,NA,14,9,9,17,40
XALAPA,2025-11-14,NA,20,7,13,15,47
XALAPA,2025-11-15,NA,17,13,12,17,45
XALAPA,2025-11-16,NA,20,12,16,10,29
XALAPA,2025-11-17,NA,17,7,12,12,28
XALAPA,2025-11-18,NA,9,8,7,12,43
XALAPA,2025-11-19,NA,9,6,11,16,54
XALAPA,2025-11-20,NA,11,6,15,19,44
XALAPA,2025-11-21,NA,13,9,25,18,54
XALAPA,2025-11-22,NA,16,8,15,21,48
XALAPA,2025-11-23,NA,13,9,15,19,42
XALAPA,2025-11-24,NA,9,11,15,12,24
XALAPA,2025-11-25,NA,14,8,15,20,22
XALAPA,2025-11-26,NA,11,10,13,20,17
XALAPA,2025-11-27,NA,17,11,11,26,21
XALAPA,2025-11-28,NA,14,14,15,24,45
XALAPA,2025-11-29,NA,18,7,15,28,41
XALAPA,2025-11-30,NA,16,6,17,22,47
XALAPA,2025-12-01,NA,17,7,20,24,39
XALAPA,2025-12-02,NA,15,12,22,20,53
XALAPA,2025-12-03,NA,13,17,17,16,47
XALAPA,2025-12-04,NA,12,14,19,12,56
XALAPA,2025-12-05,NA,10,10,14,11,51
XALAPA,2025-12-06,NA,8,9,23,21,34
XALAPA,2025-12-07,NA,10,10,19,14,35
XALAPA,2025-12-08,NA,5,9,9,12,28
XALAPA,2025-12-09,NA,9,15,16,12,34
XALAPA,2025-12-10,NA,9,6,20,10,34
XALAPA,2025-12-11,NA,8,8,20,15,40
XALAPA,2025-12-12,NA,13,5,17,25,46
XALAPA,2025-12-13,NA,18,7,16,24,41
XALAPA,2025-12-14,NA,14,10,16,12,33
XALAPA,2025-12-15,NA,6,5,7,20,26
XALAPA,2025-12-16,NA,12,7,17,15,33
XALAPA,2025-12-17,NA,8,7,10,12,34
XALAPA,2025-12-18,NA,11,14,17,15,36
XALAPA,2025-12-19,NA,11,10,18,15,37
XALAPA,2025-12-20,NA,12,13,24,23,30
XALAPA,2025-12-21,NA,14,16,24,11,25
XALAPA,2025-12-22,NA,9,14,12,15,21
XALAPA,2025-12-23,NA,10,13,19,12,37
XALAPA,2025-12-24,NA,9,10,10,15,35
XALAPA,2025-12-25,NA,8,5,13,6,26
XALAPA,2025-12-26,NA,10,5,9,9,24
XALAPA,2025-12-27,NA,12,20,15,18,28
XALAPA,2025-12-28,NA,8,20,17,18,27
XALAPA,2025-12-29,NA,14,12,12,15,22
XALAPA,2025-12-30,NA,21,7,8,8,28
XALAPA,2025-12-31,NA,13,10,11,12,32
XALAPA,2026-01-01,NA,6,1,7,6,27
XALAPA,2026-01-02,NA,8,2,6,11,29
XALAPA,2026-01-03,NA,16,12,12,20,42
XALAPA,2026-01-04,NA,9,14,19,19,43
XALAPA,2026-01-05,NA,12,9,18,13,38
XALAPA,2026-01-06,NA,11,15,25,21,42
XALAPA,2026-01-07,NA,14,11,21,24,53
XALAPA,2026-01-08,NA,13,6,24,30,44
XALAPA,2026-01-09,NA,17,18,22,21,35
XALAPA,2026-01-10,NA,16,9,30,25,42
XALAPA,2026-01-11,NA,15,12,26,14,38
XALAPA,2026-01-12,NA,10,6,20,16,26
XALAPA,2026-01-13,NA,12,12,32,18,28
XALAPA,2026-01-14,NA,10,13,17,18,37
XALAPA,2026-01-15,NA,10,12,20,23,51
XALAPA,2026-01-16,NA,11,21,42,23,50
XALAPA,2026-01-17,NA,14,22,31,25,53
XALAPA,2026-01-18,NA,10,24,20,14,41
XALAPA,2026-01-19,NA,6,12,10,13,35
XALAPA,2026-01-20,NA,9,16,31,21,38
XALAPA,2026-01-21,NA,7,18,30,25,51
XALAPA,2026-01-22,NA,11,21,32,20,53
XALAPA,2026-01-23,NA,14,15,18,20,47
XALAPA,2026-01-24,NA,17,25,25,23,42
XALAPA,2026-01-25,NA,14,13,29,12,37
XALAPA,2026-01-26,NA,20,14,16,10,25
XALAPA,2026-01-27,NA,18,14,19,13,35
XALAPA,2026-01-28,NA,16,23,20,14,44
XALAPA,2026-01-29,NA,15,22,27,16,57
XALAPA,2026-01-30,NA,25,20,22,19,32
XALAPA,2026-01-31,NA,29,27,12,21,29
XALAPA,2026-02-01,NA,27,20,16,11,32
XALAPA,2026-02-02,NA,20,14,7,19,31
XALAPA,2026-02-03,NA,12,12,8,21,39
XALAPA,2026-02-04,NA,16,13,28,17,47
XALAPA,2026-02-05,NA,14,12,25,16,54
XALAPA,2026-02-06,NA,16,18,18,23,63
XALAPA,2026-02-07,NA,21,17,25,13,62
XALAPA,2026-02-08,NA,16,15,22,12,48
XALAPA,2026-02-09,NA,10,6,10,15,29
XALAPA,2026-02-10,NA,8,16,16,14,31
XALAPA,2026-02-11,NA,8,14,13,14,27
XALAPA,2026-02-12,NA,13,20,21,15,23
XALAPA,2026-02-13,NA,11,10,25,29,30
XALAPA,2026-02-14,NA,18,16,21,24,34
XALAPA,2026-02-15,NA,14,11,22,14,32
XALAPA,2026-02-16,NA,9,14,20,10,29
XALAPA,2026-02-17,NA,10,11,21,12,39
XALAPA,2026-02-18,NA,14,12,33,11,29
XALAPA,2026-02-19,NA,21,16,38,16,36
XALAPA,2026-02-20,NA,16,16,21,13,45
XALAPA,2026-02-21,NA,17,13,16,14,41
XALAPA,2026-02-22,NA,16,10,13,12,38
XALAPA,2026-02-23,NA,10,7,26,12,27
XALAPA,2026-02-24,NA,10,15,38,17,42
XALAPA,2026-02-25,NA,13,15,14,14,38
XALAPA,2026-02-26,NA,16,11,22,10,50
XALAPA,2026-02-27,NA,26,15,32,13,48
XALAPA,2026-02-28,NA,30,11,29,16,48
XALAPA,2026-03-01,NA,22,8,31,8,49
XALAPA,2026-03-02,NA,20,8,17,5,47
XALAPA,2026-03-03,NA,24,18,27,24,54
XALAPA,2026-03-04,NA,19,19,24,16,50
XALAPA,2026-03-05,NA,15,17,31,17,48
XALAPA,2026-03-06,NA,16,12,31,17,51
XALAPA,2026-03-07,NA,20,16,29,18,41
XALAPA,2026-03-08,NA,15,13,27,11,36
XALAPA,2026-03-09,NA,10,10,19,7,30
XALAPA,2026-03-10,NA,11,14,16,6,28
XALAPA,2026-03-11,NA,12,15,12,17,35
XALAPA,2026-03-12,NA,9,12,20,15,50
XALAPA,2026-03-13,NA,11,16,14,22,53
XALAPA,2026-03-14,NA,14,16,18,22,31
XALAPA,2026-03-15,NA,13,14,17,15,40
XALAPA,2026-03-16,NA,13,10,10,16,24
XALAPA,2026-03-17,NA,13,16,30,13,28
XALAPA,2026-03-18,NA,9,14,52,23,30
XALAPA,2026-03-19,NA,11,17,39,18,45
XALAPA,2026-03-20,NA,16,21,34,21,44
XALAPA,2026-03-21,NA,15,16,33,19,51
XALAPA,2026-03-22,NA,7,22,29,12,39
XALAPA,2026-03-23,NA,15,20,17,16,35
XALAPA,2026-03-24,NA,12,16,14,17,34
XALAPA,2026-03-25,NA,13,19,15,11,35
XALAPA,2026-03-26,NA,9,17,27,13,31
XALAPA,2026-03-27,NA,19,10,13,20,35
XALAPA,2026-03-28,NA,21,14,24,21,32
XALAPA,2026-03-29,NA,17,8,24,19,36
XALAPA,2026-03-30,NA,12,5,11,20,40
XALAPA,2026-03-31,NA,18,10,26,23,54
XALAPA,2026-04-01,NA,17,13,36,20,56
XALAPA,2026-04-02,NA,19,15,41,15,55
XALAPA,2026-04-03,NA,14,21,37,19,47
XALAPA,2026-04-04,NA,12,10,13,10,38
XALAPA,2026-04-05,NA,16,13,7,12,26
XALAPA,2026-04-06,NA,10,6,11,12,18
XALAPA,2026-04-07,NA,10,7,16,19,25
XALAPA,2026-04-08,NA,9,9,25,19,24
XALAPA,2026-04-09,NA,11,17,30,19,35
XALAPA,2026-04-10,NA,13,15,30,15,38
XALAPA,2026-04-11,NA,20,10,33,21,31
XALAPA,2026-04-12,NA,14,12,17,16,37
XALAPA,2026-04-13,NA,10,7,15,10,30
XALAPA,2026-04-14,NA,9,9,19,17,24
XALAPA,2026-04-15,NA,14,13,29,18,51
XALAPA,2026-04-16,NA,13,12,38,15,59
XALAPA,2026-04-17,NA,15,15,28,13,60
XALAPA,2026-04-18,NA,13,13,24,8,49
XALAPA,2026-04-19,NA,7,18,18,5,48
XALAPA,2026-04-20,NA,6,7,8,6,35
XALAPA,2026-04-21,NA,7,14,22,11,50
XALAPA,2026-04-22,NA,11,13,25,8,55
XALAPA,2026-04-23,NA,13,14,38,16,53
XALAPA,2026-04-24,NA,11,21,33,13,48
XALAPA,2026-04-25,NA,12,17,36,15,37
XALAPA,2026-04-26,NA,11,11,30,9,46
XALAPA,2026-04-27,NA,12,13,22,13,44
XALAPA,2026-04-28,NA,9,13,31,7,54
XALAPA,2026-04-29,NA,20,13,30,14,54
XALAPA,2026-04-30,NA,18,13,27,23,39
XALAPA,2026-05-01,NA,17,14,25,13,44
XALAPA,2026-05-02,NA,17,14,7,14,41
XALAPA,2026-05-03,NA,12,11,16,8,38
XALAPA,2026-05-04,NA,9,15,17,11,33
XALAPA,2026-05-05,NA,9,10,27,11,35
XALAPA,2026-05-06,NA,11,6,17,9,49
XALAPA,2026-05-07,NA,5,12,31,10,53
XALAPA,2026-05-08,NA,9,16,38,10,53
XALAPA,2026-05-09,NA,9,10,31,13,49
XALAPA,2026-05-10,NA,6,15,26,11,48
XALAPA,2026-05-11,NA,3,8,20,9,38
XALAPA,2026-05-12,NA,5,8,21,13,34
XALAPA,2026-05-13,NA,8,10,19,9,39
XALAPA,2026-05-14,NA,11,9,24,15,48
XALAPA,2026-05-15,NA,12,12,23,14,60
XALAPA,2026-05-16,NA,15,15,17,19,60
XALAPA,2026-05-17,NA,10,19,16,11,51
XALAPA,2026-05-18,NA,9,14,23,5,47
XALAPA,2026-05-19,NA,13,17,19,17,50
XALAPA,2026-05-20,NA,11,17,28,17,56
XALAPA,2026-05-21,NA,12,19,29,18,54
XALAPA,2026-05-22,NA,11,25,52,14,60
XALAPA,2026-05-23,NA,13,12,54,15,57
XALAPA,2026-05-24,NA,10,13,37,9,51
XALAPA,2026-05-25,NA,7,11,22,9,51
XALAPA,2026-05-26,NA,8,10,18,15,54
XALAPA,2026-05-27,NA,9,10,21,16,58
XALAPA,2026-05-28,NA,9,13,29,16,61
XALAPA,2026-05-29,NA,18,13,24,16,52
XALAPA,2026-05-30,NA,20,12,30,24,61
XALAPA,2026-05-31,NA,22,10,23,14,51
XALAPA,2026-06-01,NA,20,4,15,10,45
XALAPA,2026-06-02,NA,12,7,26,13,46
XALAPA,2026-06-03,NA,12,18,30,18,49
XALAPA,2026-06-04,NA,18,20,27,17,71
XALAPA,2026-06-05,NA,13,7,41,17,69
XALAPA,2026-06-06,NA,15,15,33,22,64
XALAPA,2026-06-07,NA,15,22,28,14,55
XALAPA,2026-06-08,NA,8,14,33,12,48
XALAPA,2026-06-09,NA,9,20,32,19,54
XALAPA,2026-06-10,NA,14,27,35,16,45
XALAPA,2026-06-11,NA,15,23,34,13,47
XALAPA,2026-06-12,NA,15,20,15,16,45
XALAPA,2026-06-13,NA,16,14,30,18,39
XALAPA,2026-06-14,NA,21,18,24,22,41
XALAPA,2026-06-15,NA,14,10,27,15,41
XALAPA,2026-06-16,NA,16,19,53,19,41
XALAPA,2026-06-17,NA,15,21,54,22,36
XALAPA,2026-06-18,NA,18,25,48,19,31
XALAPA,2026-06-19,NA,14,15,49,29,32
XALAPA,2026-06-20,NA,18,24,52,27,29
XALAPA,2026-06-21,NA,10,16,44,25,24
XALAPA,2026-06-22,NA,3,9,30,21,23
XALAPA,2026-06-23,NA,12,18,36,14,34
XALAPA,2026-06-24,NA,9,14,16,17,43
XALAPA,2026-06-25,NA,7,19,28,17,40
XALAPA,2026-06-26,NA,13,7,22,28,45
XALAPA,2026-06-27,NA,13,14,25,17,44
XALAPA,2026-06-28,NA,13,7,23,18,34
XALAPA,2026-06-29,NA,9,8,25,18,25
XALAPA,2026-06-30,NA,12,15,38,20,29
XALAPA,2026-07-01,NA,11,11,26,13,28
XALAPA,2026-07-02,NA,12,14,32,13,30
XALAPA,2026-07-03,NA,15,17,34,13,37
XALAPA,2026-07-04,NA,22,11,35,13,40
XALAPA,2026-07-05,NA,22,13,23,11,30
XALAPA,2026-07-06,NA,15,13,15,4,23
XALAPA,2026-07-07,NA,10,18,28,8,18
XALAPA,2026-07-08,NA,14,12,30,16,22
XALAPA,2026-07-09,NA,10,7,17,9,27
XALAPA,2026-07-10,NA,12,9,12,11,42
XALAPA,2026-07-11,NA,16,13,30,17,41
XALAPA,2026-07-12,NA,14,9,38,13,32
XALAPA,2026-07-13,NA,9,12,25,14,35
XALAPA,2026-07-14,NA,14,13,29,10,42
XALAPA,2026-07-15,NA,11,16,44,15,43
XALAPA,2026-07-16,NA,12,13,29,17,41
XALAPA,2026-07-17,NA,9,15,28,18,42
XALAPA,2026-07-18,NA,13,18,47,22,35
XALAPA,2026-07-19,NA,18,16,36,15,41
XALAPA,2026-07-20,NA,12,14,20,13,38
XALAPA,2026-07-21,NA,15,12,29,11,39
XALAPA,2026-07-22,NA,16,6,34,8,45
XALAPA,2026-07-23,NA,18,17,27,11,40
XALAPA,2026-07-24,NA,14,22,41,12,41
XALAPA,2026-07-25,NA,17,11,32,14,40
XALAPA,2026-07-26,NA,17,16,20,11,36
XALAPA,2026-07-27,NA,12,15,28,11,34
XALAPA,2026-07-28,NA,17,16,26,15,38
XALAPA,2026-07-29,NA,19,15,32,19,39
XALAPA,2026-07-30,NA,18,13,29,21,41
XALAPA,2026-07-31,NA,21,12,27,20,41
XALAPA,2026-08-01,5,17,22,24,16,38
XALAPA,2026-08-02,2,26,18,22,19,27
XALAPA,2026-08-03,1,19,13,20,23,30
XALAPA,2026-08-04,7,10,18,37,19,29
XALAPA,2026-08-05,9,14,16,38,26,47
XALAPA,2026-08-06,8,15,27,38,26,41
XALAPA,2026-08-07,16,11,25,46,31,41
XALAPA,2026-08-08,5,18,31,23,22,42
XALAPA,2026-08-09,3,15,19,27,13,33
XALAPA,2026-08-10,2,14,10,11,12,28
XALAPA,2026-08-11,7,12,20,25,12,29
XALAPA,2026-08-12,6,15,19,32,25,35
XALAPA,2026-08-13,5,17,20,24,23,36
XALAPA,2026-08-14,3,20,18,24,19,42
XALAPA,2026-08-15,4,20,14,37,27,41
XALAPA,2026-08-16,8,12,9,28,15,26
XALAPA,2026-08-17,3,8,13,17,12,26
XALAPA,2026-08-18,7,12,16,32,16,29
XALAPA,2026-08-19,7,10,9,39,18,38
XALAPA,2026-08-20,3,8,18,29,15,42
XALAPA,2026-08-21,6,10,17,31,15,47
XALAPA,2026-08-22,6,14,21,24,20,43
XALAPA,2026-08-23,10,17,28,31,14,30
XALAPA,2026-08-24,2,9,14,22,15,24
