REGION,Fecha_Descarga,CDE,CDD,Addon,Soportes,Instalaciones,Recolecciones
BAJIO,2025-08-24,NA,50,32,112,90,155
BAJIO,2025-08-25,NA,37,29,124,67,130
BAJIO,2025-08-26,NA,72,47,156,112,157
BAJIO,2025-08-27,NA,65,57,187,128,201
BAJIO,2025-08-28,NA,75,55,200,123,194
BAJIO,2025-08-29,NA,76,48,168,140,186
BAJIO,2025-08-30,NA,83,36,147,146,183
BAJIO,2025-08-31,NA,69,37,133,96,165
BAJIO,2025-09-01,NA,52,25,112,57,143
BAJIO,2025-09-02,NA,60,34,113,93,162
BAJIO,2025-09-03,NA,65,34,157,146,198
BAJIO,2025-09-04,NA,62,37,167,140,199
BAJIO,2025-09-05,NA,56,48,168,146,212
BAJIO,2025-09-06,NA,63,43,183,156,209
BAJIO,2025-09-07,NA,58,40,144,126,190
BAJIO,2025-09-08,NA,48,28,143,80,162
BAJIO,2025-09-09,NA,43,44,152,135,183
BAJIO,2025-09-10,NA,48,50,166,147,207
BAJIO,2025-09-11,NA,52,51,154,139,221
BAJIO,2025-09-12,NA,59,39,148,173,205
BAJIO,2025-09-13,NA,66,35,146,163,191
BAJIO,2025-09-14,NA,72,28,131,126,179
BAJIO,2025-09-15,NA,60,25,136,90,141
BAJIO,2025-09-16,NA,54,36,146,121,150
BAJIO,2025-09-17,NA,50,37,140,103,135
BAJIO,2025-09-18,NA,65,49,166,105,144
BAJIO,2025-09-19,NA,67,42,146,145,156
BAJIO,2025-09-20,NA,68,48,138,109,171
BAJIO,2025-09-21,NA,53,35,126,102,148
BAJIO,2025-09-22,NA,43,23,109,72,125
BAJIO,2025-09-23,NA,45,25,118,81,162
BAJIO,2025-09-24,NA,44,44,116,89,192
BAJIO,2025-09-25,NA,42,39,104,84,201
BAJIO,2025-09-26,NA,53,22,115,105,201
BAJIO,2025-09-27,NA,66,27,122,127,206
BAJIO,2025-09-28,NA,47,34,118,103,201
BAJIO,2025-09-29,NA,43,32,113,75,192
BAJIO,2025-09-30,NA,47,44,139,110,193
BAJIO,2025-10-01,NA,58,48,141,83,210
BAJIO,2025-10-02,NA,55,51,142,74,214
BAJIO,2025-10-03,NA,61,42,123,101,198
BAJIO,2025-10-04,NA,67,37,118,109,189
BAJIO,2025-10-05,NA,58,28,103,69,176
BAJIO,2025-10-06,NA,45,25,98,56,141
BAJIO,2025-10-07,NA,54,37,95,96,148
BAJIO,2025-10-08,NA,48,42,128,95,156
BAJIO,2025-10-09,NA,45,35,110,97,153
BAJIO,2025-10-10,NA,59,40,106,90,160
BAJIO,2025-10-11,NA,63,46,118,114,150
BAJIO,2025-10-12,NA,51,46,117,76,128
BAJIO,2025-10-13,NA,43,48,108,75,105
BAJIO,2025-10-14,NA,46,51,108,88,110
BAJIO,2025-10-15,NA,49,47,140,112,127
BAJIO,2025-10-16,NA,49,55,148,144,109
BAJIO,2025-10-17,NA,50,41,140,160,104
BAJIO,2025-10-18,NA,50,47,129,179,117
BAJIO,2025-10-19,NA,36,39,103,128,116
BAJIO,2025-10-20,NA,33,39,102,100,98
BAJIO,2025-10-21,NA,53,45,139,113,143
BAJIO,2025-10-22,NA,50,39,144,110,162
BAJIO,2025-10-23,NA,51,38,122,112,165
BAJIO,2025-10-24,NA,40,30,114,148,164
BAJIO,2025-10-25,NA,51,22,126,127,156
BAJIO,2025-10-26,NA,43,16,103,92,139
BAJIO,2025-10-27,NA,34,19,82,78,121
BAJIO,2025-10-28,NA,52,31,113,117,139
BAJIO,2025-10-29,NA,58,34,101,114,133
BAJIO,2025-10-30,NA,49,34,116,141,127
BAJIO,2025-10-31,NA,60,30,107,136,142
BAJIO,2025-11-01,NA,65,33,93,101,128
BAJIO,2025-11-02,NA,58,26,85,94,130
BAJIO,2025-11-03,NA,42,26,86,80,126
BAJIO,2025-11-04,NA,42,32,94,93,162
BAJIO,2025-11-05,NA,44,43,100,92,179
BAJIO,2025-11-06,NA,43,49,103,134,190
BAJIO,2025-11-07,NA,49,36,120,156,167
BAJIO,2025-11-08,NA,64,45,132,174,153
BAJIO,2025-11-09,NA,53,47,97,126,127
BAJIO,2025-11-10,NA,48,39,73,105,115
BAJIO,2025-11-11,NA,60,39,109,113,125
BAJIO,2025-11-12,NA,44,40,109,132,142
BAJIO,2025-11-13,NA,49,53,117,147,123
BAJIO,2025-11-14,NA,65,47,123,140,144
BAJIO,2025-11-15,NA,63,49,133,177,124
BAJIO,2025-11-16,NA,48,39,117,118,109
BAJIO,2025-11-17,NA,46,41,112,108,100
BAJIO,2025-11-18,NA,41,49,109,151,85
BAJIO,2025-11-19,NA,38,53,123,131,112
BAJIO,2025-11-20,NA,46,46,128,125,125
BAJIO,2025-11-21,NA,48,51,129,142,153
BAJIO,2025-11-22,NA,63,40,141,176,188
BAJIO,2025-11-23,NA,51,32,107,124,195
BAJIO,2025-11-24,NA,38,32,102,108,180
BAJIO,2025-11-25,NA,50,41,134,112,202
BAJIO,2025-11-26,NA,54,32,131,118,203
BAJIO,2025-11-27,NA,54,44,140,189,201
BAJIO,2025-11-28,NA,65,48,125,307,182
BAJIO,2025-11-29,NA,82,62,154,291,167
BAJIO,2025-11-30,NA,78,51,138,218,155
BAJIO,2025-12-01,NA,75,38,117,188,135
BAJIO,2025-12-02,NA,75,52,152,179,143
BAJIO,2025-12-03,NA,58,45,136,129,160
BAJIO,2025-12-04,NA,59,46,139,140,163
BAJIO,2025-12-05,NA,65,50,136,164,162
BAJIO,2025-12-06,NA,48,60,136,186,125
BAJIO,2025-12-07,NA,48,53,113,158,97
BAJIO,2025-12-08,NA,41,29,87,114,71
BAJIO,2025-12-09,NA,52,29,121,140,103
BAJIO,2025-12-10,NA,43,37,134,158,120
BAJIO,2025-12-11,NA,52,42,167,160,112
BAJIO,2025-12-12,NA,57,50,164,165,135
BAJIO,2025-12-13,NA,50,52,169,210,124
BAJIO,2025-12-14,NA,48,41,146,154,108
BAJIO,2025-12-15,NA,34,40,124,108,85
BAJIO,2025-12-16,NA,46,45,143,186,108
BAJIO,2025-12-17,NA,54,61,115,162,125
BAJIO,2025-12-18,NA,59,43,136,177,132
BAJIO,2025-12-19,NA,61,46,144,177,135
BAJIO,2025-12-20,NA,54,54,149,196,147
BAJIO,2025-12-21,NA,45,48,135,164,146
BAJIO,2025-12-22,NA,41,39,112,131,134
BAJIO,2025-12-23,NA,40,41,145,149,151
BAJIO,2025-12-24,NA,48,41,127,145,139
BAJIO,2025-12-25,NA,27,25,98,106,132
BAJIO,2025-12-26,NA,26,23,95,97,115
BAJIO,2025-12-27,NA,41,30,127,156,107
BAJIO,2025-12-28,NA,42,28,99,111,99
BAJIO,2025-12-29,NA,41,24,82,112,82
BAJIO,2025-12-30,NA,42,47,108,111,116
BAJIO,2025-12-31,NA,41,37,114,119,114
BAJIO,2026-01-01,NA,38,29,110,68,108
BAJIO,2026-01-02,NA,47,31,112,78,101
BAJIO,2026-01-03,NA,58,54,141,130,102
BAJIO,2026-01-04,NA,55,49,96,132,102
BAJIO,2026-01-05,NA,45,36,90,92,82
BAJIO,2026-01-06,NA,55,35,141,132,111
BAJIO,2026-01-07,NA,59,49,144,147,139
BAJIO,2026-01-08,NA,67,65,147,218,149
BAJIO,2026-01-09,NA,49,68,162,204,156
BAJIO,2026-01-10,NA,63,75,143,207,169
BAJIO,2026-01-11,NA,61,57,113,150,151
BAJIO,2026-01-12,NA,48,48,139,126,129
BAJIO,2026-01-13,NA,47,51,168,194,127
BAJIO,2026-01-14,NA,52,52,150,190,145
BAJIO,2026-01-15,NA,54,56,151,248,140
BAJIO,2026-01-16,NA,66,47,145,207,160
BAJIO,2026-01-17,NA,69,49,142,219,186
BAJIO,2026-01-18,NA,65,56,127,147,168
BAJIO,2026-01-19,NA,50,51,117,103,143
BAJIO,2026-01-20,NA,60,50,146,155,158
BAJIO,2026-01-21,NA,58,60,131,168,168
BAJIO,2026-01-22,NA,59,65,150,190,186
BAJIO,2026-01-23,NA,66,66,167,221,199
BAJIO,2026-01-24,NA,69,71,183,234,196
BAJIO,2026-01-25,NA,62,41,137,176,182
BAJIO,2026-01-26,NA,56,28,101,121,139
BAJIO,2026-01-27,NA,77,43,148,142,164
BAJIO,2026-01-28,NA,63,50,118,161,208
BAJIO,2026-01-29,NA,77,53,142,172,210
BAJIO,2026-01-30,NA,75,65,131,181,210
BAJIO,2026-01-31,NA,72,55,129,212,209
BAJIO,2026-02-01,NA,78,41,105,129,179
BAJIO,2026-02-02,NA,63,42,99,94,147
BAJIO,2026-02-03,NA,58,54,130,130,156
BAJIO,2026-02-04,NA,67,73,133,147,179
BAJIO,2026-02-05,NA,70,70,147,184,187
BAJIO,2026-02-06,NA,76,61,146,192,194
BAJIO,2026-02-07,NA,92,64,140,215,192
BAJIO,2026-02-08,NA,81,54,129,145,172
BAJIO,2026-02-09,NA,58,47,106,95,147
BAJIO,2026-02-10,NA,60,43,125,126,152
BAJIO,2026-02-11,NA,61,47,129,164,151
BAJIO,2026-02-12,NA,56,40,138,165,137
BAJIO,2026-02-13,NA,64,49,140,177,155
BAJIO,2026-02-14,NA,65,72,144,214,178
BAJIO,2026-02-15,NA,75,71,144,177,169
BAJIO,2026-02-16,NA,71,67,105,101,152
BAJIO,2026-02-17,NA,67,81,136,172,160
BAJIO,2026-02-18,NA,56,64,156,146,175
BAJIO,2026-02-19,NA,63,60,146,159,163
BAJIO,2026-02-20,NA,66,42,155,198,157
BAJIO,2026-02-21,NA,77,51,147,207,176
BAJIO,2026-02-22,NA,67,34,109,144,179
BAJIO,2026-02-23,NA,60,34,136,132,172
BAJIO,2026-02-24,NA,53,45,180,108,184
BAJIO,2026-02-25,NA,68,42,143,150,219
BAJIO,2026-02-26,NA,60,41,129,145,223
BAJIO,2026-02-27,NA,68,52,123,169,223
BAJIO,2026-02-28,NA,96,46,137,189,221
BAJIO,2026-03-01,NA,83,45,112,118,190
BAJIO,2026-03-02,NA,55,43,97,109,155
BAJIO,2026-03-03,NA,53,44,120,127,162
BAJIO,2026-03-04,NA,56,40,137,121,189
BAJIO,2026-03-05,NA,61,42,122,133,176
BAJIO,2026-03-06,NA,54,41,124,142,178
BAJIO,2026-03-07,NA,63,47,147,180,180
BAJIO,2026-03-08,NA,51,29,120,147,160
BAJIO,2026-03-09,NA,40,28,97,96,140
BAJIO,2026-03-10,NA,48,35,124,143,165
BAJIO,2026-03-11,NA,44,33,143,143,176
BAJIO,2026-03-12,NA,41,32,141,153,180
BAJIO,2026-03-13,NA,70,32,128,148,174
BAJIO,2026-03-14,NA,67,37,164,173,184
BAJIO,2026-03-15,NA,59,34,117,134,180
BAJIO,2026-03-16,NA,49,27,113,93,149
BAJIO,2026-03-17,NA,45,31,127,109,156
BAJIO,2026-03-18,NA,53,53,143,97,189
BAJIO,2026-03-19,NA,54,36,137,130,219
BAJIO,2026-03-20,NA,55,38,127,170,209
BAJIO,2026-03-21,NA,52,47,139,185,197
BAJIO,2026-03-22,NA,67,41,123,154,177
BAJIO,2026-03-23,NA,52,41,115,90,146
BAJIO,2026-03-24,NA,65,57,135,133,168
BAJIO,2026-03-25,NA,63,61,126,136,201
BAJIO,2026-03-26,NA,63,53,129,172,211
BAJIO,2026-03-27,NA,67,46,126,180,209
BAJIO,2026-03-28,NA,58,45,134,176,210
BAJIO,2026-03-29,NA,58,41,176,157,179
BAJIO,2026-03-30,NA,67,34,136,132,148
BAJIO,2026-03-31,NA,84,57,199,190,160
BAJIO,2026-04-01,NA,107,78,204,159,174
BAJIO,2026-04-02,NA,119,92,193,201,177
BAJIO,2026-04-03,NA,98,100,184,176,173
BAJIO,2026-04-04,NA,63,79,143,98,150
BAJIO,2026-04-05,NA,33,41,162,96,121
BAJIO,2026-04-06,NA,32,33,153,88,98
BAJIO,2026-04-07,NA,45,57,221,162,123
BAJIO,2026-04-08,NA,56,71,261,185,159
BAJIO,2026-04-09,NA,78,75,230,238,197
BAJIO,2026-04-10,NA,106,87,219,215,196
BAJIO,2026-04-11,NA,107,93,204,240,205
BAJIO,2026-04-12,NA,87,91,154,175,172
BAJIO,2026-04-13,NA,59,67,144,137,147
BAJIO,2026-04-14,NA,48,71,192,172,152
BAJIO,2026-04-15,NA,38,90,185,163,188
BAJIO,2026-04-16,NA,56,92,168,192,212
BAJIO,2026-04-17,NA,65,93,169,196,217
BAJIO,2026-04-18,NA,77,87,181,209,220
BAJIO,2026-04-19,NA,60,70,159,138,213
BAJIO,2026-04-20,NA,52,67,138,101,194
BAJIO,2026-04-21,NA,57,65,161,142,215
BAJIO,2026-04-22,NA,51,56,191,121,258
BAJIO,2026-04-23,NA,56,49,173,138,246
BAJIO,2026-04-24,NA,50,57,163,164,235
BAJIO,2026-04-25,NA,61,64,167,171,232
BAJIO,2026-04-26,NA,40,50,141,128,213
BAJIO,2026-04-27,NA,29,36,112,91,191
BAJIO,2026-04-28,NA,43,50,155,140,170
BAJIO,2026-04-29,NA,40,47,204,148,169
BAJIO,2026-04-30,NA,60,53,226,164,151
BAJIO,2026-05-01,NA,68,62,204,132,151
BAJIO,2026-05-02,NA,73,59,195,135,151
BAJIO,2026-05-03,NA,91,68,185,137,145
BAJIO,2026-05-04,NA,88,59,170,89,127
BAJIO,2026-05-05,NA,80,74,166,124,172
BAJIO,2026-05-06,NA,70,84,195,146,197
BAJIO,2026-05-07,NA,76,84,177,166,177
BAJIO,2026-05-08,NA,79,96,222,162,208
BAJIO,2026-05-09,NA,82,90,224,189,210
BAJIO,2026-05-10,NA,67,82,177,139,185
BAJIO,2026-05-11,NA,50,76,162,71,169
BAJIO,2026-05-12,NA,66,62,190,125,166
BAJIO,2026-05-13,NA,58,67,242,140,188
BAJIO,2026-05-14,NA,71,59,250,154,186
BAJIO,2026-05-15,NA,83,78,255,205,200
BAJIO,2026-05-16,NA,86,85,220,223,201
BAJIO,2026-05-17,NA,62,80,189,145,191
BAJIO,2026-05-18,NA,64,83,192,109,167
BAJIO,2026-05-19,NA,67,92,190,150,191
BAJIO,2026-05-20,NA,68,87,221,160,220
BAJIO,2026-05-21,NA,57,85,229,175,230
BAJIO,2026-05-22,NA,63,83,226,198,250
BAJIO,2026-05-23,NA,82,83,251,210,253
BAJIO,2026-05-24,NA,83,79,172,181,216
BAJIO,2026-05-25,NA,76,85,165,124,208
BAJIO,2026-05-26,NA,73,89,159,143,205
BAJIO,2026-05-27,NA,81,78,168,160,204
BAJIO,2026-05-28,NA,76,63,162,228,193
BAJIO,2026-05-29,NA,75,74,191,217,211
BAJIO,2026-05-30,NA,88,70,187,226,201
BAJIO,2026-05-31,NA,63,65,188,156,181
BAJIO,2026-06-01,NA,53,50,166,76,163
BAJIO,2026-06-02,NA,60,55,225,149,179
BAJIO,2026-06-03,NA,68,71,253,174,218
BAJIO,2026-06-04,NA,77,79,242,191,218
BAJIO,2026-06-05,NA,65,98,263,184,251
BAJIO,2026-06-06,NA,88,107,249,230,254
BAJIO,2026-06-07,NA,73,111,286,213,227
BAJIO,2026-06-08,NA,78,138,291,152,217
BAJIO,2026-06-09,NA,73,165,304,227,197
BAJIO,2026-06-10,NA,77,190,338,245,217
BAJIO,2026-06-11,NA,74,209,314,276,255
BAJIO,2026-06-12,NA,94,235,260,229,277
BAJIO,2026-06-13,NA,97,235,270,248,277
BAJIO,2026-06-14,NA,102,223,220,144,278
BAJIO,2026-06-15,NA,69,206,265,96,255
BAJIO,2026-06-16,NA,65,206,288,212,262
BAJIO,2026-06-17,NA,72,178,336,197,284
BAJIO,2026-06-18,NA,71,185,296,188,284
BAJIO,2026-06-19,NA,64,194,299,214,247
BAJIO,2026-06-20,NA,83,207,319,203,217
BAJIO,2026-06-21,NA,68,195,308,142,200
BAJIO,2026-06-22,NA,50,182,249,96,196
BAJIO,2026-06-23,NA,58,179,271,160,192
BAJIO,2026-06-24,NA,63,139,289,140,191
BAJIO,2026-06-25,NA,68,100,250,137,162
BAJIO,2026-06-26,NA,65,74,190,162,156
BAJIO,2026-06-27,NA,76,75,217,186,162
BAJIO,2026-06-28,NA,68,69,239,139,140
BAJIO,2026-06-29,NA,55,69,222,122,122
BAJIO,2026-06-30,NA,62,74,234,170,150
BAJIO,2026-07-01,NA,65,73,228,154,137
BAJIO,2026-07-02,NA,69,73,236,172,142
BAJIO,2026-07-03,NA,86,79,251,177,133
BAJIO,2026-07-04,NA,88,70,245,176,148
BAJIO,2026-07-05,NA,81,67,240,142,134
BAJIO,2026-07-06,NA,83,66,195,90,120
BAJIO,2026-07-07,NA,70,75,224,129,133
BAJIO,2026-07-08,NA,66,64,219,142,138
BAJIO,2026-07-09,NA,68,55,192,159,128
BAJIO,2026-07-10,NA,83,61,233,181,129
BAJIO,2026-07-11,NA,77,62,205,183,131
BAJIO,2026-07-12,NA,78,64,231,139,128
BAJIO,2026-07-13,NA,65,55,189,98,116
BAJIO,2026-07-14,NA,72,86,185,156,128
BAJIO,2026-07-15,NA,71,74,192,196,138
BAJIO,2026-07-16,NA,72,64,192,183,135
BAJIO,2026-07-17,NA,76,67,143,187,146
BAJIO,2026-07-18,NA,68,46,161,214,122
BAJIO,2026-07-19,NA,43,46,158,125,69
BAJIO,2026-07-20,NA,46,51,134,93,64
BAJIO,2026-07-21,NA,63,46,195,145,99
BAJIO,2026-07-22,NA,47,60,176,162,129
BAJIO,2026-07-23,NA,51,56,166,176,120
BAJIO,2026-07-24,NA,59,65,178,172,107
BAJIO,2026-07-25,NA,69,52,189,201,120
BAJIO,2026-07-26,NA,52,37,167,150,105
BAJIO,2026-07-27,NA,50,31,133,117,86
BAJIO,2026-07-28,NA,71,57,165,156,124
BAJIO,2026-07-29,NA,77,72,202,174,141
BAJIO,2026-07-30,NA,73,72,200,188,149
BAJIO,2026-07-31,NA,89,73,216,192,148
BAJIO,2026-08-01,19,85,59,228,158,146
BAJIO,2026-08-02,17,89,62,226,172,135
BAJIO,2026-08-03,13,74,54,201,113,116
BAJIO,2026-08-04,13,65,59,198,128,130
BAJIO,2026-08-05,15,64,52,200,167,131
BAJIO,2026-08-06,20,72,61,236,184,118
BAJIO,2026-08-07,20,84,62,252,181,116
BAJIO,2026-08-08,29,88,68,232,191,108
BAJIO,2026-08-09,17,70,68,195,160,88
BAJIO,2026-08-10,17,64,51,171,127,67
BAJIO,2026-08-11,16,74,49,199,150,96
BAJIO,2026-08-12,15,90,81,233,187,105
BAJIO,2026-08-13,10,81,64,213,183,123
BAJIO,2026-08-14,20,91,74,218,198,124
BAJIO,2026-08-15,19,101,88,233,233,135
BAJIO,2026-08-16,23,93,87,192,191,117
BAJIO,2026-08-17,19,82,83,175,127,94
BAJIO,2026-08-18,21,65,89,186,194,111
BAJIO,2026-08-19,22,70,83,163,207,119
BAJIO,2026-08-20,13,62,81,209,197,118
BAJIO,2026-08-21,24,58,70,244,224,143
BAJIO,2026-08-22,30,70,84,253,247,125
BAJIO,2026-08-23,31,82,85,164,201,113
BAJIO,2026-08-24,23,86,69,136,148,90
CDMX NORPONIENTE,2025-08-24,NA,124,84,256,246,276
CDMX NORPONIENTE,2025-08-25,NA,113,64,239,227,234
CDMX NORPONIENTE,2025-08-26,NA,136,72,305,259,271
CDMX NORPONIENTE,2025-08-27,NA,137,76,350,239,302
CDMX NORPONIENTE,2025-08-28,NA,162,71,301,306,288
CDMX NORPONIENTE,2025-08-29,NA,208,69,293,305,261
CDMX NORPONIENTE,2025-08-30,NA,223,68,275,338,287
CDMX NORPONIENTE,2025-08-31,NA,198,74,263,290,248
CDMX NORPONIENTE,2025-09-01,NA,161,60,250,249,207
CDMX NORPONIENTE,2025-09-02,NA,167,73,286,261,264
CDMX NORPONIENTE,2025-09-03,NA,145,80,309,256,314
CDMX NORPONIENTE,2025-09-04,NA,142,65,317,282,327
CDMX NORPONIENTE,2025-09-05,NA,157,65,315,289,335
CDMX NORPONIENTE,2025-09-06,NA,157,63,316,298,325
CDMX NORPONIENTE,2025-09-07,NA,139,73,305,268,257
CDMX NORPONIENTE,2025-09-08,NA,112,43,276,243,230
CDMX NORPONIENTE,2025-09-09,NA,112,52,300,267,265
CDMX NORPONIENTE,2025-09-10,NA,122,63,257,309,275
CDMX NORPONIENTE,2025-09-11,NA,138,54,301,300,257
CDMX NORPONIENTE,2025-09-12,NA,147,51,293,295,270
CDMX NORPONIENTE,2025-09-13,NA,183,55,335,311,262
CDMX NORPONIENTE,2025-09-14,NA,136,52,263,257,240
CDMX NORPONIENTE,2025-09-15,NA,107,52,257,279,170
CDMX NORPONIENTE,2025-09-16,NA,97,43,246,249,198
CDMX NORPONIENTE,2025-09-17,NA,116,51,249,273,199
CDMX NORPONIENTE,2025-09-18,NA,118,54,295,268,240
CDMX NORPONIENTE,2025-09-19,NA,118,53,275,265,263
CDMX NORPONIENTE,2025-09-20,NA,128,58,326,278,262
CDMX NORPONIENTE,2025-09-21,NA,119,50,245,245,263
CDMX NORPONIENTE,2025-09-22,NA,98,51,223,207,222
CDMX NORPONIENTE,2025-09-23,NA,102,63,266,227,284
CDMX NORPONIENTE,2025-09-24,NA,115,64,246,250,305
CDMX NORPONIENTE,2025-09-25,NA,134,54,238,245,302
CDMX NORPONIENTE,2025-09-26,NA,140,71,281,268,300
CDMX NORPONIENTE,2025-09-27,NA,154,73,317,267,313
CDMX NORPONIENTE,2025-09-28,NA,145,71,267,249,276
CDMX NORPONIENTE,2025-09-29,NA,143,58,256,201,238
CDMX NORPONIENTE,2025-09-30,NA,148,77,293,232,270
CDMX NORPONIENTE,2025-10-01,NA,151,71,311,241,275
CDMX NORPONIENTE,2025-10-02,NA,154,56,276,245,265
CDMX NORPONIENTE,2025-10-03,NA,168,74,270,242,257
CDMX NORPONIENTE,2025-10-04,NA,163,58,241,259,231
CDMX NORPONIENTE,2025-10-05,NA,137,51,214,194,237
CDMX NORPONIENTE,2025-10-06,NA,118,48,207,205,218
CDMX NORPONIENTE,2025-10-07,NA,105,67,261,223,292
CDMX NORPONIENTE,2025-10-08,NA,90,71,262,220,256
CDMX NORPONIENTE,2025-10-09,NA,118,65,264,254,248
CDMX NORPONIENTE,2025-10-10,NA,152,78,263,273,271
CDMX NORPONIENTE,2025-10-11,NA,183,89,272,253,245
CDMX NORPONIENTE,2025-10-12,NA,163,88,279,234,209
CDMX NORPONIENTE,2025-10-13,NA,122,82,242,226,163
CDMX NORPONIENTE,2025-10-14,NA,137,87,273,247,213
CDMX NORPONIENTE,2025-10-15,NA,143,85,280,288,240
CDMX NORPONIENTE,2025-10-16,NA,166,95,278,308,266
CDMX NORPONIENTE,2025-10-17,NA,166,75,286,291,239
CDMX NORPONIENTE,2025-10-18,NA,166,75,277,277,233
CDMX NORPONIENTE,2025-10-19,NA,138,65,235,252,205
CDMX NORPONIENTE,2025-10-20,NA,118,57,235,238,187
CDMX NORPONIENTE,2025-10-21,NA,114,61,267,248,226
CDMX NORPONIENTE,2025-10-22,NA,129,66,247,263,259
CDMX NORPONIENTE,2025-10-23,NA,136,64,247,285,263
CDMX NORPONIENTE,2025-10-24,NA,149,71,267,297,258
CDMX NORPONIENTE,2025-10-25,NA,159,68,290,280,253
CDMX NORPONIENTE,2025-10-26,NA,133,59,242,253,228
CDMX NORPONIENTE,2025-10-27,NA,110,62,226,265,201
CDMX NORPONIENTE,2025-10-28,NA,128,67,266,305,251
CDMX NORPONIENTE,2025-10-29,NA,143,66,238,309,261
CDMX NORPONIENTE,2025-10-30,NA,168,68,233,317,241
CDMX NORPONIENTE,2025-10-31,NA,187,72,240,318,266
CDMX NORPONIENTE,2025-11-01,NA,186,68,245,249,215
CDMX NORPONIENTE,2025-11-02,NA,139,52,190,210,187
CDMX NORPONIENTE,2025-11-03,NA,129,55,211,182,158
CDMX NORPONIENTE,2025-11-04,NA,125,78,245,219,196
CDMX NORPONIENTE,2025-11-05,NA,124,85,229,238,239
CDMX NORPONIENTE,2025-11-06,NA,123,82,275,283,249
CDMX NORPONIENTE,2025-11-07,NA,143,75,266,288,245
CDMX NORPONIENTE,2025-11-08,NA,150,80,254,321,250
CDMX NORPONIENTE,2025-11-09,NA,134,66,221,261,220
CDMX NORPONIENTE,2025-11-10,NA,128,58,216,272,193
CDMX NORPONIENTE,2025-11-11,NA,137,93,266,314,201
CDMX NORPONIENTE,2025-11-12,NA,150,93,262,299,203
CDMX NORPONIENTE,2025-11-13,NA,145,87,249,334,222
CDMX NORPONIENTE,2025-11-14,NA,158,99,294,373,216
CDMX NORPONIENTE,2025-11-15,NA,168,82,288,422,233
CDMX NORPONIENTE,2025-11-16,NA,152,95,275,351,225
CDMX NORPONIENTE,2025-11-17,NA,133,78,239,398,198
CDMX NORPONIENTE,2025-11-18,NA,120,115,288,442,227
CDMX NORPONIENTE,2025-11-19,NA,123,117,313,379,265
CDMX NORPONIENTE,2025-11-20,NA,125,99,308,399,249
CDMX NORPONIENTE,2025-11-21,NA,132,79,263,387,274
CDMX NORPONIENTE,2025-11-22,NA,153,83,274,390,364
CDMX NORPONIENTE,2025-11-23,NA,120,66,256,352,308
CDMX NORPONIENTE,2025-11-24,NA,102,53,229,356,249
CDMX NORPONIENTE,2025-11-25,NA,103,61,257,343,279
CDMX NORPONIENTE,2025-11-26,NA,146,57,252,362,266
CDMX NORPONIENTE,2025-11-27,NA,164,61,308,332,276
CDMX NORPONIENTE,2025-11-28,NA,195,69,281,384,285
CDMX NORPONIENTE,2025-11-29,NA,215,78,276,381,272
CDMX NORPONIENTE,2025-11-30,NA,194,71,281,333,209
CDMX NORPONIENTE,2025-12-01,NA,153,78,257,296,171
CDMX NORPONIENTE,2025-12-02,NA,142,80,267,332,165
CDMX NORPONIENTE,2025-12-03,NA,142,92,278,296,221
CDMX NORPONIENTE,2025-12-04,NA,156,92,304,278,217
CDMX NORPONIENTE,2025-12-05,NA,172,84,283,285,240
CDMX NORPONIENTE,2025-12-06,NA,164,79,267,293,214
CDMX NORPONIENTE,2025-12-07,NA,127,74,233,272,192
CDMX NORPONIENTE,2025-12-08,NA,102,64,231,237,145
CDMX NORPONIENTE,2025-12-09,NA,121,72,280,264,188
CDMX NORPONIENTE,2025-12-10,NA,120,71,307,255,179
CDMX NORPONIENTE,2025-12-11,NA,144,72,279,284,207
CDMX NORPONIENTE,2025-12-12,NA,165,65,289,305,241
CDMX NORPONIENTE,2025-12-13,NA,169,66,290,321,220
CDMX NORPONIENTE,2025-12-14,NA,143,46,276,303,181
CDMX NORPONIENTE,2025-12-15,NA,128,46,236,267,161
CDMX NORPONIENTE,2025-12-16,NA,142,72,300,296,201
CDMX NORPONIENTE,2025-12-17,NA,133,71,303,316,225
CDMX NORPONIENTE,2025-12-18,NA,153,70,297,328,238
CDMX NORPONIENTE,2025-12-19,NA,152,91,327,329,241
CDMX NORPONIENTE,2025-12-20,NA,170,95,311,339,250
CDMX NORPONIENTE,2025-12-21,NA,145,65,249,290,255
CDMX NORPONIENTE,2025-12-22,NA,126,66,254,263,212
CDMX NORPONIENTE,2025-12-23,NA,134,65,266,250,231
CDMX NORPONIENTE,2025-12-24,NA,116,47,251,206,202
CDMX NORPONIENTE,2025-12-25,NA,97,40,192,168,166
CDMX NORPONIENTE,2025-12-26,NA,117,47,193,187,158
CDMX NORPONIENTE,2025-12-27,NA,137,61,259,248,187
CDMX NORPONIENTE,2025-12-28,NA,135,73,233,231,196
CDMX NORPONIENTE,2025-12-29,NA,131,82,257,201,151
CDMX NORPONIENTE,2025-12-30,NA,131,65,254,212,196
CDMX NORPONIENTE,2025-12-31,NA,126,72,211,180,213
CDMX NORPONIENTE,2026-01-01,NA,92,65,196,132,191
CDMX NORPONIENTE,2026-01-02,NA,113,80,236,171,193
CDMX NORPONIENTE,2026-01-03,NA,148,91,300,241,216
CDMX NORPONIENTE,2026-01-04,NA,126,71,258,222,186
CDMX NORPONIENTE,2026-01-05,NA,114,64,312,242,157
CDMX NORPONIENTE,2026-01-06,NA,117,86,323,311,230
CDMX NORPONIENTE,2026-01-07,NA,127,82,322,292,221
CDMX NORPONIENTE,2026-01-08,NA,129,73,329,350,215
CDMX NORPONIENTE,2026-01-09,NA,152,82,338,342,262
CDMX NORPONIENTE,2026-01-10,NA,151,110,331,356,261
CDMX NORPONIENTE,2026-01-11,NA,121,82,266,285,202
CDMX NORPONIENTE,2026-01-12,NA,103,79,239,259,158
CDMX NORPONIENTE,2026-01-13,NA,134,96,288,287,189
CDMX NORPONIENTE,2026-01-14,NA,146,93,300,328,210
CDMX NORPONIENTE,2026-01-15,NA,159,88,293,333,233
CDMX NORPONIENTE,2026-01-16,NA,167,80,277,361,234
CDMX NORPONIENTE,2026-01-17,NA,172,98,300,329,243
CDMX NORPONIENTE,2026-01-18,NA,140,90,288,294,223
CDMX NORPONIENTE,2026-01-19,NA,127,100,251,293,179
CDMX NORPONIENTE,2026-01-20,NA,134,90,276,319,252
CDMX NORPONIENTE,2026-01-21,NA,129,81,306,313,246
CDMX NORPONIENTE,2026-01-22,NA,133,86,316,325,261
CDMX NORPONIENTE,2026-01-23,NA,153,75,264,348,242
CDMX NORPONIENTE,2026-01-24,NA,171,83,283,398,238
CDMX NORPONIENTE,2026-01-25,NA,144,61,267,324,211
CDMX NORPONIENTE,2026-01-26,NA,141,74,212,304,168
CDMX NORPONIENTE,2026-01-27,NA,132,79,290,346,204
CDMX NORPONIENTE,2026-01-28,NA,173,108,267,353,250
CDMX NORPONIENTE,2026-01-29,NA,191,87,317,354,253
CDMX NORPONIENTE,2026-01-30,NA,239,93,286,388,246
CDMX NORPONIENTE,2026-01-31,NA,241,97,304,403,246
CDMX NORPONIENTE,2026-02-01,NA,217,115,265,311,208
CDMX NORPONIENTE,2026-02-02,NA,182,105,258,302,160
CDMX NORPONIENTE,2026-02-03,NA,190,110,330,257,210
CDMX NORPONIENTE,2026-02-04,NA,187,116,299,264,228
CDMX NORPONIENTE,2026-02-05,NA,169,112,294,353,248
CDMX NORPONIENTE,2026-02-06,NA,153,103,300,348,225
CDMX NORPONIENTE,2026-02-07,NA,161,90,313,377,234
CDMX NORPONIENTE,2026-02-08,NA,147,70,251,299,203
CDMX NORPONIENTE,2026-02-09,NA,137,76,253,273,173
CDMX NORPONIENTE,2026-02-10,NA,118,73,293,327,202
CDMX NORPONIENTE,2026-02-11,NA,113,76,325,327,230
CDMX NORPONIENTE,2026-02-12,NA,131,86,365,330,202
CDMX NORPONIENTE,2026-02-13,NA,160,93,348,356,226
CDMX NORPONIENTE,2026-02-14,NA,165,101,296,383,229
CDMX NORPONIENTE,2026-02-15,NA,150,93,329,345,199
CDMX NORPONIENTE,2026-02-16,NA,122,83,274,298,174
CDMX NORPONIENTE,2026-02-17,NA,157,110,346,317,223
CDMX NORPONIENTE,2026-02-18,NA,159,112,293,331,252
CDMX NORPONIENTE,2026-02-19,NA,146,91,292,330,261
CDMX NORPONIENTE,2026-02-20,NA,160,83,338,332,283
CDMX NORPONIENTE,2026-02-21,NA,171,85,295,332,264
CDMX NORPONIENTE,2026-02-22,NA,128,83,268,263,246
CDMX NORPONIENTE,2026-02-23,NA,111,62,241,226,199
CDMX NORPONIENTE,2026-02-24,NA,129,92,296,265,257
CDMX NORPONIENTE,2026-02-25,NA,142,85,287,291,270
CDMX NORPONIENTE,2026-02-26,NA,173,83,277,285,271
CDMX NORPONIENTE,2026-02-27,NA,206,73,285,314,225
CDMX NORPONIENTE,2026-02-28,NA,215,83,291,346,232
CDMX NORPONIENTE,2026-03-01,NA,181,83,255,250,209
CDMX NORPONIENTE,2026-03-02,NA,156,64,233,206,173
CDMX NORPONIENTE,2026-03-03,NA,152,89,310,282,240
CDMX NORPONIENTE,2026-03-04,NA,136,87,259,299,236
CDMX NORPONIENTE,2026-03-05,NA,134,74,297,282,216
CDMX NORPONIENTE,2026-03-06,NA,149,67,313,307,207
CDMX NORPONIENTE,2026-03-07,NA,163,60,337,309,214
CDMX NORPONIENTE,2026-03-08,NA,145,51,317,251,233
CDMX NORPONIENTE,2026-03-09,NA,118,48,268,216,217
CDMX NORPONIENTE,2026-03-10,NA,123,68,296,253,259
CDMX NORPONIENTE,2026-03-11,NA,125,69,280,252,261
CDMX NORPONIENTE,2026-03-12,NA,143,78,284,304,278
CDMX NORPONIENTE,2026-03-13,NA,145,75,298,299,260
CDMX NORPONIENTE,2026-03-14,NA,164,62,287,309,257
CDMX NORPONIENTE,2026-03-15,NA,143,68,268,268,211
CDMX NORPONIENTE,2026-03-16,NA,115,56,223,234,185
CDMX NORPONIENTE,2026-03-17,NA,122,75,234,224,229
CDMX NORPONIENTE,2026-03-18,NA,127,68,354,245,243
CDMX NORPONIENTE,2026-03-19,NA,129,77,341,262,260
CDMX NORPONIENTE,2026-03-20,NA,122,66,335,283,245
CDMX NORPONIENTE,2026-03-21,NA,141,76,334,294,261
CDMX NORPONIENTE,2026-03-22,NA,113,67,242,205,231
CDMX NORPONIENTE,2026-03-23,NA,98,67,221,185,197
CDMX NORPONIENTE,2026-03-24,NA,115,69,275,247,222
CDMX NORPONIENTE,2026-03-25,NA,119,68,291,249,236
CDMX NORPONIENTE,2026-03-26,NA,134,68,266,260,239
CDMX NORPONIENTE,2026-03-27,NA,137,66,286,316,227
CDMX NORPONIENTE,2026-03-28,NA,178,76,315,332,235
CDMX NORPONIENTE,2026-03-29,NA,156,70,273,256,209
CDMX NORPONIENTE,2026-03-30,NA,125,60,225,260,183
CDMX NORPONIENTE,2026-03-31,NA,167,82,309,258,201
CDMX NORPONIENTE,2026-04-01,NA,189,93,344,239,252
CDMX NORPONIENTE,2026-04-02,NA,182,90,343,286,272
CDMX NORPONIENTE,2026-04-03,NA,175,88,316,240,245
CDMX NORPONIENTE,2026-04-04,NA,170,76,266,175,211
CDMX NORPONIENTE,2026-04-05,NA,129,66,286,191,193
CDMX NORPONIENTE,2026-04-06,NA,115,55,262,183,168
CDMX NORPONIENTE,2026-04-07,NA,119,89,320,232,216
CDMX NORPONIENTE,2026-04-08,NA,103,80,320,222,235
CDMX NORPONIENTE,2026-04-09,NA,110,91,336,248,232
CDMX NORPONIENTE,2026-04-10,NA,124,105,317,255,225
CDMX NORPONIENTE,2026-04-11,NA,124,108,380,273,225
CDMX NORPONIENTE,2026-04-12,NA,127,107,328,227,192
CDMX NORPONIENTE,2026-04-13,NA,105,88,309,230,178
CDMX NORPONIENTE,2026-04-14,NA,103,96,380,250,208
CDMX NORPONIENTE,2026-04-15,NA,118,110,352,259,274
CDMX NORPONIENTE,2026-04-16,NA,144,123,341,268,298
CDMX NORPONIENTE,2026-04-17,NA,153,112,362,236,308
CDMX NORPONIENTE,2026-04-18,NA,141,89,336,277,328
CDMX NORPONIENTE,2026-04-19,NA,127,82,311,241,314
CDMX NORPONIENTE,2026-04-20,NA,104,76,282,188,279
CDMX NORPONIENTE,2026-04-21,NA,105,75,333,206,303
CDMX NORPONIENTE,2026-04-22,NA,108,86,351,224,320
CDMX NORPONIENTE,2026-04-23,NA,116,81,372,211,332
CDMX NORPONIENTE,2026-04-24,NA,128,82,336,231,323
CDMX NORPONIENTE,2026-04-25,NA,148,82,365,294,312
CDMX NORPONIENTE,2026-04-26,NA,140,70,313,220,265
CDMX NORPONIENTE,2026-04-27,NA,121,73,297,187,238
CDMX NORPONIENTE,2026-04-28,NA,129,80,330,254,282
CDMX NORPONIENTE,2026-04-29,NA,152,96,363,246,292
CDMX NORPONIENTE,2026-04-30,NA,164,101,356,241,317
CDMX NORPONIENTE,2026-05-01,NA,176,81,360,199,331
CDMX NORPONIENTE,2026-05-02,NA,158,81,370,207,321
CDMX NORPONIENTE,2026-05-03,NA,140,83,312,187,275
CDMX NORPONIENTE,2026-05-04,NA,135,69,284,162,246
CDMX NORPONIENTE,2026-05-05,NA,140,77,358,201,288
CDMX NORPONIENTE,2026-05-06,NA,135,91,333,206,318
CDMX NORPONIENTE,2026-05-07,NA,141,87,351,219,319
CDMX NORPONIENTE,2026-05-08,NA,134,85,343,227,310
CDMX NORPONIENTE,2026-05-09,NA,142,72,357,264,316
CDMX NORPONIENTE,2026-05-10,NA,141,52,276,202,270
CDMX NORPONIENTE,2026-05-11,NA,113,53,280,200,253
CDMX NORPONIENTE,2026-05-12,NA,121,63,296,258,286
CDMX NORPONIENTE,2026-05-13,NA,110,66,340,255,301
CDMX NORPONIENTE,2026-05-14,NA,128,67,367,269,326
CDMX NORPONIENTE,2026-05-15,NA,154,67,341,328,346
CDMX NORPONIENTE,2026-05-16,NA,154,68,353,350,358
CDMX NORPONIENTE,2026-05-17,NA,133,76,357,274,320
CDMX NORPONIENTE,2026-05-18,NA,121,89,368,236,281
CDMX NORPONIENTE,2026-05-19,NA,139,91,344,270,319
CDMX NORPONIENTE,2026-05-20,NA,137,93,347,266,321
CDMX NORPONIENTE,2026-05-21,NA,142,95,431,297,356
CDMX NORPONIENTE,2026-05-22,NA,145,100,341,314,338
CDMX NORPONIENTE,2026-05-23,NA,155,81,376,320,342
CDMX NORPONIENTE,2026-05-24,NA,138,96,353,282,312
CDMX NORPONIENTE,2026-05-25,NA,112,70,305,252,270
CDMX NORPONIENTE,2026-05-26,NA,131,97,358,321,283
CDMX NORPONIENTE,2026-05-27,NA,155,117,376,324,295
CDMX NORPONIENTE,2026-05-28,NA,194,110,396,352,316
CDMX NORPONIENTE,2026-05-29,NA,224,107,406,424,316
CDMX NORPONIENTE,2026-05-30,NA,227,116,403,452,317
CDMX NORPONIENTE,2026-05-31,NA,195,137,445,344,324
CDMX NORPONIENTE,2026-06-01,NA,185,126,403,286,299
CDMX NORPONIENTE,2026-06-02,NA,217,189,466,347,377
CDMX NORPONIENTE,2026-06-03,NA,202,196,470,365,446
CDMX NORPONIENTE,2026-06-04,NA,215,195,516,345,445
CDMX NORPONIENTE,2026-06-05,NA,212,189,516,348,449
CDMX NORPONIENTE,2026-06-06,NA,240,186,532,381,437
CDMX NORPONIENTE,2026-06-07,NA,199,203,511,334,372
CDMX NORPONIENTE,2026-06-08,NA,196,216,490,266,320
CDMX NORPONIENTE,2026-06-09,NA,203,246,573,315,363
CDMX NORPONIENTE,2026-06-10,NA,198,277,646,348,388
CDMX NORPONIENTE,2026-06-11,NA,213,290,609,366,416
CDMX NORPONIENTE,2026-06-12,NA,205,275,626,320,419
CDMX NORPONIENTE,2026-06-13,NA,233,285,612,360,437
CDMX NORPONIENTE,2026-06-14,NA,215,275,569,298,421
CDMX NORPONIENTE,2026-06-15,NA,198,271,559,271,378
CDMX NORPONIENTE,2026-06-16,NA,207,281,613,350,424
CDMX NORPONIENTE,2026-06-17,NA,206,314,608,349,462
CDMX NORPONIENTE,2026-06-18,NA,217,339,607,359,482
CDMX NORPONIENTE,2026-06-19,NA,222,317,610,377,516
CDMX NORPONIENTE,2026-06-20,NA,256,301,632,362,493
CDMX NORPONIENTE,2026-06-21,NA,221,273,598,303,468
CDMX NORPONIENTE,2026-06-22,NA,172,248,497,259,398
CDMX NORPONIENTE,2026-06-23,NA,160,230,534,317,395
CDMX NORPONIENTE,2026-06-24,NA,166,225,477,332,392
CDMX NORPONIENTE,2026-06-25,NA,184,212,440,298,390
CDMX NORPONIENTE,2026-06-26,NA,193,183,405,269,392
CDMX NORPONIENTE,2026-06-27,NA,208,164,437,331,389
CDMX NORPONIENTE,2026-06-28,NA,195,147,443,303,389
CDMX NORPONIENTE,2026-06-29,NA,192,136,433,264,322
CDMX NORPONIENTE,2026-06-30,NA,194,142,436,319,342
CDMX NORPONIENTE,2026-07-01,NA,212,170,480,244,375
CDMX NORPONIENTE,2026-07-02,NA,226,187,488,288,406
CDMX NORPONIENTE,2026-07-03,NA,229,164,448,320,414
CDMX NORPONIENTE,2026-07-04,NA,241,170,471,353,382
CDMX NORPONIENTE,2026-07-05,NA,190,145,460,313,352
CDMX NORPONIENTE,2026-07-06,NA,158,117,432,207,297
CDMX NORPONIENTE,2026-07-07,NA,175,138,475,248,312
CDMX NORPONIENTE,2026-07-08,NA,186,158,474,281,310
CDMX NORPONIENTE,2026-07-09,NA,171,154,437,258,308
CDMX NORPONIENTE,2026-07-10,NA,176,114,409,323,326
CDMX NORPONIENTE,2026-07-11,NA,169,115,409,309,310
CDMX NORPONIENTE,2026-07-12,NA,149,101,342,256,290
CDMX NORPONIENTE,2026-07-13,NA,125,82,324,246,242
CDMX NORPONIENTE,2026-07-14,NA,147,93,396,260,270
CDMX NORPONIENTE,2026-07-15,NA,142,93,394,303,278
CDMX NORPONIENTE,2026-07-16,NA,160,97,361,317,316
CDMX NORPONIENTE,2026-07-17,NA,173,91,332,319,335
CDMX NORPONIENTE,2026-07-18,NA,185,96,380,359,343
CDMX NORPONIENTE,2026-07-19,NA,157,89,377,289,328
CDMX NORPONIENTE,2026-07-20,NA,143,91,325,237,261
CDMX NORPONIENTE,2026-07-21,NA,134,91,408,296,288
CDMX NORPONIENTE,2026-07-22,NA,165,99,406,314,307
CDMX NORPONIENTE,2026-07-23,NA,153,92,368,321,311
CDMX NORPONIENTE,2026-07-24,NA,187,107,382,437,346
CDMX NORPONIENTE,2026-07-25,NA,186,109,391,424,345
CDMX NORPONIENTE,2026-07-26,NA,151,101,337,308,300
CDMX NORPONIENTE,2026-07-27,NA,122,86,320,299,244
CDMX NORPONIENTE,2026-07-28,NA,144,108,365,328,297
CDMX NORPONIENTE,2026-07-29,NA,180,104,371,344,300
CDMX NORPONIENTE,2026-07-30,NA,198,114,397,364,332
CDMX NORPONIENTE,2026-07-31,NA,233,117,404,372,369
CDMX NORPONIENTE,2026-08-01,48,219,119,424,344,374
CDMX NORPONIENTE,2026-08-02,42,215,103,386,293,344
CDMX NORPONIENTE,2026-08-03,41,176,95,358,288,323
CDMX NORPONIENTE,2026-08-04,38,177,118,441,340,375
CDMX NORPONIENTE,2026-08-05,40,196,140,406,378,444
CDMX NORPONIENTE,2026-08-06,53,204,140,397,329,460
CDMX NORPONIENTE,2026-08-07,43,205,136,389,347,412
CDMX NORPONIENTE,2026-08-08,46,215,117,404,343,400
CDMX NORPONIENTE,2026-08-09,44,163,105,400,267,352
CDMX NORPONIENTE,2026-08-10,42,131,109,320,257,298
CDMX NORPONIENTE,2026-08-11,53,142,126,346,246,313
CDMX NORPONIENTE,2026-08-12,40,157,145,426,310,346
CDMX NORPONIENTE,2026-08-13,50,159,155,414,340,342
CDMX NORPONIENTE,2026-08-14,48,184,131,345,329,348
CDMX NORPONIENTE,2026-08-15,42,187,135,415,418,324
CDMX NORPONIENTE,2026-08-16,26,161,119,383,373,316
CDMX NORPONIENTE,2026-08-17,27,128,108,345,316,266
CDMX NORPONIENTE,2026-08-18,44,148,134,381,349,327
CDMX NORPONIENTE,2026-08-19,39,167,145,364,377,383
CDMX NORPONIENTE,2026-08-20,37,140,144,323,356,416
CDMX NORPONIENTE,2026-08-21,43,160,141,384,362,424
CDMX NORPONIENTE,2026-08-22,40,172,121,405,377,421
CDMX NORPONIENTE,2026-08-23,41,153,119,373,310,393
CDMX NORPONIENTE,2026-08-24,42,141,105,314,282,342
CDMX SURPONIENTE,2025-08-24,NA,230,124,343,332,352
CDMX SURPONIENTE,2025-08-25,NA,206,100,337,292,269
CDMX SURPONIENTE,2025-08-26,NA,236,118,380,338,319
CDMX SURPONIENTE,2025-08-27,NA,261,115,402,353,349
CDMX SURPONIENTE,2025-08-28,NA,298,128,370,381,333
CDMX SURPONIENTE,2025-08-29,NA,363,136,347,356,308
CDMX SURPONIENTE,2025-08-30,NA,379,132,352,373,321
CDMX SURPONIENTE,2025-08-31,NA,355,114,341,290,299
CDMX SURPONIENTE,2025-09-01,NA,323,108,316,250,240
CDMX SURPONIENTE,2025-09-02,NA,310,122,379,351,315
CDMX SURPONIENTE,2025-09-03,NA,301,154,492,360,404
CDMX SURPONIENTE,2025-09-04,NA,290,163,453,376,436
CDMX SURPONIENTE,2025-09-05,NA,295,157,429,345,429
CDMX SURPONIENTE,2025-09-06,NA,290,153,411,316,422
CDMX SURPONIENTE,2025-09-07,NA,229,137,345,277,343
CDMX SURPONIENTE,2025-09-08,NA,184,101,297,256,269
CDMX SURPONIENTE,2025-09-09,NA,209,99,334,318,254
CDMX SURPONIENTE,2025-09-10,NA,219,110,285,317,255
CDMX SURPONIENTE,2025-09-11,NA,212,111,305,381,257
CDMX SURPONIENTE,2025-09-12,NA,215,85,285,346,246
CDMX SURPONIENTE,2025-09-13,NA,239,75,263,309,227
CDMX SURPONIENTE,2025-09-14,NA,201,83,274,253,198
CDMX SURPONIENTE,2025-09-15,NA,179,70,274,236,177
CDMX SURPONIENTE,2025-09-16,NA,143,66,271,209,189
CDMX SURPONIENTE,2025-09-17,NA,137,67,299,204,175
CDMX SURPONIENTE,2025-09-18,NA,151,85,336,257,216
CDMX SURPONIENTE,2025-09-19,NA,168,96,377,254,221
CDMX SURPONIENTE,2025-09-20,NA,175,89,397,277,255
CDMX SURPONIENTE,2025-09-21,NA,154,83,318,277,277
CDMX SURPONIENTE,2025-09-22,NA,137,88,295,236,209
CDMX SURPONIENTE,2025-09-23,NA,155,85,356,274,324
CDMX SURPONIENTE,2025-09-24,NA,168,92,307,290,330
CDMX SURPONIENTE,2025-09-25,NA,185,83,349,288,344
CDMX SURPONIENTE,2025-09-26,NA,241,88,373,336,319
CDMX SURPONIENTE,2025-09-27,NA,281,95,409,333,301
CDMX SURPONIENTE,2025-09-28,NA,238,94,385,294,310
CDMX SURPONIENTE,2025-09-29,NA,213,100,331,270,262
CDMX SURPONIENTE,2025-09-30,NA,233,123,407,308,269
CDMX SURPONIENTE,2025-10-01,NA,249,128,395,284,278
CDMX SURPONIENTE,2025-10-02,NA,235,129,419,309,295
CDMX SURPONIENTE,2025-10-03,NA,238,143,382,300,262
CDMX SURPONIENTE,2025-10-04,NA,253,146,361,297,288
CDMX SURPONIENTE,2025-10-05,NA,213,147,306,251,239
CDMX SURPONIENTE,2025-10-06,NA,182,124,296,246,201
CDMX SURPONIENTE,2025-10-07,NA,184,140,371,308,226
CDMX SURPONIENTE,2025-10-08,NA,185,146,358,271,227
CDMX SURPONIENTE,2025-10-09,NA,197,152,364,275,273
CDMX SURPONIENTE,2025-10-10,NA,220,149,356,320,250
CDMX SURPONIENTE,2025-10-11,NA,234,159,423,316,246
CDMX SURPONIENTE,2025-10-12,NA,213,143,407,260,221
CDMX SURPONIENTE,2025-10-13,NA,188,135,383,259,176
CDMX SURPONIENTE,2025-10-14,NA,202,159,369,320,254
CDMX SURPONIENTE,2025-10-15,NA,237,141,371,354,242
CDMX SURPONIENTE,2025-10-16,NA,267,171,394,355,262
CDMX SURPONIENTE,2025-10-17,NA,250,165,397,346,267
CDMX SURPONIENTE,2025-10-18,NA,258,158,398,351,246
CDMX SURPONIENTE,2025-10-19,NA,211,132,377,304,231
CDMX SURPONIENTE,2025-10-20,NA,187,111,317,248,170
CDMX SURPONIENTE,2025-10-21,NA,192,113,371,328,218
CDMX SURPONIENTE,2025-10-22,NA,218,121,325,352,269
CDMX SURPONIENTE,2025-10-23,NA,218,124,360,339,288
CDMX SURPONIENTE,2025-10-24,NA,224,126,374,339,296
CDMX SURPONIENTE,2025-10-25,NA,228,122,372,359,297
CDMX SURPONIENTE,2025-10-26,NA,204,93,308,287,245
CDMX SURPONIENTE,2025-10-27,NA,190,72,323,278,181
CDMX SURPONIENTE,2025-10-28,NA,213,91,359,327,209
CDMX SURPONIENTE,2025-10-29,NA,237,93,347,322,240
CDMX SURPONIENTE,2025-10-30,NA,279,90,326,320,227
CDMX SURPONIENTE,2025-10-31,NA,311,78,313,334,235
CDMX SURPONIENTE,2025-11-01,NA,291,83,363,272,254
CDMX SURPONIENTE,2025-11-02,NA,251,74,287,231,203
CDMX SURPONIENTE,2025-11-03,NA,216,84,319,229,182
CDMX SURPONIENTE,2025-11-04,NA,197,99,359,265,216
CDMX SURPONIENTE,2025-11-05,NA,184,109,334,271,222
CDMX SURPONIENTE,2025-11-06,NA,216,124,352,309,243
CDMX SURPONIENTE,2025-11-07,NA,237,126,345,310,227
CDMX SURPONIENTE,2025-11-08,NA,249,110,355,323,205
CDMX SURPONIENTE,2025-11-09,NA,192,103,305,256,195
CDMX SURPONIENTE,2025-11-10,NA,167,88,293,282,142
CDMX SURPONIENTE,2025-11-11,NA,175,123,309,301,184
CDMX SURPONIENTE,2025-11-12,NA,188,119,300,313,195
CDMX SURPONIENTE,2025-11-13,NA,231,108,294,347,207
CDMX SURPONIENTE,2025-11-14,NA,265,102,295,383,212
CDMX SURPONIENTE,2025-11-15,NA,282,114,319,427,234
CDMX SURPONIENTE,2025-11-16,NA,238,109,306,395,235
CDMX SURPONIENTE,2025-11-17,NA,200,128,307,410,206
CDMX SURPONIENTE,2025-11-18,NA,207,141,305,421,230
CDMX SURPONIENTE,2025-11-19,NA,224,153,364,392,264
CDMX SURPONIENTE,2025-11-20,NA,237,134,319,381,276
CDMX SURPONIENTE,2025-11-21,NA,229,133,360,377,321
CDMX SURPONIENTE,2025-11-22,NA,225,126,364,399,383
CDMX SURPONIENTE,2025-11-23,NA,176,95,287,336,372
CDMX SURPONIENTE,2025-11-24,NA,164,68,270,355,293
CDMX SURPONIENTE,2025-11-25,NA,215,99,340,381,267
CDMX SURPONIENTE,2025-11-26,NA,237,109,291,371,260
CDMX SURPONIENTE,2025-11-27,NA,273,118,372,392,297
CDMX SURPONIENTE,2025-11-28,NA,307,111,351,415,295
CDMX SURPONIENTE,2025-11-29,NA,347,120,363,426,270
CDMX SURPONIENTE,2025-11-30,NA,283,124,361,357,229
CDMX SURPONIENTE,2025-12-01,NA,246,126,362,363,207
CDMX SURPONIENTE,2025-12-02,NA,265,135,431,381,238
CDMX SURPONIENTE,2025-12-03,NA,279,144,412,388,271
CDMX SURPONIENTE,2025-12-04,NA,271,136,358,374,270
CDMX SURPONIENTE,2025-12-05,NA,254,117,350,382,251
CDMX SURPONIENTE,2025-12-06,NA,231,113,347,380,208
CDMX SURPONIENTE,2025-12-07,NA,209,107,309,325,181
CDMX SURPONIENTE,2025-12-08,NA,183,80,283,290,138
CDMX SURPONIENTE,2025-12-09,NA,206,107,353,295,189
CDMX SURPONIENTE,2025-12-10,NA,201,112,337,305,183
CDMX SURPONIENTE,2025-12-11,NA,205,102,370,309,208
CDMX SURPONIENTE,2025-12-12,NA,219,85,355,331,215
CDMX SURPONIENTE,2025-12-13,NA,223,93,382,319,205
CDMX SURPONIENTE,2025-12-14,NA,205,85,337,294,182
CDMX SURPONIENTE,2025-12-15,NA,179,78,289,313,138
CDMX SURPONIENTE,2025-12-16,NA,198,112,322,346,206
CDMX SURPONIENTE,2025-12-17,NA,198,143,345,339,237
CDMX SURPONIENTE,2025-12-18,NA,206,124,375,366,248
CDMX SURPONIENTE,2025-12-19,NA,226,128,377,361,257
CDMX SURPONIENTE,2025-12-20,NA,237,109,370,338,222
CDMX SURPONIENTE,2025-12-21,NA,218,92,286,288,231
CDMX SURPONIENTE,2025-12-22,NA,195,78,293,295,201
CDMX SURPONIENTE,2025-12-23,NA,183,116,302,286,255
CDMX SURPONIENTE,2025-12-24,NA,139,93,287,294,237
CDMX SURPONIENTE,2025-12-25,NA,115,58,206,214,183
CDMX SURPONIENTE,2025-12-26,NA,121,56,244,224,173
CDMX SURPONIENTE,2025-12-27,NA,153,86,258,266,185
CDMX SURPONIENTE,2025-12-28,NA,155,74,227,251,174
CDMX SURPONIENTE,2025-12-29,NA,151,61,229,232,128
CDMX SURPONIENTE,2025-12-30,NA,173,94,326,276,181
CDMX SURPONIENTE,2025-12-31,NA,160,77,276,245,180
CDMX SURPONIENTE,2026-01-01,NA,144,58,210,180,170
CDMX SURPONIENTE,2026-01-02,NA,166,63,318,215,183
CDMX SURPONIENTE,2026-01-03,NA,179,78,352,277,219
CDMX SURPONIENTE,2026-01-04,NA,156,82,316,251,192
CDMX SURPONIENTE,2026-01-05,NA,137,68,296,265,158
CDMX SURPONIENTE,2026-01-06,NA,168,80,355,309,222
CDMX SURPONIENTE,2026-01-07,NA,194,113,397,335,217
CDMX SURPONIENTE,2026-01-08,NA,211,117,418,358,234
CDMX SURPONIENTE,2026-01-09,NA,247,134,364,349,262
CDMX SURPONIENTE,2026-01-10,NA,280,139,353,379,288
CDMX SURPONIENTE,2026-01-11,NA,228,125,355,325,255
CDMX SURPONIENTE,2026-01-12,NA,194,99,290,324,208
CDMX SURPONIENTE,2026-01-13,NA,180,134,362,322,232
CDMX SURPONIENTE,2026-01-14,NA,180,100,340,397,222
CDMX SURPONIENTE,2026-01-15,NA,206,93,352,401,258
CDMX SURPONIENTE,2026-01-16,NA,240,114,330,437,230
CDMX SURPONIENTE,2026-01-17,NA,224,124,376,409,241
CDMX SURPONIENTE,2026-01-18,NA,195,118,317,362,247
CDMX SURPONIENTE,2026-01-19,NA,174,105,303,305,196
CDMX SURPONIENTE,2026-01-20,NA,178,115,338,392,233
CDMX SURPONIENTE,2026-01-21,NA,202,116,351,380,247
CDMX SURPONIENTE,2026-01-22,NA,208,120,381,379,272
CDMX SURPONIENTE,2026-01-23,NA,231,126,407,362,273
CDMX SURPONIENTE,2026-01-24,NA,249,138,434,403,264
CDMX SURPONIENTE,2026-01-25,NA,190,116,317,341,225
CDMX SURPONIENTE,2026-01-26,NA,182,92,284,354,161
CDMX SURPONIENTE,2026-01-27,NA,228,112,327,371,215
CDMX SURPONIENTE,2026-01-28,NA,259,123,334,403,263
CDMX SURPONIENTE,2026-01-29,NA,323,128,363,452,260
CDMX SURPONIENTE,2026-01-30,NA,366,122,366,481,271
CDMX SURPONIENTE,2026-01-31,NA,403,133,368,468,279
CDMX SURPONIENTE,2026-02-01,NA,388,171,369,365,284
CDMX SURPONIENTE,2026-02-02,NA,322,167,323,378,242
CDMX SURPONIENTE,2026-02-03,NA,311,200,362,325,275
CDMX SURPONIENTE,2026-02-04,NA,305,221,403,394,306
CDMX SURPONIENTE,2026-02-05,NA,298,205,434,477,289
CDMX SURPONIENTE,2026-02-06,NA,295,198,424,468,276
CDMX SURPONIENTE,2026-02-07,NA,310,188,413,436,267
CDMX SURPONIENTE,2026-02-08,NA,281,167,357,370,233
CDMX SURPONIENTE,2026-02-09,NA,240,141,347,348,198
CDMX SURPONIENTE,2026-02-10,NA,241,135,389,336,222
CDMX SURPONIENTE,2026-02-11,NA,234,98,394,332,233
CDMX SURPONIENTE,2026-02-12,NA,242,104,377,405,241
CDMX SURPONIENTE,2026-02-13,NA,260,112,365,418,232
CDMX SURPONIENTE,2026-02-14,NA,281,104,418,409,230
CDMX SURPONIENTE,2026-02-15,NA,258,107,402,359,236
CDMX SURPONIENTE,2026-02-16,NA,233,103,363,323,209
CDMX SURPONIENTE,2026-02-17,NA,261,132,458,424,314
CDMX SURPONIENTE,2026-02-18,NA,272,144,438,403,333
CDMX SURPONIENTE,2026-02-19,NA,247,132,489,421,335
CDMX SURPONIENTE,2026-02-20,NA,273,133,479,432,340
CDMX SURPONIENTE,2026-02-21,NA,280,128,442,437,292
CDMX SURPONIENTE,2026-02-22,NA,232,104,383,355,280
CDMX SURPONIENTE,2026-02-23,NA,197,94,389,325,219
CDMX SURPONIENTE,2026-02-24,NA,223,111,373,341,258
CDMX SURPONIENTE,2026-02-25,NA,248,128,395,372,282
CDMX SURPONIENTE,2026-02-26,NA,275,119,427,342,323
CDMX SURPONIENTE,2026-02-27,NA,331,112,356,352,314
CDMX SURPONIENTE,2026-02-28,NA,338,109,404,369,295
CDMX SURPONIENTE,2026-03-01,NA,321,127,386,306,263
CDMX SURPONIENTE,2026-03-02,NA,267,128,384,309,197
CDMX SURPONIENTE,2026-03-03,NA,273,158,435,375,245
CDMX SURPONIENTE,2026-03-04,NA,257,152,450,370,281
CDMX SURPONIENTE,2026-03-05,NA,265,155,411,393,331
CDMX SURPONIENTE,2026-03-06,NA,279,167,421,373,318
CDMX SURPONIENTE,2026-03-07,NA,285,166,407,373,321
CDMX SURPONIENTE,2026-03-08,NA,283,162,401,297,312
CDMX SURPONIENTE,2026-03-09,NA,213,139,344,292,279
CDMX SURPONIENTE,2026-03-10,NA,233,162,423,321,309
CDMX SURPONIENTE,2026-03-11,NA,257,181,386,330,337
CDMX SURPONIENTE,2026-03-12,NA,279,159,391,355,347
CDMX SURPONIENTE,2026-03-13,NA,313,143,365,333,360
CDMX SURPONIENTE,2026-03-14,NA,310,124,356,335,334
CDMX SURPONIENTE,2026-03-15,NA,251,107,337,309,302
CDMX SURPONIENTE,2026-03-16,NA,201,85,320,305,238
CDMX SURPONIENTE,2026-03-17,NA,200,95,319,317,234
CDMX SURPONIENTE,2026-03-18,NA,218,110,427,372,263
CDMX SURPONIENTE,2026-03-19,NA,221,143,503,341,284
CDMX SURPONIENTE,2026-03-20,NA,220,123,460,375,288
CDMX SURPONIENTE,2026-03-21,NA,241,138,432,397,343
CDMX SURPONIENTE,2026-03-22,NA,194,112,365,288,341
CDMX SURPONIENTE,2026-03-23,NA,159,78,329,300,260
CDMX SURPONIENTE,2026-03-24,NA,201,93,368,327,292
CDMX SURPONIENTE,2026-03-25,NA,220,92,329,305,329
CDMX SURPONIENTE,2026-03-26,NA,242,82,345,309,332
CDMX SURPONIENTE,2026-03-27,NA,260,89,340,295,328
CDMX SURPONIENTE,2026-03-28,NA,294,83,373,343,310
CDMX SURPONIENTE,2026-03-29,NA,241,77,329,302,291
CDMX SURPONIENTE,2026-03-30,NA,212,76,338,294,220
CDMX SURPONIENTE,2026-03-31,NA,251,107,380,303,259
CDMX SURPONIENTE,2026-04-01,NA,268,138,405,282,288
CDMX SURPONIENTE,2026-04-02,NA,286,137,418,320,269
CDMX SURPONIENTE,2026-04-03,NA,239,128,354,309,264
CDMX SURPONIENTE,2026-04-04,NA,202,100,335,250,236
CDMX SURPONIENTE,2026-04-05,NA,166,100,322,235,202
CDMX SURPONIENTE,2026-04-06,NA,146,102,354,265,193
CDMX SURPONIENTE,2026-04-07,NA,195,119,405,335,227
CDMX SURPONIENTE,2026-04-08,NA,207,141,462,349,223
CDMX SURPONIENTE,2026-04-09,NA,230,159,466,412,247
CDMX SURPONIENTE,2026-04-10,NA,236,169,476,371,231
CDMX SURPONIENTE,2026-04-11,NA,241,155,489,358,260
CDMX SURPONIENTE,2026-04-12,NA,192,165,449,290,224
CDMX SURPONIENTE,2026-04-13,NA,146,126,414,288,201
CDMX SURPONIENTE,2026-04-14,NA,161,140,446,339,245
CDMX SURPONIENTE,2026-04-15,NA,194,166,545,375,336
CDMX SURPONIENTE,2026-04-16,NA,221,206,523,411,366
CDMX SURPONIENTE,2026-04-17,NA,248,205,555,429,406
CDMX SURPONIENTE,2026-04-18,NA,267,213,570,463,380
CDMX SURPONIENTE,2026-04-19,NA,229,193,578,373,366
CDMX SURPONIENTE,2026-04-20,NA,196,162,531,332,337
CDMX SURPONIENTE,2026-04-21,NA,226,185,515,333,372
CDMX SURPONIENTE,2026-04-22,NA,231,182,556,344,383
CDMX SURPONIENTE,2026-04-23,NA,237,178,605,355,404
CDMX SURPONIENTE,2026-04-24,NA,236,159,524,312,371
CDMX SURPONIENTE,2026-04-25,NA,252,131,484,375,337
CDMX SURPONIENTE,2026-04-26,NA,220,120,432,344,291
CDMX SURPONIENTE,2026-04-27,NA,195,114,425,320,262
CDMX SURPONIENTE,2026-04-28,NA,243,144,526,351,332
CDMX SURPONIENTE,2026-04-29,NA,282,170,543,332,325
CDMX SURPONIENTE,2026-04-30,NA,320,166,561,341,355
CDMX SURPONIENTE,2026-05-01,NA,373,168,564,310,353
CDMX SURPONIENTE,2026-05-02,NA,396,185,626,331,335
CDMX SURPONIENTE,2026-05-03,NA,296,179,564,329,315
CDMX SURPONIENTE,2026-05-04,NA,246,165,542,290,286
CDMX SURPONIENTE,2026-05-05,NA,243,189,578,367,339
CDMX SURPONIENTE,2026-05-06,NA,227,186,527,419,356
CDMX SURPONIENTE,2026-05-07,NA,233,173,569,375,377
CDMX SURPONIENTE,2026-05-08,NA,234,143,548,381,347
CDMX SURPONIENTE,2026-05-09,NA,220,145,539,395,346
CDMX SURPONIENTE,2026-05-10,NA,185,118,506,310,302
CDMX SURPONIENTE,2026-05-11,NA,172,121,497,282,260
CDMX SURPONIENTE,2026-05-12,NA,179,146,519,340,272
CDMX SURPONIENTE,2026-05-13,NA,208,145,598,396,293
CDMX SURPONIENTE,2026-05-14,NA,237,165,598,407,300
CDMX SURPONIENTE,2026-05-15,NA,264,151,530,483,343
CDMX SURPONIENTE,2026-05-16,NA,265,159,614,473,339
CDMX SURPONIENTE,2026-05-17,NA,246,165,550,387,317
CDMX SURPONIENTE,2026-05-18,NA,199,142,534,334,288
CDMX SURPONIENTE,2026-05-19,NA,202,168,522,389,304
CDMX SURPONIENTE,2026-05-20,NA,201,166,508,428,348
CDMX SURPONIENTE,2026-05-21,NA,202,159,539,436,360
CDMX SURPONIENTE,2026-05-22,NA,219,173,457,443,359
CDMX SURPONIENTE,2026-05-23,NA,245,165,531,460,352
CDMX SURPONIENTE,2026-05-24,NA,216,156,506,395,353
CDMX SURPONIENTE,2026-05-25,NA,200,147,444,360,303
CDMX SURPONIENTE,2026-05-26,NA,212,167,507,422,333
CDMX SURPONIENTE,2026-05-27,NA,231,170,550,437,365
CDMX SURPONIENTE,2026-05-28,NA,252,173,570,474,391
CDMX SURPONIENTE,2026-05-29,NA,301,165,557,504,397
CDMX SURPONIENTE,2026-05-30,NA,345,170,620,583,388
CDMX SURPONIENTE,2026-05-31,NA,314,189,645,481,402
CDMX SURPONIENTE,2026-06-01,NA,311,204,630,418,392
CDMX SURPONIENTE,2026-06-02,NA,321,266,710,575,475
CDMX SURPONIENTE,2026-06-03,NA,336,273,797,634,524
CDMX SURPONIENTE,2026-06-04,NA,359,304,882,687,559
CDMX SURPONIENTE,2026-06-05,NA,366,312,839,755,571
CDMX SURPONIENTE,2026-06-06,NA,373,325,811,791,559
CDMX SURPONIENTE,2026-06-07,NA,356,335,821,760,552
CDMX SURPONIENTE,2026-06-08,NA,343,349,844,648,520
CDMX SURPONIENTE,2026-06-09,NA,365,424,964,744,547
CDMX SURPONIENTE,2026-06-10,NA,415,480,1087,859,611
CDMX SURPONIENTE,2026-06-11,NA,419,484,1095,874,660
CDMX SURPONIENTE,2026-06-12,NA,431,474,1046,843,659
CDMX SURPONIENTE,2026-06-13,NA,450,485,1069,868,691
CDMX SURPONIENTE,2026-06-14,NA,426,474,1007,721,683
CDMX SURPONIENTE,2026-06-15,NA,397,440,935,703,648
CDMX SURPONIENTE,2026-06-16,NA,398,447,1045,800,706
CDMX SURPONIENTE,2026-06-17,NA,430,444,1083,853,742
CDMX SURPONIENTE,2026-06-18,NA,402,466,1069,827,807
CDMX SURPONIENTE,2026-06-19,NA,410,487,1016,796,837
CDMX SURPONIENTE,2026-06-20,NA,406,494,1031,748,873
CDMX SURPONIENTE,2026-06-21,NA,374,475,982,696,858
CDMX SURPONIENTE,2026-06-22,NA,354,452,916,658,812
CDMX SURPONIENTE,2026-06-23,NA,400,442,1012,710,851
CDMX SURPONIENTE,2026-06-24,NA,444,463,1103,697,917
CDMX SURPONIENTE,2026-06-25,NA,470,480,1024,665,950
CDMX SURPONIENTE,2026-06-26,NA,485,459,984,659,1027
CDMX SURPONIENTE,2026-06-27,NA,504,441,1003,708,1062
CDMX SURPONIENTE,2026-06-28,NA,489,423,936,622,1056
CDMX SURPONIENTE,2026-06-29,NA,490,399,890,612,1033
CDMX SURPONIENTE,2026-06-30,NA,490,444,991,699,1066
CDMX SURPONIENTE,2026-07-01,NA,495,448,1135,658,1083
CDMX SURPONIENTE,2026-07-02,NA,515,460,1205,740,1106
CDMX SURPONIENTE,2026-07-03,NA,521,468,1039,862,1113
CDMX SURPONIENTE,2026-07-04,NA,519,456,1031,850,1110
CDMX SURPONIENTE,2026-07-05,NA,468,370,923,783,1050
CDMX SURPONIENTE,2026-07-06,NA,424,326,813,678,985
CDMX SURPONIENTE,2026-07-07,NA,406,329,876,715,984
CDMX SURPONIENTE,2026-07-08,NA,373,337,866,751,965
CDMX SURPONIENTE,2026-07-09,NA,379,352,865,759,1013
CDMX SURPONIENTE,2026-07-10,NA,394,301,814,783,1085
CDMX SURPONIENTE,2026-07-11,NA,402,281,760,746,1173
CDMX SURPONIENTE,2026-07-12,NA,363,267,703,635,1032
CDMX SURPONIENTE,2026-07-13,NA,325,232,690,603,969
CDMX SURPONIENTE,2026-07-14,NA,340,231,744,643,960
CDMX SURPONIENTE,2026-07-15,NA,350,237,693,656,1029
CDMX SURPONIENTE,2026-07-16,NA,336,230,675,646,1023
CDMX SURPONIENTE,2026-07-17,NA,348,239,622,648,1002
CDMX SURPONIENTE,2026-07-18,NA,313,205,646,643,1097
CDMX SURPONIENTE,2026-07-19,NA,255,189,636,589,1136
CDMX SURPONIENTE,2026-07-20,NA,221,167,565,460,979
CDMX SURPONIENTE,2026-07-21,NA,237,186,612,514,916
CDMX SURPONIENTE,2026-07-22,NA,250,181,585,595,891
CDMX SURPONIENTE,2026-07-23,NA,265,159,551,576,826
CDMX SURPONIENTE,2026-07-24,NA,292,169,574,605,733
CDMX SURPONIENTE,2026-07-25,NA,276,137,533,621,699
CDMX SURPONIENTE,2026-07-26,NA,218,127,507,553,598
CDMX SURPONIENTE,2026-07-27,NA,202,105,423,467,476
CDMX SURPONIENTE,2026-07-28,NA,229,105,515,519,504
CDMX SURPONIENTE,2026-07-29,NA,255,108,524,532,435
CDMX SURPONIENTE,2026-07-30,NA,309,131,554,531,402
CDMX SURPONIENTE,2026-07-31,NA,351,150,580,568,391
CDMX SURPONIENTE,2026-08-01,45,338,180,596,535,404
CDMX SURPONIENTE,2026-08-02,54,314,209,629,528,383
CDMX SURPONIENTE,2026-08-03,53,288,183,580,480,331
CDMX SURPONIENTE,2026-08-04,70,298,221,667,550,417
CDMX SURPONIENTE,2026-08-05,94,306,224,678,627,424
CDMX SURPONIENTE,2026-08-06,101,301,241,589,587,396
CDMX SURPONIENTE,2026-08-07,98,312,204,559,593,374
CDMX SURPONIENTE,2026-08-08,91,313,193,570,601,359
CDMX SURPONIENTE,2026-08-09,81,263,192,564,504,329
CDMX SURPONIENTE,2026-08-10,65,239,177,481,444,294
CDMX SURPONIENTE,2026-08-11,67,229,188,516,474,316
CDMX SURPONIENTE,2026-08-12,73,249,207,564,559,344
CDMX SURPONIENTE,2026-08-13,84,266,212,516,569,340
CDMX SURPONIENTE,2026-08-14,89,294,183,559,556,323
CDMX SURPONIENTE,2026-08-15,93,281,167,554,549,311
CDMX SURPONIENTE,2026-08-16,76,221,164,518,531,278
CDMX SURPONIENTE,2026-08-17,60,199,171,485,476,241
CDMX SURPONIENTE,2026-08-18,78,222,191,603,588,304
CDMX SURPONIENTE,2026-08-19,73,236,194,543,630,319
CDMX SURPONIENTE,2026-08-20,74,250,186,523,696,327
CDMX SURPONIENTE,2026-08-21,77,258,185,548,738,329
CDMX SURPONIENTE,2026-08-22,77,257,215,577,691,344
CDMX SURPONIENTE,2026-08-23,86,245,197,536,576,326
CDMX SURPONIENTE,2026-08-24,70,198,165,431,532,291
FORANEOS,2025-08-24,NA,103,53,184,136,253
FORANEOS,2025-08-25,NA,76,35,157,136,205
FORANEOS,2025-08-26,NA,99,55,203,127,252
FORANEOS,2025-08-27,NA,97,46,256,151,253
FORANEOS,2025-08-28,NA,110,49,177,165,264
FORANEOS,2025-08-29,NA,145,56,219,156,203
FORANEOS,2025-08-30,NA,170,51,289,208,219
FORANEOS,2025-08-31,NA,186,58,249,185,230
FORANEOS,2025-09-01,NA,146,63,199,133,186
FORANEOS,2025-09-02,NA,144,84,274,171,209
FORANEOS,2025-09-03,NA,119,78,257,166,239
FORANEOS,2025-09-04,NA,120,68,280,184,235
FORANEOS,2025-09-05,NA,137,87,256,182,270
FORANEOS,2025-09-06,NA,143,71,263,183,261
FORANEOS,2025-09-07,NA,122,52,242,161,236
FORANEOS,2025-09-08,NA,98,34,204,123,186
FORANEOS,2025-09-09,NA,96,47,215,157,215
FORANEOS,2025-09-10,NA,109,56,199,163,215
FORANEOS,2025-09-11,NA,105,60,218,155,208
FORANEOS,2025-09-12,NA,114,57,224,221,229
FORANEOS,2025-09-13,NA,110,55,222,243,229
FORANEOS,2025-09-14,NA,96,40,189,175,193
FORANEOS,2025-09-15,NA,86,45,216,151,147
FORANEOS,2025-09-16,NA,79,40,186,169,143
FORANEOS,2025-09-17,NA,89,50,175,157,148
FORANEOS,2025-09-18,NA,92,59,220,199,170
FORANEOS,2025-09-19,NA,98,59,211,173,215
FORANEOS,2025-09-20,NA,86,44,211,166,201
FORANEOS,2025-09-21,NA,82,53,183,147,202
FORANEOS,2025-09-22,NA,81,39,180,130,165
FORANEOS,2025-09-23,NA,102,47,185,142,208
FORANEOS,2025-09-24,NA,100,60,173,143,215
FORANEOS,2025-09-25,NA,107,55,221,142,205
FORANEOS,2025-09-26,NA,120,46,225,156,188
FORANEOS,2025-09-27,NA,134,54,233,162,179
FORANEOS,2025-09-28,NA,102,37,202,157,166
FORANEOS,2025-09-29,NA,92,31,154,135,134
FORANEOS,2025-09-30,NA,108,68,192,173,170
FORANEOS,2025-10-01,NA,109,65,216,125,190
FORANEOS,2025-10-02,NA,132,61,245,148,197
FORANEOS,2025-10-03,NA,119,57,225,157,210
FORANEOS,2025-10-04,NA,113,55,209,162,180
FORANEOS,2025-10-05,NA,102,49,203,143,183
FORANEOS,2025-10-06,NA,82,42,159,103,149
FORANEOS,2025-10-07,NA,101,55,212,128,174
FORANEOS,2025-10-08,NA,93,42,170,135,189
FORANEOS,2025-10-09,NA,85,34,174,141,158
FORANEOS,2025-10-10,NA,89,50,180,147,182
FORANEOS,2025-10-11,NA,112,54,222,157,194
FORANEOS,2025-10-12,NA,111,40,204,135,172
FORANEOS,2025-10-13,NA,97,45,197,126,122
FORANEOS,2025-10-14,NA,91,50,223,144,157
FORANEOS,2025-10-15,NA,104,54,192,171,177
FORANEOS,2025-10-16,NA,110,58,241,179,212
FORANEOS,2025-10-17,NA,110,65,212,168,198
FORANEOS,2025-10-18,NA,108,57,197,166,184
FORANEOS,2025-10-19,NA,112,56,190,151,179
FORANEOS,2025-10-20,NA,90,39,156,134,129
FORANEOS,2025-10-21,NA,99,66,234,149,178
FORANEOS,2025-10-22,NA,86,49,197,155,179
FORANEOS,2025-10-23,NA,85,53,201,144,162
FORANEOS,2025-10-24,NA,96,57,218,161,151
FORANEOS,2025-10-25,NA,105,40,206,177,160
FORANEOS,2025-10-26,NA,99,45,195,161,149
FORANEOS,2025-10-27,NA,89,37,184,156,130
FORANEOS,2025-10-28,NA,89,48,185,145,153
FORANEOS,2025-10-29,NA,96,49,209,148,166
FORANEOS,2025-10-30,NA,102,47,197,166,140
FORANEOS,2025-10-31,NA,120,45,200,175,156
FORANEOS,2025-11-01,NA,115,51,202,130,144
FORANEOS,2025-11-02,NA,91,47,164,102,128
FORANEOS,2025-11-03,NA,88,45,179,97,109
FORANEOS,2025-11-04,NA,91,67,212,120,170
FORANEOS,2025-11-05,NA,95,64,191,111,195
FORANEOS,2025-11-06,NA,84,61,196,153,189
FORANEOS,2025-11-07,NA,95,53,168,164,180
FORANEOS,2025-11-08,NA,103,56,213,183,179
FORANEOS,2025-11-09,NA,101,49,177,173,169
FORANEOS,2025-11-10,NA,85,53,160,208,140
FORANEOS,2025-11-11,NA,106,72,215,171,172
FORANEOS,2025-11-12,NA,108,85,207,209,164
FORANEOS,2025-11-13,NA,111,83,199,183,170
FORANEOS,2025-11-14,NA,118,71,201,201,182
FORANEOS,2025-11-15,NA,129,70,208,245,183
FORANEOS,2025-11-16,NA,103,82,215,206,162
FORANEOS,2025-11-17,NA,93,82,189,204,147
FORANEOS,2025-11-18,NA,92,99,230,265,207
FORANEOS,2025-11-19,NA,82,78,201,162,197
FORANEOS,2025-11-20,NA,90,70,203,166,182
FORANEOS,2025-11-21,NA,104,63,221,173,191
FORANEOS,2025-11-22,NA,114,76,211,186,242
FORANEOS,2025-11-23,NA,102,49,157,156,215
FORANEOS,2025-11-24,NA,97,53,183,201,168
FORANEOS,2025-11-25,NA,106,60,225,191,196
FORANEOS,2025-11-26,NA,104,62,211,175,175
FORANEOS,2025-11-27,NA,93,44,195,178,158
FORANEOS,2025-11-28,NA,119,54,216,224,162
FORANEOS,2025-11-29,NA,119,51,219,253,159
FORANEOS,2025-11-30,NA,117,53,207,224,145
FORANEOS,2025-12-01,NA,103,58,211,271,136
FORANEOS,2025-12-02,NA,126,78,228,236,176
FORANEOS,2025-12-03,NA,117,58,227,163,173
FORANEOS,2025-12-04,NA,104,62,216,148,165
FORANEOS,2025-12-05,NA,106,63,205,172,184
FORANEOS,2025-12-06,NA,108,50,240,199,161
FORANEOS,2025-12-07,NA,100,61,221,189,134
FORANEOS,2025-12-08,NA,90,55,167,152,115
FORANEOS,2025-12-09,NA,99,66,223,169,158
FORANEOS,2025-12-10,NA,100,59,206,158,156
FORANEOS,2025-12-11,NA,104,59,215,162,151
FORANEOS,2025-12-12,NA,105,54,242,171,162
FORANEOS,2025-12-13,NA,122,52,230,218,159
FORANEOS,2025-12-14,NA,107,59,219,247,145
FORANEOS,2025-12-15,NA,79,63,226,208,124
FORANEOS,2025-12-16,NA,100,76,256,226,157
FORANEOS,2025-12-17,NA,115,85,248,238,172
FORANEOS,2025-12-18,NA,118,80,255,218,186
FORANEOS,2025-12-19,NA,123,81,249,218,179
FORANEOS,2025-12-20,NA,128,64,231,210,161
FORANEOS,2025-12-21,NA,122,59,203,208,159
FORANEOS,2025-12-22,NA,99,54,182,163,123
FORANEOS,2025-12-23,NA,128,73,238,206,181
FORANEOS,2025-12-24,NA,86,63,220,155,156
FORANEOS,2025-12-25,NA,57,39,154,121,102
FORANEOS,2025-12-26,NA,72,46,166,111,108
FORANEOS,2025-12-27,NA,90,58,208,147,131
FORANEOS,2025-12-28,NA,88,68,211,164,149
FORANEOS,2025-12-29,NA,85,56,199,143,109
FORANEOS,2025-12-30,NA,104,75,221,184,145
FORANEOS,2025-12-31,NA,88,57,189,127,159
FORANEOS,2026-01-01,NA,71,46,155,80,131
FORANEOS,2026-01-02,NA,92,49,182,114,133
FORANEOS,2026-01-03,NA,97,67,231,175,137
FORANEOS,2026-01-04,NA,105,63,206,176,150
FORANEOS,2026-01-05,NA,80,48,156,153,116
FORANEOS,2026-01-06,NA,109,80,227,217,156
FORANEOS,2026-01-07,NA,117,78,201,211,148
FORANEOS,2026-01-08,NA,112,86,264,245,166
FORANEOS,2026-01-09,NA,115,71,248,250,173
FORANEOS,2026-01-10,NA,117,91,223,251,196
FORANEOS,2026-01-11,NA,108,84,209,212,189
FORANEOS,2026-01-12,NA,99,61,188,191,135
FORANEOS,2026-01-13,NA,118,82,252,215,174
FORANEOS,2026-01-14,NA,116,83,232,184,154
FORANEOS,2026-01-15,NA,132,93,235,223,148
FORANEOS,2026-01-16,NA,126,86,235,267,176
FORANEOS,2026-01-17,NA,129,86,263,292,163
FORANEOS,2026-01-18,NA,130,75,251,221,179
FORANEOS,2026-01-19,NA,112,73,224,186,141
FORANEOS,2026-01-20,NA,133,93,263,218,175
FORANEOS,2026-01-21,NA,125,89,267,210,160
FORANEOS,2026-01-22,NA,124,85,228,222,170
FORANEOS,2026-01-23,NA,123,72,252,221,193
FORANEOS,2026-01-24,NA,130,64,251,276,182
FORANEOS,2026-01-25,NA,125,63,219,227,164
FORANEOS,2026-01-26,NA,108,50,191,180,127
FORANEOS,2026-01-27,NA,114,69,234,197,197
FORANEOS,2026-01-28,NA,143,78,209,191,212
FORANEOS,2026-01-29,NA,148,68,245,203,205
FORANEOS,2026-01-30,NA,163,85,209,199,200
FORANEOS,2026-01-31,NA,175,70,252,248,189
FORANEOS,2026-02-01,NA,158,70,241,194,186
FORANEOS,2026-02-02,NA,125,64,206,185,143
FORANEOS,2026-02-03,NA,137,85,222,186,169
FORANEOS,2026-02-04,NA,139,82,247,204,195
FORANEOS,2026-02-05,NA,116,75,224,203,208
FORANEOS,2026-02-06,NA,108,85,196,230,183
FORANEOS,2026-02-07,NA,146,88,259,250,179
FORANEOS,2026-02-08,NA,148,99,236,223,166
FORANEOS,2026-02-09,NA,124,71,223,150,129
FORANEOS,2026-02-10,NA,136,80,259,198,153
FORANEOS,2026-02-11,NA,125,80,252,226,208
FORANEOS,2026-02-12,NA,113,86,295,245,195
FORANEOS,2026-02-13,NA,125,81,262,215,203
FORANEOS,2026-02-14,NA,137,74,231,244,188
FORANEOS,2026-02-15,NA,137,84,253,232,179
FORANEOS,2026-02-16,NA,111,83,204,179,152
FORANEOS,2026-02-17,NA,116,90,303,198,199
FORANEOS,2026-02-18,NA,119,98,277,178,212
FORANEOS,2026-02-19,NA,101,73,238,196,188
FORANEOS,2026-02-20,NA,110,69,239,214,193
FORANEOS,2026-02-21,NA,137,79,237,240,209
FORANEOS,2026-02-22,NA,124,71,235,223,214
FORANEOS,2026-02-23,NA,108,47,195,153,173
FORANEOS,2026-02-24,NA,132,68,267,177,169
FORANEOS,2026-02-25,NA,109,65,258,192,172
FORANEOS,2026-02-26,NA,141,70,255,221,180
FORANEOS,2026-02-27,NA,151,67,235,218,200
FORANEOS,2026-02-28,NA,154,63,270,253,216
FORANEOS,2026-03-01,NA,157,89,280,183,203
FORANEOS,2026-03-02,NA,131,66,259,190,168
FORANEOS,2026-03-03,NA,124,90,300,221,184
FORANEOS,2026-03-04,NA,121,86,265,153,186
FORANEOS,2026-03-05,NA,124,82,268,185,184
FORANEOS,2026-03-06,NA,121,75,258,174,177
FORANEOS,2026-03-07,NA,115,57,243,191,173
FORANEOS,2026-03-08,NA,110,63,260,173,167
FORANEOS,2026-03-09,NA,100,48,234,151,158
FORANEOS,2026-03-10,NA,103,78,278,196,172
FORANEOS,2026-03-11,NA,110,70,278,208,192
FORANEOS,2026-03-12,NA,99,75,271,208,207
FORANEOS,2026-03-13,NA,112,68,230,219,186
FORANEOS,2026-03-14,NA,141,55,249,232,181
FORANEOS,2026-03-15,NA,112,73,231,227,172
FORANEOS,2026-03-16,NA,100,61,208,199,136
FORANEOS,2026-03-17,NA,98,72,226,191,135
FORANEOS,2026-03-18,NA,103,102,298,190,161
FORANEOS,2026-03-19,NA,113,116,342,184,201
FORANEOS,2026-03-20,NA,130,87,293,192,192
FORANEOS,2026-03-21,NA,140,78,239,196,178
FORANEOS,2026-03-22,NA,114,64,240,176,157
FORANEOS,2026-03-23,NA,106,52,198,124,113
FORANEOS,2026-03-24,NA,110,75,241,158,148
FORANEOS,2026-03-25,NA,120,63,209,148,152
FORANEOS,2026-03-26,NA,124,62,240,174,145
FORANEOS,2026-03-27,NA,133,60,248,183,157
FORANEOS,2026-03-28,NA,143,69,272,227,172
FORANEOS,2026-03-29,NA,136,69,262,188,158
FORANEOS,2026-03-30,NA,117,62,205,188,118
FORANEOS,2026-03-31,NA,158,104,276,218,180
FORANEOS,2026-04-01,NA,148,125,323,232,190
FORANEOS,2026-04-02,NA,165,117,321,283,198
FORANEOS,2026-04-03,NA,144,86,292,235,187
FORANEOS,2026-04-04,NA,111,69,207,161,167
FORANEOS,2026-04-05,NA,94,66,210,169,133
FORANEOS,2026-04-06,NA,83,53,226,150,126
FORANEOS,2026-04-07,NA,95,90,284,202,168
FORANEOS,2026-04-08,NA,99,112,284,189,184
FORANEOS,2026-04-09,NA,103,107,295,218,158
FORANEOS,2026-04-10,NA,103,95,313,191,193
FORANEOS,2026-04-11,NA,99,80,318,219,197
FORANEOS,2026-04-12,NA,108,92,292,178,165
FORANEOS,2026-04-13,NA,89,70,272,182,150
FORANEOS,2026-04-14,NA,84,92,326,206,167
FORANEOS,2026-04-15,NA,102,111,306,213,205
FORANEOS,2026-04-16,NA,111,114,327,243,224
FORANEOS,2026-04-17,NA,126,105,332,220,264
FORANEOS,2026-04-18,NA,144,89,307,250,219
FORANEOS,2026-04-19,NA,142,103,294,212,197
FORANEOS,2026-04-20,NA,98,76,228,126,158
FORANEOS,2026-04-21,NA,82,100,306,167,191
FORANEOS,2026-04-22,NA,94,94,271,151,189
FORANEOS,2026-04-23,NA,92,97,301,163,181
FORANEOS,2026-04-24,NA,100,80,291,182,191
FORANEOS,2026-04-25,NA,109,76,282,211,184
FORANEOS,2026-04-26,NA,119,66,264,190,144
FORANEOS,2026-04-27,NA,101,69,247,179,122
FORANEOS,2026-04-28,NA,109,99,271,190,153
FORANEOS,2026-04-29,NA,124,85,291,193,171
FORANEOS,2026-04-30,NA,131,95,268,161,208
FORANEOS,2026-05-01,NA,146,87,284,146,212
FORANEOS,2026-05-02,NA,132,94,310,185,192
FORANEOS,2026-05-03,NA,122,98,269,154,174
FORANEOS,2026-05-04,NA,100,70,251,135,148
FORANEOS,2026-05-05,NA,114,92,337,169,181
FORANEOS,2026-05-06,NA,118,91,316,186,188
FORANEOS,2026-05-07,NA,99,82,310,168,180
FORANEOS,2026-05-08,NA,108,76,297,168,202
FORANEOS,2026-05-09,NA,118,88,321,207,199
FORANEOS,2026-05-10,NA,96,66,264,162,157
FORANEOS,2026-05-11,NA,79,61,246,123,136
FORANEOS,2026-05-12,NA,96,70,286,175,154
FORANEOS,2026-05-13,NA,103,73,325,195,178
FORANEOS,2026-05-14,NA,112,92,328,198,205
FORANEOS,2026-05-15,NA,113,89,343,211,226
FORANEOS,2026-05-16,NA,115,94,316,234,207
FORANEOS,2026-05-17,NA,106,99,279,183,190
FORANEOS,2026-05-18,NA,95,77,297,155,169
FORANEOS,2026-05-19,NA,103,93,332,203,187
FORANEOS,2026-05-20,NA,123,100,368,238,207
FORANEOS,2026-05-21,NA,100,125,411,249,231
FORANEOS,2026-05-22,NA,107,112,303,257,232
FORANEOS,2026-05-23,NA,129,117,386,265,229
FORANEOS,2026-05-24,NA,120,97,377,230,247
FORANEOS,2026-05-25,NA,91,81,293,165,187
FORANEOS,2026-05-26,NA,98,82,324,233,272
FORANEOS,2026-05-27,NA,109,103,361,201,359
FORANEOS,2026-05-28,NA,120,97,318,215,393
FORANEOS,2026-05-29,NA,125,106,335,211,433
FORANEOS,2026-05-30,NA,129,93,375,293,466
FORANEOS,2026-05-31,NA,122,94,372,238,520
FORANEOS,2026-06-01,NA,117,89,366,190,537
FORANEOS,2026-06-02,NA,136,144,433,253,597
FORANEOS,2026-06-03,NA,135,129,405,273,650
FORANEOS,2026-06-04,NA,137,114,426,304,660
FORANEOS,2026-06-05,NA,129,117,383,258,718
FORANEOS,2026-06-06,NA,141,119,401,280,747
FORANEOS,2026-06-07,NA,133,118,341,252,747
FORANEOS,2026-06-08,NA,112,106,310,195,741
FORANEOS,2026-06-09,NA,103,152,367,245,818
FORANEOS,2026-06-10,NA,109,155,321,304,906
FORANEOS,2026-06-11,NA,111,104,251,287,934
FORANEOS,2026-06-12,NA,104,101,293,209,929
FORANEOS,2026-06-13,NA,126,107,332,291,949
FORANEOS,2026-06-14,NA,115,106,376,247,947
FORANEOS,2026-06-15,NA,95,92,323,163,943
FORANEOS,2026-06-16,NA,113,131,398,223,988
FORANEOS,2026-06-17,NA,120,175,384,257,1021
FORANEOS,2026-06-18,NA,133,150,290,250,1067
FORANEOS,2026-06-19,NA,129,133,315,279,1100
FORANEOS,2026-06-20,NA,136,144,438,248,1135
FORANEOS,2026-06-21,NA,114,155,335,229,1160
FORANEOS,2026-06-22,NA,81,110,257,161,1157
FORANEOS,2026-06-23,NA,106,96,301,213,1211
FORANEOS,2026-06-24,NA,109,98,293,199,1226
FORANEOS,2026-06-25,NA,123,98,292,196,1249
FORANEOS,2026-06-26,NA,143,83,271,200,1249
FORANEOS,2026-06-27,NA,156,89,363,220,1288
FORANEOS,2026-06-28,NA,149,93,291,216,1315
FORANEOS,2026-06-29,NA,136,80,280,167,1310
FORANEOS,2026-06-30,NA,147,108,300,240,1293
FORANEOS,2026-07-01,NA,142,104,329,158,1294
FORANEOS,2026-07-02,NA,144,107,368,175,1318
FORANEOS,2026-07-03,NA,125,111,353,195,1301
FORANEOS,2026-07-04,NA,136,98,313,244,1342
FORANEOS,2026-07-05,NA,121,88,308,224,1394
FORANEOS,2026-07-06,NA,98,66,279,163,1382
FORANEOS,2026-07-07,NA,116,89,330,198,1410
FORANEOS,2026-07-08,NA,122,101,297,205,1427
FORANEOS,2026-07-09,NA,141,90,326,252,1411
FORANEOS,2026-07-10,NA,143,80,286,237,1409
FORANEOS,2026-07-11,NA,148,80,262,252,1276
FORANEOS,2026-07-12,NA,135,87,242,193,1164
FORANEOS,2026-07-13,NA,97,64,223,169,1021
FORANEOS,2026-07-14,NA,114,75,298,225,948
FORANEOS,2026-07-15,NA,114,100,344,206,949
FORANEOS,2026-07-16,NA,128,95,328,243,956
FORANEOS,2026-07-17,NA,145,87,284,272,980
FORANEOS,2026-07-18,NA,129,98,335,303,1002
FORANEOS,2026-07-19,NA,135,84,288,240,932
FORANEOS,2026-07-20,NA,114,69,251,173,854
FORANEOS,2026-07-21,NA,117,87,300,220,722
FORANEOS,2026-07-22,NA,115,101,303,216,634
FORANEOS,2026-07-23,NA,112,102,330,225,590
FORANEOS,2026-07-24,NA,126,108,286,245,568
FORANEOS,2026-07-25,NA,143,85,293,227,561
FORANEOS,2026-07-26,NA,119,83,268,230,539
FORANEOS,2026-07-27,NA,102,68,197,169,520
FORANEOS,2026-07-28,NA,106,88,256,216,532
FORANEOS,2026-07-29,NA,113,88,316,225,517
FORANEOS,2026-07-30,NA,138,97,301,228,471
FORANEOS,2026-07-31,NA,145,94,277,242,446
FORANEOS,2026-08-01,31,153,95,310,227,421
FORANEOS,2026-08-02,33,133,94,338,198,410
FORANEOS,2026-08-03,24,117,83,253,173,410
FORANEOS,2026-08-04,37,138,107,339,232,392
FORANEOS,2026-08-05,26,133,102,306,235,367
FORANEOS,2026-08-06,35,121,86,299,203,364
FORANEOS,2026-08-07,27,135,97,286,236,370
FORANEOS,2026-08-08,18,154,94,319,243,384
FORANEOS,2026-08-09,15,133,80,242,186,373
FORANEOS,2026-08-10,16,109,68,214,175,371
FORANEOS,2026-08-11,24,122,68,276,163,385
FORANEOS,2026-08-12,30,114,105,294,219,384
FORANEOS,2026-08-13,30,119,94,267,256,383
FORANEOS,2026-08-14,24,124,84,241,247,372
FORANEOS,2026-08-15,34,145,84,310,277,378
FORANEOS,2026-08-16,29,134,89,323,275,399
FORANEOS,2026-08-17,25,121,82,261,225,406
FORANEOS,2026-08-18,40,109,105,303,274,450
FORANEOS,2026-08-19,37,121,123,300,236,494
FORANEOS,2026-08-20,40,136,129,278,249,461
FORANEOS,2026-08-21,39,144,114,275,285,442
FORANEOS,2026-08-22,56,150,110,288,312,336
FORANEOS,2026-08-23,35,130,103,295,284,279
FORANEOS,2026-08-24,27,113,74,219,182,206
FRONTERA,2025-08-24,NA,65,28,230,224,41
FRONTERA,2025-08-25,NA,59,21,195,165,38
FRONTERA,2025-08-26,NA,81,33,236,212,53
FRONTERA,2025-08-27,NA,70,21,250,207,49
FRONTERA,2025-08-28,NA,65,22,263,223,44
FRONTERA,2025-08-29,NA,55,27,222,223,47
FRONTERA,2025-08-30,NA,65,18,257,233,49
FRONTERA,2025-08-31,NA,71,17,220,181,45
FRONTERA,2025-09-01,NA,65,15,173,134,38
FRONTERA,2025-09-02,NA,69,12,193,200,48
FRONTERA,2025-09-03,NA,58,18,243,257,62
FRONTERA,2025-09-04,NA,67,23,227,226,54
FRONTERA,2025-09-05,NA,63,23,239,253,44
FRONTERA,2025-09-06,NA,62,25,232,236,43
FRONTERA,2025-09-07,NA,49,13,198,228,44
FRONTERA,2025-09-08,NA,50,19,190,155,35
FRONTERA,2025-09-09,NA,58,28,285,209,55
FRONTERA,2025-09-10,NA,53,19,220,240,57
FRONTERA,2025-09-11,NA,55,16,192,235,49
FRONTERA,2025-09-12,NA,57,16,231,218,64
FRONTERA,2025-09-13,NA,56,19,223,240,60
FRONTERA,2025-09-14,NA,61,16,181,212,48
FRONTERA,2025-09-15,NA,47,13,141,160,43
FRONTERA,2025-09-16,NA,53,13,197,195,61
FRONTERA,2025-09-17,NA,46,19,183,176,47
FRONTERA,2025-09-18,NA,34,16,213,168,56
FRONTERA,2025-09-19,NA,50,13,257,179,66
FRONTERA,2025-09-20,NA,54,18,226,188,55
FRONTERA,2025-09-21,NA,55,24,189,162,61
FRONTERA,2025-09-22,NA,36,22,145,116,43
FRONTERA,2025-09-23,NA,60,19,172,163,67
FRONTERA,2025-09-24,NA,44,12,188,154,64
FRONTERA,2025-09-25,NA,48,14,171,155,58
FRONTERA,2025-09-26,NA,43,17,200,171,47
FRONTERA,2025-09-27,NA,65,17,246,206,39
FRONTERA,2025-09-28,NA,67,21,191,158,39
FRONTERA,2025-09-29,NA,61,22,190,92,48
FRONTERA,2025-09-30,NA,60,26,234,131,56
FRONTERA,2025-10-01,NA,55,23,222,128,52
FRONTERA,2025-10-02,NA,73,28,217,141,39
FRONTERA,2025-10-03,NA,71,32,212,181,36
FRONTERA,2025-10-04,NA,65,36,212,185,40
FRONTERA,2025-10-05,NA,66,36,176,138,40
FRONTERA,2025-10-06,NA,69,25,155,117,33
FRONTERA,2025-10-07,NA,75,29,157,142,72
FRONTERA,2025-10-08,NA,60,30,190,164,46
FRONTERA,2025-10-09,NA,58,22,172,144,47
FRONTERA,2025-10-10,NA,57,19,174,152,47
FRONTERA,2025-10-11,NA,56,29,247,189,40
FRONTERA,2025-10-12,NA,47,32,218,145,46
FRONTERA,2025-10-13,NA,49,16,149,132,46
FRONTERA,2025-10-14,NA,46,28,173,130,72
FRONTERA,2025-10-15,NA,53,31,167,171,57
FRONTERA,2025-10-16,NA,46,30,205,220,42
FRONTERA,2025-10-17,NA,40,25,136,207,54
FRONTERA,2025-10-18,NA,50,22,156,232,60
FRONTERA,2025-10-19,NA,64,23,157,195,50
FRONTERA,2025-10-20,NA,55,22,131,134,43
FRONTERA,2025-10-21,NA,50,25,176,168,47
FRONTERA,2025-10-22,NA,57,27,195,192,55
FRONTERA,2025-10-23,NA,46,14,177,189,46
FRONTERA,2025-10-24,NA,63,18,197,238,38
FRONTERA,2025-10-25,NA,62,19,230,218,45
FRONTERA,2025-10-26,NA,52,18,196,180,47
FRONTERA,2025-10-27,NA,42,17,176,140,40
FRONTERA,2025-10-28,NA,61,20,200,191,57
FRONTERA,2025-10-29,NA,58,12,205,186,46
FRONTERA,2025-10-30,NA,67,28,303,203,37
FRONTERA,2025-10-31,NA,58,29,266,199,36
FRONTERA,2025-11-01,NA,68,25,297,150,50
FRONTERA,2025-11-02,NA,82,37,216,149,44
FRONTERA,2025-11-03,NA,61,30,173,119,38
FRONTERA,2025-11-04,NA,76,32,184,150,42
FRONTERA,2025-11-05,NA,76,30,169,175,48
FRONTERA,2025-11-06,NA,60,39,194,177,44
FRONTERA,2025-11-07,NA,61,34,171,195,47
FRONTERA,2025-11-08,NA,63,34,220,219,50
FRONTERA,2025-11-09,NA,68,39,185,182,51
FRONTERA,2025-11-10,NA,48,23,157,160,37
FRONTERA,2025-11-11,NA,63,45,196,191,64
FRONTERA,2025-11-12,NA,60,56,224,209,58
FRONTERA,2025-11-13,NA,62,41,221,206,45
FRONTERA,2025-11-14,NA,64,40,200,242,59
FRONTERA,2025-11-15,NA,72,41,203,257,58
FRONTERA,2025-11-16,NA,66,40,209,220,55
FRONTERA,2025-11-17,NA,51,27,157,192,50
FRONTERA,2025-11-18,NA,67,31,247,271,56
FRONTERA,2025-11-19,NA,56,42,238,242,57
FRONTERA,2025-11-20,NA,54,36,239,237,56
FRONTERA,2025-11-21,NA,45,34,230,246,61
FRONTERA,2025-11-22,NA,65,41,218,223,73
FRONTERA,2025-11-23,NA,56,29,217,233,67
FRONTERA,2025-11-24,NA,51,24,192,193,55
FRONTERA,2025-11-25,NA,61,29,196,203,58
FRONTERA,2025-11-26,NA,68,42,227,237,66
FRONTERA,2025-11-27,NA,62,40,274,241,60
FRONTERA,2025-11-28,NA,55,29,223,266,61
FRONTERA,2025-11-29,NA,61,32,208,268,48
FRONTERA,2025-11-30,NA,72,35,194,231,39
FRONTERA,2025-12-01,NA,56,25,179,182,32
FRONTERA,2025-12-02,NA,72,40,210,210,40
FRONTERA,2025-12-03,NA,71,59,224,210,44
FRONTERA,2025-12-04,NA,65,50,192,212,39
FRONTERA,2025-12-05,NA,55,41,176,196,47
FRONTERA,2025-12-06,NA,59,39,188,219,43
FRONTERA,2025-12-07,NA,62,41,191,187,40
FRONTERA,2025-12-08,NA,51,28,159,130,39
FRONTERA,2025-12-09,NA,59,36,211,184,66
FRONTERA,2025-12-10,NA,52,35,189,211,56
FRONTERA,2025-12-11,NA,43,25,150,194,56
FRONTERA,2025-12-12,NA,43,24,172,226,33
FRONTERA,2025-12-13,NA,65,21,172,199,31
FRONTERA,2025-12-14,NA,64,23,170,164,35
FRONTERA,2025-12-15,NA,47,21,165,131,36
FRONTERA,2025-12-16,NA,50,27,184,176,45
FRONTERA,2025-12-17,NA,50,24,166,185,34
FRONTERA,2025-12-18,NA,58,27,197,185,44
FRONTERA,2025-12-19,NA,51,24,190,176,40
FRONTERA,2025-12-20,NA,50,29,194,207,33
FRONTERA,2025-12-21,NA,51,26,172,189,44
FRONTERA,2025-12-22,NA,55,18,147,129,29
FRONTERA,2025-12-23,NA,68,25,195,161,46
FRONTERA,2025-12-24,NA,58,20,179,159,43
FRONTERA,2025-12-25,NA,36,18,133,115,33
FRONTERA,2025-12-26,NA,39,14,144,132,29
FRONTERA,2025-12-27,NA,56,27,196,224,34
FRONTERA,2025-12-28,NA,45,18,179,173,48
FRONTERA,2025-12-29,NA,43,18,149,137,40
FRONTERA,2025-12-30,NA,56,34,264,178,46
FRONTERA,2025-12-31,NA,47,26,210,191,43
FRONTERA,2026-01-01,NA,39,18,186,125,28
FRONTERA,2026-01-02,NA,42,24,178,119,31
FRONTERA,2026-01-03,NA,61,38,221,198,53
FRONTERA,2026-01-04,NA,61,25,200,195,47
FRONTERA,2026-01-05,NA,56,24,170,127,37
FRONTERA,2026-01-06,NA,58,25,209,192,58
FRONTERA,2026-01-07,NA,53,20,171,163,51
FRONTERA,2026-01-08,NA,61,31,219,199,50
FRONTERA,2026-01-09,NA,64,28,262,230,48
FRONTERA,2026-01-10,NA,74,34,294,272,62
FRONTERA,2026-01-11,NA,76,25,273,251,52
FRONTERA,2026-01-12,NA,66,30,195,158,34
FRONTERA,2026-01-13,NA,60,44,229,237,51
FRONTERA,2026-01-14,NA,60,43,237,260,55
FRONTERA,2026-01-15,NA,68,35,195,270,59
FRONTERA,2026-01-16,NA,77,33,221,246,55
FRONTERA,2026-01-17,NA,79,35,281,294,62
FRONTERA,2026-01-18,NA,81,31,221,287,50
FRONTERA,2026-01-19,NA,54,35,148,180,49
FRONTERA,2026-01-20,NA,58,32,195,255,51
FRONTERA,2026-01-21,NA,58,31,176,234,60
FRONTERA,2026-01-22,NA,56,32,185,241,58
FRONTERA,2026-01-23,NA,71,31,192,233,60
FRONTERA,2026-01-24,NA,68,29,216,268,52
FRONTERA,2026-01-25,NA,62,27,241,223,52
FRONTERA,2026-01-26,NA,51,26,178,175,41
FRONTERA,2026-01-27,NA,64,38,187,180,59
FRONTERA,2026-01-28,NA,56,33,175,196,42
FRONTERA,2026-01-29,NA,67,34,200,212,44
FRONTERA,2026-01-30,NA,96,25,198,228,46
FRONTERA,2026-01-31,NA,96,41,217,272,60
FRONTERA,2026-02-01,NA,96,41,210,218,51
FRONTERA,2026-02-02,NA,78,34,150,143,50
FRONTERA,2026-02-03,NA,93,28,173,171,52
FRONTERA,2026-02-04,NA,95,25,174,183,58
FRONTERA,2026-02-05,NA,71,23,196,191,63
FRONTERA,2026-02-06,NA,63,32,180,211,60
FRONTERA,2026-02-07,NA,66,37,192,220,60
FRONTERA,2026-02-08,NA,72,29,144,174,54
FRONTERA,2026-02-09,NA,51,19,142,109,51
FRONTERA,2026-02-10,NA,58,21,157,151,49
FRONTERA,2026-02-11,NA,59,20,176,162,49
FRONTERA,2026-02-12,NA,60,24,212,192,49
FRONTERA,2026-02-13,NA,73,35,211,241,54
FRONTERA,2026-02-14,NA,57,29,192,264,48
FRONTERA,2026-02-15,NA,49,29,187,209,40
FRONTERA,2026-02-16,NA,39,29,162,139,41
FRONTERA,2026-02-17,NA,59,30,193,211,50
FRONTERA,2026-02-18,NA,47,27,195,204,69
FRONTERA,2026-02-19,NA,36,24,180,223,71
FRONTERA,2026-02-20,NA,58,32,223,231,61
FRONTERA,2026-02-21,NA,61,19,224,239,55
FRONTERA,2026-02-22,NA,59,25,183,176,53
FRONTERA,2026-02-23,NA,49,19,185,145,39
FRONTERA,2026-02-24,NA,60,34,201,187,46
FRONTERA,2026-02-25,NA,55,29,175,173,44
FRONTERA,2026-02-26,NA,58,22,162,185,50
FRONTERA,2026-02-27,NA,73,29,201,218,65
FRONTERA,2026-02-28,NA,93,26,179,242,74
FRONTERA,2026-03-01,NA,89,31,202,178,58
FRONTERA,2026-03-02,NA,70,28,140,139,53
FRONTERA,2026-03-03,NA,72,24,196,199,58
FRONTERA,2026-03-04,NA,69,28,220,176,65
FRONTERA,2026-03-05,NA,55,29,226,193,62
FRONTERA,2026-03-06,NA,66,28,280,204,66
FRONTERA,2026-03-07,NA,71,34,274,228,62
FRONTERA,2026-03-08,NA,66,24,208,169,70
FRONTERA,2026-03-09,NA,47,16,165,104,57
FRONTERA,2026-03-10,NA,53,33,226,168,67
FRONTERA,2026-03-11,NA,62,37,251,226,71
FRONTERA,2026-03-12,NA,78,40,299,237,72
FRONTERA,2026-03-13,NA,65,38,279,283,48
FRONTERA,2026-03-14,NA,70,37,264,263,55
FRONTERA,2026-03-15,NA,61,37,245,215,57
FRONTERA,2026-03-16,NA,51,37,239,137,55
FRONTERA,2026-03-17,NA,66,47,321,177,59
FRONTERA,2026-03-18,NA,86,40,350,218,66
FRONTERA,2026-03-19,NA,78,50,247,239,60
FRONTERA,2026-03-20,NA,63,40,242,238,52
FRONTERA,2026-03-21,NA,68,34,238,262,64
FRONTERA,2026-03-22,NA,63,37,215,177,66
FRONTERA,2026-03-23,NA,55,25,151,123,51
FRONTERA,2026-03-24,NA,71,34,202,180,54
FRONTERA,2026-03-25,NA,54,37,209,175,57
FRONTERA,2026-03-26,NA,42,34,199,197,54
FRONTERA,2026-03-27,NA,46,31,185,228,51
FRONTERA,2026-03-28,NA,61,30,211,219,42
FRONTERA,2026-03-29,NA,68,32,209,218,43
FRONTERA,2026-03-30,NA,63,24,182,163,39
FRONTERA,2026-03-31,NA,78,33,237,215,61
FRONTERA,2026-04-01,NA,80,34,233,178,72
FRONTERA,2026-04-02,NA,95,44,256,284,65
FRONTERA,2026-04-03,NA,81,53,285,241,63
FRONTERA,2026-04-04,NA,62,49,230,218,73
FRONTERA,2026-04-05,NA,61,36,219,193,62
FRONTERA,2026-04-06,NA,54,30,241,137,57
FRONTERA,2026-04-07,NA,68,41,297,229,69
FRONTERA,2026-04-08,NA,75,57,297,274,64
FRONTERA,2026-04-09,NA,80,52,273,258,71
FRONTERA,2026-04-10,NA,82,45,235,215,81
FRONTERA,2026-04-11,NA,64,39,254,230,62
FRONTERA,2026-04-12,NA,66,27,185,212,41
FRONTERA,2026-04-13,NA,53,25,214,151,47
FRONTERA,2026-04-14,NA,47,32,268,209,61
FRONTERA,2026-04-15,NA,56,45,288,229,86
FRONTERA,2026-04-16,NA,60,52,285,200,73
FRONTERA,2026-04-17,NA,67,44,247,211,83
FRONTERA,2026-04-18,NA,77,52,298,251,69
FRONTERA,2026-04-19,NA,69,40,286,230,60
FRONTERA,2026-04-20,NA,64,46,223,158,56
FRONTERA,2026-04-21,NA,60,46,273,224,80
FRONTERA,2026-04-22,NA,49,39,256,225,79
FRONTERA,2026-04-23,NA,53,37,261,195,74
FRONTERA,2026-04-24,NA,64,36,246,234,54
FRONTERA,2026-04-25,NA,61,36,238,253,40
FRONTERA,2026-04-26,NA,52,33,221,205,46
FRONTERA,2026-04-27,NA,46,23,197,137,36
FRONTERA,2026-04-28,NA,47,43,183,155,50
FRONTERA,2026-04-29,NA,59,31,221,209,65
FRONTERA,2026-04-30,NA,57,24,203,198,68
FRONTERA,2026-05-01,NA,58,30,194,200,54
FRONTERA,2026-05-02,NA,70,41,241,239,58
FRONTERA,2026-05-03,NA,85,62,228,213,51
FRONTERA,2026-05-04,NA,76,31,152,126,48
FRONTERA,2026-05-05,NA,72,34,194,215,75
FRONTERA,2026-05-06,NA,75,45,219,224,75
FRONTERA,2026-05-07,NA,61,35,252,215,57
FRONTERA,2026-05-08,NA,51,38,183,175,43
FRONTERA,2026-05-09,NA,61,35,183,190,50
FRONTERA,2026-05-10,NA,48,26,212,156,43
FRONTERA,2026-05-11,NA,43,25,181,110,35
FRONTERA,2026-05-12,NA,49,33,248,151,56
FRONTERA,2026-05-13,NA,64,31,281,158,60
FRONTERA,2026-05-14,NA,58,34,236,203,63
FRONTERA,2026-05-15,NA,69,39,224,242,58
FRONTERA,2026-05-16,NA,76,41,262,290,54
FRONTERA,2026-05-17,NA,72,41,261,273,49
FRONTERA,2026-05-18,NA,73,35,285,164,50
FRONTERA,2026-05-19,NA,76,28,290,209,68
FRONTERA,2026-05-20,NA,84,35,321,224,76
FRONTERA,2026-05-21,NA,76,54,507,311,69
FRONTERA,2026-05-22,NA,71,46,445,310,56
FRONTERA,2026-05-23,NA,92,48,480,336,70
FRONTERA,2026-05-24,NA,90,53,357,295,56
FRONTERA,2026-05-25,NA,84,51,245,166,58
FRONTERA,2026-05-26,NA,68,46,323,269,62
FRONTERA,2026-05-27,NA,63,51,298,233,75
FRONTERA,2026-05-28,NA,86,55,336,230,81
FRONTERA,2026-05-29,NA,98,58,317,262,80
FRONTERA,2026-05-30,NA,133,67,345,278,88
FRONTERA,2026-05-31,NA,130,66,304,208,77
FRONTERA,2026-06-01,NA,102,58,249,132,65
FRONTERA,2026-06-02,NA,101,63,306,235,76
FRONTERA,2026-06-03,NA,93,58,282,298,78
FRONTERA,2026-06-04,NA,96,58,307,362,71
FRONTERA,2026-06-05,NA,91,64,303,374,85
FRONTERA,2026-06-06,NA,101,63,305,376,89
FRONTERA,2026-06-07,NA,94,52,301,312,80
FRONTERA,2026-06-08,NA,80,51,258,179,74
FRONTERA,2026-06-09,NA,87,53,297,224,91
FRONTERA,2026-06-10,NA,68,45,301,210,82
FRONTERA,2026-06-11,NA,60,45,296,227,63
FRONTERA,2026-06-12,NA,68,43,313,227,60
FRONTERA,2026-06-13,NA,78,47,264,233,70
FRONTERA,2026-06-14,NA,71,46,272,207,55
FRONTERA,2026-06-15,NA,57,46,301,135,43
FRONTERA,2026-06-16,NA,70,83,349,222,60
FRONTERA,2026-06-17,NA,78,82,467,231,61
FRONTERA,2026-06-18,NA,81,80,440,280,69
FRONTERA,2026-06-19,NA,80,72,516,263,74
FRONTERA,2026-06-20,NA,85,79,518,268,68
FRONTERA,2026-06-21,NA,87,81,448,235,72
FRONTERA,2026-06-22,NA,88,73,361,154,58
FRONTERA,2026-06-23,NA,86,70,417,221,64
FRONTERA,2026-06-24,NA,84,79,464,202,74
FRONTERA,2026-06-25,NA,73,65,354,223,62
FRONTERA,2026-06-26,NA,84,55,334,226,62
FRONTERA,2026-06-27,NA,74,50,299,244,75
FRONTERA,2026-06-28,NA,72,29,246,244,88
FRONTERA,2026-06-29,NA,72,25,202,158,78
FRONTERA,2026-06-30,NA,85,40,308,240,100
FRONTERA,2026-07-01,NA,83,39,331,216,102
FRONTERA,2026-07-02,NA,80,46,296,223,105
FRONTERA,2026-07-03,NA,89,39,282,249,99
FRONTERA,2026-07-04,NA,89,43,295,224,80
FRONTERA,2026-07-05,NA,81,36,240,177,82
FRONTERA,2026-07-06,NA,67,31,218,119,61
FRONTERA,2026-07-07,NA,65,34,251,145,65
FRONTERA,2026-07-08,NA,69,28,236,180,65
FRONTERA,2026-07-09,NA,69,31,253,208,66
FRONTERA,2026-07-10,NA,82,54,264,200,72
FRONTERA,2026-07-11,NA,85,44,284,221,83
FRONTERA,2026-07-12,NA,68,25,263,181,78
FRONTERA,2026-07-13,NA,65,21,189,114,66
FRONTERA,2026-07-14,NA,62,42,269,163,76
FRONTERA,2026-07-15,NA,65,43,285,198,81
FRONTERA,2026-07-16,NA,61,40,292,206,89
FRONTERA,2026-07-17,NA,65,40,287,278,77
FRONTERA,2026-07-18,NA,73,38,283,254,68
FRONTERA,2026-07-19,NA,75,26,224,215,63
FRONTERA,2026-07-20,NA,66,28,212,124,58
FRONTERA,2026-07-21,NA,71,24,289,169,55
FRONTERA,2026-07-22,NA,56,31,298,170,66
FRONTERA,2026-07-23,NA,61,18,247,184,51
FRONTERA,2026-07-24,NA,66,28,246,190,41
FRONTERA,2026-07-25,NA,81,28,272,217,46
FRONTERA,2026-07-26,NA,88,19,231,197,43
FRONTERA,2026-07-27,NA,75,19,183,141,33
FRONTERA,2026-07-28,NA,73,26,217,202,46
FRONTERA,2026-07-29,NA,57,32,224,201,58
FRONTERA,2026-07-30,NA,88,34,256,211,63
FRONTERA,2026-07-31,NA,92,40,305,230,52
FRONTERA,2026-08-01,4,91,46,266,192,57
FRONTERA,2026-08-02,1,90,34,251,187,59
FRONTERA,2026-08-03,1,61,25,226,120,43
FRONTERA,2026-08-04,7,85,38,337,193,55
FRONTERA,2026-08-05,7,96,33,367,213,59
FRONTERA,2026-08-06,7,82,27,328,246,64
FRONTERA,2026-08-07,7,78,26,306,241,72
FRONTERA,2026-08-08,8,84,29,260,236,77
FRONTERA,2026-08-09,4,83,29,252,171,73
FRONTERA,2026-08-10,3,68,23,195,125,56
FRONTERA,2026-08-11,5,80,22,221,126,53
FRONTERA,2026-08-12,3,86,38,276,193,62
FRONTERA,2026-08-13,5,70,32,263,184,55
FRONTERA,2026-08-14,8,78,30,303,186,58
FRONTERA,2026-08-15,10,87,33,350,237,60
FRONTERA,2026-08-16,7,73,26,275,217,60
FRONTERA,2026-08-17,9,71,32,232,153,46
FRONTERA,2026-08-18,15,83,45,297,225,70
FRONTERA,2026-08-19,10,67,44,273,222,82
FRONTERA,2026-08-20,4,58,28,261,236,65
FRONTERA,2026-08-21,5,56,31,261,255,71
FRONTERA,2026-08-22,6,80,37,252,300,62
FRONTERA,2026-08-23,4,71,23,191,222,51
FRONTERA,2026-08-24,2,63,16,171,149,46
NORESTE 1,2025-08-24,NA,88,59,575,335,119
NORESTE 1,2025-08-25,NA,76,48,456,253,102
NORESTE 1,2025-08-26,NA,90,51,537,314,104
NORESTE 1,2025-08-27,NA,107,65,540,316,130
NORESTE 1,2025-08-28,NA,108,59,494,364,93
NORESTE 1,2025-08-29,NA,102,53,491,344,91
NORESTE 1,2025-08-30,NA,119,55,484,353,81
NORESTE 1,2025-08-31,NA,107,51,445,306,71
NORESTE 1,2025-09-01,NA,83,44,353,221,55
NORESTE 1,2025-09-02,NA,91,49,430,315,77
NORESTE 1,2025-09-03,NA,90,54,514,318,99
NORESTE 1,2025-09-04,NA,103,51,526,333,107
NORESTE 1,2025-09-05,NA,102,58,491,341,90
NORESTE 1,2025-09-06,NA,101,41,408,351,101
NORESTE 1,2025-09-07,NA,76,29,346,305,94
NORESTE 1,2025-09-08,NA,63,21,331,197,48
NORESTE 1,2025-09-09,NA,58,32,593,313,73
NORESTE 1,2025-09-10,NA,86,45,593,384,71
NORESTE 1,2025-09-11,NA,81,46,653,396,83
NORESTE 1,2025-09-12,NA,90,45,657,382,86
NORESTE 1,2025-09-13,NA,90,41,599,408,72
NORESTE 1,2025-09-14,NA,88,35,542,347,58
NORESTE 1,2025-09-15,NA,83,32,411,283,53
NORESTE 1,2025-09-16,NA,68,35,500,329,72
NORESTE 1,2025-09-17,NA,74,37,491,289,59
NORESTE 1,2025-09-18,NA,68,33,523,310,70
NORESTE 1,2025-09-19,NA,67,28,512,282,91
NORESTE 1,2025-09-20,NA,64,36,475,306,96
NORESTE 1,2025-09-21,NA,62,33,429,246,88
NORESTE 1,2025-09-22,NA,54,17,325,150,54
NORESTE 1,2025-09-23,NA,61,30,361,196,79
NORESTE 1,2025-09-24,NA,57,36,340,215,80
NORESTE 1,2025-09-25,NA,55,46,302,221,75
NORESTE 1,2025-09-26,NA,68,39,313,247,86
NORESTE 1,2025-09-27,NA,70,35,352,263,90
NORESTE 1,2025-09-28,NA,71,28,326,195,78
NORESTE 1,2025-09-29,NA,54,25,271,153,47
NORESTE 1,2025-09-30,NA,59,33,285,183,67
NORESTE 1,2025-10-01,NA,69,31,304,178,84
NORESTE 1,2025-10-02,NA,69,37,322,195,74
NORESTE 1,2025-10-03,NA,65,34,310,182,68
NORESTE 1,2025-10-04,NA,65,23,291,211,91
NORESTE 1,2025-10-05,NA,55,19,240,144,62
NORESTE 1,2025-10-06,NA,43,12,186,132,41
NORESTE 1,2025-10-07,NA,60,34,294,203,80
NORESTE 1,2025-10-08,NA,54,35,308,252,93
NORESTE 1,2025-10-09,NA,56,34,396,260,103
NORESTE 1,2025-10-10,NA,50,38,361,304,104
NORESTE 1,2025-10-11,NA,58,39,383,313,106
NORESTE 1,2025-10-12,NA,57,39,417,254,92
NORESTE 1,2025-10-13,NA,57,38,311,184,49
NORESTE 1,2025-10-14,NA,76,36,351,214,99
NORESTE 1,2025-10-15,NA,60,43,368,251,96
NORESTE 1,2025-10-16,NA,61,40,411,246,101
NORESTE 1,2025-10-17,NA,68,33,346,305,95
NORESTE 1,2025-10-18,NA,62,35,388,298,107
NORESTE 1,2025-10-19,NA,58,31,314,223,109
NORESTE 1,2025-10-20,NA,47,27,257,143,76
NORESTE 1,2025-10-21,NA,47,29,304,214,87
NORESTE 1,2025-10-22,NA,62,36,373,233,112
NORESTE 1,2025-10-23,NA,51,35,359,266,111
NORESTE 1,2025-10-24,NA,48,41,384,248,98
NORESTE 1,2025-10-25,NA,51,30,324,268,92
NORESTE 1,2025-10-26,NA,51,35,275,198,64
NORESTE 1,2025-10-27,NA,47,23,222,155,41
NORESTE 1,2025-10-28,NA,56,30,296,186,91
NORESTE 1,2025-10-29,NA,71,27,344,223,99
NORESTE 1,2025-10-30,NA,70,38,388,258,70
NORESTE 1,2025-10-31,NA,72,44,316,287,69
NORESTE 1,2025-11-01,NA,68,39,295,201,61
NORESTE 1,2025-11-02,NA,74,35,280,207,54
NORESTE 1,2025-11-03,NA,58,27,232,144,32
NORESTE 1,2025-11-04,NA,47,36,231,172,44
NORESTE 1,2025-11-05,NA,57,34,258,186,55
NORESTE 1,2025-11-06,NA,61,36,247,240,73
NORESTE 1,2025-11-07,NA,65,41,307,287,67
NORESTE 1,2025-11-08,NA,67,38,341,330,69
NORESTE 1,2025-11-09,NA,53,36,242,258,54
NORESTE 1,2025-11-10,NA,43,25,227,150,40
NORESTE 1,2025-11-11,NA,48,31,272,248,63
NORESTE 1,2025-11-12,NA,53,50,303,280,74
NORESTE 1,2025-11-13,NA,59,48,307,322,86
NORESTE 1,2025-11-14,NA,56,43,272,343,85
NORESTE 1,2025-11-15,NA,69,61,332,381,93
NORESTE 1,2025-11-16,NA,59,43,283,332,80
NORESTE 1,2025-11-17,NA,47,34,224,217,47
NORESTE 1,2025-11-18,NA,64,41,260,274,60
NORESTE 1,2025-11-19,NA,70,48,326,307,79
NORESTE 1,2025-11-20,NA,70,46,315,280,85
NORESTE 1,2025-11-21,NA,70,33,278,344,97
NORESTE 1,2025-11-22,NA,63,40,343,327,134
NORESTE 1,2025-11-23,NA,56,46,263,242,104
NORESTE 1,2025-11-24,NA,59,31,205,159,74
NORESTE 1,2025-11-25,NA,57,48,264,199,75
NORESTE 1,2025-11-26,NA,64,42,283,266,88
NORESTE 1,2025-11-27,NA,75,52,391,282,103
NORESTE 1,2025-11-28,NA,81,34,390,325,108
NORESTE 1,2025-11-29,NA,102,43,391,326,106
NORESTE 1,2025-11-30,NA,74,43,389,270,78
NORESTE 1,2025-12-01,NA,58,39,302,186,52
NORESTE 1,2025-12-02,NA,63,57,355,275,82
NORESTE 1,2025-12-03,NA,55,66,348,260,93
NORESTE 1,2025-12-04,NA,65,69,326,263,83
NORESTE 1,2025-12-05,NA,62,51,274,267,93
NORESTE 1,2025-12-06,NA,65,49,311,311,79
NORESTE 1,2025-12-07,NA,54,40,341,284,63
NORESTE 1,2025-12-08,NA,49,34,291,235,48
NORESTE 1,2025-12-09,NA,57,46,329,258,79
NORESTE 1,2025-12-10,NA,51,59,263,267,82
NORESTE 1,2025-12-11,NA,68,45,299,293,80
NORESTE 1,2025-12-12,NA,56,47,342,317,85
NORESTE 1,2025-12-13,NA,67,53,296,319,77
NORESTE 1,2025-12-14,NA,72,37,289,285,52
NORESTE 1,2025-12-15,NA,52,31,250,240,28
NORESTE 1,2025-12-16,NA,53,42,318,313,74
NORESTE 1,2025-12-17,NA,66,52,342,335,90
NORESTE 1,2025-12-18,NA,75,57,312,328,99
NORESTE 1,2025-12-19,NA,75,55,376,320,90
NORESTE 1,2025-12-20,NA,95,67,345,319,80
NORESTE 1,2025-12-21,NA,79,47,320,254,91
NORESTE 1,2025-12-22,NA,65,39,249,195,59
NORESTE 1,2025-12-23,NA,63,41,253,234,101
NORESTE 1,2025-12-24,NA,58,29,238,220,72
NORESTE 1,2025-12-25,NA,45,12,185,131,51
NORESTE 1,2025-12-26,NA,48,15,227,146,45
NORESTE 1,2025-12-27,NA,56,36,257,225,57
NORESTE 1,2025-12-28,NA,49,35,243,213,46
NORESTE 1,2025-12-29,NA,37,28,202,157,33
NORESTE 1,2025-12-30,NA,48,36,288,197,70
NORESTE 1,2025-12-31,NA,38,30,272,206,57
NORESTE 1,2026-01-01,NA,33,22,194,116,49
NORESTE 1,2026-01-02,NA,53,18,238,131,44
NORESTE 1,2026-01-03,NA,55,25,273,237,68
NORESTE 1,2026-01-04,NA,50,33,256,258,70
NORESTE 1,2026-01-05,NA,46,28,205,187,54
NORESTE 1,2026-01-06,NA,51,44,290,270,86
NORESTE 1,2026-01-07,NA,60,48,344,363,99
NORESTE 1,2026-01-08,NA,73,66,353,373,100
NORESTE 1,2026-01-09,NA,86,66,346,421,104
NORESTE 1,2026-01-10,NA,83,67,342,442,127
NORESTE 1,2026-01-11,NA,72,72,372,356,86
NORESTE 1,2026-01-12,NA,67,61,301,317,52
NORESTE 1,2026-01-13,NA,61,77,336,346,75
NORESTE 1,2026-01-14,NA,63,63,334,358,87
NORESTE 1,2026-01-15,NA,69,84,345,370,94
NORESTE 1,2026-01-16,NA,72,75,335,452,101
NORESTE 1,2026-01-17,NA,77,71,366,458,106
NORESTE 1,2026-01-18,NA,71,72,306,401,88
NORESTE 1,2026-01-19,NA,54,59,259,262,72
NORESTE 1,2026-01-20,NA,71,60,286,317,93
NORESTE 1,2026-01-21,NA,76,58,270,335,96
NORESTE 1,2026-01-22,NA,75,60,353,308,93
NORESTE 1,2026-01-23,NA,81,66,351,318,95
NORESTE 1,2026-01-24,NA,80,56,295,413,110
NORESTE 1,2026-01-25,NA,67,36,312,305,106
NORESTE 1,2026-01-26,NA,45,31,314,235,68
NORESTE 1,2026-01-27,NA,69,39,294,310,68
NORESTE 1,2026-01-28,NA,63,58,285,292,92
NORESTE 1,2026-01-29,NA,71,54,292,316,91
NORESTE 1,2026-01-30,NA,83,47,320,322,94
NORESTE 1,2026-01-31,NA,102,45,308,320,78
NORESTE 1,2026-02-01,NA,92,58,268,249,68
NORESTE 1,2026-02-02,NA,67,33,204,231,45
NORESTE 1,2026-02-03,NA,62,37,241,228,57
NORESTE 1,2026-02-04,NA,66,47,278,277,91
NORESTE 1,2026-02-05,NA,67,53,273,261,108
NORESTE 1,2026-02-06,NA,61,48,237,313,92
NORESTE 1,2026-02-07,NA,62,52,245,345,80
NORESTE 1,2026-02-08,NA,54,48,222,290,69
NORESTE 1,2026-02-09,NA,55,34,186,183,36
NORESTE 1,2026-02-10,NA,58,35,232,287,56
NORESTE 1,2026-02-11,NA,68,45,272,305,87
NORESTE 1,2026-02-12,NA,73,50,311,347,82
NORESTE 1,2026-02-13,NA,68,54,335,377,65
NORESTE 1,2026-02-14,NA,84,47,328,396,81
NORESTE 1,2026-02-15,NA,58,54,323,349,56
NORESTE 1,2026-02-16,NA,53,49,258,254,45
NORESTE 1,2026-02-17,NA,55,49,293,329,54
NORESTE 1,2026-02-18,NA,58,41,307,316,68
NORESTE 1,2026-02-19,NA,70,44,299,336,68
NORESTE 1,2026-02-20,NA,60,47,350,371,82
NORESTE 1,2026-02-21,NA,61,44,331,335,83
NORESTE 1,2026-02-22,NA,61,36,293,289,90
NORESTE 1,2026-02-23,NA,48,37,250,191,48
NORESTE 1,2026-02-24,NA,44,36,290,274,88
NORESTE 1,2026-02-25,NA,50,30,278,270,96
NORESTE 1,2026-02-26,NA,68,38,299,302,81
NORESTE 1,2026-02-27,NA,74,48,353,338,97
NORESTE 1,2026-02-28,NA,95,40,291,333,80
NORESTE 1,2026-03-01,NA,79,32,324,225,71
NORESTE 1,2026-03-02,NA,76,24,264,168,55
NORESTE 1,2026-03-03,NA,68,41,305,218,65
NORESTE 1,2026-03-04,NA,56,36,321,271,90
NORESTE 1,2026-03-05,NA,55,39,316,269,94
NORESTE 1,2026-03-06,NA,71,52,321,322,80
NORESTE 1,2026-03-07,NA,76,48,286,351,87
NORESTE 1,2026-03-08,NA,77,43,268,287,74
NORESTE 1,2026-03-09,NA,52,22,197,195,38
NORESTE 1,2026-03-10,NA,55,41,302,301,71
NORESTE 1,2026-03-11,NA,70,44,356,294,96
NORESTE 1,2026-03-12,NA,68,42,381,278,84
NORESTE 1,2026-03-13,NA,65,49,378,347,87
NORESTE 1,2026-03-14,NA,71,44,371,454,82
NORESTE 1,2026-03-15,NA,70,45,350,378,60
NORESTE 1,2026-03-16,NA,61,55,233,239,36
NORESTE 1,2026-03-17,NA,61,54,313,283,50
NORESTE 1,2026-03-18,NA,70,52,376,324,74
NORESTE 1,2026-03-19,NA,64,70,374,358,96
NORESTE 1,2026-03-20,NA,74,62,373,359,119
NORESTE 1,2026-03-21,NA,69,55,326,367,113
NORESTE 1,2026-03-22,NA,51,43,280,328,84
NORESTE 1,2026-03-23,NA,36,29,196,188,43
NORESTE 1,2026-03-24,NA,51,43,283,264,59
NORESTE 1,2026-03-25,NA,62,43,278,255,60
NORESTE 1,2026-03-26,NA,73,28,279,254,69
NORESTE 1,2026-03-27,NA,80,35,275,330,74
NORESTE 1,2026-03-28,NA,77,42,340,388,74
NORESTE 1,2026-03-29,NA,71,42,311,359,81
NORESTE 1,2026-03-30,NA,53,30,246,218,53
NORESTE 1,2026-03-31,NA,64,37,313,258,72
NORESTE 1,2026-04-01,NA,76,37,275,245,85
NORESTE 1,2026-04-02,NA,71,47,278,308,95
NORESTE 1,2026-04-03,NA,75,29,292,316,82
NORESTE 1,2026-04-04,NA,52,26,271,272,65
NORESTE 1,2026-04-05,NA,58,28,331,340,61
NORESTE 1,2026-04-06,NA,56,31,465,316,46
NORESTE 1,2026-04-07,NA,72,56,543,488,74
NORESTE 1,2026-04-08,NA,87,75,439,601,99
NORESTE 1,2026-04-09,NA,90,104,446,572,120
NORESTE 1,2026-04-10,NA,108,102,454,560,134
NORESTE 1,2026-04-11,NA,118,96,475,575,151
NORESTE 1,2026-04-12,NA,104,108,497,575,116
NORESTE 1,2026-04-13,NA,101,94,470,411,102
NORESTE 1,2026-04-14,NA,111,91,526,503,124
NORESTE 1,2026-04-15,NA,122,109,494,475,160
NORESTE 1,2026-04-16,NA,111,105,449,526,136
NORESTE 1,2026-04-17,NA,120,103,458,513,117
NORESTE 1,2026-04-18,NA,106,123,543,514,143
NORESTE 1,2026-04-19,NA,107,122,494,378,140
NORESTE 1,2026-04-20,NA,89,114,382,269,91
NORESTE 1,2026-04-21,NA,83,103,479,316,121
NORESTE 1,2026-04-22,NA,74,87,539,342,140
NORESTE 1,2026-04-23,NA,75,78,525,354,148
NORESTE 1,2026-04-24,NA,77,68,493,371,149
NORESTE 1,2026-04-25,NA,78,84,502,361,123
NORESTE 1,2026-04-26,NA,75,86,457,292,98
NORESTE 1,2026-04-27,NA,64,52,386,202,81
NORESTE 1,2026-04-28,NA,74,40,425,262,91
NORESTE 1,2026-04-29,NA,85,48,468,284,112
NORESTE 1,2026-04-30,NA,92,59,400,292,97
NORESTE 1,2026-05-01,NA,95,38,375,283,79
NORESTE 1,2026-05-02,NA,91,46,427,356,67
NORESTE 1,2026-05-03,NA,97,53,430,283,66
NORESTE 1,2026-05-04,NA,79,47,327,205,52
NORESTE 1,2026-05-05,NA,82,57,370,285,84
NORESTE 1,2026-05-06,NA,81,72,365,371,95
NORESTE 1,2026-05-07,NA,80,56,430,350,108
NORESTE 1,2026-05-08,NA,86,67,464,364,108
NORESTE 1,2026-05-09,NA,91,62,514,475,109
NORESTE 1,2026-05-10,NA,84,80,457,395,108
NORESTE 1,2026-05-11,NA,73,67,357,242,84
NORESTE 1,2026-05-12,NA,72,90,425,346,93
NORESTE 1,2026-05-13,NA,76,81,415,387,97
NORESTE 1,2026-05-14,NA,73,75,471,404,104
NORESTE 1,2026-05-15,NA,77,90,437,457,112
NORESTE 1,2026-05-16,NA,100,73,447,490,130
NORESTE 1,2026-05-17,NA,104,69,435,378,131
NORESTE 1,2026-05-18,NA,90,56,425,269,102
NORESTE 1,2026-05-19,NA,80,60,429,354,132
NORESTE 1,2026-05-20,NA,80,63,455,355,141
NORESTE 1,2026-05-21,NA,77,66,452,375,138
NORESTE 1,2026-05-22,NA,72,58,472,413,128
NORESTE 1,2026-05-23,NA,64,56,566,425,127
NORESTE 1,2026-05-24,NA,62,51,546,365,111
NORESTE 1,2026-05-25,NA,58,50,388,261,81
NORESTE 1,2026-05-26,NA,61,43,440,307,96
NORESTE 1,2026-05-27,NA,79,41,426,346,130
NORESTE 1,2026-05-28,NA,87,40,425,356,122
NORESTE 1,2026-05-29,NA,94,45,450,378,113
NORESTE 1,2026-05-30,NA,103,50,398,429,116
NORESTE 1,2026-05-31,NA,98,52,408,393,110
NORESTE 1,2026-06-01,NA,68,37,357,256,91
NORESTE 1,2026-06-02,NA,79,60,407,304,103
NORESTE 1,2026-06-03,NA,89,66,464,323,127
NORESTE 1,2026-06-04,NA,91,75,531,382,128
NORESTE 1,2026-06-05,NA,102,72,536,440,146
NORESTE 1,2026-06-06,NA,98,82,584,476,125
NORESTE 1,2026-06-07,NA,76,71,479,398,111
NORESTE 1,2026-06-08,NA,67,69,413,303,78
NORESTE 1,2026-06-09,NA,92,71,492,430,94
NORESTE 1,2026-06-10,NA,80,70,535,426,98
NORESTE 1,2026-06-11,NA,84,93,536,480,109
NORESTE 1,2026-06-12,NA,100,122,572,416,112
NORESTE 1,2026-06-13,NA,107,119,521,477,142
NORESTE 1,2026-06-14,NA,109,110,487,419,146
NORESTE 1,2026-06-15,NA,98,93,429,276,105
NORESTE 1,2026-06-16,NA,96,97,604,374,129
NORESTE 1,2026-06-17,NA,104,118,784,398,140
NORESTE 1,2026-06-18,NA,104,121,803,420,140
NORESTE 1,2026-06-19,NA,93,121,1014,465,145
NORESTE 1,2026-06-20,NA,99,131,1177,503,162
NORESTE 1,2026-06-21,NA,115,156,1038,624,174
NORESTE 1,2026-06-22,NA,134,165,990,585,157
NORESTE 1,2026-06-23,NA,162,187,1153,787,183
NORESTE 1,2026-06-24,NA,197,214,1096,973,199
NORESTE 1,2026-06-25,NA,222,229,920,969,218
NORESTE 1,2026-06-26,NA,216,253,821,1037,239
NORESTE 1,2026-06-27,NA,212,252,602,1077,276
NORESTE 1,2026-06-28,NA,204,249,533,942,285
NORESTE 1,2026-06-29,NA,207,233,417,829,270
NORESTE 1,2026-06-30,NA,222,235,547,992,273
NORESTE 1,2026-07-01,NA,223,223,639,902,255
NORESTE 1,2026-07-02,NA,218,211,784,937,252
NORESTE 1,2026-07-03,NA,210,198,723,881,248
NORESTE 1,2026-07-04,NA,214,200,631,943,222
NORESTE 1,2026-07-05,NA,208,152,539,830,203
NORESTE 1,2026-07-06,NA,206,135,421,625,169
NORESTE 1,2026-07-07,NA,167,124,589,688,175
NORESTE 1,2026-07-08,NA,151,129,653,650,188
NORESTE 1,2026-07-09,NA,143,117,660,626,191
NORESTE 1,2026-07-10,NA,142,108,680,624,179
NORESTE 1,2026-07-11,NA,142,119,627,647,188
NORESTE 1,2026-07-12,NA,133,97,556,492,183
NORESTE 1,2026-07-13,NA,109,93,392,372,131
NORESTE 1,2026-07-14,NA,106,91,477,451,142
NORESTE 1,2026-07-15,NA,123,99,533,473,170
NORESTE 1,2026-07-16,NA,118,89,497,563,146
NORESTE 1,2026-07-17,NA,116,103,506,617,163
NORESTE 1,2026-07-18,NA,122,112,554,577,168
NORESTE 1,2026-07-19,NA,115,81,519,525,145
NORESTE 1,2026-07-20,NA,114,73,421,358,113
NORESTE 1,2026-07-21,NA,108,63,460,387,131
NORESTE 1,2026-07-22,NA,98,76,479,397,130
NORESTE 1,2026-07-23,NA,81,66,458,390,114
NORESTE 1,2026-07-24,NA,96,58,517,387,113
NORESTE 1,2026-07-25,NA,91,52,495,421,116
NORESTE 1,2026-07-26,NA,86,51,425,325,95
NORESTE 1,2026-07-27,NA,73,39,320,252,45
NORESTE 1,2026-07-28,NA,91,47,353,339,85
NORESTE 1,2026-07-29,NA,105,50,355,372,87
NORESTE 1,2026-07-30,NA,104,44,387,363,77
NORESTE 1,2026-07-31,NA,95,46,410,398,75
NORESTE 1,2026-08-01,11,97,46,400,348,89
NORESTE 1,2026-08-02,12,85,45,403,295,81
NORESTE 1,2026-08-03,8,80,32,440,248,44
NORESTE 1,2026-08-04,9,104,65,569,368,87
NORESTE 1,2026-08-05,14,129,90,684,361,91
NORESTE 1,2026-08-06,21,134,111,720,390,113
NORESTE 1,2026-08-07,26,145,129,680,454,113
NORESTE 1,2026-08-08,21,148,115,602,502,127
NORESTE 1,2026-08-09,29,147,110,621,434,105
NORESTE 1,2026-08-10,26,142,91,550,360,91
NORESTE 1,2026-08-11,33,147,102,636,388,116
NORESTE 1,2026-08-12,29,137,71,633,465,130
NORESTE 1,2026-08-13,35,136,97,612,461,142
NORESTE 1,2026-08-14,34,131,98,583,472,147
NORESTE 1,2026-08-15,32,110,84,469,528,166
NORESTE 1,2026-08-16,22,107,81,459,435,142
NORESTE 1,2026-08-17,19,97,64,402,323,81
NORESTE 1,2026-08-18,18,126,69,482,418,107
NORESTE 1,2026-08-19,18,124,71,511,429,109
NORESTE 1,2026-08-20,20,97,69,529,425,107
NORESTE 1,2026-08-21,18,89,57,440,453,103
NORESTE 1,2026-08-22,21,107,58,460,420,108
NORESTE 1,2026-08-23,9,98,53,432,340,97
NORESTE 1,2026-08-24,7,78,48,374,256,66
NORESTE 2,2025-08-24,NA,85,41,285,192,87
NORESTE 2,2025-08-25,NA,83,42,253,149,73
NORESTE 2,2025-08-26,NA,87,44,370,190,88
NORESTE 2,2025-08-27,NA,101,45,389,179,100
NORESTE 2,2025-08-28,NA,107,63,324,212,101
NORESTE 2,2025-08-29,NA,105,53,301,237,94
NORESTE 2,2025-08-30,NA,123,59,324,253,99
NORESTE 2,2025-08-31,NA,128,52,316,191,74
NORESTE 2,2025-09-01,NA,93,42,270,160,58
NORESTE 2,2025-09-02,NA,103,43,337,177,78
NORESTE 2,2025-09-03,NA,85,58,385,226,112
NORESTE 2,2025-09-04,NA,105,60,372,214,114
NORESTE 2,2025-09-05,NA,101,58,358,229,106
NORESTE 2,2025-09-06,NA,99,56,323,232,93
NORESTE 2,2025-09-07,NA,97,42,301,215,90
NORESTE 2,2025-09-08,NA,79,35,274,173,81
NORESTE 2,2025-09-09,NA,72,34,390,203,91
NORESTE 2,2025-09-10,NA,80,51,446,262,109
NORESTE 2,2025-09-11,NA,81,38,353,247,121
NORESTE 2,2025-09-12,NA,87,52,359,291,128
NORESTE 2,2025-09-13,NA,100,38,294,294,111
NORESTE 2,2025-09-14,NA,97,39,287,237,98
NORESTE 2,2025-09-15,NA,74,28,233,200,64
NORESTE 2,2025-09-16,NA,69,29,286,215,53
NORESTE 2,2025-09-17,NA,70,24,251,225,64
NORESTE 2,2025-09-18,NA,85,35,318,208,101
NORESTE 2,2025-09-19,NA,89,47,305,227,114
NORESTE 2,2025-09-20,NA,85,36,327,223,83
NORESTE 2,2025-09-21,NA,81,39,292,173,81
NORESTE 2,2025-09-22,NA,63,31,242,108,50
NORESTE 2,2025-09-23,NA,59,42,251,151,84
NORESTE 2,2025-09-24,NA,63,43,253,186,86
NORESTE 2,2025-09-25,NA,58,44,236,174,68
NORESTE 2,2025-09-26,NA,64,48,228,187,62
NORESTE 2,2025-09-27,NA,77,41,265,208,79
NORESTE 2,2025-09-28,NA,77,41,236,142,62
NORESTE 2,2025-09-29,NA,63,27,199,85,34
NORESTE 2,2025-09-30,NA,63,44,266,163,56
NORESTE 2,2025-10-01,NA,80,43,260,132,68
NORESTE 2,2025-10-02,NA,69,57,289,153,90
NORESTE 2,2025-10-03,NA,78,58,259,157,87
NORESTE 2,2025-10-04,NA,85,43,235,181,71
NORESTE 2,2025-10-05,NA,68,34,220,136,86
NORESTE 2,2025-10-06,NA,52,23,194,90,60
NORESTE 2,2025-10-07,NA,60,32,224,136,83
NORESTE 2,2025-10-08,NA,68,38,246,143,73
NORESTE 2,2025-10-09,NA,67,47,319,175,82
NORESTE 2,2025-10-10,NA,73,53,302,192,87
NORESTE 2,2025-10-11,NA,84,60,337,208,83
NORESTE 2,2025-10-12,NA,70,60,307,148,59
NORESTE 2,2025-10-13,NA,51,49,265,135,47
NORESTE 2,2025-10-14,NA,72,47,302,184,73
NORESTE 2,2025-10-15,NA,71,47,315,199,90
NORESTE 2,2025-10-16,NA,79,55,329,234,94
NORESTE 2,2025-10-17,NA,78,56,289,267,87
NORESTE 2,2025-10-18,NA,69,58,249,236,82
NORESTE 2,2025-10-19,NA,73,46,262,192,77
NORESTE 2,2025-10-20,NA,68,33,225,174,57
NORESTE 2,2025-10-21,NA,75,32,254,190,80
NORESTE 2,2025-10-22,NA,61,32,262,182,80
NORESTE 2,2025-10-23,NA,59,34,296,193,79
NORESTE 2,2025-10-24,NA,74,38,322,215,78
NORESTE 2,2025-10-25,NA,70,36,274,210,82
NORESTE 2,2025-10-26,NA,62,32,244,190,78
NORESTE 2,2025-10-27,NA,50,24,227,124,54
NORESTE 2,2025-10-28,NA,70,46,227,147,69
NORESTE 2,2025-10-29,NA,86,46,243,158,98
NORESTE 2,2025-10-30,NA,82,41,267,177,68
NORESTE 2,2025-10-31,NA,93,48,275,175,74
NORESTE 2,2025-11-01,NA,76,41,234,166,72
NORESTE 2,2025-11-02,NA,66,44,253,140,73
NORESTE 2,2025-11-03,NA,58,24,187,102,49
NORESTE 2,2025-11-04,NA,59,48,244,145,92
NORESTE 2,2025-11-05,NA,60,44,258,167,98
NORESTE 2,2025-11-06,NA,72,58,240,209,84
NORESTE 2,2025-11-07,NA,66,50,236,231,86
NORESTE 2,2025-11-08,NA,68,55,271,237,79
NORESTE 2,2025-11-09,NA,54,42,204,181,53
NORESTE 2,2025-11-10,NA,38,34,223,143,39
NORESTE 2,2025-11-11,NA,55,41,263,190,67
NORESTE 2,2025-11-12,NA,52,34,235,202,75
NORESTE 2,2025-11-13,NA,60,49,251,221,70
NORESTE 2,2025-11-14,NA,56,41,244,208,77
NORESTE 2,2025-11-15,NA,68,46,261,279,67
NORESTE 2,2025-11-16,NA,67,40,248,196,61
NORESTE 2,2025-11-17,NA,48,33,181,155,44
NORESTE 2,2025-11-18,NA,53,38,245,182,63
NORESTE 2,2025-11-19,NA,69,49,260,189,77
NORESTE 2,2025-11-20,NA,66,53,258,211,92
NORESTE 2,2025-11-21,NA,71,47,268,234,88
NORESTE 2,2025-11-22,NA,82,38,289,256,116
NORESTE 2,2025-11-23,NA,72,33,227,176,74
NORESTE 2,2025-11-24,NA,55,21,167,125,51
NORESTE 2,2025-11-25,NA,52,41,233,212,68
NORESTE 2,2025-11-26,NA,64,41,214,214,66
NORESTE 2,2025-11-27,NA,69,52,289,223,65
NORESTE 2,2025-11-28,NA,81,50,278,231,65
NORESTE 2,2025-11-29,NA,93,55,306,262,57
NORESTE 2,2025-11-30,NA,103,54,306,167,54
NORESTE 2,2025-12-01,NA,70,39,225,133,50
NORESTE 2,2025-12-02,NA,70,75,411,182,84
NORESTE 2,2025-12-03,NA,77,73,307,165,115
NORESTE 2,2025-12-04,NA,79,55,304,180,81
NORESTE 2,2025-12-05,NA,76,46,262,205,75
NORESTE 2,2025-12-06,NA,77,38,250,206,68
NORESTE 2,2025-12-07,NA,69,32,252,205,53
NORESTE 2,2025-12-08,NA,72,23,222,156,25
NORESTE 2,2025-12-09,NA,58,45,275,186,50
NORESTE 2,2025-12-10,NA,53,95,277,220,80
NORESTE 2,2025-12-11,NA,59,82,289,244,95
NORESTE 2,2025-12-12,NA,54,64,342,226,85
NORESTE 2,2025-12-13,NA,64,48,323,233,75
NORESTE 2,2025-12-14,NA,55,54,282,198,53
NORESTE 2,2025-12-15,NA,68,51,226,156,37
NORESTE 2,2025-12-16,NA,80,68,293,236,83
NORESTE 2,2025-12-17,NA,71,69,342,219,100
NORESTE 2,2025-12-18,NA,64,66,335,212,79
NORESTE 2,2025-12-19,NA,69,68,301,226,83
NORESTE 2,2025-12-20,NA,81,52,294,244,78
NORESTE 2,2025-12-21,NA,78,54,273,199,79
NORESTE 2,2025-12-22,NA,78,51,207,173,41
NORESTE 2,2025-12-23,NA,83,63,273,204,74
NORESTE 2,2025-12-24,NA,73,60,269,167,84
NORESTE 2,2025-12-25,NA,44,26,180,115,50
NORESTE 2,2025-12-26,NA,47,26,183,96,34
NORESTE 2,2025-12-27,NA,59,35,192,208,43
NORESTE 2,2025-12-28,NA,56,32,174,153,34
NORESTE 2,2025-12-29,NA,54,24,158,104,20
NORESTE 2,2025-12-30,NA,51,45,299,168,58
NORESTE 2,2025-12-31,NA,47,58,286,180,57
NORESTE 2,2026-01-01,NA,48,28,181,124,42
NORESTE 2,2026-01-02,NA,56,31,193,172,35
NORESTE 2,2026-01-03,NA,64,46,255,289,55
NORESTE 2,2026-01-04,NA,62,31,241,295,53
NORESTE 2,2026-01-05,NA,52,28,206,240,32
NORESTE 2,2026-01-06,NA,71,65,327,293,84
NORESTE 2,2026-01-07,NA,76,62,294,282,84
NORESTE 2,2026-01-08,NA,60,67,278,289,69
NORESTE 2,2026-01-09,NA,78,63,257,294,69
NORESTE 2,2026-01-10,NA,79,41,282,301,71
NORESTE 2,2026-01-11,NA,82,46,232,233,44
NORESTE 2,2026-01-12,NA,69,41,253,195,46
NORESTE 2,2026-01-13,NA,83,50,264,265,66
NORESTE 2,2026-01-14,NA,86,73,275,250,80
NORESTE 2,2026-01-15,NA,84,64,281,290,77
NORESTE 2,2026-01-16,NA,73,49,275,305,95
NORESTE 2,2026-01-17,NA,93,58,272,336,93
NORESTE 2,2026-01-18,NA,92,50,256,253,79
NORESTE 2,2026-01-19,NA,75,35,228,203,44
NORESTE 2,2026-01-20,NA,85,45,277,256,65
NORESTE 2,2026-01-21,NA,72,54,243,244,64
NORESTE 2,2026-01-22,NA,75,48,251,246,67
NORESTE 2,2026-01-23,NA,86,64,285,258,63
NORESTE 2,2026-01-24,NA,88,57,270,285,77
NORESTE 2,2026-01-25,NA,74,39,263,245,80
NORESTE 2,2026-01-26,NA,61,28,240,177,54
NORESTE 2,2026-01-27,NA,68,53,265,214,61
NORESTE 2,2026-01-28,NA,76,56,231,218,95
NORESTE 2,2026-01-29,NA,83,51,216,247,88
NORESTE 2,2026-01-30,NA,92,58,243,285,65
NORESTE 2,2026-01-31,NA,108,67,284,291,73
NORESTE 2,2026-02-01,NA,107,74,292,261,69
NORESTE 2,2026-02-02,NA,84,41,203,184,41
NORESTE 2,2026-02-03,NA,77,47,219,198,54
NORESTE 2,2026-02-04,NA,81,53,236,203,81
NORESTE 2,2026-02-05,NA,77,35,269,217,76
NORESTE 2,2026-02-06,NA,82,44,215,223,58
NORESTE 2,2026-02-07,NA,67,41,241,239,52
NORESTE 2,2026-02-08,NA,59,37,227,213,42
NORESTE 2,2026-02-09,NA,43,24,177,149,43
NORESTE 2,2026-02-10,NA,55,37,213,169,65
NORESTE 2,2026-02-11,NA,76,49,251,195,62
NORESTE 2,2026-02-12,NA,71,46,248,216,59
NORESTE 2,2026-02-13,NA,69,25,286,242,66
NORESTE 2,2026-02-14,NA,66,32,302,293,66
NORESTE 2,2026-02-15,NA,77,39,320,213,56
NORESTE 2,2026-02-16,NA,53,31,258,181,26
NORESTE 2,2026-02-17,NA,61,42,300,260,48
NORESTE 2,2026-02-18,NA,55,54,279,238,63
NORESTE 2,2026-02-19,NA,52,29,246,216,55
NORESTE 2,2026-02-20,NA,64,26,264,273,50
NORESTE 2,2026-02-21,NA,77,28,283,310,69
NORESTE 2,2026-02-22,NA,64,32,240,236,49
NORESTE 2,2026-02-23,NA,54,26,192,200,29
NORESTE 2,2026-02-24,NA,57,33,283,192,64
NORESTE 2,2026-02-25,NA,63,35,238,222,63
NORESTE 2,2026-02-26,NA,70,32,258,252,74
NORESTE 2,2026-02-27,NA,89,32,275,302,61
NORESTE 2,2026-02-28,NA,109,38,288,372,68
NORESTE 2,2026-03-01,NA,110,48,267,248,68
NORESTE 2,2026-03-02,NA,88,29,223,187,33
NORESTE 2,2026-03-03,NA,89,49,268,213,64
NORESTE 2,2026-03-04,NA,74,41,294,223,77
NORESTE 2,2026-03-05,NA,59,41,265,245,67
NORESTE 2,2026-03-06,NA,79,51,290,267,51
NORESTE 2,2026-03-07,NA,81,64,344,285,71
NORESTE 2,2026-03-08,NA,76,61,286,252,64
NORESTE 2,2026-03-09,NA,69,43,244,191,47
NORESTE 2,2026-03-10,NA,71,66,321,238,70
NORESTE 2,2026-03-11,NA,70,54,309,219,71
NORESTE 2,2026-03-12,NA,76,47,321,259,76
NORESTE 2,2026-03-13,NA,82,43,335,272,72
NORESTE 2,2026-03-14,NA,86,48,277,280,78
NORESTE 2,2026-03-15,NA,79,49,294,179,70
NORESTE 2,2026-03-16,NA,66,37,220,178,49
NORESTE 2,2026-03-17,NA,57,47,321,184,57
NORESTE 2,2026-03-18,NA,69,49,380,232,63
NORESTE 2,2026-03-19,NA,66,59,325,271,77
NORESTE 2,2026-03-20,NA,67,40,298,265,57
NORESTE 2,2026-03-21,NA,83,44,305,283,80
NORESTE 2,2026-03-22,NA,71,39,251,245,51
NORESTE 2,2026-03-23,NA,54,31,199,171,39
NORESTE 2,2026-03-24,NA,59,40,268,216,82
NORESTE 2,2026-03-25,NA,64,44,232,167,70
NORESTE 2,2026-03-26,NA,60,27,240,205,56
NORESTE 2,2026-03-27,NA,74,35,255,245,69
NORESTE 2,2026-03-28,NA,74,44,281,300,76
NORESTE 2,2026-03-29,NA,74,29,233,235,70
NORESTE 2,2026-03-30,NA,65,28,254,180,35
NORESTE 2,2026-03-31,NA,78,46,270,262,69
NORESTE 2,2026-04-01,NA,80,57,248,224,95
NORESTE 2,2026-04-02,NA,84,57,261,236,75
NORESTE 2,2026-04-03,NA,66,31,225,197,66
NORESTE 2,2026-04-04,NA,49,24,186,195,60
NORESTE 2,2026-04-05,NA,57,41,212,156,65
NORESTE 2,2026-04-06,NA,48,34,271,149,46
NORESTE 2,2026-04-07,NA,67,52,376,243,98
NORESTE 2,2026-04-08,NA,69,71,335,276,92
NORESTE 2,2026-04-09,NA,80,47,352,240,75
NORESTE 2,2026-04-10,NA,76,50,336,261,67
NORESTE 2,2026-04-11,NA,72,61,370,309,72
NORESTE 2,2026-04-12,NA,81,54,357,265,49
NORESTE 2,2026-04-13,NA,69,39,319,216,45
NORESTE 2,2026-04-14,NA,86,92,446,249,77
NORESTE 2,2026-04-15,NA,85,105,466,315,132
NORESTE 2,2026-04-16,NA,95,109,405,384,131
NORESTE 2,2026-04-17,NA,90,95,405,333,125
NORESTE 2,2026-04-18,NA,99,108,402,353,117
NORESTE 2,2026-04-19,NA,97,67,367,297,120
NORESTE 2,2026-04-20,NA,90,62,334,185,103
NORESTE 2,2026-04-21,NA,85,88,417,215,136
NORESTE 2,2026-04-22,NA,87,77,384,234,125
NORESTE 2,2026-04-23,NA,83,57,384,231,116
NORESTE 2,2026-04-24,NA,93,55,336,244,120
NORESTE 2,2026-04-25,NA,81,52,369,252,131
NORESTE 2,2026-04-26,NA,81,49,372,200,98
NORESTE 2,2026-04-27,NA,55,33,308,127,75
NORESTE 2,2026-04-28,NA,78,47,372,192,103
NORESTE 2,2026-04-29,NA,93,52,342,231,94
NORESTE 2,2026-04-30,NA,94,50,322,230,102
NORESTE 2,2026-05-01,NA,101,45,332,217,105
NORESTE 2,2026-05-02,NA,112,49,363,246,97
NORESTE 2,2026-05-03,NA,103,33,349,235,87
NORESTE 2,2026-05-04,NA,85,37,300,157,67
NORESTE 2,2026-05-05,NA,83,43,331,223,87
NORESTE 2,2026-05-06,NA,99,51,338,257,105
NORESTE 2,2026-05-07,NA,85,59,345,274,103
NORESTE 2,2026-05-08,NA,85,41,337,273,93
NORESTE 2,2026-05-09,NA,92,68,383,304,95
NORESTE 2,2026-05-10,NA,73,54,347,252,82
NORESTE 2,2026-05-11,NA,56,24,255,174,67
NORESTE 2,2026-05-12,NA,75,52,345,290,70
NORESTE 2,2026-05-13,NA,76,48,295,317,84
NORESTE 2,2026-05-14,NA,75,58,318,321,96
NORESTE 2,2026-05-15,NA,100,54,331,363,95
NORESTE 2,2026-05-16,NA,104,62,395,341,117
NORESTE 2,2026-05-17,NA,94,59,386,274,129
NORESTE 2,2026-05-18,NA,79,37,341,184,77
NORESTE 2,2026-05-19,NA,74,54,344,229,104
NORESTE 2,2026-05-20,NA,69,52,309,267,106
NORESTE 2,2026-05-21,NA,59,58,320,272,107
NORESTE 2,2026-05-22,NA,62,55,353,292,106
NORESTE 2,2026-05-23,NA,87,48,404,324,109
NORESTE 2,2026-05-24,NA,87,58,373,252,84
NORESTE 2,2026-05-25,NA,77,45,271,197,61
NORESTE 2,2026-05-26,NA,66,47,326,284,80
NORESTE 2,2026-05-27,NA,69,34,300,286,87
NORESTE 2,2026-05-28,NA,80,41,295,282,107
NORESTE 2,2026-05-29,NA,82,38,274,308,87
NORESTE 2,2026-05-30,NA,87,48,303,327,88
NORESTE 2,2026-05-31,NA,85,45,297,222,88
NORESTE 2,2026-06-01,NA,80,32,306,156,74
NORESTE 2,2026-06-02,NA,91,59,312,224,114
NORESTE 2,2026-06-03,NA,81,58,338,273,128
NORESTE 2,2026-06-04,NA,84,65,396,267,133
NORESTE 2,2026-06-05,NA,83,78,358,270,131
NORESTE 2,2026-06-06,NA,86,78,421,319,141
NORESTE 2,2026-06-07,NA,75,66,362,234,120
NORESTE 2,2026-06-08,NA,64,38,343,159,77
NORESTE 2,2026-06-09,NA,75,67,412,227,108
NORESTE 2,2026-06-10,NA,81,71,423,231,103
NORESTE 2,2026-06-11,NA,85,82,395,264,109
NORESTE 2,2026-06-12,NA,70,74,394,253,106
NORESTE 2,2026-06-13,NA,80,70,405,280,132
NORESTE 2,2026-06-14,NA,80,60,319,225,118
NORESTE 2,2026-06-15,NA,58,48,327,195,80
NORESTE 2,2026-06-16,NA,78,64,434,274,98
NORESTE 2,2026-06-17,NA,99,80,524,249,108
NORESTE 2,2026-06-18,NA,82,103,517,313,101
NORESTE 2,2026-06-19,NA,87,105,584,351,116
NORESTE 2,2026-06-20,NA,100,103,724,383,147
NORESTE 2,2026-06-21,NA,112,121,627,473,136
NORESTE 2,2026-06-22,NA,123,117,473,475,122
NORESTE 2,2026-06-23,NA,122,119,696,590,143
NORESTE 2,2026-06-24,NA,143,145,656,703,178
NORESTE 2,2026-06-25,NA,138,147,535,623,192
NORESTE 2,2026-06-26,NA,147,157,445,649,209
NORESTE 2,2026-06-27,NA,164,179,451,656,230
NORESTE 2,2026-06-28,NA,163,149,326,629,212
NORESTE 2,2026-06-29,NA,170,158,315,533,186
NORESTE 2,2026-06-30,NA,149,144,382,580,189
NORESTE 2,2026-07-01,NA,141,180,578,502,185
NORESTE 2,2026-07-02,NA,157,198,552,469,187
NORESTE 2,2026-07-03,NA,180,194,515,522,210
NORESTE 2,2026-07-04,NA,198,180,480,506,221
NORESTE 2,2026-07-05,NA,196,190,476,433,233
NORESTE 2,2026-07-06,NA,159,170,355,338,222
NORESTE 2,2026-07-07,NA,171,177,400,344,221
NORESTE 2,2026-07-08,NA,131,118,462,382,207
NORESTE 2,2026-07-09,NA,123,114,481,350,184
NORESTE 2,2026-07-10,NA,141,83,446,377,152
NORESTE 2,2026-07-11,NA,166,70,460,393,136
NORESTE 2,2026-07-12,NA,124,60,423,358,112
NORESTE 2,2026-07-13,NA,116,62,390,306,87
NORESTE 2,2026-07-14,NA,113,78,445,377,109
NORESTE 2,2026-07-15,NA,109,98,471,358,125
NORESTE 2,2026-07-16,NA,106,94,444,345,113
NORESTE 2,2026-07-17,NA,116,100,502,390,113
NORESTE 2,2026-07-18,NA,125,107,417,408,109
NORESTE 2,2026-07-19,NA,119,109,385,365,133
NORESTE 2,2026-07-20,NA,111,93,248,217,118
NORESTE 2,2026-07-21,NA,107,84,300,311,144
NORESTE 2,2026-07-22,NA,104,75,383,307,136
NORESTE 2,2026-07-23,NA,95,62,353,307,117
NORESTE 2,2026-07-24,NA,97,61,339,277,95
NORESTE 2,2026-07-25,NA,98,60,375,314,101
NORESTE 2,2026-07-26,NA,91,45,345,251,85
NORESTE 2,2026-07-27,NA,78,36,222,215,66
NORESTE 2,2026-07-28,NA,88,74,309,236,111
NORESTE 2,2026-07-29,NA,85,70,338,242,117
NORESTE 2,2026-07-30,NA,83,64,295,265,115
NORESTE 2,2026-07-31,NA,95,56,315,278,104
NORESTE 2,2026-08-01,26,96,56,342,265,92
NORESTE 2,2026-08-02,31,89,63,299,214,73
NORESTE 2,2026-08-03,28,68,51,343,195,70
NORESTE 2,2026-08-04,30,74,73,541,295,88
NORESTE 2,2026-08-05,38,89,85,531,322,120
NORESTE 2,2026-08-06,39,93,104,610,381,129
NORESTE 2,2026-08-07,36,109,127,626,447,148
NORESTE 2,2026-08-08,31,133,124,575,508,172
NORESTE 2,2026-08-09,27,125,108,549,527,150
NORESTE 2,2026-08-10,25,117,101,465,456,123
NORESTE 2,2026-08-11,41,142,112,496,484,158
NORESTE 2,2026-08-12,42,139,62,435,541,149
NORESTE 2,2026-08-13,35,132,79,374,599,157
NORESTE 2,2026-08-14,26,128,72,401,605,141
NORESTE 2,2026-08-15,32,118,88,368,620,124
NORESTE 2,2026-08-16,38,121,91,381,560,111
NORESTE 2,2026-08-17,40,91,78,365,429,67
NORESTE 2,2026-08-18,43,115,115,432,501,98
NORESTE 2,2026-08-19,55,118,126,425,492,100
NORESTE 2,2026-08-20,55,108,129,406,480,95
NORESTE 2,2026-08-21,54,94,111,354,483,116
NORESTE 2,2026-08-22,55,108,105,400,511,114
NORESTE 2,2026-08-23,26,102,78,355,402,102
NORESTE 2,2026-08-24,18,85,48,267,268,67
NORORIENTE,2025-08-24,NA,112,45,223,130,186
NORORIENTE,2025-08-25,NA,101,25,199,127,139
NORORIENTE,2025-08-26,NA,124,52,255,118,188
NORORIENTE,2025-08-27,NA,117,65,217,129,189
NORORIENTE,2025-08-28,NA,121,49,215,129,185
NORORIENTE,2025-08-29,NA,126,54,201,126,180
NORORIENTE,2025-08-30,NA,134,56,219,165,190
NORORIENTE,2025-08-31,NA,134,61,237,142,194
NORORIENTE,2025-09-01,NA,116,65,214,118,164
NORORIENTE,2025-09-02,NA,121,73,275,87,180
NORORIENTE,2025-09-03,NA,112,79,278,118,217
NORORIENTE,2025-09-04,NA,117,67,325,106,228
NORORIENTE,2025-09-05,NA,115,79,293,123,204
NORORIENTE,2025-09-06,NA,134,73,315,124,170
NORORIENTE,2025-09-07,NA,132,74,291,131,158
NORORIENTE,2025-09-08,NA,115,59,229,106,146
NORORIENTE,2025-09-09,NA,117,63,276,121,182
NORORIENTE,2025-09-10,NA,106,77,237,166,191
NORORIENTE,2025-09-11,NA,110,61,261,138,181
NORORIENTE,2025-09-12,NA,123,71,239,137,172
NORORIENTE,2025-09-13,NA,122,53,253,133,164
NORORIENTE,2025-09-14,NA,109,49,237,115,141
NORORIENTE,2025-09-15,NA,89,45,257,131,141
NORORIENTE,2025-09-16,NA,78,37,193,137,137
NORORIENTE,2025-09-17,NA,77,39,210,120,127
NORORIENTE,2025-09-18,NA,85,55,237,124,167
NORORIENTE,2025-09-19,NA,89,52,254,105,156
NORORIENTE,2025-09-20,NA,98,57,226,134,177
NORORIENTE,2025-09-21,NA,98,46,163,115,183
NORORIENTE,2025-09-22,NA,78,46,174,107,153
NORORIENTE,2025-09-23,NA,91,58,257,182,196
NORORIENTE,2025-09-24,NA,95,66,274,245,228
NORORIENTE,2025-09-25,NA,94,69,329,157,210
NORORIENTE,2025-09-26,NA,104,68,309,159,212
NORORIENTE,2025-09-27,NA,118,71,288,168,200
NORORIENTE,2025-09-28,NA,128,74,293,153,181
NORORIENTE,2025-09-29,NA,112,61,260,158,133
NORORIENTE,2025-09-30,NA,148,78,290,144,160
NORORIENTE,2025-10-01,NA,137,74,265,95,181
NORORIENTE,2025-10-02,NA,123,77,301,98,188
NORORIENTE,2025-10-03,NA,115,71,315,126,163
NORORIENTE,2025-10-04,NA,131,66,250,114,139
NORORIENTE,2025-10-05,NA,123,63,218,116,122
NORORIENTE,2025-10-06,NA,99,47,211,89,83
NORORIENTE,2025-10-07,NA,96,61,229,104,137
NORORIENTE,2025-10-08,NA,108,61,227,92,176
NORORIENTE,2025-10-09,NA,112,51,230,108,154
NORORIENTE,2025-10-10,NA,133,57,231,108,180
NORORIENTE,2025-10-11,NA,134,66,238,129,170
NORORIENTE,2025-10-12,NA,132,57,251,124,150
NORORIENTE,2025-10-13,NA,102,55,216,113,98
NORORIENTE,2025-10-14,NA,100,48,243,123,132
NORORIENTE,2025-10-15,NA,105,45,252,143,138
NORORIENTE,2025-10-16,NA,111,72,279,174,136
NORORIENTE,2025-10-17,NA,116,52,252,179,155
NORORIENTE,2025-10-18,NA,140,71,273,180,155
NORORIENTE,2025-10-19,NA,128,66,238,154,149
NORORIENTE,2025-10-20,NA,101,51,245,131,119
NORORIENTE,2025-10-21,NA,103,62,225,140,167
NORORIENTE,2025-10-22,NA,96,62,230,148,176
NORORIENTE,2025-10-23,NA,93,57,215,136,167
NORORIENTE,2025-10-24,NA,98,47,226,140,159
NORORIENTE,2025-10-25,NA,113,55,242,140,152
NORORIENTE,2025-10-26,NA,101,31,204,156,141
NORORIENTE,2025-10-27,NA,89,31,180,117,103
NORORIENTE,2025-10-28,NA,104,47,190,142,133
NORORIENTE,2025-10-29,NA,108,46,208,124,132
NORORIENTE,2025-10-30,NA,125,42,212,146,121
NORORIENTE,2025-10-31,NA,109,51,193,139,115
NORORIENTE,2025-11-01,NA,113,46,199,106,107
NORORIENTE,2025-11-02,NA,116,62,191,86,95
NORORIENTE,2025-11-03,NA,95,56,193,88,74
NORORIENTE,2025-11-04,NA,91,69,231,119,126
NORORIENTE,2025-11-05,NA,98,57,212,104,126
NORORIENTE,2025-11-06,NA,106,49,204,127,115
NORORIENTE,2025-11-07,NA,92,57,206,170,111
NORORIENTE,2025-11-08,NA,106,77,223,168,110
NORORIENTE,2025-11-09,NA,93,53,199,166,95
NORORIENTE,2025-11-10,NA,72,54,201,199,86
NORORIENTE,2025-11-11,NA,79,67,239,143,139
NORORIENTE,2025-11-12,NA,88,80,247,153,146
NORORIENTE,2025-11-13,NA,92,76,216,157,164
NORORIENTE,2025-11-14,NA,102,83,234,202,166
NORORIENTE,2025-11-15,NA,123,64,242,233,161
NORORIENTE,2025-11-16,NA,102,75,203,214,129
NORORIENTE,2025-11-17,NA,84,61,181,239,101
NORORIENTE,2025-11-18,NA,89,89,239,260,122
NORORIENTE,2025-11-19,NA,92,109,282,213,170
NORORIENTE,2025-11-20,NA,104,114,280,217,168
NORORIENTE,2025-11-21,NA,112,77,236,240,155
NORORIENTE,2025-11-22,NA,114,69,224,226,195
NORORIENTE,2025-11-23,NA,100,56,195,187,186
NORORIENTE,2025-11-24,NA,86,56,187,219,134
NORORIENTE,2025-11-25,NA,115,67,229,183,188
NORORIENTE,2025-11-26,NA,117,58,188,186,171
NORORIENTE,2025-11-27,NA,109,72,240,178,165
NORORIENTE,2025-11-28,NA,124,64,203,227,180
NORORIENTE,2025-11-29,NA,143,54,208,229,152
NORORIENTE,2025-11-30,NA,135,57,183,212,127
NORORIENTE,2025-12-01,NA,98,47,192,203,98
NORORIENTE,2025-12-02,NA,98,52,217,186,127
NORORIENTE,2025-12-03,NA,99,62,219,171,130
NORORIENTE,2025-12-04,NA,101,68,231,154,132
NORORIENTE,2025-12-05,NA,112,60,226,183,142
NORORIENTE,2025-12-06,NA,109,65,235,198,149
NORORIENTE,2025-12-07,NA,102,66,209,192,107
NORORIENTE,2025-12-08,NA,87,57,197,179,83
NORORIENTE,2025-12-09,NA,92,56,246,165,121
NORORIENTE,2025-12-10,NA,94,54,240,187,129
NORORIENTE,2025-12-11,NA,96,49,224,205,132
NORORIENTE,2025-12-12,NA,93,56,262,163,95
NORORIENTE,2025-12-13,NA,104,55,214,228,111
NORORIENTE,2025-12-14,NA,104,52,218,175,112
NORORIENTE,2025-12-15,NA,85,51,213,187,98
NORORIENTE,2025-12-16,NA,91,73,245,203,141
NORORIENTE,2025-12-17,NA,114,84,256,223,145
NORORIENTE,2025-12-18,NA,111,70,266,201,146
NORORIENTE,2025-12-19,NA,113,71,234,187,132
NORORIENTE,2025-12-20,NA,125,64,259,220,123
NORORIENTE,2025-12-21,NA,120,63,280,184,115
NORORIENTE,2025-12-22,NA,110,80,252,156,94
NORORIENTE,2025-12-23,NA,115,72,229,161,153
NORORIENTE,2025-12-24,NA,88,63,219,152,130
NORORIENTE,2025-12-25,NA,79,46,162,125,106
NORORIENTE,2025-12-26,NA,82,44,181,110,85
NORORIENTE,2025-12-27,NA,96,65,237,141,103
NORORIENTE,2025-12-28,NA,89,55,182,133,83
NORORIENTE,2025-12-29,NA,63,63,176,135,61
NORORIENTE,2025-12-30,NA,93,68,192,132,79
NORORIENTE,2025-12-31,NA,81,47,183,120,94
NORORIENTE,2026-01-01,NA,71,42,157,94,88
NORORIENTE,2026-01-02,NA,86,46,196,106,80
NORORIENTE,2026-01-03,NA,109,56,237,124,88
NORORIENTE,2026-01-04,NA,96,50,196,161,79
NORORIENTE,2026-01-05,NA,98,53,189,111,67
NORORIENTE,2026-01-06,NA,99,69,227,138,124
NORORIENTE,2026-01-07,NA,99,69,250,140,115
NORORIENTE,2026-01-08,NA,108,69,242,167,147
NORORIENTE,2026-01-09,NA,102,60,247,171,134
NORORIENTE,2026-01-10,NA,123,88,282,197,158
NORORIENTE,2026-01-11,NA,109,69,238,156,156
NORORIENTE,2026-01-12,NA,99,65,234,156,116
NORORIENTE,2026-01-13,NA,120,73,290,193,130
NORORIENTE,2026-01-14,NA,118,87,284,224,137
NORORIENTE,2026-01-15,NA,129,96,291,195,155
NORORIENTE,2026-01-16,NA,143,92,267,229,178
NORORIENTE,2026-01-17,NA,136,93,248,243,168
NORORIENTE,2026-01-18,NA,134,77,226,228,159
NORORIENTE,2026-01-19,NA,125,70,247,207,138
NORORIENTE,2026-01-20,NA,126,93,269,210,185
NORORIENTE,2026-01-21,NA,122,96,260,201,190
NORORIENTE,2026-01-22,NA,114,109,234,194,173
NORORIENTE,2026-01-23,NA,121,94,280,207,185
NORORIENTE,2026-01-24,NA,116,79,265,185,153
NORORIENTE,2026-01-25,NA,125,63,213,188,130
NORORIENTE,2026-01-26,NA,96,51,201,160,79
NORORIENTE,2026-01-27,NA,92,73,244,201,112
NORORIENTE,2026-01-28,NA,116,65,231,192,136
NORORIENTE,2026-01-29,NA,129,69,227,202,152
NORORIENTE,2026-01-30,NA,142,82,252,207,171
NORORIENTE,2026-01-31,NA,154,103,265,209,165
NORORIENTE,2026-02-01,NA,172,117,279,164,155
NORORIENTE,2026-02-02,NA,169,120,240,186,139
NORORIENTE,2026-02-03,NA,174,141,294,165,206
NORORIENTE,2026-02-04,NA,162,120,294,192,204
NORORIENTE,2026-02-05,NA,130,109,286,189,188
NORORIENTE,2026-02-06,NA,134,97,236,190,202
NORORIENTE,2026-02-07,NA,133,66,227,176,191
NORORIENTE,2026-02-08,NA,105,75,214,196,141
NORORIENTE,2026-02-09,NA,92,69,206,168,111
NORORIENTE,2026-02-10,NA,79,64,246,170,139
NORORIENTE,2026-02-11,NA,96,59,229,156,143
NORORIENTE,2026-02-12,NA,87,75,237,167,99
NORORIENTE,2026-02-13,NA,100,52,240,181,106
NORORIENTE,2026-02-14,NA,120,57,243,219,121
NORORIENTE,2026-02-15,NA,106,59,225,205,124
NORORIENTE,2026-02-16,NA,97,55,193,157,111
NORORIENTE,2026-02-17,NA,101,78,296,173,166
NORORIENTE,2026-02-18,NA,110,84,260,148,182
NORORIENTE,2026-02-19,NA,124,60,216,153,164
NORORIENTE,2026-02-20,NA,116,57,247,171,165
NORORIENTE,2026-02-21,NA,126,63,266,202,158
NORORIENTE,2026-02-22,NA,109,64,248,189,156
NORORIENTE,2026-02-23,NA,88,48,223,151,126
NORORIENTE,2026-02-24,NA,105,57,260,158,181
NORORIENTE,2026-02-25,NA,88,68,262,173,182
NORORIENTE,2026-02-26,NA,116,77,258,207,195
NORORIENTE,2026-02-27,NA,134,89,294,213,210
NORORIENTE,2026-02-28,NA,166,99,301,214,195
NORORIENTE,2026-03-01,NA,154,87,296,133,153
NORORIENTE,2026-03-02,NA,135,102,275,136,126
NORORIENTE,2026-03-03,NA,143,109,326,139,177
NORORIENTE,2026-03-04,NA,123,109,320,176,168
NORORIENTE,2026-03-05,NA,122,91,321,168,170
NORORIENTE,2026-03-06,NA,130,77,295,147,164
NORORIENTE,2026-03-07,NA,148,78,298,184,164
NORORIENTE,2026-03-08,NA,126,86,302,146,162
NORORIENTE,2026-03-09,NA,110,76,250,136,162
NORORIENTE,2026-03-10,NA,110,90,301,152,200
NORORIENTE,2026-03-11,NA,112,95,358,155,205
NORORIENTE,2026-03-12,NA,114,95,321,175,203
NORORIENTE,2026-03-13,NA,118,87,316,195,213
NORORIENTE,2026-03-14,NA,122,75,277,183,189
NORORIENTE,2026-03-15,NA,126,69,270,181,172
NORORIENTE,2026-03-16,NA,105,64,205,134,136
NORORIENTE,2026-03-17,NA,102,85,246,130,139
NORORIENTE,2026-03-18,NA,121,86,301,157,179
NORORIENTE,2026-03-19,NA,119,102,315,166,166
NORORIENTE,2026-03-20,NA,102,68,269,161,160
NORORIENTE,2026-03-21,NA,99,76,256,200,147
NORORIENTE,2026-03-22,NA,102,70,263,165,157
NORORIENTE,2026-03-23,NA,86,53,257,150,146
NORORIENTE,2026-03-24,NA,101,64,275,159,159
NORORIENTE,2026-03-25,NA,99,69,283,150,183
NORORIENTE,2026-03-26,NA,97,70,276,158,176
NORORIENTE,2026-03-27,NA,108,82,251,172,149
NORORIENTE,2026-03-28,NA,125,63,283,173,144
NORORIENTE,2026-03-29,NA,127,60,256,193,115
NORORIENTE,2026-03-30,NA,120,67,224,162,99
NORORIENTE,2026-03-31,NA,141,103,295,145,123
NORORIENTE,2026-04-01,NA,135,103,292,131,157
NORORIENTE,2026-04-02,NA,152,100,372,134,171
NORORIENTE,2026-04-03,NA,144,96,321,123,156
NORORIENTE,2026-04-04,NA,132,81,243,112,136
NORORIENTE,2026-04-05,NA,119,95,234,106,121
NORORIENTE,2026-04-06,NA,97,83,230,124,94
NORORIENTE,2026-04-07,NA,106,95,263,155,148
NORORIENTE,2026-04-08,NA,114,104,283,159,161
NORORIENTE,2026-04-09,NA,119,104,409,157,167
NORORIENTE,2026-04-10,NA,118,125,391,155,186
NORORIENTE,2026-04-11,NA,135,113,372,187,157
NORORIENTE,2026-04-12,NA,116,118,345,164,122
NORORIENTE,2026-04-13,NA,101,116,359,177,107
NORORIENTE,2026-04-14,NA,103,131,433,174,115
NORORIENTE,2026-04-15,NA,115,139,398,177,228
NORORIENTE,2026-04-16,NA,119,140,408,197,243
NORORIENTE,2026-04-17,NA,133,153,380,158,247
NORORIENTE,2026-04-18,NA,137,157,355,182,189
NORORIENTE,2026-04-19,NA,117,145,344,152,212
NORORIENTE,2026-04-20,NA,97,134,329,140,203
NORORIENTE,2026-04-21,NA,113,121,334,133,260
NORORIENTE,2026-04-22,NA,117,142,300,137,267
NORORIENTE,2026-04-23,NA,117,131,309,123,249
NORORIENTE,2026-04-24,NA,119,96,310,133,216
NORORIENTE,2026-04-25,NA,137,102,343,173,214
NORORIENTE,2026-04-26,NA,118,93,314,139,182
NORORIENTE,2026-04-27,NA,110,112,288,135,160
NORORIENTE,2026-04-28,NA,118,130,359,162,212
NORORIENTE,2026-04-29,NA,141,132,362,160,198
NORORIENTE,2026-04-30,NA,138,111,317,162,216
NORORIENTE,2026-05-01,NA,151,91,335,139,224
NORORIENTE,2026-05-02,NA,177,102,361,163,200
NORORIENTE,2026-05-03,NA,162,114,351,147,186
NORORIENTE,2026-05-04,NA,144,105,334,121,167
NORORIENTE,2026-05-05,NA,141,106,398,123,190
NORORIENTE,2026-05-06,NA,133,122,355,136,222
NORORIENTE,2026-05-07,NA,117,125,366,147,236
NORORIENTE,2026-05-08,NA,124,106,355,149,245
NORORIENTE,2026-05-09,NA,133,105,380,160,226
NORORIENTE,2026-05-10,NA,112,92,305,141,193
NORORIENTE,2026-05-11,NA,112,87,304,141,175
NORORIENTE,2026-05-12,NA,108,95,321,193,195
NORORIENTE,2026-05-13,NA,105,81,354,175,202
NORORIENTE,2026-05-14,NA,125,78,351,170,195
NORORIENTE,2026-05-15,NA,125,81,380,197,193
NORORIENTE,2026-05-16,NA,125,101,401,254,213
NORORIENTE,2026-05-17,NA,117,95,384,206,200
NORORIENTE,2026-05-18,NA,91,101,448,197,184
NORORIENTE,2026-05-19,NA,82,105,452,193,217
NORORIENTE,2026-05-20,NA,84,135,394,201,237
NORORIENTE,2026-05-21,NA,101,115,410,187,241
NORORIENTE,2026-05-22,NA,112,127,383,183,224
NORORIENTE,2026-05-23,NA,121,104,395,225,219
NORORIENTE,2026-05-24,NA,122,101,376,232,197
NORORIENTE,2026-05-25,NA,114,107,386,154,149
NORORIENTE,2026-05-26,NA,127,132,446,191,219
NORORIENTE,2026-05-27,NA,132,124,441,179,242
NORORIENTE,2026-05-28,NA,143,112,397,181,274
NORORIENTE,2026-05-29,NA,139,98,369,172,259
NORORIENTE,2026-05-30,NA,161,100,376,254,268
NORORIENTE,2026-05-31,NA,155,111,377,184,294
NORORIENTE,2026-06-01,NA,139,112,406,146,311
NORORIENTE,2026-06-02,NA,149,137,465,175,383
NORORIENTE,2026-06-03,NA,134,148,459,189,430
NORORIENTE,2026-06-04,NA,145,142,467,204,454
NORORIENTE,2026-06-05,NA,147,125,494,185,474
NORORIENTE,2026-06-06,NA,145,115,506,231,479
NORORIENTE,2026-06-07,NA,124,116,416,189,487
NORORIENTE,2026-06-08,NA,113,117,350,170,452
NORORIENTE,2026-06-09,NA,116,136,440,159,507
NORORIENTE,2026-06-10,NA,122,139,364,159,539
NORORIENTE,2026-06-11,NA,110,104,308,200,560
NORORIENTE,2026-06-12,NA,125,104,309,182,564
NORORIENTE,2026-06-13,NA,150,97,345,183,583
NORORIENTE,2026-06-14,NA,131,93,300,173,583
NORORIENTE,2026-06-15,NA,125,68,317,157,573
NORORIENTE,2026-06-16,NA,135,106,422,188,593
NORORIENTE,2026-06-17,NA,127,114,422,192,631
NORORIENTE,2026-06-18,NA,126,117,340,172,653
NORORIENTE,2026-06-19,NA,121,102,345,150,690
NORORIENTE,2026-06-20,NA,130,106,376,174,718
NORORIENTE,2026-06-21,NA,119,92,341,153,733
NORORIENTE,2026-06-22,NA,109,79,300,115,710
NORORIENTE,2026-06-23,NA,121,81,341,159,743
NORORIENTE,2026-06-24,NA,112,85,282,190,748
NORORIENTE,2026-06-25,NA,111,76,371,146,757
NORORIENTE,2026-06-26,NA,123,81,306,174,790
NORORIENTE,2026-06-27,NA,141,106,318,166,733
NORORIENTE,2026-06-28,NA,133,86,281,162,673
NORORIENTE,2026-06-29,NA,108,84,294,141,604
NORORIENTE,2026-06-30,NA,124,89,394,174,632
NORORIENTE,2026-07-01,NA,137,110,390,147,654
NORORIENTE,2026-07-02,NA,146,128,443,179,691
NORORIENTE,2026-07-03,NA,146,130,489,174,686
NORORIENTE,2026-07-04,NA,151,131,413,167,702
NORORIENTE,2026-07-05,NA,124,102,376,187,719
NORORIENTE,2026-07-06,NA,117,94,319,114,711
NORORIENTE,2026-07-07,NA,123,90,364,153,740
NORORIENTE,2026-07-08,NA,134,108,427,192,651
NORORIENTE,2026-07-09,NA,147,119,418,192,580
NORORIENTE,2026-07-10,NA,154,102,360,180,490
NORORIENTE,2026-07-11,NA,148,102,358,185,505
NORORIENTE,2026-07-12,NA,128,95,324,141,527
NORORIENTE,2026-07-13,NA,117,81,258,123,489
NORORIENTE,2026-07-14,NA,124,94,336,144,542
NORORIENTE,2026-07-15,NA,106,83,299,174,433
NORORIENTE,2026-07-16,NA,110,93,270,172,392
NORORIENTE,2026-07-17,NA,124,93,250,195,439
NORORIENTE,2026-07-18,NA,144,78,293,186,448
NORORIENTE,2026-07-19,NA,124,79,296,167,459
NORORIENTE,2026-07-20,NA,94,63,304,138,455
NORORIENTE,2026-07-21,NA,97,73,338,154,512
NORORIENTE,2026-07-22,NA,99,100,357,190,506
NORORIENTE,2026-07-23,NA,108,108,331,194,434
NORORIENTE,2026-07-24,NA,130,98,324,256,396
NORORIENTE,2026-07-25,NA,135,85,322,200,366
NORORIENTE,2026-07-26,NA,119,78,266,192,302
NORORIENTE,2026-07-27,NA,97,77,239,139,272
NORORIENTE,2026-07-28,NA,108,89,254,140,253
NORORIENTE,2026-07-29,NA,110,79,298,149,202
NORORIENTE,2026-07-30,NA,128,86,283,172,204
NORORIENTE,2026-07-31,NA,135,76,306,187,192
NORORIENTE,2026-08-01,36,157,86,310,144,210
NORORIENTE,2026-08-02,32,148,85,324,167,204
NORORIENTE,2026-08-03,23,136,75,318,127,190
NORORIENTE,2026-08-04,41,132,92,314,156,233
NORORIENTE,2026-08-05,29,105,91,288,152,234
NORORIENTE,2026-08-06,28,123,93,326,144,245
NORORIENTE,2026-08-07,33,123,96,289,150,216
NORORIENTE,2026-08-08,26,125,90,280,178,210
NORORIENTE,2026-08-09,23,108,80,242,182,195
NORORIENTE,2026-08-10,20,88,84,214,153,158
NORORIENTE,2026-08-11,30,100,100,291,145,198
NORORIENTE,2026-08-12,30,100,115,299,152,227
NORORIENTE,2026-08-13,35,108,112,302,185,239
NORORIENTE,2026-08-14,22,115,88,297,202,234
NORORIENTE,2026-08-15,24,148,75,310,214,246
NORORIENTE,2026-08-16,25,134,76,296,188,269
NORORIENTE,2026-08-17,20,102,73,254,146,256
NORORIENTE,2026-08-18,38,104,91,322,157,306
NORORIENTE,2026-08-19,26,113,100,318,149,284
NORORIENTE,2026-08-20,35,110,112,270,166,279
NORORIENTE,2026-08-21,31,116,100,297,163,258
NORORIENTE,2026-08-22,28,106,85,273,186,188
NORORIENTE,2026-08-23,26,95,79,271,152,153
NORORIENTE,2026-08-24,18,88,74,241,140,133
NORTE BARRANCA,2025-08-24,NA,131,78,260,88,118
NORTE BARRANCA,2025-08-25,NA,124,74,168,91,105
NORTE BARRANCA,2025-08-26,NA,115,60,204,101,104
NORTE BARRANCA,2025-08-27,NA,89,55,241,98,90
NORTE BARRANCA,2025-08-28,NA,81,56,248,114,91
NORTE BARRANCA,2025-08-29,NA,86,48,226,122,88
NORTE BARRANCA,2025-08-30,NA,89,47,249,114,85
NORTE BARRANCA,2025-08-31,NA,103,57,269,83,87
NORTE BARRANCA,2025-09-01,NA,90,54,188,47,83
NORTE BARRANCA,2025-09-02,NA,75,48,258,89,62
NORTE BARRANCA,2025-09-03,NA,73,51,259,106,74
NORTE BARRANCA,2025-09-04,NA,60,51,240,99,89
NORTE BARRANCA,2025-09-05,NA,52,31,184,105,93
NORTE BARRANCA,2025-09-06,NA,47,26,198,96,91
NORTE BARRANCA,2025-09-07,NA,35,18,187,75,81
NORTE BARRANCA,2025-09-08,NA,38,22,211,52,73
NORTE BARRANCA,2025-09-09,NA,47,27,243,95,78
NORTE BARRANCA,2025-09-10,NA,38,19,207,70,54
NORTE BARRANCA,2025-09-11,NA,43,14,179,92,54
NORTE BARRANCA,2025-09-12,NA,47,11,208,94,55
NORTE BARRANCA,2025-09-13,NA,44,13,220,98,49
NORTE BARRANCA,2025-09-14,NA,51,17,210,80,56
NORTE BARRANCA,2025-09-15,NA,44,19,220,57,51
NORTE BARRANCA,2025-09-16,NA,44,22,289,123,58
NORTE BARRANCA,2025-09-17,NA,47,31,351,123,60
NORTE BARRANCA,2025-09-18,NA,42,39,342,109,62
NORTE BARRANCA,2025-09-19,NA,43,27,326,101,67
NORTE BARRANCA,2025-09-20,NA,50,34,341,101,72
NORTE BARRANCA,2025-09-21,NA,45,39,358,79,79
NORTE BARRANCA,2025-09-22,NA,49,40,261,69,71
NORTE BARRANCA,2025-09-23,NA,56,59,223,90,98
NORTE BARRANCA,2025-09-24,NA,54,54,205,81,111
NORTE BARRANCA,2025-09-25,NA,54,36,198,115,82
NORTE BARRANCA,2025-09-26,NA,41,31,174,90,56
NORTE BARRANCA,2025-09-27,NA,53,26,193,103,51
NORTE BARRANCA,2025-09-28,NA,64,28,156,67,75
NORTE BARRANCA,2025-09-29,NA,46,16,145,95,43
NORTE BARRANCA,2025-09-30,NA,58,28,234,74,38
NORTE BARRANCA,2025-10-01,NA,67,38,250,83,53
NORTE BARRANCA,2025-10-02,NA,58,29,227,67,66
NORTE BARRANCA,2025-10-03,NA,53,28,167,81,88
NORTE BARRANCA,2025-10-04,NA,45,22,158,81,70
NORTE BARRANCA,2025-10-05,NA,36,21,127,40,58
NORTE BARRANCA,2025-10-06,NA,28,19,110,40,32
NORTE BARRANCA,2025-10-07,NA,19,18,171,68,54
NORTE BARRANCA,2025-10-08,NA,21,18,160,65,60
NORTE BARRANCA,2025-10-09,NA,27,20,174,98,51
NORTE BARRANCA,2025-10-10,NA,31,18,197,112,44
NORTE BARRANCA,2025-10-11,NA,34,27,217,114,53
NORTE BARRANCA,2025-10-12,NA,46,17,195,84,45
NORTE BARRANCA,2025-10-13,NA,49,12,342,67,52
NORTE BARRANCA,2025-10-14,NA,49,28,386,80,79
NORTE BARRANCA,2025-10-15,NA,60,44,472,100,102
NORTE BARRANCA,2025-10-16,NA,64,53,489,103,116
NORTE BARRANCA,2025-10-17,NA,81,58,416,97,127
NORTE BARRANCA,2025-10-18,NA,92,68,363,103,130
NORTE BARRANCA,2025-10-19,NA,100,81,318,75,128
NORTE BARRANCA,2025-10-20,NA,111,82,205,60,127
NORTE BARRANCA,2025-10-21,NA,86,65,214,88,119
NORTE BARRANCA,2025-10-22,NA,60,53,202,86,113
NORTE BARRANCA,2025-10-23,NA,51,35,191,92,87
NORTE BARRANCA,2025-10-24,NA,46,36,180,109,83
NORTE BARRANCA,2025-10-25,NA,38,22,201,92,66
NORTE BARRANCA,2025-10-26,NA,27,21,158,66,46
NORTE BARRANCA,2025-10-27,NA,24,17,149,54,35
NORTE BARRANCA,2025-10-28,NA,32,12,161,57,42
NORTE BARRANCA,2025-10-29,NA,28,20,149,96,39
NORTE BARRANCA,2025-10-30,NA,31,22,208,90,37
NORTE BARRANCA,2025-10-31,NA,46,35,186,105,54
NORTE BARRANCA,2025-11-01,NA,54,34,148,86,50
NORTE BARRANCA,2025-11-02,NA,35,23,147,70,35
NORTE BARRANCA,2025-11-03,NA,27,19,116,62,29
NORTE BARRANCA,2025-11-04,NA,29,17,153,81,46
NORTE BARRANCA,2025-11-05,NA,32,17,156,92,47
NORTE BARRANCA,2025-11-06,NA,21,23,138,88,46
NORTE BARRANCA,2025-11-07,NA,30,17,134,95,41
NORTE BARRANCA,2025-11-08,NA,38,12,129,99,60
NORTE BARRANCA,2025-11-09,NA,34,14,110,79,50
NORTE BARRANCA,2025-11-10,NA,19,9,98,77,36
NORTE BARRANCA,2025-11-11,NA,26,22,141,95,50
NORTE BARRANCA,2025-11-12,NA,25,31,144,90,52
NORTE BARRANCA,2025-11-13,NA,36,39,136,107,60
NORTE BARRANCA,2025-11-14,NA,31,36,152,113,72
NORTE BARRANCA,2025-11-15,NA,34,30,136,126,49
NORTE BARRANCA,2025-11-16,NA,39,31,142,83,45
NORTE BARRANCA,2025-11-17,NA,35,27,100,66,36
NORTE BARRANCA,2025-11-18,NA,46,41,180,77,67
NORTE BARRANCA,2025-11-19,NA,41,33,149,89,66
NORTE BARRANCA,2025-11-20,NA,47,24,144,91,85
NORTE BARRANCA,2025-11-21,NA,47,29,206,103,92
NORTE BARRANCA,2025-11-22,NA,53,34,221,107,93
NORTE BARRANCA,2025-11-23,NA,50,37,161,89,70
NORTE BARRANCA,2025-11-24,NA,51,46,127,51,56
NORTE BARRANCA,2025-11-25,NA,38,45,164,91,53
NORTE BARRANCA,2025-11-26,NA,37,25,160,111,67
NORTE BARRANCA,2025-11-27,NA,29,26,129,116,87
NORTE BARRANCA,2025-11-28,NA,26,23,130,119,62
NORTE BARRANCA,2025-11-29,NA,29,15,139,107,57
NORTE BARRANCA,2025-11-30,NA,27,24,130,76,51
NORTE BARRANCA,2025-12-01,NA,24,19,111,67,44
NORTE BARRANCA,2025-12-02,NA,25,24,124,107,66
NORTE BARRANCA,2025-12-03,NA,34,10,112,94,57
NORTE BARRANCA,2025-12-04,NA,17,23,143,109,45
NORTE BARRANCA,2025-12-05,NA,28,30,150,130,51
NORTE BARRANCA,2025-12-06,NA,34,29,149,159,45
NORTE BARRANCA,2025-12-07,NA,32,25,129,109,44
NORTE BARRANCA,2025-12-08,NA,23,19,92,85,35
NORTE BARRANCA,2025-12-09,NA,37,28,129,101,58
NORTE BARRANCA,2025-12-10,NA,30,31,143,118,82
NORTE BARRANCA,2025-12-11,NA,38,26,131,128,76
NORTE BARRANCA,2025-12-12,NA,32,27,131,148,66
NORTE BARRANCA,2025-12-13,NA,36,20,134,143,41
NORTE BARRANCA,2025-12-14,NA,30,17,110,133,45
NORTE BARRANCA,2025-12-15,NA,21,14,110,108,48
NORTE BARRANCA,2025-12-16,NA,29,27,105,153,56
NORTE BARRANCA,2025-12-17,NA,44,41,152,168,66
NORTE BARRANCA,2025-12-18,NA,48,43,139,193,63
NORTE BARRANCA,2025-12-19,NA,49,34,127,181,72
NORTE BARRANCA,2025-12-20,NA,61,38,105,154,74
NORTE BARRANCA,2025-12-21,NA,63,33,93,126,69
NORTE BARRANCA,2025-12-22,NA,55,24,88,82,55
NORTE BARRANCA,2025-12-23,NA,39,24,108,131,63
NORTE BARRANCA,2025-12-24,NA,30,23,114,90,61
NORTE BARRANCA,2025-12-25,NA,30,19,101,88,59
NORTE BARRANCA,2025-12-26,NA,38,25,99,94,52
NORTE BARRANCA,2025-12-27,NA,27,22,126,113,53
NORTE BARRANCA,2025-12-28,NA,28,13,99,97,44
NORTE BARRANCA,2025-12-29,NA,27,15,102,75,27
NORTE BARRANCA,2025-12-30,NA,29,20,116,94,32
NORTE BARRANCA,2025-12-31,NA,30,24,118,90,41
NORTE BARRANCA,2026-01-01,NA,27,25,114,95,45
NORTE BARRANCA,2026-01-02,NA,35,34,141,108,42
NORTE BARRANCA,2026-01-03,NA,42,37,148,102,56
NORTE BARRANCA,2026-01-04,NA,34,22,137,91,60
NORTE BARRANCA,2026-01-05,NA,25,16,97,78,40
NORTE BARRANCA,2026-01-06,NA,31,27,141,102,57
NORTE BARRANCA,2026-01-07,NA,35,29,115,95,56
NORTE BARRANCA,2026-01-08,NA,36,26,159,146,52
NORTE BARRANCA,2026-01-09,NA,46,43,163,150,84
NORTE BARRANCA,2026-01-10,NA,63,35,174,161,81
NORTE BARRANCA,2026-01-11,NA,59,38,173,129,61
NORTE BARRANCA,2026-01-12,NA,46,41,101,85,56
NORTE BARRANCA,2026-01-13,NA,48,44,145,135,68
NORTE BARRANCA,2026-01-14,NA,52,57,132,154,69
NORTE BARRANCA,2026-01-15,NA,43,34,118,165,60
NORTE BARRANCA,2026-01-16,NA,38,26,153,161,65
NORTE BARRANCA,2026-01-17,NA,50,34,150,177,84
NORTE BARRANCA,2026-01-18,NA,48,41,119,133,84
NORTE BARRANCA,2026-01-19,NA,49,50,93,91,85
NORTE BARRANCA,2026-01-20,NA,50,43,138,125,82
NORTE BARRANCA,2026-01-21,NA,35,31,150,143,82
NORTE BARRANCA,2026-01-22,NA,32,33,134,160,73
NORTE BARRANCA,2026-01-23,NA,38,26,132,165,63
NORTE BARRANCA,2026-01-24,NA,46,37,245,190,78
NORTE BARRANCA,2026-01-25,NA,61,50,299,158,101
NORTE BARRANCA,2026-01-26,NA,71,62,469,133,112
NORTE BARRANCA,2026-01-27,NA,73,72,482,177,114
NORTE BARRANCA,2026-01-28,NA,75,60,465,189,100
NORTE BARRANCA,2026-01-29,NA,72,51,425,156,95
NORTE BARRANCA,2026-01-30,NA,70,74,420,170,96
NORTE BARRANCA,2026-01-31,NA,86,88,359,168,100
NORTE BARRANCA,2026-02-01,NA,75,80,340,131,92
NORTE BARRANCA,2026-02-02,NA,77,74,279,111,100
NORTE BARRANCA,2026-02-03,NA,88,74,354,133,107
NORTE BARRANCA,2026-02-04,NA,85,82,259,132,108
NORTE BARRANCA,2026-02-05,NA,77,65,217,143,100
NORTE BARRANCA,2026-02-06,NA,63,59,139,132,82
NORTE BARRANCA,2026-02-07,NA,53,42,138,139,92
NORTE BARRANCA,2026-02-08,NA,46,37,128,101,79
NORTE BARRANCA,2026-02-09,NA,44,35,123,87,65
NORTE BARRANCA,2026-02-10,NA,48,29,147,154,68
NORTE BARRANCA,2026-02-11,NA,58,33,214,151,86
NORTE BARRANCA,2026-02-12,NA,60,36,184,158,91
NORTE BARRANCA,2026-02-13,NA,58,28,165,186,79
NORTE BARRANCA,2026-02-14,NA,58,32,178,164,83
NORTE BARRANCA,2026-02-15,NA,64,28,154,106,84
NORTE BARRANCA,2026-02-16,NA,59,24,153,84,80
NORTE BARRANCA,2026-02-17,NA,46,57,166,149,104
NORTE BARRANCA,2026-02-18,NA,58,43,201,137,104
NORTE BARRANCA,2026-02-19,NA,50,39,253,169,91
NORTE BARRANCA,2026-02-20,NA,56,52,267,184,106
NORTE BARRANCA,2026-02-21,NA,64,50,246,159,90
NORTE BARRANCA,2026-02-22,NA,63,70,202,139,104
NORTE BARRANCA,2026-02-23,NA,55,60,131,99,93
NORTE BARRANCA,2026-02-24,NA,54,49,177,146,116
NORTE BARRANCA,2026-02-25,NA,52,42,122,121,110
NORTE BARRANCA,2026-02-26,NA,47,33,139,147,106
NORTE BARRANCA,2026-02-27,NA,49,35,145,151,64
NORTE BARRANCA,2026-02-28,NA,56,38,176,156,67
NORTE BARRANCA,2026-03-01,NA,63,38,188,89,63
NORTE BARRANCA,2026-03-02,NA,54,35,123,79,51
NORTE BARRANCA,2026-03-03,NA,43,45,162,81,74
NORTE BARRANCA,2026-03-04,NA,42,33,135,119,69
NORTE BARRANCA,2026-03-05,NA,48,31,168,128,74
NORTE BARRANCA,2026-03-06,NA,47,37,153,118,80
NORTE BARRANCA,2026-03-07,NA,58,31,174,117,80
NORTE BARRANCA,2026-03-08,NA,38,19,169,110,77
NORTE BARRANCA,2026-03-09,NA,29,24,131,83,64
NORTE BARRANCA,2026-03-10,NA,40,38,143,124,86
NORTE BARRANCA,2026-03-11,NA,43,57,175,121,97
NORTE BARRANCA,2026-03-12,NA,40,37,205,148,106
NORTE BARRANCA,2026-03-13,NA,50,36,172,138,86
NORTE BARRANCA,2026-03-14,NA,49,42,182,140,93
NORTE BARRANCA,2026-03-15,NA,47,44,157,131,83
NORTE BARRANCA,2026-03-16,NA,50,31,150,90,66
NORTE BARRANCA,2026-03-17,NA,66,50,142,124,70
NORTE BARRANCA,2026-03-18,NA,49,51,180,124,94
NORTE BARRANCA,2026-03-19,NA,41,44,163,159,95
NORTE BARRANCA,2026-03-20,NA,39,39,216,124,89
NORTE BARRANCA,2026-03-21,NA,46,37,226,163,82
NORTE BARRANCA,2026-03-22,NA,48,36,212,117,82
NORTE BARRANCA,2026-03-23,NA,54,22,133,94,55
NORTE BARRANCA,2026-03-24,NA,51,28,137,101,65
NORTE BARRANCA,2026-03-25,NA,42,33,146,128,71
NORTE BARRANCA,2026-03-26,NA,43,30,174,140,77
NORTE BARRANCA,2026-03-27,NA,44,27,137,109,81
NORTE BARRANCA,2026-03-28,NA,54,24,152,139,73
NORTE BARRANCA,2026-03-29,NA,52,15,107,104,72
NORTE BARRANCA,2026-03-30,NA,31,16,109,81,47
NORTE BARRANCA,2026-03-31,NA,49,24,145,124,81
NORTE BARRANCA,2026-04-01,NA,45,25,166,106,80
NORTE BARRANCA,2026-04-02,NA,51,33,195,118,93
NORTE BARRANCA,2026-04-03,NA,65,29,165,111,92
NORTE BARRANCA,2026-04-04,NA,47,19,135,78,70
NORTE BARRANCA,2026-04-05,NA,41,28,103,65,60
NORTE BARRANCA,2026-04-06,NA,43,22,95,83,39
NORTE BARRANCA,2026-04-07,NA,40,31,154,90,55
NORTE BARRANCA,2026-04-08,NA,32,35,159,110,77
NORTE BARRANCA,2026-04-09,NA,45,16,184,145,71
NORTE BARRANCA,2026-04-10,NA,46,30,197,137,88
NORTE BARRANCA,2026-04-11,NA,53,35,257,136,99
NORTE BARRANCA,2026-04-12,NA,56,39,236,90,84
NORTE BARRANCA,2026-04-13,NA,44,36,188,74,66
NORTE BARRANCA,2026-04-14,NA,54,45,256,102,68
NORTE BARRANCA,2026-04-15,NA,58,60,255,138,101
NORTE BARRANCA,2026-04-16,NA,60,53,240,135,120
NORTE BARRANCA,2026-04-17,NA,54,47,239,113,121
NORTE BARRANCA,2026-04-18,NA,69,45,224,146,136
NORTE BARRANCA,2026-04-19,NA,57,46,200,97,122
NORTE BARRANCA,2026-04-20,NA,48,39,159,71,100
NORTE BARRANCA,2026-04-21,NA,51,46,189,118,111
NORTE BARRANCA,2026-04-22,NA,46,50,214,115,106
NORTE BARRANCA,2026-04-23,NA,49,33,197,117,93
NORTE BARRANCA,2026-04-24,NA,51,35,170,126,88
NORTE BARRANCA,2026-04-25,NA,52,47,171,137,112
NORTE BARRANCA,2026-04-26,NA,45,41,157,99,90
NORTE BARRANCA,2026-04-27,NA,40,32,159,93,80
NORTE BARRANCA,2026-04-28,NA,50,51,177,121,98
NORTE BARRANCA,2026-04-29,NA,49,42,190,122,89
NORTE BARRANCA,2026-04-30,NA,47,26,138,127,80
NORTE BARRANCA,2026-05-01,NA,44,32,178,82,71
NORTE BARRANCA,2026-05-02,NA,69,40,365,89,83
NORTE BARRANCA,2026-05-03,NA,80,53,305,92,93
NORTE BARRANCA,2026-05-04,NA,94,63,250,65,102
NORTE BARRANCA,2026-05-05,NA,81,71,218,110,110
NORTE BARRANCA,2026-05-06,NA,60,61,204,136,117
NORTE BARRANCA,2026-05-07,NA,45,34,184,121,128
NORTE BARRANCA,2026-05-08,NA,41,41,169,109,89
NORTE BARRANCA,2026-05-09,NA,42,40,186,116,82
NORTE BARRANCA,2026-05-10,NA,44,31,170,90,77
NORTE BARRANCA,2026-05-11,NA,36,28,166,72,70
NORTE BARRANCA,2026-05-12,NA,55,35,234,114,91
NORTE BARRANCA,2026-05-13,NA,50,38,239,147,98
NORTE BARRANCA,2026-05-14,NA,49,48,252,139,98
NORTE BARRANCA,2026-05-15,NA,59,44,213,154,103
NORTE BARRANCA,2026-05-16,NA,52,46,228,167,92
NORTE BARRANCA,2026-05-17,NA,46,28,202,134,76
NORTE BARRANCA,2026-05-18,NA,47,16,225,123,56
NORTE BARRANCA,2026-05-19,NA,49,29,182,132,89
NORTE BARRANCA,2026-05-20,NA,47,24,196,127,76
NORTE BARRANCA,2026-05-21,NA,50,31,209,151,97
NORTE BARRANCA,2026-05-22,NA,61,24,184,146,90
NORTE BARRANCA,2026-05-23,NA,69,23,221,164,82
NORTE BARRANCA,2026-05-24,NA,58,23,209,141,89
NORTE BARRANCA,2026-05-25,NA,51,33,185,108,76
NORTE BARRANCA,2026-05-26,NA,41,26,231,112,81
NORTE BARRANCA,2026-05-27,NA,37,34,301,131,86
NORTE BARRANCA,2026-05-28,NA,43,29,259,127,88
NORTE BARRANCA,2026-05-29,NA,50,39,185,119,88
NORTE BARRANCA,2026-05-30,NA,51,37,206,131,75
NORTE BARRANCA,2026-05-31,NA,53,40,227,74,76
NORTE BARRANCA,2026-06-01,NA,39,39,202,53,68
NORTE BARRANCA,2026-06-02,NA,45,53,238,94,95
NORTE BARRANCA,2026-06-03,NA,50,51,241,118,94
NORTE BARRANCA,2026-06-04,NA,47,53,288,147,99
NORTE BARRANCA,2026-06-05,NA,44,67,440,166,105
NORTE BARRANCA,2026-06-06,NA,54,85,442,154,114
NORTE BARRANCA,2026-06-07,NA,85,105,476,105,124
NORTE BARRANCA,2026-06-08,NA,91,114,393,92,131
NORTE BARRANCA,2026-06-09,NA,87,107,312,127,125
NORTE BARRANCA,2026-06-10,NA,94,128,295,121,146
NORTE BARRANCA,2026-06-11,NA,82,115,248,121,153
NORTE BARRANCA,2026-06-12,NA,73,107,187,147,144
NORTE BARRANCA,2026-06-13,NA,69,109,216,136,131
NORTE BARRANCA,2026-06-14,NA,69,106,244,118,129
NORTE BARRANCA,2026-06-15,NA,52,98,251,77,109
NORTE BARRANCA,2026-06-16,NA,69,115,445,134,111
NORTE BARRANCA,2026-06-17,NA,79,124,378,131,128
NORTE BARRANCA,2026-06-18,NA,89,136,315,144,135
NORTE BARRANCA,2026-06-19,NA,106,148,277,120,156
NORTE BARRANCA,2026-06-20,NA,103,156,352,138,157
NORTE BARRANCA,2026-06-21,NA,93,164,307,118,156
NORTE BARRANCA,2026-06-22,NA,96,173,207,86,142
NORTE BARRANCA,2026-06-23,NA,79,114,228,105,115
NORTE BARRANCA,2026-06-24,NA,71,111,196,117,111
NORTE BARRANCA,2026-06-25,NA,65,81,205,110,95
NORTE BARRANCA,2026-06-26,NA,62,70,181,120,100
NORTE BARRANCA,2026-06-27,NA,66,71,193,116,102
NORTE BARRANCA,2026-06-28,NA,69,68,212,107,82
NORTE BARRANCA,2026-06-29,NA,46,62,171,71,75
NORTE BARRANCA,2026-06-30,NA,44,43,169,98,85
NORTE BARRANCA,2026-07-01,NA,43,29,171,74,76
NORTE BARRANCA,2026-07-02,NA,50,28,181,125,77
NORTE BARRANCA,2026-07-03,NA,47,36,213,115,79
NORTE BARRANCA,2026-07-04,NA,51,29,252,147,91
NORTE BARRANCA,2026-07-05,NA,53,42,214,118,79
NORTE BARRANCA,2026-07-06,NA,48,33,191,72,63
NORTE BARRANCA,2026-07-07,NA,51,48,229,116,88
NORTE BARRANCA,2026-07-08,NA,45,49,216,114,88
NORTE BARRANCA,2026-07-09,NA,39,30,170,120,84
NORTE BARRANCA,2026-07-10,NA,44,31,152,135,88
NORTE BARRANCA,2026-07-11,NA,38,26,170,145,92
NORTE BARRANCA,2026-07-12,NA,41,18,180,93,83
NORTE BARRANCA,2026-07-13,NA,40,14,162,59,51
NORTE BARRANCA,2026-07-14,NA,54,38,213,155,90
NORTE BARRANCA,2026-07-15,NA,50,41,313,222,95
NORTE BARRANCA,2026-07-16,NA,64,62,334,227,121
NORTE BARRANCA,2026-07-17,NA,86,81,261,236,134
NORTE BARRANCA,2026-07-18,NA,120,97,259,201,137
NORTE BARRANCA,2026-07-19,NA,143,117,257,152,155
NORTE BARRANCA,2026-07-20,NA,149,124,205,115,149
NORTE BARRANCA,2026-07-21,NA,113,136,257,155,156
NORTE BARRANCA,2026-07-22,NA,113,142,275,187,161
NORTE BARRANCA,2026-07-23,NA,111,141,278,175,161
NORTE BARRANCA,2026-07-24,NA,99,141,228,158,167
NORTE BARRANCA,2026-07-25,NA,85,107,253,162,152
NORTE BARRANCA,2026-07-26,NA,95,112,189,149,146
NORTE BARRANCA,2026-07-27,NA,68,89,198,113,152
NORTE BARRANCA,2026-07-28,NA,57,99,285,130,132
NORTE BARRANCA,2026-07-29,NA,54,74,279,142,141
NORTE BARRANCA,2026-07-30,NA,62,59,247,147,135
NORTE BARRANCA,2026-07-31,NA,63,47,216,154,119
NORTE BARRANCA,2026-08-01,29,68,42,244,155,104
NORTE BARRANCA,2026-08-02,28,56,51,277,137,101
NORTE BARRANCA,2026-08-03,24,66,51,328,117,107
NORTE BARRANCA,2026-08-04,43,96,62,325,137,103
NORTE BARRANCA,2026-08-05,34,96,59,298,174,112
NORTE BARRANCA,2026-08-06,26,91,62,252,165,101
NORTE BARRANCA,2026-08-07,22,88,61,224,177,117
NORTE BARRANCA,2026-08-08,10,57,44,248,155,104
NORTE BARRANCA,2026-08-09,8,54,43,273,142,109
NORTE BARRANCA,2026-08-10,3,57,40,200,108,108
NORTE BARRANCA,2026-08-11,31,56,52,229,120,124
NORTE BARRANCA,2026-08-12,20,52,47,238,136,112
NORTE BARRANCA,2026-08-13,23,44,40,225,142,94
NORTE BARRANCA,2026-08-14,38,38,42,209,141,71
NORTE BARRANCA,2026-08-15,31,47,32,218,210,73
NORTE BARRANCA,2026-08-16,43,62,41,274,143,87
NORTE BARRANCA,2026-08-17,29,52,34,257,121,90
NORTE BARRANCA,2026-08-18,56,52,50,295,203,114
NORTE BARRANCA,2026-08-19,27,54,57,290,161,96
NORTE BARRANCA,2026-08-20,17,55,48,274,157,99
NORTE BARRANCA,2026-08-21,9,54,28,251,187,86
NORTE BARRANCA,2026-08-22,8,59,40,225,170,83
NORTE BARRANCA,2026-08-23,3,51,39,215,142,70
NORTE BARRANCA,2026-08-24,5,35,23,151,99,69
NORTE LA BAJA,2025-08-24,NA,64,11,195,99,81
NORTE LA BAJA,2025-08-25,NA,52,12,158,84,50
NORTE LA BAJA,2025-08-26,NA,45,17,242,95,58
NORTE LA BAJA,2025-08-27,NA,58,21,382,91,56
NORTE LA BAJA,2025-08-28,NA,66,26,426,101,64
NORTE LA BAJA,2025-08-29,NA,89,31,503,123,64
NORTE LA BAJA,2025-08-30,NA,100,35,545,130,71
NORTE LA BAJA,2025-08-31,NA,128,41,511,116,83
NORTE LA BAJA,2025-09-01,NA,129,39,394,83,65
NORTE LA BAJA,2025-09-02,NA,133,46,450,109,98
NORTE LA BAJA,2025-09-03,NA,108,57,419,126,105
NORTE LA BAJA,2025-09-04,NA,100,51,371,115,132
NORTE LA BAJA,2025-09-05,NA,99,41,350,134,134
NORTE LA BAJA,2025-09-06,NA,89,39,331,115,132
NORTE LA BAJA,2025-09-07,NA,87,48,290,113,117
NORTE LA BAJA,2025-09-08,NA,77,42,216,88,86
NORTE LA BAJA,2025-09-09,NA,76,36,242,110,91
NORTE LA BAJA,2025-09-10,NA,57,32,212,85,92
NORTE LA BAJA,2025-09-11,NA,71,23,230,88,105
NORTE LA BAJA,2025-09-12,NA,70,25,176,80,103
NORTE LA BAJA,2025-09-13,NA,85,22,185,89,79
NORTE LA BAJA,2025-09-14,NA,76,18,163,88,55
NORTE LA BAJA,2025-09-15,NA,46,6,132,63,36
NORTE LA BAJA,2025-09-16,NA,43,15,162,84,40
NORTE LA BAJA,2025-09-17,NA,44,23,183,98,55
NORTE LA BAJA,2025-09-18,NA,49,19,166,88,58
NORTE LA BAJA,2025-09-19,NA,55,17,219,75,68
NORTE LA BAJA,2025-09-20,NA,54,18,291,112,83
NORTE LA BAJA,2025-09-21,NA,65,28,307,89,87
NORTE LA BAJA,2025-09-22,NA,71,16,194,64,64
NORTE LA BAJA,2025-09-23,NA,81,30,250,77,87
NORTE LA BAJA,2025-09-24,NA,61,33,232,85,94
NORTE LA BAJA,2025-09-25,NA,69,28,253,78,84
NORTE LA BAJA,2025-09-26,NA,66,20,277,95,81
NORTE LA BAJA,2025-09-27,NA,65,31,254,139,71
NORTE LA BAJA,2025-09-28,NA,84,28,296,86,72
NORTE LA BAJA,2025-09-29,NA,76,18,233,72,43
NORTE LA BAJA,2025-09-30,NA,83,18,246,76,68
NORTE LA BAJA,2025-10-01,NA,72,21,258,70,78
NORTE LA BAJA,2025-10-02,NA,81,30,248,79,80
NORTE LA BAJA,2025-10-03,NA,68,34,226,97,81
NORTE LA BAJA,2025-10-04,NA,73,33,260,91,79
NORTE LA BAJA,2025-10-05,NA,75,39,258,77,83
NORTE LA BAJA,2025-10-06,NA,73,25,185,50,52
NORTE LA BAJA,2025-10-07,NA,64,23,215,89,73
NORTE LA BAJA,2025-10-08,NA,67,16,190,109,90
NORTE LA BAJA,2025-10-09,NA,72,14,226,91,75
NORTE LA BAJA,2025-10-10,NA,73,26,261,111,72
NORTE LA BAJA,2025-10-11,NA,86,27,277,128,54
NORTE LA BAJA,2025-10-12,NA,84,21,306,122,60
NORTE LA BAJA,2025-10-13,NA,59,15,275,83,33
NORTE LA BAJA,2025-10-14,NA,75,24,288,81,63
NORTE LA BAJA,2025-10-15,NA,90,39,279,80,65
NORTE LA BAJA,2025-10-16,NA,83,56,385,102,76
NORTE LA BAJA,2025-10-17,NA,88,52,345,127,90
NORTE LA BAJA,2025-10-18,NA,96,47,319,137,81
NORTE LA BAJA,2025-10-19,NA,92,39,324,90,74
NORTE LA BAJA,2025-10-20,NA,69,19,215,84,58
NORTE LA BAJA,2025-10-21,NA,67,26,246,90,40
NORTE LA BAJA,2025-10-22,NA,62,18,251,96,84
NORTE LA BAJA,2025-10-23,NA,79,14,223,115,63
NORTE LA BAJA,2025-10-24,NA,68,15,190,112,68
NORTE LA BAJA,2025-10-25,NA,70,11,199,107,60
NORTE LA BAJA,2025-10-26,NA,67,15,176,84,40
NORTE LA BAJA,2025-10-27,NA,56,10,127,85,30
NORTE LA BAJA,2025-10-28,NA,50,16,160,84,42
NORTE LA BAJA,2025-10-29,NA,52,20,176,69,62
NORTE LA BAJA,2025-10-30,NA,55,16,194,82,57
NORTE LA BAJA,2025-10-31,NA,69,12,197,108,61
NORTE LA BAJA,2025-11-01,NA,93,18,223,72,62
NORTE LA BAJA,2025-11-02,NA,115,19,244,76,71
NORTE LA BAJA,2025-11-03,NA,97,15,188,62,57
NORTE LA BAJA,2025-11-04,NA,82,30,195,82,41
NORTE LA BAJA,2025-11-05,NA,77,36,212,71,49
NORTE LA BAJA,2025-11-06,NA,67,35,181,80,55
NORTE LA BAJA,2025-11-07,NA,80,35,176,89,67
NORTE LA BAJA,2025-11-08,NA,91,32,146,109,63
NORTE LA BAJA,2025-11-09,NA,103,26,165,80,70
NORTE LA BAJA,2025-11-10,NA,69,25,170,78,48
NORTE LA BAJA,2025-11-11,NA,67,29,202,78,83
NORTE LA BAJA,2025-11-12,NA,62,23,218,99,73
NORTE LA BAJA,2025-11-13,NA,75,17,216,106,87
NORTE LA BAJA,2025-11-14,NA,60,23,214,109,86
NORTE LA BAJA,2025-11-15,NA,62,26,206,138,81
NORTE LA BAJA,2025-11-16,NA,83,25,249,123,63
NORTE LA BAJA,2025-11-17,NA,78,30,221,102,51
NORTE LA BAJA,2025-11-18,NA,96,35,294,161,65
NORTE LA BAJA,2025-11-19,NA,108,46,296,129,96
NORTE LA BAJA,2025-11-20,NA,112,64,264,116,98
NORTE LA BAJA,2025-11-21,NA,73,46,203,95,92
NORTE LA BAJA,2025-11-22,NA,83,50,240,130,120
NORTE LA BAJA,2025-11-23,NA,92,45,248,127,123
NORTE LA BAJA,2025-11-24,NA,76,32,218,95,76
NORTE LA BAJA,2025-11-25,NA,81,35,208,105,68
NORTE LA BAJA,2025-11-26,NA,78,25,264,109,63
NORTE LA BAJA,2025-11-27,NA,87,32,245,98,75
NORTE LA BAJA,2025-11-28,NA,89,36,216,109,76
NORTE LA BAJA,2025-11-29,NA,83,20,217,108,68
NORTE LA BAJA,2025-11-30,NA,98,35,246,120,64
NORTE LA BAJA,2025-12-01,NA,75,26,162,75,46
NORTE LA BAJA,2025-12-02,NA,67,30,248,112,63
NORTE LA BAJA,2025-12-03,NA,62,28,244,92,67
NORTE LA BAJA,2025-12-04,NA,76,46,231,103,63
NORTE LA BAJA,2025-12-05,NA,85,44,212,107,74
NORTE LA BAJA,2025-12-06,NA,91,44,224,113,78
NORTE LA BAJA,2025-12-07,NA,91,55,213,115,74
NORTE LA BAJA,2025-12-08,NA,73,29,155,98,35
NORTE LA BAJA,2025-12-09,NA,62,26,192,87,51
NORTE LA BAJA,2025-12-10,NA,56,34,160,90,59
NORTE LA BAJA,2025-12-11,NA,56,25,173,80,50
NORTE LA BAJA,2025-12-12,NA,68,15,184,99,49
NORTE LA BAJA,2025-12-13,NA,70,25,182,125,42
NORTE LA BAJA,2025-12-14,NA,71,25,200,104,50
NORTE LA BAJA,2025-12-15,NA,53,23,163,81,33
NORTE LA BAJA,2025-12-16,NA,59,33,206,118,72
NORTE LA BAJA,2025-12-17,NA,70,35,212,125,82
NORTE LA BAJA,2025-12-18,NA,63,28,222,145,66
NORTE LA BAJA,2025-12-19,NA,61,31,195,117,63
NORTE LA BAJA,2025-12-20,NA,69,26,210,135,73
NORTE LA BAJA,2025-12-21,NA,70,29,202,119,79
NORTE LA BAJA,2025-12-22,NA,78,24,145,75,48
NORTE LA BAJA,2025-12-23,NA,73,29,194,112,73
NORTE LA BAJA,2025-12-24,NA,55,26,180,92,77
NORTE LA BAJA,2025-12-25,NA,63,19,210,72,66
NORTE LA BAJA,2025-12-26,NA,69,14,273,70,59
NORTE LA BAJA,2025-12-27,NA,97,45,323,148,77
NORTE LA BAJA,2025-12-28,NA,96,45,349,125,56
NORTE LA BAJA,2025-12-29,NA,70,33,242,120,38
NORTE LA BAJA,2025-12-30,NA,88,53,300,111,72
NORTE LA BAJA,2025-12-31,NA,100,56,271,129,84
NORTE LA BAJA,2026-01-01,NA,96,48,219,87,85
NORTE LA BAJA,2026-01-02,NA,105,50,338,107,80
NORTE LA BAJA,2026-01-03,NA,118,56,450,154,85
NORTE LA BAJA,2026-01-04,NA,120,62,450,161,69
NORTE LA BAJA,2026-01-05,NA,118,61,351,129,61
NORTE LA BAJA,2026-01-06,NA,121,63,364,138,87
NORTE LA BAJA,2026-01-07,NA,115,67,296,148,89
NORTE LA BAJA,2026-01-08,NA,102,60,312,150,83
NORTE LA BAJA,2026-01-09,NA,105,46,300,122,68
NORTE LA BAJA,2026-01-10,NA,111,54,300,148,79
NORTE LA BAJA,2026-01-11,NA,119,60,323,125,70
NORTE LA BAJA,2026-01-12,NA,102,50,304,110,59
NORTE LA BAJA,2026-01-13,NA,92,52,351,156,71
NORTE LA BAJA,2026-01-14,NA,109,72,335,160,91
NORTE LA BAJA,2026-01-15,NA,119,70,307,178,87
NORTE LA BAJA,2026-01-16,NA,110,68,260,188,93
NORTE LA BAJA,2026-01-17,NA,124,77,274,174,110
NORTE LA BAJA,2026-01-18,NA,133,85,286,153,99
NORTE LA BAJA,2026-01-19,NA,127,76,222,97,75
NORTE LA BAJA,2026-01-20,NA,110,72,251,118,83
NORTE LA BAJA,2026-01-21,NA,102,63,217,123,72
NORTE LA BAJA,2026-01-22,NA,86,62,222,146,84
NORTE LA BAJA,2026-01-23,NA,79,63,242,133,88
NORTE LA BAJA,2026-01-24,NA,77,53,235,157,91
NORTE LA BAJA,2026-01-25,NA,98,41,208,88,68
NORTE LA BAJA,2026-01-26,NA,76,43,168,73,52
NORTE LA BAJA,2026-01-27,NA,80,34,170,103,75
NORTE LA BAJA,2026-01-28,NA,77,33,157,106,86
NORTE LA BAJA,2026-01-29,NA,88,29,161,146,79
NORTE LA BAJA,2026-01-30,NA,90,17,203,169,69
NORTE LA BAJA,2026-01-31,NA,93,26,220,170,79
NORTE LA BAJA,2026-02-01,NA,154,36,226,107,80
NORTE LA BAJA,2026-02-02,NA,118,33,175,106,66
NORTE LA BAJA,2026-02-03,NA,132,50,217,127,74
NORTE LA BAJA,2026-02-04,NA,106,38,204,145,115
NORTE LA BAJA,2026-02-05,NA,97,43,198,138,113
NORTE LA BAJA,2026-02-06,NA,84,33,169,125,106
NORTE LA BAJA,2026-02-07,NA,87,31,196,159,96
NORTE LA BAJA,2026-02-08,NA,93,35,211,120,87
NORTE LA BAJA,2026-02-09,NA,85,32,169,83,67
NORTE LA BAJA,2026-02-10,NA,93,27,188,107,64
NORTE LA BAJA,2026-02-11,NA,87,29,182,122,87
NORTE LA BAJA,2026-02-12,NA,89,21,207,151,82
NORTE LA BAJA,2026-02-13,NA,79,25,220,152,92
NORTE LA BAJA,2026-02-14,NA,87,27,208,146,72
NORTE LA BAJA,2026-02-15,NA,88,43,205,121,76
NORTE LA BAJA,2026-02-16,NA,71,37,188,100,55
NORTE LA BAJA,2026-02-17,NA,82,37,229,127,74
NORTE LA BAJA,2026-02-18,NA,89,60,288,141,91
NORTE LA BAJA,2026-02-19,NA,85,58,344,147,100
NORTE LA BAJA,2026-02-20,NA,81,50,318,182,104
NORTE LA BAJA,2026-02-21,NA,99,50,333,202,104
NORTE LA BAJA,2026-02-22,NA,104,45,363,157,108
NORTE LA BAJA,2026-02-23,NA,84,35,316,106,82
NORTE LA BAJA,2026-02-24,NA,115,52,273,146,100
NORTE LA BAJA,2026-02-25,NA,107,39,269,138,117
NORTE LA BAJA,2026-02-26,NA,112,40,253,159,100
NORTE LA BAJA,2026-02-27,NA,136,44,254,169,97
NORTE LA BAJA,2026-02-28,NA,151,42,268,142,105
NORTE LA BAJA,2026-03-01,NA,181,52,366,118,107
NORTE LA BAJA,2026-03-02,NA,179,51,303,86,108
NORTE LA BAJA,2026-03-03,NA,178,62,346,128,108
NORTE LA BAJA,2026-03-04,NA,149,48,280,91,114
NORTE LA BAJA,2026-03-05,NA,110,44,254,106,106
NORTE LA BAJA,2026-03-06,NA,105,44,237,97,95
NORTE LA BAJA,2026-03-07,NA,111,40,247,124,95
NORTE LA BAJA,2026-03-08,NA,116,46,211,82,102
NORTE LA BAJA,2026-03-09,NA,89,38,194,79,86
NORTE LA BAJA,2026-03-10,NA,92,32,238,106,93
NORTE LA BAJA,2026-03-11,NA,84,37,230,111,86
NORTE LA BAJA,2026-03-12,NA,70,38,211,129,82
NORTE LA BAJA,2026-03-13,NA,77,29,243,139,70
NORTE LA BAJA,2026-03-14,NA,89,38,241,168,82
NORTE LA BAJA,2026-03-15,NA,83,37,262,144,88
NORTE LA BAJA,2026-03-16,NA,79,33,181,95,60
NORTE LA BAJA,2026-03-17,NA,68,40,174,91,67
NORTE LA BAJA,2026-03-18,NA,68,38,260,124,77
NORTE LA BAJA,2026-03-19,NA,74,36,282,126,80
NORTE LA BAJA,2026-03-20,NA,74,35,273,153,81
NORTE LA BAJA,2026-03-21,NA,80,39,277,140,86
NORTE LA BAJA,2026-03-22,NA,89,46,285,134,75
NORTE LA BAJA,2026-03-23,NA,73,40,215,77,57
NORTE LA BAJA,2026-03-24,NA,60,32,232,123,72
NORTE LA BAJA,2026-03-25,NA,74,35,258,127,85
NORTE LA BAJA,2026-03-26,NA,73,35,225,128,92
NORTE LA BAJA,2026-03-27,NA,75,19,205,138,61
NORTE LA BAJA,2026-03-28,NA,97,22,241,150,71
NORTE LA BAJA,2026-03-29,NA,107,25,262,102,73
NORTE LA BAJA,2026-03-30,NA,98,28,233,93,63
NORTE LA BAJA,2026-03-31,NA,92,41,223,125,79
NORTE LA BAJA,2026-04-01,NA,94,40,237,111,77
NORTE LA BAJA,2026-04-02,NA,89,39,234,141,68
NORTE LA BAJA,2026-04-03,NA,86,37,187,127,68
NORTE LA BAJA,2026-04-04,NA,67,23,163,104,56
NORTE LA BAJA,2026-04-05,NA,65,24,170,103,41
NORTE LA BAJA,2026-04-06,NA,51,31,156,87,33
NORTE LA BAJA,2026-04-07,NA,53,37,205,110,67
NORTE LA BAJA,2026-04-08,NA,59,36,212,127,62
NORTE LA BAJA,2026-04-09,NA,47,35,210,146,65
NORTE LA BAJA,2026-04-10,NA,59,20,229,164,71
NORTE LA BAJA,2026-04-11,NA,77,33,210,144,75
NORTE LA BAJA,2026-04-12,NA,63,29,211,109,68
NORTE LA BAJA,2026-04-13,NA,51,20,182,85,36
NORTE LA BAJA,2026-04-14,NA,67,36,252,101,75
NORTE LA BAJA,2026-04-15,NA,84,40,209,137,103
NORTE LA BAJA,2026-04-16,NA,98,39,240,149,108
NORTE LA BAJA,2026-04-17,NA,87,34,233,140,106
NORTE LA BAJA,2026-04-18,NA,82,29,232,155,119
NORTE LA BAJA,2026-04-19,NA,83,29,238,111,86
NORTE LA BAJA,2026-04-20,NA,53,26,144,71,68
NORTE LA BAJA,2026-04-21,NA,55,27,187,113,105
NORTE LA BAJA,2026-04-22,NA,54,32,214,132,103
NORTE LA BAJA,2026-04-23,NA,55,33,235,125,86
NORTE LA BAJA,2026-04-24,NA,77,30,222,135,85
NORTE LA BAJA,2026-04-25,NA,94,26,204,158,66
NORTE LA BAJA,2026-04-26,NA,92,23,244,116,72
NORTE LA BAJA,2026-04-27,NA,60,21,211,87,65
NORTE LA BAJA,2026-04-28,NA,69,37,232,125,79
NORTE LA BAJA,2026-04-29,NA,79,36,247,131,89
NORTE LA BAJA,2026-04-30,NA,77,35,202,111,99
NORTE LA BAJA,2026-05-01,NA,95,34,210,105,98
NORTE LA BAJA,2026-05-02,NA,104,45,201,106,84
NORTE LA BAJA,2026-05-03,NA,103,44,216,88,83
NORTE LA BAJA,2026-05-04,NA,68,22,154,75,57
NORTE LA BAJA,2026-05-05,NA,61,26,209,101,85
NORTE LA BAJA,2026-05-06,NA,60,33,192,112,94
NORTE LA BAJA,2026-05-07,NA,48,35,199,115,88
NORTE LA BAJA,2026-05-08,NA,67,24,220,129,110
NORTE LA BAJA,2026-05-09,NA,83,29,244,160,103
NORTE LA BAJA,2026-05-10,NA,86,22,251,123,99
NORTE LA BAJA,2026-05-11,NA,55,20,188,74,79
NORTE LA BAJA,2026-05-12,NA,61,40,225,115,107
NORTE LA BAJA,2026-05-13,NA,60,34,220,118,107
NORTE LA BAJA,2026-05-14,NA,60,33,216,147,126
NORTE LA BAJA,2026-05-15,NA,67,40,207,130,107
NORTE LA BAJA,2026-05-16,NA,91,41,231,163,119
NORTE LA BAJA,2026-05-17,NA,89,51,255,133,121
NORTE LA BAJA,2026-05-18,NA,56,33,180,82,75
NORTE LA BAJA,2026-05-19,NA,56,29,227,127,94
NORTE LA BAJA,2026-05-20,NA,66,40,243,128,90
NORTE LA BAJA,2026-05-21,NA,52,39,236,132,106
NORTE LA BAJA,2026-05-22,NA,50,34,227,141,102
NORTE LA BAJA,2026-05-23,NA,59,30,205,132,101
NORTE LA BAJA,2026-05-24,NA,63,20,204,99,84
NORTE LA BAJA,2026-05-25,NA,61,18,146,81,55
NORTE LA BAJA,2026-05-26,NA,65,30,198,90,82
NORTE LA BAJA,2026-05-27,NA,69,31,162,91,87
NORTE LA BAJA,2026-05-28,NA,62,29,212,114,84
NORTE LA BAJA,2026-05-29,NA,80,33,242,121,84
NORTE LA BAJA,2026-05-30,NA,122,33,366,161,98
NORTE LA BAJA,2026-05-31,NA,144,46,345,132,121
NORTE LA BAJA,2026-06-01,NA,132,46,294,75,114
NORTE LA BAJA,2026-06-02,NA,125,61,281,107,149
NORTE LA BAJA,2026-06-03,NA,118,55,284,117,151
NORTE LA BAJA,2026-06-04,NA,113,50,295,164,138
NORTE LA BAJA,2026-06-05,NA,137,65,387,134,149
NORTE LA BAJA,2026-06-06,NA,129,63,349,157,151
NORTE LA BAJA,2026-06-07,NA,116,62,341,138,173
NORTE LA BAJA,2026-06-08,NA,113,60,221,85,126
NORTE LA BAJA,2026-06-09,NA,93,65,278,107,151
NORTE LA BAJA,2026-06-10,NA,88,71,265,136,181
NORTE LA BAJA,2026-06-11,NA,79,76,253,120,156
NORTE LA BAJA,2026-06-12,NA,57,54,219,111,122
NORTE LA BAJA,2026-06-13,NA,87,45,259,143,100
NORTE LA BAJA,2026-06-14,NA,98,47,286,135,91
NORTE LA BAJA,2026-06-15,NA,100,45,215,79,88
NORTE LA BAJA,2026-06-16,NA,111,51,270,145,114
NORTE LA BAJA,2026-06-17,NA,118,47,289,120,125
NORTE LA BAJA,2026-06-18,NA,121,59,298,125,118
NORTE LA BAJA,2026-06-19,NA,116,53,299,143,134
NORTE LA BAJA,2026-06-20,NA,105,57,306,137,145
NORTE LA BAJA,2026-06-21,NA,125,52,285,128,128
NORTE LA BAJA,2026-06-22,NA,94,46,180,84,98
NORTE LA BAJA,2026-06-23,NA,75,34,204,119,102
NORTE LA BAJA,2026-06-24,NA,75,49,208,118,115
NORTE LA BAJA,2026-06-25,NA,88,41,174,165,131
NORTE LA BAJA,2026-06-26,NA,92,30,135,149,130
NORTE LA BAJA,2026-06-27,NA,109,33,217,151,125
NORTE LA BAJA,2026-06-28,NA,99,38,240,132,121
NORTE LA BAJA,2026-06-29,NA,77,34,192,86,91
NORTE LA BAJA,2026-06-30,NA,84,29,206,135,81
NORTE LA BAJA,2026-07-01,NA,87,36,197,102,97
NORTE LA BAJA,2026-07-02,NA,89,36,256,124,99
NORTE LA BAJA,2026-07-03,NA,87,38,240,149,106
NORTE LA BAJA,2026-07-04,NA,106,45,300,198,113
NORTE LA BAJA,2026-07-05,NA,102,45,281,133,105
NORTE LA BAJA,2026-07-06,NA,100,43,222,68,74
NORTE LA BAJA,2026-07-07,NA,90,38,264,143,87
NORTE LA BAJA,2026-07-08,NA,90,43,240,118,90
NORTE LA BAJA,2026-07-09,NA,73,54,254,114,102
NORTE LA BAJA,2026-07-10,NA,76,53,258,136,115
NORTE LA BAJA,2026-07-11,NA,94,60,308,161,111
NORTE LA BAJA,2026-07-12,NA,81,56,315,129,110
NORTE LA BAJA,2026-07-13,NA,66,54,291,111,62
NORTE LA BAJA,2026-07-14,NA,80,67,383,114,101
NORTE LA BAJA,2026-07-15,NA,86,63,418,161,120
NORTE LA BAJA,2026-07-16,NA,96,66,444,170,137
NORTE LA BAJA,2026-07-17,NA,110,68,424,191,128
NORTE LA BAJA,2026-07-18,NA,117,75,374,244,113
NORTE LA BAJA,2026-07-19,NA,121,74,386,251,131
NORTE LA BAJA,2026-07-20,NA,120,61,273,147,100
NORTE LA BAJA,2026-07-21,NA,115,63,289,157,113
NORTE LA BAJA,2026-07-22,NA,96,55,261,149,117
NORTE LA BAJA,2026-07-23,NA,89,49,236,141,114
NORTE LA BAJA,2026-07-24,NA,87,44,226,137,113
NORTE LA BAJA,2026-07-25,NA,90,37,220,162,115
NORTE LA BAJA,2026-07-26,NA,76,32,242,124,115
NORTE LA BAJA,2026-07-27,NA,68,28,181,83,74
NORTE LA BAJA,2026-07-28,NA,79,42,226,130,109
NORTE LA BAJA,2026-07-29,NA,93,36,230,131,127
NORTE LA BAJA,2026-07-30,NA,104,41,236,114,109
NORTE LA BAJA,2026-07-31,NA,104,46,232,116,113
NORTE LA BAJA,2026-08-01,88,105,49,309,130,140
NORTE LA BAJA,2026-08-02,83,139,54,310,130,143
NORTE LA BAJA,2026-08-03,51,101,47,281,103,106
NORTE LA BAJA,2026-08-04,21,112,59,305,136,131
NORTE LA BAJA,2026-08-05,24,118,56,281,146,127
NORTE LA BAJA,2026-08-06,72,110,54,302,142,118
NORTE LA BAJA,2026-08-07,51,117,47,327,147,120
NORTE LA BAJA,2026-08-08,99,120,56,333,143,119
NORTE LA BAJA,2026-08-09,55,99,45,316,165,116
NORTE LA BAJA,2026-08-10,14,79,31,260,100,72
NORTE LA BAJA,2026-08-11,193,97,47,322,91,118
NORTE LA BAJA,2026-08-12,177,104,49,318,157,138
NORTE LA BAJA,2026-08-13,242,91,43,356,148,141
NORTE LA BAJA,2026-08-14,195,107,38,393,137,135
NORTE LA BAJA,2026-08-15,239,105,41,371,183,116
NORTE LA BAJA,2026-08-16,212,118,46,388,144,124
NORTE LA BAJA,2026-08-17,146,89,41,333,89,111
NORTE LA BAJA,2026-08-18,174,110,52,415,164,115
NORTE LA BAJA,2026-08-19,164,102,53,359,154,110
NORTE LA BAJA,2026-08-20,133,111,60,346,146,135
NORTE LA BAJA,2026-08-21,99,98,48,354,154,148
NORTE LA BAJA,2026-08-22,230,122,40,367,157,135
NORTE LA BAJA,2026-08-23,207,137,38,352,156,125
NORTE LA BAJA,2026-08-24,139,97,34,239,88,101
OCCIDENTE 1,2025-08-24,NA,161,334,738,208,404
OCCIDENTE 1,2025-08-25,NA,149,329,703,159,393
OCCIDENTE 1,2025-08-26,NA,161,346,830,184,446
OCCIDENTE 1,2025-08-27,NA,144,351,798,201,443
OCCIDENTE 1,2025-08-28,NA,132,358,729,213,429
OCCIDENTE 1,2025-08-29,NA,147,347,757,211,415
OCCIDENTE 1,2025-08-30,NA,157,343,781,228,438
OCCIDENTE 1,2025-08-31,NA,155,354,755,173,433
OCCIDENTE 1,2025-09-01,NA,148,353,832,159,410
OCCIDENTE 1,2025-09-02,NA,158,383,929,189,433
OCCIDENTE 1,2025-09-03,NA,165,391,1005,186,453
OCCIDENTE 1,2025-09-04,NA,164,388,879,197,468
OCCIDENTE 1,2025-09-05,NA,140,383,732,226,449
OCCIDENTE 1,2025-09-06,NA,135,378,674,221,448
OCCIDENTE 1,2025-09-07,NA,120,374,566,167,402
OCCIDENTE 1,2025-09-08,NA,124,338,610,144,364
OCCIDENTE 1,2025-09-09,NA,108,316,742,161,346
OCCIDENTE 1,2025-09-10,NA,103,302,773,189,333
OCCIDENTE 1,2025-09-11,NA,115,300,718,162,325
OCCIDENTE 1,2025-09-12,NA,105,275,702,191,331
OCCIDENTE 1,2025-09-13,NA,126,256,726,216,354
OCCIDENTE 1,2025-09-14,NA,111,246,628,143,340
OCCIDENTE 1,2025-09-15,NA,97,221,622,141,331
OCCIDENTE 1,2025-09-16,NA,94,194,619,175,351
OCCIDENTE 1,2025-09-17,NA,96,190,737,179,343
OCCIDENTE 1,2025-09-18,NA,112,187,817,177,386
OCCIDENTE 1,2025-09-19,NA,111,206,740,173,389
OCCIDENTE 1,2025-09-20,NA,103,213,695,174,405
OCCIDENTE 1,2025-09-21,NA,103,240,601,143,405
OCCIDENTE 1,2025-09-22,NA,92,216,548,116,401
OCCIDENTE 1,2025-09-23,NA,95,203,596,143,443
OCCIDENTE 1,2025-09-24,NA,76,188,506,172,468
OCCIDENTE 1,2025-09-25,NA,84,166,461,184,453
OCCIDENTE 1,2025-09-26,NA,97,143,511,174,447
OCCIDENTE 1,2025-09-27,NA,104,119,507,181,460
OCCIDENTE 1,2025-09-28,NA,98,117,393,119,448
OCCIDENTE 1,2025-09-29,NA,87,101,375,85,413
OCCIDENTE 1,2025-09-30,NA,94,108,520,153,397
OCCIDENTE 1,2025-10-01,NA,92,127,590,160,372
OCCIDENTE 1,2025-10-02,NA,102,135,574,161,376
OCCIDENTE 1,2025-10-03,NA,113,127,478,177,352
OCCIDENTE 1,2025-10-04,NA,111,110,430,176,356
OCCIDENTE 1,2025-10-05,NA,96,94,358,129,354
OCCIDENTE 1,2025-10-06,NA,80,77,290,89,328
OCCIDENTE 1,2025-10-07,NA,90,56,353,130,337
OCCIDENTE 1,2025-10-08,NA,88,54,391,137,311
OCCIDENTE 1,2025-10-09,NA,87,55,392,151,282
OCCIDENTE 1,2025-10-10,NA,98,53,335,158,277
OCCIDENTE 1,2025-10-11,NA,102,56,365,185,280
OCCIDENTE 1,2025-10-12,NA,86,55,351,130,245
OCCIDENTE 1,2025-10-13,NA,75,47,393,103,224
OCCIDENTE 1,2025-10-14,NA,84,56,409,158,222
OCCIDENTE 1,2025-10-15,NA,86,60,414,180,236
OCCIDENTE 1,2025-10-16,NA,92,64,508,195,265
OCCIDENTE 1,2025-10-17,NA,106,71,452,191,292
OCCIDENTE 1,2025-10-18,NA,106,70,404,179,270
OCCIDENTE 1,2025-10-19,NA,79,69,361,153,241
OCCIDENTE 1,2025-10-20,NA,64,55,343,125,206
OCCIDENTE 1,2025-10-21,NA,78,53,373,200,252
OCCIDENTE 1,2025-10-22,NA,81,61,421,199,283
OCCIDENTE 1,2025-10-23,NA,81,53,374,196,294
OCCIDENTE 1,2025-10-24,NA,100,55,381,200,272
OCCIDENTE 1,2025-10-25,NA,99,50,378,228,285
OCCIDENTE 1,2025-10-26,NA,89,45,355,188,247
OCCIDENTE 1,2025-10-27,NA,77,37,295,147,213
OCCIDENTE 1,2025-10-28,NA,103,45,366,182,223
OCCIDENTE 1,2025-10-29,NA,93,46,351,180,241
OCCIDENTE 1,2025-10-30,NA,111,39,350,205,230
OCCIDENTE 1,2025-10-31,NA,122,36,357,202,246
OCCIDENTE 1,2025-11-01,NA,122,36,308,180,222
OCCIDENTE 1,2025-11-02,NA,113,37,302,150,177
OCCIDENTE 1,2025-11-03,NA,96,38,306,97,160
OCCIDENTE 1,2025-11-04,NA,101,53,319,147,204
OCCIDENTE 1,2025-11-05,NA,109,63,362,139,219
OCCIDENTE 1,2025-11-06,NA,95,67,349,167,232
OCCIDENTE 1,2025-11-07,NA,90,61,319,190,206
OCCIDENTE 1,2025-11-08,NA,89,48,312,206,197
OCCIDENTE 1,2025-11-09,NA,66,43,262,158,175
OCCIDENTE 1,2025-11-10,NA,52,41,226,126,152
OCCIDENTE 1,2025-11-11,NA,67,60,285,164,183
OCCIDENTE 1,2025-11-12,NA,90,50,314,165,198
OCCIDENTE 1,2025-11-13,NA,95,56,349,191,199
OCCIDENTE 1,2025-11-14,NA,86,63,337,221,208
OCCIDENTE 1,2025-11-15,NA,95,66,324,273,196
OCCIDENTE 1,2025-11-16,NA,74,73,330,228,178
OCCIDENTE 1,2025-11-17,NA,70,69,302,172,162
OCCIDENTE 1,2025-11-18,NA,81,95,372,263,175
OCCIDENTE 1,2025-11-19,NA,81,88,373,213,212
OCCIDENTE 1,2025-11-20,NA,90,79,334,227,239
OCCIDENTE 1,2025-11-21,NA,91,63,372,227,247
OCCIDENTE 1,2025-11-22,NA,102,86,408,237,294
OCCIDENTE 1,2025-11-23,NA,78,67,332,210,271
OCCIDENTE 1,2025-11-24,NA,59,62,278,185,236
OCCIDENTE 1,2025-11-25,NA,95,73,303,218,246
OCCIDENTE 1,2025-11-26,NA,99,86,280,237,228
OCCIDENTE 1,2025-11-27,NA,102,64,340,256,208
OCCIDENTE 1,2025-11-28,NA,101,63,329,268,206
OCCIDENTE 1,2025-11-29,NA,110,55,350,263,216
OCCIDENTE 1,2025-11-30,NA,92,44,330,222,211
OCCIDENTE 1,2025-12-01,NA,89,49,308,161,187
OCCIDENTE 1,2025-12-02,NA,92,58,339,198,202
OCCIDENTE 1,2025-12-03,NA,104,69,321,203,222
OCCIDENTE 1,2025-12-04,NA,103,75,354,195,201
OCCIDENTE 1,2025-12-05,NA,101,76,338,210,202
OCCIDENTE 1,2025-12-06,NA,109,71,347,232,176
OCCIDENTE 1,2025-12-07,NA,96,76,334,209,156
OCCIDENTE 1,2025-12-08,NA,83,61,303,215,151
OCCIDENTE 1,2025-12-09,NA,97,64,444,227,176
OCCIDENTE 1,2025-12-10,NA,114,78,427,254,179
OCCIDENTE 1,2025-12-11,NA,123,80,440,262,186
OCCIDENTE 1,2025-12-12,NA,122,90,413,267,180
OCCIDENTE 1,2025-12-13,NA,112,72,376,262,181
OCCIDENTE 1,2025-12-14,NA,106,58,324,227,168
OCCIDENTE 1,2025-12-15,NA,95,59,306,193,136
OCCIDENTE 1,2025-12-16,NA,101,76,366,268,173
OCCIDENTE 1,2025-12-17,NA,85,82,387,255,186
OCCIDENTE 1,2025-12-18,NA,94,87,342,237,185
OCCIDENTE 1,2025-12-19,NA,112,67,325,250,178
OCCIDENTE 1,2025-12-20,NA,109,68,361,278,173
OCCIDENTE 1,2025-12-21,NA,90,59,291,218,160
OCCIDENTE 1,2025-12-22,NA,89,58,289,184,132
OCCIDENTE 1,2025-12-23,NA,87,64,318,193,144
OCCIDENTE 1,2025-12-24,NA,73,56,296,148,131
OCCIDENTE 1,2025-12-25,NA,45,31,196,112,110
OCCIDENTE 1,2025-12-26,NA,54,32,193,140,101
OCCIDENTE 1,2025-12-27,NA,64,48,252,180,115
OCCIDENTE 1,2025-12-28,NA,59,58,214,160,111
OCCIDENTE 1,2025-12-29,NA,66,42,215,160,104
OCCIDENTE 1,2025-12-30,NA,69,54,280,227,169
OCCIDENTE 1,2025-12-31,NA,76,62,287,192,156
OCCIDENTE 1,2026-01-01,NA,70,51,203,149,142
OCCIDENTE 1,2026-01-02,NA,93,50,248,153,143
OCCIDENTE 1,2026-01-03,NA,113,62,296,210,165
OCCIDENTE 1,2026-01-04,NA,96,51,247,219,127
OCCIDENTE 1,2026-01-05,NA,83,41,221,205,122
OCCIDENTE 1,2026-01-06,NA,108,47,311,271,185
OCCIDENTE 1,2026-01-07,NA,100,58,332,274,206
OCCIDENTE 1,2026-01-08,NA,106,72,366,296,221
OCCIDENTE 1,2026-01-09,NA,121,74,411,304,214
OCCIDENTE 1,2026-01-10,NA,124,84,355,312,245
OCCIDENTE 1,2026-01-11,NA,91,76,291,226,222
OCCIDENTE 1,2026-01-12,NA,78,59,230,184,204
OCCIDENTE 1,2026-01-13,NA,96,61,283,273,214
OCCIDENTE 1,2026-01-14,NA,99,58,284,323,229
OCCIDENTE 1,2026-01-15,NA,108,65,330,292,241
OCCIDENTE 1,2026-01-16,NA,111,64,339,313,271
OCCIDENTE 1,2026-01-17,NA,105,79,396,336,280
OCCIDENTE 1,2026-01-18,NA,92,79,379,265,269
OCCIDENTE 1,2026-01-19,NA,90,88,366,201,249
OCCIDENTE 1,2026-01-20,NA,95,111,434,238,260
OCCIDENTE 1,2026-01-21,NA,115,104,399,284,291
OCCIDENTE 1,2026-01-22,NA,112,103,426,287,298
OCCIDENTE 1,2026-01-23,NA,108,95,404,310,311
OCCIDENTE 1,2026-01-24,NA,120,95,397,267,318
OCCIDENTE 1,2026-01-25,NA,106,66,343,241,293
OCCIDENTE 1,2026-01-26,NA,95,53,322,180,267
OCCIDENTE 1,2026-01-27,NA,114,59,345,250,292
OCCIDENTE 1,2026-01-28,NA,113,61,336,280,317
OCCIDENTE 1,2026-01-29,NA,120,66,343,295,305
OCCIDENTE 1,2026-01-30,NA,120,52,361,290,268
OCCIDENTE 1,2026-01-31,NA,123,59,366,310,280
OCCIDENTE 1,2026-02-01,NA,117,54,370,243,273
OCCIDENTE 1,2026-02-02,NA,127,62,325,187,251
OCCIDENTE 1,2026-02-03,NA,121,77,438,186,233
OCCIDENTE 1,2026-02-04,NA,109,87,441,256,230
OCCIDENTE 1,2026-02-05,NA,105,104,470,257,261
OCCIDENTE 1,2026-02-06,NA,108,91,392,287,260
OCCIDENTE 1,2026-02-07,NA,106,76,367,285,223
OCCIDENTE 1,2026-02-08,NA,94,78,356,236,196
OCCIDENTE 1,2026-02-09,NA,95,73,329,184,172
OCCIDENTE 1,2026-02-10,NA,106,83,325,268,192
OCCIDENTE 1,2026-02-11,NA,91,78,354,252,219
OCCIDENTE 1,2026-02-12,NA,102,74,352,269,244
OCCIDENTE 1,2026-02-13,NA,100,70,346,290,236
OCCIDENTE 1,2026-02-14,NA,97,73,371,279,243
OCCIDENTE 1,2026-02-15,NA,85,64,360,244,217
OCCIDENTE 1,2026-02-16,NA,81,49,349,185,194
OCCIDENTE 1,2026-02-17,NA,99,63,443,256,238
OCCIDENTE 1,2026-02-18,NA,97,66,417,234,244
OCCIDENTE 1,2026-02-19,NA,91,76,433,266,251
OCCIDENTE 1,2026-02-20,NA,113,68,507,282,290
OCCIDENTE 1,2026-02-21,NA,114,73,447,285,302
OCCIDENTE 1,2026-02-22,NA,84,73,414,219,298
OCCIDENTE 1,2026-02-23,NA,94,80,484,218,295
OCCIDENTE 1,2026-02-24,NA,88,74,426,256,348
OCCIDENTE 1,2026-02-25,NA,118,78,444,207,348
OCCIDENTE 1,2026-02-26,NA,117,99,405,229,339
OCCIDENTE 1,2026-02-27,NA,130,100,414,290,367
OCCIDENTE 1,2026-02-28,NA,145,107,452,283,393
OCCIDENTE 1,2026-03-01,NA,136,116,471,267,392
OCCIDENTE 1,2026-03-02,NA,128,120,500,236,353
OCCIDENTE 1,2026-03-03,NA,137,137,587,280,375
OCCIDENTE 1,2026-03-04,NA,121,157,561,260,376
OCCIDENTE 1,2026-03-05,NA,127,145,492,252,376
OCCIDENTE 1,2026-03-06,NA,131,128,493,248,376
OCCIDENTE 1,2026-03-07,NA,137,115,438,291,386
OCCIDENTE 1,2026-03-08,NA,123,107,381,216,357
OCCIDENTE 1,2026-03-09,NA,98,91,306,154,331
OCCIDENTE 1,2026-03-10,NA,104,66,346,214,332
OCCIDENTE 1,2026-03-11,NA,111,72,347,247,304
OCCIDENTE 1,2026-03-12,NA,92,67,347,240,299
OCCIDENTE 1,2026-03-13,NA,93,55,330,257,286
OCCIDENTE 1,2026-03-14,NA,86,48,377,263,310
OCCIDENTE 1,2026-03-15,NA,83,64,363,261,259
OCCIDENTE 1,2026-03-16,NA,90,72,298,186,219
OCCIDENTE 1,2026-03-17,NA,87,65,308,202,215
OCCIDENTE 1,2026-03-18,NA,106,93,440,248,248
OCCIDENTE 1,2026-03-19,NA,105,90,419,265,275
OCCIDENTE 1,2026-03-20,NA,107,112,398,277,306
OCCIDENTE 1,2026-03-21,NA,107,98,391,255,323
OCCIDENTE 1,2026-03-22,NA,88,87,387,205,322
OCCIDENTE 1,2026-03-23,NA,84,73,325,160,298
OCCIDENTE 1,2026-03-24,NA,104,67,369,232,335
OCCIDENTE 1,2026-03-25,NA,107,86,447,229,348
OCCIDENTE 1,2026-03-26,NA,112,63,375,220,344
OCCIDENTE 1,2026-03-27,NA,134,61,402,267,348
OCCIDENTE 1,2026-03-28,NA,141,72,385,294,366
OCCIDENTE 1,2026-03-29,NA,127,63,378,248,357
OCCIDENTE 1,2026-03-30,NA,111,59,291,223,328
OCCIDENTE 1,2026-03-31,NA,147,98,416,240,377
OCCIDENTE 1,2026-04-01,NA,154,105,503,250,409
OCCIDENTE 1,2026-04-02,NA,147,115,510,284,414
OCCIDENTE 1,2026-04-03,NA,127,96,459,235,397
OCCIDENTE 1,2026-04-04,NA,95,79,341,217,371
OCCIDENTE 1,2026-04-05,NA,79,65,298,185,320
OCCIDENTE 1,2026-04-06,NA,65,58,317,164,268
OCCIDENTE 1,2026-04-07,NA,89,72,467,211,274
OCCIDENTE 1,2026-04-08,NA,89,87,486,263,282
OCCIDENTE 1,2026-04-09,NA,90,126,526,266,284
OCCIDENTE 1,2026-04-10,NA,108,135,540,271,294
OCCIDENTE 1,2026-04-11,NA,112,136,497,289,312
OCCIDENTE 1,2026-04-12,NA,108,128,419,238,272
OCCIDENTE 1,2026-04-13,NA,91,102,331,182,250
OCCIDENTE 1,2026-04-14,NA,118,95,416,226,286
OCCIDENTE 1,2026-04-15,NA,112,95,483,293,327
OCCIDENTE 1,2026-04-16,NA,116,88,510,284,336
OCCIDENTE 1,2026-04-17,NA,130,102,486,292,344
OCCIDENTE 1,2026-04-18,NA,126,112,531,287,345
OCCIDENTE 1,2026-04-19,NA,97,98,466,205,345
OCCIDENTE 1,2026-04-20,NA,81,71,358,154,306
OCCIDENTE 1,2026-04-21,NA,108,83,487,250,347
OCCIDENTE 1,2026-04-22,NA,102,83,510,251,370
OCCIDENTE 1,2026-04-23,NA,101,101,453,262,372
OCCIDENTE 1,2026-04-24,NA,107,89,465,269,376
OCCIDENTE 1,2026-04-25,NA,116,66,462,289,364
OCCIDENTE 1,2026-04-26,NA,114,56,390,229,340
OCCIDENTE 1,2026-04-27,NA,87,66,355,193,317
OCCIDENTE 1,2026-04-28,NA,91,64,387,218,350
OCCIDENTE 1,2026-04-29,NA,110,63,431,260,337
OCCIDENTE 1,2026-04-30,NA,132,65,415,241,343
OCCIDENTE 1,2026-05-01,NA,138,82,475,236,328
OCCIDENTE 1,2026-05-02,NA,134,87,498,228,317
OCCIDENTE 1,2026-05-03,NA,106,96,430,209,302
OCCIDENTE 1,2026-05-04,NA,89,95,386,170,268
OCCIDENTE 1,2026-05-05,NA,102,114,433,219,300
OCCIDENTE 1,2026-05-06,NA,81,105,436,247,326
OCCIDENTE 1,2026-05-07,NA,96,126,505,267,304
OCCIDENTE 1,2026-05-08,NA,95,100,524,247,295
OCCIDENTE 1,2026-05-09,NA,112,102,539,252,304
OCCIDENTE 1,2026-05-10,NA,88,83,470,187,295
OCCIDENTE 1,2026-05-11,NA,80,78,343,164,252
OCCIDENTE 1,2026-05-12,NA,94,69,426,207,264
OCCIDENTE 1,2026-05-13,NA,105,57,444,230,259
OCCIDENTE 1,2026-05-14,NA,106,60,462,254,249
OCCIDENTE 1,2026-05-15,NA,106,82,537,281,286
OCCIDENTE 1,2026-05-16,NA,122,98,607,288,290
OCCIDENTE 1,2026-05-17,NA,134,95,575,230,270
OCCIDENTE 1,2026-05-18,NA,135,103,649,215,266
OCCIDENTE 1,2026-05-19,NA,136,114,576,253,333
OCCIDENTE 1,2026-05-20,NA,139,139,631,242,356
OCCIDENTE 1,2026-05-21,NA,125,146,650,278,370
OCCIDENTE 1,2026-05-22,NA,133,154,581,295,369
OCCIDENTE 1,2026-05-23,NA,131,127,609,282,364
OCCIDENTE 1,2026-05-24,NA,123,123,543,210,338
OCCIDENTE 1,2026-05-25,NA,100,115,479,170,304
OCCIDENTE 1,2026-05-26,NA,98,120,538,216,310
OCCIDENTE 1,2026-05-27,NA,122,129,524,248,334
OCCIDENTE 1,2026-05-28,NA,121,121,464,282,336
OCCIDENTE 1,2026-05-29,NA,136,109,418,298,337
OCCIDENTE 1,2026-05-30,NA,145,111,464,276,352
OCCIDENTE 1,2026-05-31,NA,133,106,495,241,343
OCCIDENTE 1,2026-06-01,NA,140,88,544,169,313
OCCIDENTE 1,2026-06-02,NA,170,130,987,241,355
OCCIDENTE 1,2026-06-03,NA,179,149,1005,340,385
OCCIDENTE 1,2026-06-04,NA,196,206,1140,441,419
OCCIDENTE 1,2026-06-05,NA,221,234,1092,501,444
OCCIDENTE 1,2026-06-06,NA,243,269,1056,558,504
OCCIDENTE 1,2026-06-07,NA,238,297,1144,492,494
OCCIDENTE 1,2026-06-08,NA,220,318,1106,390,473
OCCIDENTE 1,2026-06-09,NA,216,350,1252,491,481
OCCIDENTE 1,2026-06-10,NA,212,389,1449,516,514
OCCIDENTE 1,2026-06-11,NA,215,439,1432,611,521
OCCIDENTE 1,2026-06-12,NA,212,491,1296,717,539
OCCIDENTE 1,2026-06-13,NA,223,518,1523,585,586
OCCIDENTE 1,2026-06-14,NA,244,540,1705,427,598
OCCIDENTE 1,2026-06-15,NA,235,562,1769,366,580
OCCIDENTE 1,2026-06-16,NA,239,592,1936,489,644
OCCIDENTE 1,2026-06-17,NA,252,603,1874,627,693
OCCIDENTE 1,2026-06-18,NA,233,610,1922,664,725
OCCIDENTE 1,2026-06-19,NA,230,638,1843,603,761
OCCIDENTE 1,2026-06-20,NA,230,667,1608,626,806
OCCIDENTE 1,2026-06-21,NA,238,668,1667,389,806
OCCIDENTE 1,2026-06-22,NA,218,671,1475,312,794
OCCIDENTE 1,2026-06-23,NA,223,690,1417,435,864
OCCIDENTE 1,2026-06-24,NA,226,695,1423,358,890
OCCIDENTE 1,2026-06-25,NA,227,663,1254,351,891
OCCIDENTE 1,2026-06-26,NA,216,642,1096,387,904
OCCIDENTE 1,2026-06-27,NA,222,649,1030,457,913
OCCIDENTE 1,2026-06-28,NA,219,642,1265,327,923
OCCIDENTE 1,2026-06-29,NA,214,610,1446,277,899
OCCIDENTE 1,2026-06-30,NA,210,642,1341,389,942
OCCIDENTE 1,2026-07-01,NA,201,636,1366,312,931
OCCIDENTE 1,2026-07-02,NA,222,632,1432,433,928
OCCIDENTE 1,2026-07-03,NA,226,645,1435,388,897
OCCIDENTE 1,2026-07-04,NA,224,661,1533,401,930
OCCIDENTE 1,2026-07-05,NA,259,670,1333,318,955
OCCIDENTE 1,2026-07-06,NA,272,664,1056,285,903
OCCIDENTE 1,2026-07-07,NA,266,637,1143,315,917
OCCIDENTE 1,2026-07-08,NA,255,626,1040,300,959
OCCIDENTE 1,2026-07-09,NA,252,580,997,332,955
OCCIDENTE 1,2026-07-10,NA,259,560,956,348,948
OCCIDENTE 1,2026-07-11,NA,255,499,903,343,908
OCCIDENTE 1,2026-07-12,NA,210,478,905,255,873
OCCIDENTE 1,2026-07-13,NA,203,442,768,207,822
OCCIDENTE 1,2026-07-14,NA,203,448,897,255,846
OCCIDENTE 1,2026-07-15,NA,179,444,893,286,885
OCCIDENTE 1,2026-07-16,NA,166,455,836,252,884
OCCIDENTE 1,2026-07-17,NA,171,447,867,298,886
OCCIDENTE 1,2026-07-18,NA,189,447,850,260,900
OCCIDENTE 1,2026-07-19,NA,168,444,797,236,897
OCCIDENTE 1,2026-07-20,NA,178,443,664,179,850
OCCIDENTE 1,2026-07-21,NA,192,454,729,253,864
OCCIDENTE 1,2026-07-22,NA,196,437,719,309,895
OCCIDENTE 1,2026-07-23,NA,198,411,817,274,869
OCCIDENTE 1,2026-07-24,NA,199,402,847,276,860
OCCIDENTE 1,2026-07-25,NA,180,380,779,279,874
OCCIDENTE 1,2026-07-26,NA,151,370,746,242,823
OCCIDENTE 1,2026-07-27,NA,149,347,583,188,764
OCCIDENTE 1,2026-07-28,NA,170,337,664,278,734
OCCIDENTE 1,2026-07-29,NA,177,349,924,264,747
OCCIDENTE 1,2026-07-30,NA,178,341,939,271,746
OCCIDENTE 1,2026-07-31,NA,192,346,752,336,741
OCCIDENTE 1,2026-08-01,126,195,358,925,282,744
OCCIDENTE 1,2026-08-02,114,203,365,914,258,732
OCCIDENTE 1,2026-08-03,109,182,372,809,213,702
OCCIDENTE 1,2026-08-04,123,191,370,860,231,748
OCCIDENTE 1,2026-08-05,125,198,375,914,253,758
OCCIDENTE 1,2026-08-06,127,203,378,879,258,756
OCCIDENTE 1,2026-08-07,121,207,390,864,285,744
OCCIDENTE 1,2026-08-08,141,208,444,855,299,808
OCCIDENTE 1,2026-08-09,140,196,455,810,238,810
OCCIDENTE 1,2026-08-10,133,193,431,691,205,763
OCCIDENTE 1,2026-08-11,130,184,433,813,221,798
OCCIDENTE 1,2026-08-12,133,195,472,842,318,820
OCCIDENTE 1,2026-08-13,145,183,463,784,340,830
OCCIDENTE 1,2026-08-14,142,196,458,733,358,837
OCCIDENTE 1,2026-08-15,173,210,476,753,368,847
OCCIDENTE 1,2026-08-16,172,218,478,623,312,819
OCCIDENTE 1,2026-08-17,163,206,467,615,234,780
OCCIDENTE 1,2026-08-18,159,172,480,812,270,796
OCCIDENTE 1,2026-08-19,165,180,491,858,311,811
OCCIDENTE 1,2026-08-20,158,204,508,812,299,830
OCCIDENTE 1,2026-08-21,171,191,526,816,317,858
OCCIDENTE 1,2026-08-22,205,191,521,873,317,837
OCCIDENTE 1,2026-08-23,202,199,519,772,245,796
OCCIDENTE 1,2026-08-24,199,196,509,732,184,756
OCCIDENTE 2,2025-08-24,NA,146,272,781,145,528
OCCIDENTE 2,2025-08-25,NA,144,266,820,120,520
OCCIDENTE 2,2025-08-26,NA,168,278,832,167,545
OCCIDENTE 2,2025-08-27,NA,178,285,823,183,517
OCCIDENTE 2,2025-08-28,NA,175,274,712,219,496
OCCIDENTE 2,2025-08-29,NA,160,278,687,199,450
OCCIDENTE 2,2025-08-30,NA,189,267,695,218,466
OCCIDENTE 2,2025-08-31,NA,166,268,727,160,464
OCCIDENTE 2,2025-09-01,NA,158,253,872,126,422
OCCIDENTE 2,2025-09-02,NA,171,252,946,171,427
OCCIDENTE 2,2025-09-03,NA,159,245,933,189,454
OCCIDENTE 2,2025-09-04,NA,172,234,886,219,471
OCCIDENTE 2,2025-09-05,NA,171,230,764,195,458
OCCIDENTE 2,2025-09-06,NA,175,228,706,193,456
OCCIDENTE 2,2025-09-07,NA,147,236,624,149,442
OCCIDENTE 2,2025-09-08,NA,132,229,674,144,427
OCCIDENTE 2,2025-09-09,NA,127,235,608,182,460
OCCIDENTE 2,2025-09-10,NA,148,230,542,186,474
OCCIDENTE 2,2025-09-11,NA,121,227,499,187,456
OCCIDENTE 2,2025-09-12,NA,124,189,475,223,453
OCCIDENTE 2,2025-09-13,NA,130,169,529,209,457
OCCIDENTE 2,2025-09-14,NA,121,146,504,122,425
OCCIDENTE 2,2025-09-15,NA,113,141,485,123,393
OCCIDENTE 2,2025-09-16,NA,104,140,472,169,405
OCCIDENTE 2,2025-09-17,NA,104,110,439,164,378
OCCIDENTE 2,2025-09-18,NA,98,94,490,182,400
OCCIDENTE 2,2025-09-19,NA,128,92,491,193,404
OCCIDENTE 2,2025-09-20,NA,128,105,498,192,403
OCCIDENTE 2,2025-09-21,NA,112,122,542,137,392
OCCIDENTE 2,2025-09-22,NA,100,118,553,118,386
OCCIDENTE 2,2025-09-23,NA,111,129,588,173,435
OCCIDENTE 2,2025-09-24,NA,103,130,547,176,434
OCCIDENTE 2,2025-09-25,NA,121,125,537,197,425
OCCIDENTE 2,2025-09-26,NA,131,118,487,208,425
OCCIDENTE 2,2025-09-27,NA,130,98,508,197,421
OCCIDENTE 2,2025-09-28,NA,115,86,465,148,427
OCCIDENTE 2,2025-09-29,NA,111,93,508,125,404
OCCIDENTE 2,2025-09-30,NA,128,104,524,148,414
OCCIDENTE 2,2025-10-01,NA,114,102,545,150,401
OCCIDENTE 2,2025-10-02,NA,119,107,560,159,389
OCCIDENTE 2,2025-10-03,NA,126,103,524,178,382
OCCIDENTE 2,2025-10-04,NA,135,112,497,170,359
OCCIDENTE 2,2025-10-05,NA,115,108,372,144,317
OCCIDENTE 2,2025-10-06,NA,100,98,349,117,299
OCCIDENTE 2,2025-10-07,NA,109,112,422,131,302
OCCIDENTE 2,2025-10-08,NA,101,97,353,148,236
OCCIDENTE 2,2025-10-09,NA,97,93,355,145,196
OCCIDENTE 2,2025-10-10,NA,119,76,331,149,179
OCCIDENTE 2,2025-10-11,NA,132,73,369,164,163
OCCIDENTE 2,2025-10-12,NA,103,51,317,123,141
OCCIDENTE 2,2025-10-13,NA,91,53,332,126,102
OCCIDENTE 2,2025-10-14,NA,92,69,418,139,147
OCCIDENTE 2,2025-10-15,NA,107,69,423,166,187
OCCIDENTE 2,2025-10-16,NA,106,81,489,182,210
OCCIDENTE 2,2025-10-17,NA,102,84,460,196,217
OCCIDENTE 2,2025-10-18,NA,123,98,450,177,227
OCCIDENTE 2,2025-10-19,NA,105,85,411,144,239
OCCIDENTE 2,2025-10-20,NA,89,81,374,124,220
OCCIDENTE 2,2025-10-21,NA,107,82,399,185,255
OCCIDENTE 2,2025-10-22,NA,98,62,455,186,294
OCCIDENTE 2,2025-10-23,NA,96,84,438,181,297
OCCIDENTE 2,2025-10-24,NA,106,92,378,173,274
OCCIDENTE 2,2025-10-25,NA,119,72,399,201,244
OCCIDENTE 2,2025-10-26,NA,97,62,328,146,181
OCCIDENTE 2,2025-10-27,NA,100,55,308,123,147
OCCIDENTE 2,2025-10-28,NA,105,56,357,144,181
OCCIDENTE 2,2025-10-29,NA,111,56,346,168,169
OCCIDENTE 2,2025-10-30,NA,119,43,402,192,143
OCCIDENTE 2,2025-10-31,NA,117,47,352,208,155
OCCIDENTE 2,2025-11-01,NA,148,49,330,166,155
OCCIDENTE 2,2025-11-02,NA,131,55,305,128,139
OCCIDENTE 2,2025-11-03,NA,101,43,332,120,121
OCCIDENTE 2,2025-11-04,NA,108,54,342,157,143
OCCIDENTE 2,2025-11-05,NA,122,73,340,165,175
OCCIDENTE 2,2025-11-06,NA,115,57,317,179,163
OCCIDENTE 2,2025-11-07,NA,104,59,304,194,152
OCCIDENTE 2,2025-11-08,NA,115,57,313,188,153
OCCIDENTE 2,2025-11-09,NA,100,61,319,142,148
OCCIDENTE 2,2025-11-10,NA,92,43,308,134,129
OCCIDENTE 2,2025-11-11,NA,90,63,327,167,165
OCCIDENTE 2,2025-11-12,NA,96,68,338,162,180
OCCIDENTE 2,2025-11-13,NA,93,57,324,197,202
OCCIDENTE 2,2025-11-14,NA,122,47,332,221,208
OCCIDENTE 2,2025-11-15,NA,135,52,317,244,194
OCCIDENTE 2,2025-11-16,NA,109,53,311,187,187
OCCIDENTE 2,2025-11-17,NA,82,50,347,170,148
OCCIDENTE 2,2025-11-18,NA,82,73,354,213,163
OCCIDENTE 2,2025-11-19,NA,96,85,340,208,223
OCCIDENTE 2,2025-11-20,NA,107,75,352,221,227
OCCIDENTE 2,2025-11-21,NA,91,70,332,246,265
OCCIDENTE 2,2025-11-22,NA,110,68,360,278,281
OCCIDENTE 2,2025-11-23,NA,102,59,341,197,267
OCCIDENTE 2,2025-11-24,NA,95,48,328,187,232
OCCIDENTE 2,2025-11-25,NA,113,52,387,218,230
OCCIDENTE 2,2025-11-26,NA,120,58,380,223,205
OCCIDENTE 2,2025-11-27,NA,126,60,372,253,230
OCCIDENTE 2,2025-11-28,NA,129,72,386,256,254
OCCIDENTE 2,2025-11-29,NA,135,59,404,262,243
OCCIDENTE 2,2025-11-30,NA,139,59,346,224,212
OCCIDENTE 2,2025-12-01,NA,122,54,328,174,194
OCCIDENTE 2,2025-12-02,NA,148,71,318,203,238
OCCIDENTE 2,2025-12-03,NA,109,67,346,203,260
OCCIDENTE 2,2025-12-04,NA,107,67,378,208,256
OCCIDENTE 2,2025-12-05,NA,125,61,369,214,258
OCCIDENTE 2,2025-12-06,NA,117,62,429,247,288
OCCIDENTE 2,2025-12-07,NA,94,68,385,202,246
OCCIDENTE 2,2025-12-08,NA,81,74,417,193,242
OCCIDENTE 2,2025-12-09,NA,105,76,469,177,270
OCCIDENTE 2,2025-12-10,NA,110,79,501,213,278
OCCIDENTE 2,2025-12-11,NA,117,80,519,219,274
OCCIDENTE 2,2025-12-12,NA,120,95,485,248,299
OCCIDENTE 2,2025-12-13,NA,121,94,448,248,285
OCCIDENTE 2,2025-12-14,NA,122,102,368,230,260
OCCIDENTE 2,2025-12-15,NA,108,99,358,218,244
OCCIDENTE 2,2025-12-16,NA,116,102,425,262,258
OCCIDENTE 2,2025-12-17,NA,130,109,415,261,286
OCCIDENTE 2,2025-12-18,NA,137,109,496,215,285
OCCIDENTE 2,2025-12-19,NA,142,113,448,245,290
OCCIDENTE 2,2025-12-20,NA,130,113,487,238,302
OCCIDENTE 2,2025-12-21,NA,109,102,444,216,288
OCCIDENTE 2,2025-12-22,NA,113,101,474,170,261
OCCIDENTE 2,2025-12-23,NA,126,99,424,194,292
OCCIDENTE 2,2025-12-24,NA,105,85,356,155,265
OCCIDENTE 2,2025-12-25,NA,91,55,253,111,226
OCCIDENTE 2,2025-12-26,NA,92,56,322,130,225
OCCIDENTE 2,2025-12-27,NA,108,67,334,182,263
OCCIDENTE 2,2025-12-28,NA,107,55,248,166,253
OCCIDENTE 2,2025-12-29,NA,94,36,290,149,229
OCCIDENTE 2,2025-12-30,NA,125,57,341,184,243
OCCIDENTE 2,2025-12-31,NA,107,51,335,153,248
OCCIDENTE 2,2026-01-01,NA,83,42,258,127,237
OCCIDENTE 2,2026-01-02,NA,86,44,309,166,226
OCCIDENTE 2,2026-01-03,NA,106,63,330,190,261
OCCIDENTE 2,2026-01-04,NA,111,68,300,167,244
OCCIDENTE 2,2026-01-05,NA,97,71,329,157,244
OCCIDENTE 2,2026-01-06,NA,119,82,364,215,283
OCCIDENTE 2,2026-01-07,NA,125,86,408,204,298
OCCIDENTE 2,2026-01-08,NA,113,106,434,270,336
OCCIDENTE 2,2026-01-09,NA,113,129,422,230,337
OCCIDENTE 2,2026-01-10,NA,129,132,391,280,326
OCCIDENTE 2,2026-01-11,NA,112,109,380,206,263
OCCIDENTE 2,2026-01-12,NA,97,110,401,178,258
OCCIDENTE 2,2026-01-13,NA,123,104,474,234,286
OCCIDENTE 2,2026-01-14,NA,121,123,456,245,324
OCCIDENTE 2,2026-01-15,NA,134,128,427,254,342
OCCIDENTE 2,2026-01-16,NA,132,129,431,295,324
OCCIDENTE 2,2026-01-17,NA,131,114,450,304,345
OCCIDENTE 2,2026-01-18,NA,120,94,421,208,341
OCCIDENTE 2,2026-01-19,NA,105,94,467,174,295
OCCIDENTE 2,2026-01-20,NA,110,123,504,243,331
OCCIDENTE 2,2026-01-21,NA,109,124,434,220,319
OCCIDENTE 2,2026-01-22,NA,133,133,417,247,316
OCCIDENTE 2,2026-01-23,NA,140,130,445,249,309
OCCIDENTE 2,2026-01-24,NA,144,135,478,280,289
OCCIDENTE 2,2026-01-25,NA,126,127,387,214,247
OCCIDENTE 2,2026-01-26,NA,119,127,356,199,211
OCCIDENTE 2,2026-01-27,NA,145,106,420,237,265
OCCIDENTE 2,2026-01-28,NA,155,117,353,255,279
OCCIDENTE 2,2026-01-29,NA,166,105,363,249,263
OCCIDENTE 2,2026-01-30,NA,167,92,332,292,231
OCCIDENTE 2,2026-01-31,NA,174,81,346,275,229
OCCIDENTE 2,2026-02-01,NA,152,65,301,200,225
OCCIDENTE 2,2026-02-02,NA,140,65,329,198,198
OCCIDENTE 2,2026-02-03,NA,143,71,391,224,221
OCCIDENTE 2,2026-02-04,NA,139,94,443,233,233
OCCIDENTE 2,2026-02-05,NA,132,87,401,241,228
OCCIDENTE 2,2026-02-06,NA,152,81,398,251,256
OCCIDENTE 2,2026-02-07,NA,165,78,395,255,259
OCCIDENTE 2,2026-02-08,NA,120,74,356,207,254
OCCIDENTE 2,2026-02-09,NA,118,83,338,169,229
OCCIDENTE 2,2026-02-10,NA,108,68,323,204,282
OCCIDENTE 2,2026-02-11,NA,116,62,350,245,289
OCCIDENTE 2,2026-02-12,NA,127,60,369,265,269
OCCIDENTE 2,2026-02-13,NA,141,70,402,307,246
OCCIDENTE 2,2026-02-14,NA,147,74,420,282,265
OCCIDENTE 2,2026-02-15,NA,124,64,426,204,239
OCCIDENTE 2,2026-02-16,NA,110,74,437,191,218
OCCIDENTE 2,2026-02-17,NA,131,76,407,242,256
OCCIDENTE 2,2026-02-18,NA,130,59,379,216,258
OCCIDENTE 2,2026-02-19,NA,127,58,372,203,245
OCCIDENTE 2,2026-02-20,NA,131,58,440,218,246
OCCIDENTE 2,2026-02-21,NA,127,64,436,223,256
OCCIDENTE 2,2026-02-22,NA,120,62,370,205,241
OCCIDENTE 2,2026-02-23,NA,111,65,454,175,248
OCCIDENTE 2,2026-02-24,NA,123,74,485,185,296
OCCIDENTE 2,2026-02-25,NA,148,90,465,257,331
OCCIDENTE 2,2026-02-26,NA,166,103,511,308,355
OCCIDENTE 2,2026-02-27,NA,189,106,522,327,391
OCCIDENTE 2,2026-02-28,NA,211,99,565,324,427
OCCIDENTE 2,2026-03-01,NA,194,121,590,215,435
OCCIDENTE 2,2026-03-02,NA,175,120,605,201,414
OCCIDENTE 2,2026-03-03,NA,183,135,662,239,442
OCCIDENTE 2,2026-03-04,NA,171,144,594,227,434
OCCIDENTE 2,2026-03-05,NA,188,160,488,242,427
OCCIDENTE 2,2026-03-06,NA,178,134,532,239,391
OCCIDENTE 2,2026-03-07,NA,166,119,471,241,372
OCCIDENTE 2,2026-03-08,NA,143,111,509,186,343
OCCIDENTE 2,2026-03-09,NA,133,124,557,172,319
OCCIDENTE 2,2026-03-10,NA,128,130,574,230,375
OCCIDENTE 2,2026-03-11,NA,139,130,533,240,353
OCCIDENTE 2,2026-03-12,NA,140,121,502,246,356
OCCIDENTE 2,2026-03-13,NA,133,96,480,261,329
OCCIDENTE 2,2026-03-14,NA,172,110,473,256,347
OCCIDENTE 2,2026-03-15,NA,128,109,473,212,321
OCCIDENTE 2,2026-03-16,NA,129,113,486,195,281
OCCIDENTE 2,2026-03-17,NA,104,110,469,167,259
OCCIDENTE 2,2026-03-18,NA,110,112,492,235,269
OCCIDENTE 2,2026-03-19,NA,112,120,537,232,304
OCCIDENTE 2,2026-03-20,NA,123,105,510,223,316
OCCIDENTE 2,2026-03-21,NA,128,102,506,276,338
OCCIDENTE 2,2026-03-22,NA,112,108,411,189,313
OCCIDENTE 2,2026-03-23,NA,114,104,381,171,291
OCCIDENTE 2,2026-03-24,NA,112,96,481,212,272
OCCIDENTE 2,2026-03-25,NA,108,102,466,221,290
OCCIDENTE 2,2026-03-26,NA,132,90,443,213,304
OCCIDENTE 2,2026-03-27,NA,149,74,396,228,308
OCCIDENTE 2,2026-03-28,NA,174,79,458,246,279
OCCIDENTE 2,2026-03-29,NA,155,71,432,189,243
OCCIDENTE 2,2026-03-30,NA,154,80,463,176,231
OCCIDENTE 2,2026-03-31,NA,141,78,545,234,265
OCCIDENTE 2,2026-04-01,NA,151,82,614,205,295
OCCIDENTE 2,2026-04-02,NA,146,92,629,205,310
OCCIDENTE 2,2026-04-03,NA,134,78,516,199,281
OCCIDENTE 2,2026-04-04,NA,108,55,353,172,229
OCCIDENTE 2,2026-04-05,NA,103,49,327,168,196
OCCIDENTE 2,2026-04-06,NA,99,61,461,161,200
OCCIDENTE 2,2026-04-07,NA,144,64,581,213,248
OCCIDENTE 2,2026-04-08,NA,136,97,582,211,261
OCCIDENTE 2,2026-04-09,NA,141,86,563,245,322
OCCIDENTE 2,2026-04-10,NA,132,96,495,239,329
OCCIDENTE 2,2026-04-11,NA,136,87,453,243,294
OCCIDENTE 2,2026-04-12,NA,105,83,500,185,264
OCCIDENTE 2,2026-04-13,NA,103,78,474,173,233
OCCIDENTE 2,2026-04-14,NA,112,83,530,190,258
OCCIDENTE 2,2026-04-15,NA,130,75,488,207,283
OCCIDENTE 2,2026-04-16,NA,116,84,478,227,298
OCCIDENTE 2,2026-04-17,NA,127,78,466,211,289
OCCIDENTE 2,2026-04-18,NA,125,77,470,211,286
OCCIDENTE 2,2026-04-19,NA,97,66,450,158,256
OCCIDENTE 2,2026-04-20,NA,82,61,445,141,230
OCCIDENTE 2,2026-04-21,NA,105,78,493,205,289
OCCIDENTE 2,2026-04-22,NA,97,76,518,176,302
OCCIDENTE 2,2026-04-23,NA,111,77,417,201,305
OCCIDENTE 2,2026-04-24,NA,122,61,438,175,313
OCCIDENTE 2,2026-04-25,NA,108,51,419,207,303
OCCIDENTE 2,2026-04-26,NA,98,37,397,197,268
OCCIDENTE 2,2026-04-27,NA,96,44,379,177,241
OCCIDENTE 2,2026-04-28,NA,126,62,505,221,256
OCCIDENTE 2,2026-04-29,NA,147,64,570,210,240
OCCIDENTE 2,2026-04-30,NA,155,77,582,229,243
OCCIDENTE 2,2026-05-01,NA,161,96,515,200,278
OCCIDENTE 2,2026-05-02,NA,163,110,504,194,283
OCCIDENTE 2,2026-05-03,NA,120,109,437,141,261
OCCIDENTE 2,2026-05-04,NA,112,92,415,133,231
OCCIDENTE 2,2026-05-05,NA,123,110,478,196,300
OCCIDENTE 2,2026-05-06,NA,104,106,483,220,312
OCCIDENTE 2,2026-05-07,NA,92,92,458,207,314
OCCIDENTE 2,2026-05-08,NA,105,88,442,219,308
OCCIDENTE 2,2026-05-09,NA,124,97,472,234,290
OCCIDENTE 2,2026-05-10,NA,117,86,386,143,276
OCCIDENTE 2,2026-05-11,NA,115,68,318,119,236
OCCIDENTE 2,2026-05-12,NA,121,59,447,170,223
OCCIDENTE 2,2026-05-13,NA,127,63,517,190,246
OCCIDENTE 2,2026-05-14,NA,154,70,477,217,291
OCCIDENTE 2,2026-05-15,NA,152,77,589,249,306
OCCIDENTE 2,2026-05-16,NA,165,92,613,299,307
OCCIDENTE 2,2026-05-17,NA,141,103,609,234,287
OCCIDENTE 2,2026-05-18,NA,145,119,669,194,282
OCCIDENTE 2,2026-05-19,NA,159,137,609,261,337
OCCIDENTE 2,2026-05-20,NA,146,154,664,246,368
OCCIDENTE 2,2026-05-21,NA,149,153,665,250,389
OCCIDENTE 2,2026-05-22,NA,137,156,683,251,399
OCCIDENTE 2,2026-05-23,NA,150,165,698,264,425
OCCIDENTE 2,2026-05-24,NA,140,153,622,241,397
OCCIDENTE 2,2026-05-25,NA,145,156,555,188,375
OCCIDENTE 2,2026-05-26,NA,162,171,679,220,412
OCCIDENTE 2,2026-05-27,NA,157,169,639,220,392
OCCIDENTE 2,2026-05-28,NA,177,167,688,239,406
OCCIDENTE 2,2026-05-29,NA,174,167,640,267,394
OCCIDENTE 2,2026-05-30,NA,180,152,694,279,390
OCCIDENTE 2,2026-05-31,NA,167,177,665,197,368
OCCIDENTE 2,2026-06-01,NA,157,176,744,179,356
OCCIDENTE 2,2026-06-02,NA,190,184,1114,213,414
OCCIDENTE 2,2026-06-03,NA,191,198,1089,286,459
OCCIDENTE 2,2026-06-04,NA,221,236,1172,363,501
OCCIDENTE 2,2026-06-05,NA,238,244,1188,388,517
OCCIDENTE 2,2026-06-06,NA,247,270,1092,422,534
OCCIDENTE 2,2026-06-07,NA,243,294,1060,360,539
OCCIDENTE 2,2026-06-08,NA,240,312,1087,309,508
OCCIDENTE 2,2026-06-09,NA,241,344,1211,383,536
OCCIDENTE 2,2026-06-10,NA,264,383,1299,466,586
OCCIDENTE 2,2026-06-11,NA,281,394,1261,594,635
OCCIDENTE 2,2026-06-12,NA,290,424,1254,607,646
OCCIDENTE 2,2026-06-13,NA,291,448,1351,530,666
OCCIDENTE 2,2026-06-14,NA,264,440,1474,388,670
OCCIDENTE 2,2026-06-15,NA,262,458,1495,328,645
OCCIDENTE 2,2026-06-16,NA,249,468,1639,396,672
OCCIDENTE 2,2026-06-17,NA,247,490,1712,428,679
OCCIDENTE 2,2026-06-18,NA,238,506,1586,446,710
OCCIDENTE 2,2026-06-19,NA,237,518,1490,470,729
OCCIDENTE 2,2026-06-20,NA,258,539,1371,510,756
OCCIDENTE 2,2026-06-21,NA,238,522,1438,377,769
OCCIDENTE 2,2026-06-22,NA,236,525,1359,266,763
OCCIDENTE 2,2026-06-23,NA,239,540,1363,403,803
OCCIDENTE 2,2026-06-24,NA,233,564,1571,322,811
OCCIDENTE 2,2026-06-25,NA,238,561,1398,315,812
OCCIDENTE 2,2026-06-26,NA,247,564,1250,416,818
OCCIDENTE 2,2026-06-27,NA,268,554,1178,439,830
OCCIDENTE 2,2026-06-28,NA,246,537,1200,318,854
OCCIDENTE 2,2026-06-29,NA,234,548,1093,269,852
OCCIDENTE 2,2026-06-30,NA,253,549,1100,338,888
OCCIDENTE 2,2026-07-01,NA,252,518,1168,260,926
OCCIDENTE 2,2026-07-02,NA,252,523,1241,306,933
OCCIDENTE 2,2026-07-03,NA,260,528,1179,388,912
OCCIDENTE 2,2026-07-04,NA,250,517,1240,379,908
OCCIDENTE 2,2026-07-05,NA,234,525,1269,215,939
OCCIDENTE 2,2026-07-06,NA,223,521,1083,167,900
OCCIDENTE 2,2026-07-07,NA,227,521,1109,286,925
OCCIDENTE 2,2026-07-08,NA,264,515,1170,252,933
OCCIDENTE 2,2026-07-09,NA,261,478,1104,263,929
OCCIDENTE 2,2026-07-10,NA,277,471,965,336,887
OCCIDENTE 2,2026-07-11,NA,262,461,981,367,903
OCCIDENTE 2,2026-07-12,NA,234,453,972,247,901
OCCIDENTE 2,2026-07-13,NA,225,444,841,180,853
OCCIDENTE 2,2026-07-14,NA,228,439,881,248,887
OCCIDENTE 2,2026-07-15,NA,242,453,975,265,890
OCCIDENTE 2,2026-07-16,NA,226,389,986,277,885
OCCIDENTE 2,2026-07-17,NA,228,369,1060,273,899
OCCIDENTE 2,2026-07-18,NA,220,375,1083,305,894
OCCIDENTE 2,2026-07-19,NA,197,382,1097,227,874
OCCIDENTE 2,2026-07-20,NA,184,387,1013,203,826
OCCIDENTE 2,2026-07-21,NA,183,408,1103,299,807
OCCIDENTE 2,2026-07-22,NA,220,415,981,377,790
OCCIDENTE 2,2026-07-23,NA,205,394,1010,313,753
OCCIDENTE 2,2026-07-24,NA,215,399,1051,364,719
OCCIDENTE 2,2026-07-25,NA,198,388,1023,345,748
OCCIDENTE 2,2026-07-26,NA,187,360,1014,274,734
OCCIDENTE 2,2026-07-27,NA,184,357,965,245,708
OCCIDENTE 2,2026-07-28,NA,212,345,1016,274,731
OCCIDENTE 2,2026-07-29,NA,196,346,1028,282,703
OCCIDENTE 2,2026-07-30,NA,193,319,1020,296,679
OCCIDENTE 2,2026-07-31,NA,219,324,879,309,697
OCCIDENTE 2,2026-08-01,75,226,327,1072,317,673
OCCIDENTE 2,2026-08-02,72,213,335,1153,248,621
OCCIDENTE 2,2026-08-03,68,231,341,1118,222,597
OCCIDENTE 2,2026-08-04,62,244,327,1197,289,626
OCCIDENTE 2,2026-08-05,72,242,346,1328,290,652
OCCIDENTE 2,2026-08-06,83,224,331,1233,311,655
OCCIDENTE 2,2026-08-07,85,214,308,1184,331,658
OCCIDENTE 2,2026-08-08,88,237,349,1112,338,672
OCCIDENTE 2,2026-08-09,91,219,380,965,247,652
OCCIDENTE 2,2026-08-10,97,196,383,865,237,627
OCCIDENTE 2,2026-08-11,103,203,376,950,257,656
OCCIDENTE 2,2026-08-12,112,204,373,1012,348,672
OCCIDENTE 2,2026-08-13,121,211,398,913,366,662
OCCIDENTE 2,2026-08-14,112,213,421,863,372,647
OCCIDENTE 2,2026-08-15,130,216,421,924,403,650
OCCIDENTE 2,2026-08-16,138,230,424,947,340,627
OCCIDENTE 2,2026-08-17,138,223,427,917,296,591
OCCIDENTE 2,2026-08-18,141,222,447,1145,346,610
OCCIDENTE 2,2026-08-19,141,225,461,1149,353,628
OCCIDENTE 2,2026-08-20,148,209,479,1079,346,630
OCCIDENTE 2,2026-08-21,156,222,511,960,328,631
OCCIDENTE 2,2026-08-22,160,213,511,877,323,620
OCCIDENTE 2,2026-08-23,166,219,494,904,264,614
OCCIDENTE 2,2026-08-24,175,205,491,958,215,588
ORIENTE GOLFO,2025-08-24,NA,50,20,83,76,164
ORIENTE GOLFO,2025-08-25,NA,35,13,76,67,156
ORIENTE GOLFO,2025-08-26,NA,50,29,115,90,157
ORIENTE GOLFO,2025-08-27,NA,69,36,90,148,154
ORIENTE GOLFO,2025-08-28,NA,68,48,110,124,197
ORIENTE GOLFO,2025-08-29,NA,62,38,131,120,178
ORIENTE GOLFO,2025-08-30,NA,85,39,103,112,167
ORIENTE GOLFO,2025-08-31,NA,82,38,99,89,177
ORIENTE GOLFO,2025-09-01,NA,69,30,115,80,150
ORIENTE GOLFO,2025-09-02,NA,62,33,118,76,148
ORIENTE GOLFO,2025-09-03,NA,66,33,116,87,177
ORIENTE GOLFO,2025-09-04,NA,58,47,126,80,175
ORIENTE GOLFO,2025-09-05,NA,66,54,122,91,162
ORIENTE GOLFO,2025-09-06,NA,66,35,102,87,167
ORIENTE GOLFO,2025-09-07,NA,55,26,101,78,157
ORIENTE GOLFO,2025-09-08,NA,48,27,85,77,131
ORIENTE GOLFO,2025-09-09,NA,48,34,101,87,153
ORIENTE GOLFO,2025-09-10,NA,51,28,108,98,174
ORIENTE GOLFO,2025-09-11,NA,39,36,89,95,172
ORIENTE GOLFO,2025-09-12,NA,38,26,92,107,161
ORIENTE GOLFO,2025-09-13,NA,52,22,121,98,147
ORIENTE GOLFO,2025-09-14,NA,57,30,83,86,130
ORIENTE GOLFO,2025-09-15,NA,53,23,94,81,122
ORIENTE GOLFO,2025-09-16,NA,44,33,95,68,151
ORIENTE GOLFO,2025-09-17,NA,40,29,109,86,139
ORIENTE GOLFO,2025-09-18,NA,49,53,134,73,132
ORIENTE GOLFO,2025-09-19,NA,54,39,142,75,145
ORIENTE GOLFO,2025-09-20,NA,59,21,118,100,147
ORIENTE GOLFO,2025-09-21,NA,56,22,104,67,142
ORIENTE GOLFO,2025-09-22,NA,40,15,97,63,127
ORIENTE GOLFO,2025-09-23,NA,50,30,133,65,163
ORIENTE GOLFO,2025-09-24,NA,52,35,125,73,191
ORIENTE GOLFO,2025-09-25,NA,45,36,124,87,170
ORIENTE GOLFO,2025-09-26,NA,41,34,139,84,165
ORIENTE GOLFO,2025-09-27,NA,55,30,158,102,181
ORIENTE GOLFO,2025-09-28,NA,50,19,111,81,169
ORIENTE GOLFO,2025-09-29,NA,44,24,107,73,142
ORIENTE GOLFO,2025-09-30,NA,59,39,148,77,153
ORIENTE GOLFO,2025-10-01,NA,59,41,107,82,167
ORIENTE GOLFO,2025-10-02,NA,60,42,114,91,159
ORIENTE GOLFO,2025-10-03,NA,63,36,93,82,172
ORIENTE GOLFO,2025-10-04,NA,57,32,121,81,167
ORIENTE GOLFO,2025-10-05,NA,59,33,110,62,135
ORIENTE GOLFO,2025-10-06,NA,44,29,99,50,119
ORIENTE GOLFO,2025-10-07,NA,54,33,121,58,138
ORIENTE GOLFO,2025-10-08,NA,64,45,133,71,143
ORIENTE GOLFO,2025-10-09,NA,62,48,159,87,158
ORIENTE GOLFO,2025-10-10,NA,61,43,145,74,124
ORIENTE GOLFO,2025-10-11,NA,84,40,166,78,127
ORIENTE GOLFO,2025-10-12,NA,81,40,164,111,110
ORIENTE GOLFO,2025-10-13,NA,73,35,149,158,94
ORIENTE GOLFO,2025-10-14,NA,89,37,166,209,125
ORIENTE GOLFO,2025-10-15,NA,81,39,162,245,156
ORIENTE GOLFO,2025-10-16,NA,71,45,157,237,167
ORIENTE GOLFO,2025-10-17,NA,83,64,178,229,190
ORIENTE GOLFO,2025-10-18,NA,91,46,165,221,180
ORIENTE GOLFO,2025-10-19,NA,76,40,172,177,163
ORIENTE GOLFO,2025-10-20,NA,63,35,151,136,148
ORIENTE GOLFO,2025-10-21,NA,63,47,180,119,164
ORIENTE GOLFO,2025-10-22,NA,63,47,165,92,173
ORIENTE GOLFO,2025-10-23,NA,75,41,141,90,197
ORIENTE GOLFO,2025-10-24,NA,69,36,135,97,199
ORIENTE GOLFO,2025-10-25,NA,81,35,141,99,202
ORIENTE GOLFO,2025-10-26,NA,47,28,129,88,171
ORIENTE GOLFO,2025-10-27,NA,51,22,111,73,121
ORIENTE GOLFO,2025-10-28,NA,56,29,115,87,152
ORIENTE GOLFO,2025-10-29,NA,67,39,115,114,137
ORIENTE GOLFO,2025-10-30,NA,75,37,259,109,123
ORIENTE GOLFO,2025-10-31,NA,67,32,245,119,127
ORIENTE GOLFO,2025-11-01,NA,74,38,233,87,114
ORIENTE GOLFO,2025-11-02,NA,63,35,184,66,118
ORIENTE GOLFO,2025-11-03,NA,58,35,157,53,121
ORIENTE GOLFO,2025-11-04,NA,63,27,170,86,123
ORIENTE GOLFO,2025-11-05,NA,58,45,154,90,138
ORIENTE GOLFO,2025-11-06,NA,67,45,143,105,154
ORIENTE GOLFO,2025-11-07,NA,66,38,171,105,172
ORIENTE GOLFO,2025-11-08,NA,57,39,143,128,172
ORIENTE GOLFO,2025-11-09,NA,45,39,140,111,153
ORIENTE GOLFO,2025-11-10,NA,41,34,106,101,122
ORIENTE GOLFO,2025-11-11,NA,57,41,141,108,152
ORIENTE GOLFO,2025-11-12,NA,60,47,138,110,172
ORIENTE GOLFO,2025-11-13,NA,64,49,131,134,159
ORIENTE GOLFO,2025-11-14,NA,73,43,107,168,169
ORIENTE GOLFO,2025-11-15,NA,72,46,126,171,166
ORIENTE GOLFO,2025-11-16,NA,71,50,115,154,132
ORIENTE GOLFO,2025-11-17,NA,47,46,106,155,119
ORIENTE GOLFO,2025-11-18,NA,43,56,117,184,136
ORIENTE GOLFO,2025-11-19,NA,45,66,98,163,182
ORIENTE GOLFO,2025-11-20,NA,50,56,98,154,186
ORIENTE GOLFO,2025-11-21,NA,53,52,108,130,217
ORIENTE GOLFO,2025-11-22,NA,56,45,100,141,242
ORIENTE GOLFO,2025-11-23,NA,51,40,112,114,218
ORIENTE GOLFO,2025-11-24,NA,40,42,102,110,178
ORIENTE GOLFO,2025-11-25,NA,54,45,114,126,170
ORIENTE GOLFO,2025-11-26,NA,55,36,102,127,145
ORIENTE GOLFO,2025-11-27,NA,67,38,114,135,157
ORIENTE GOLFO,2025-11-28,NA,72,44,128,144,172
ORIENTE GOLFO,2025-11-29,NA,94,40,123,138,166
ORIENTE GOLFO,2025-11-30,NA,88,38,129,112,161
ORIENTE GOLFO,2025-12-01,NA,69,39,113,124,132
ORIENTE GOLFO,2025-12-02,NA,72,58,151,114,156
ORIENTE GOLFO,2025-12-03,NA,71,66,146,97,163
ORIENTE GOLFO,2025-12-04,NA,61,59,130,87,168
ORIENTE GOLFO,2025-12-05,NA,60,49,107,112,169
ORIENTE GOLFO,2025-12-06,NA,74,55,124,120,156
ORIENTE GOLFO,2025-12-07,NA,52,50,99,111,155
ORIENTE GOLFO,2025-12-08,NA,42,38,94,94,125
ORIENTE GOLFO,2025-12-09,NA,44,57,139,109,137
ORIENTE GOLFO,2025-12-10,NA,51,51,149,119,150
ORIENTE GOLFO,2025-12-11,NA,57,45,143,114,137
ORIENTE GOLFO,2025-12-12,NA,52,40,122,145,141
ORIENTE GOLFO,2025-12-13,NA,62,47,124,141,142
ORIENTE GOLFO,2025-12-14,NA,55,47,116,120,120
ORIENTE GOLFO,2025-12-15,NA,43,38,98,113,112
ORIENTE GOLFO,2025-12-16,NA,54,54,134,129,123
ORIENTE GOLFO,2025-12-17,NA,62,50,147,133,123
ORIENTE GOLFO,2025-12-18,NA,58,63,136,139,143
ORIENTE GOLFO,2025-12-19,NA,51,71,155,121,162
ORIENTE GOLFO,2025-12-20,NA,65,73,136,144,161
ORIENTE GOLFO,2025-12-21,NA,45,65,119,98,159
ORIENTE GOLFO,2025-12-22,NA,38,58,109,87,143
ORIENTE GOLFO,2025-12-23,NA,44,57,132,100,158
ORIENTE GOLFO,2025-12-24,NA,40,41,132,93,160
ORIENTE GOLFO,2025-12-25,NA,27,23,92,68,147
ORIENTE GOLFO,2025-12-26,NA,31,24,75,75,133
ORIENTE GOLFO,2025-12-27,NA,52,49,111,113,135
ORIENTE GOLFO,2025-12-28,NA,37,48,100,98,119
ORIENTE GOLFO,2025-12-29,NA,45,47,86,107,90
ORIENTE GOLFO,2025-12-30,NA,62,37,102,76,118
ORIENTE GOLFO,2025-12-31,NA,48,40,129,65,137
ORIENTE GOLFO,2026-01-01,NA,41,20,75,56,131
ORIENTE GOLFO,2026-01-02,NA,43,33,88,69,133
ORIENTE GOLFO,2026-01-03,NA,66,51,114,108,134
ORIENTE GOLFO,2026-01-04,NA,49,48,119,107,140
ORIENTE GOLFO,2026-01-05,NA,52,39,118,96,119
ORIENTE GOLFO,2026-01-06,NA,56,62,125,135,142
ORIENTE GOLFO,2026-01-07,NA,55,54,130,138,182
ORIENTE GOLFO,2026-01-08,NA,65,52,141,169,169
ORIENTE GOLFO,2026-01-09,NA,69,59,137,165,176
ORIENTE GOLFO,2026-01-10,NA,70,46,134,154,181
ORIENTE GOLFO,2026-01-11,NA,68,46,134,127,173
ORIENTE GOLFO,2026-01-12,NA,60,34,158,135,130
ORIENTE GOLFO,2026-01-13,NA,68,47,197,142,136
ORIENTE GOLFO,2026-01-14,NA,57,44,155,151,159
ORIENTE GOLFO,2026-01-15,NA,47,46,153,154,177
ORIENTE GOLFO,2026-01-16,NA,56,61,150,176,190
ORIENTE GOLFO,2026-01-17,NA,61,67,147,168,190
ORIENTE GOLFO,2026-01-18,NA,46,77,113,129,172
ORIENTE GOLFO,2026-01-19,NA,44,55,107,115,157
ORIENTE GOLFO,2026-01-20,NA,46,63,146,133,196
ORIENTE GOLFO,2026-01-21,NA,46,62,127,157,209
ORIENTE GOLFO,2026-01-22,NA,55,62,142,161,197
ORIENTE GOLFO,2026-01-23,NA,64,59,112,160,193
ORIENTE GOLFO,2026-01-24,NA,71,56,114,186,171
ORIENTE GOLFO,2026-01-25,NA,62,38,96,132,150
ORIENTE GOLFO,2026-01-26,NA,58,44,85,118,92
ORIENTE GOLFO,2026-01-27,NA,64,44,167,119,138
ORIENTE GOLFO,2026-01-28,NA,62,64,129,153,167
ORIENTE GOLFO,2026-01-29,NA,81,62,144,170,168
ORIENTE GOLFO,2026-01-30,NA,95,58,107,168,160
ORIENTE GOLFO,2026-01-31,NA,99,64,107,183,162
ORIENTE GOLFO,2026-02-01,NA,95,59,127,133,161
ORIENTE GOLFO,2026-02-02,NA,83,51,117,156,137
ORIENTE GOLFO,2026-02-03,NA,73,75,112,131,152
ORIENTE GOLFO,2026-02-04,NA,74,65,127,123,164
ORIENTE GOLFO,2026-02-05,NA,63,56,126,152,172
ORIENTE GOLFO,2026-02-06,NA,69,63,118,156,171
ORIENTE GOLFO,2026-02-07,NA,80,57,107,149,174
ORIENTE GOLFO,2026-02-08,NA,74,59,101,131,137
ORIENTE GOLFO,2026-02-09,NA,60,44,85,127,107
ORIENTE GOLFO,2026-02-10,NA,61,53,116,131,121
ORIENTE GOLFO,2026-02-11,NA,57,50,90,146,131
ORIENTE GOLFO,2026-02-12,NA,66,53,140,147,161
ORIENTE GOLFO,2026-02-13,NA,68,55,131,171,177
ORIENTE GOLFO,2026-02-14,NA,77,50,130,169,159
ORIENTE GOLFO,2026-02-15,NA,66,38,94,112,140
ORIENTE GOLFO,2026-02-16,NA,67,34,101,116,121
ORIENTE GOLFO,2026-02-17,NA,66,34,116,140,143
ORIENTE GOLFO,2026-02-18,NA,61,37,118,134,130
ORIENTE GOLFO,2026-02-19,NA,68,43,129,138,140
ORIENTE GOLFO,2026-02-20,NA,53,42,115,126,142
ORIENTE GOLFO,2026-02-21,NA,69,36,104,133,137
ORIENTE GOLFO,2026-02-22,NA,72,38,106,106,144
ORIENTE GOLFO,2026-02-23,NA,54,28,149,101,120
ORIENTE GOLFO,2026-02-24,NA,54,47,160,123,161
ORIENTE GOLFO,2026-02-25,NA,54,42,96,142,143
ORIENTE GOLFO,2026-02-26,NA,66,42,99,145,177
ORIENTE GOLFO,2026-02-27,NA,88,54,122,167,166
ORIENTE GOLFO,2026-02-28,NA,105,40,117,184,166
ORIENTE GOLFO,2026-03-01,NA,83,36,120,121,154
ORIENTE GOLFO,2026-03-02,NA,68,33,88,105,138
ORIENTE GOLFO,2026-03-03,NA,70,52,114,156,166
ORIENTE GOLFO,2026-03-04,NA,65,53,110,128,160
ORIENTE GOLFO,2026-03-05,NA,58,41,134,125,158
ORIENTE GOLFO,2026-03-06,NA,51,44,130,146,163
ORIENTE GOLFO,2026-03-07,NA,66,53,141,140,154
ORIENTE GOLFO,2026-03-08,NA,52,43,106,91,158
ORIENTE GOLFO,2026-03-09,NA,52,39,92,100,150
ORIENTE GOLFO,2026-03-10,NA,60,51,109,123,137
ORIENTE GOLFO,2026-03-11,NA,59,47,110,129,149
ORIENTE GOLFO,2026-03-12,NA,55,41,125,133,151
ORIENTE GOLFO,2026-03-13,NA,59,37,101,143,154
ORIENTE GOLFO,2026-03-14,NA,66,43,102,158,145
ORIENTE GOLFO,2026-03-15,NA,62,35,108,128,149
ORIENTE GOLFO,2026-03-16,NA,63,25,74,127,125
ORIENTE GOLFO,2026-03-17,NA,67,34,182,106,124
ORIENTE GOLFO,2026-03-18,NA,62,56,421,151,126
ORIENTE GOLFO,2026-03-19,NA,73,64,419,151,169
ORIENTE GOLFO,2026-03-20,NA,82,67,409,149,195
ORIENTE GOLFO,2026-03-21,NA,79,73,342,162,214
ORIENTE GOLFO,2026-03-22,NA,66,78,330,134,188
ORIENTE GOLFO,2026-03-23,NA,55,76,232,116,161
ORIENTE GOLFO,2026-03-24,NA,60,78,227,116,154
ORIENTE GOLFO,2026-03-25,NA,73,76,213,99,164
ORIENTE GOLFO,2026-03-26,NA,64,62,185,109,154
ORIENTE GOLFO,2026-03-27,NA,68,53,123,128,162
ORIENTE GOLFO,2026-03-28,NA,70,54,128,150,169
ORIENTE GOLFO,2026-03-29,NA,65,40,133,144,142
ORIENTE GOLFO,2026-03-30,NA,56,26,74,129,126
ORIENTE GOLFO,2026-03-31,NA,69,54,128,136,150
ORIENTE GOLFO,2026-04-01,NA,78,54,123,123,149
ORIENTE GOLFO,2026-04-02,NA,92,52,156,128,164
ORIENTE GOLFO,2026-04-03,NA,79,63,162,112,178
ORIENTE GOLFO,2026-04-04,NA,61,53,112,110,152
ORIENTE GOLFO,2026-04-05,NA,52,44,87,87,132
ORIENTE GOLFO,2026-04-06,NA,39,37,101,103,116
ORIENTE GOLFO,2026-04-07,NA,47,46,136,128,127
ORIENTE GOLFO,2026-04-08,NA,56,65,168,135,135
ORIENTE GOLFO,2026-04-09,NA,68,64,158,131,144
ORIENTE GOLFO,2026-04-10,NA,64,63,161,122,171
ORIENTE GOLFO,2026-04-11,NA,72,45,162,154,158
ORIENTE GOLFO,2026-04-12,NA,66,46,159,107,149
ORIENTE GOLFO,2026-04-13,NA,53,33,122,107,132
ORIENTE GOLFO,2026-04-14,NA,54,39,156,124,122
ORIENTE GOLFO,2026-04-15,NA,67,63,154,144,181
ORIENTE GOLFO,2026-04-16,NA,54,55,148,144,209
ORIENTE GOLFO,2026-04-17,NA,57,49,136,126,220
ORIENTE GOLFO,2026-04-18,NA,55,50,141,124,212
ORIENTE GOLFO,2026-04-19,NA,40,49,118,75,201
ORIENTE GOLFO,2026-04-20,NA,35,34,98,90,171
ORIENTE GOLFO,2026-04-21,NA,51,63,162,115,189
ORIENTE GOLFO,2026-04-22,NA,53,57,151,87,204
ORIENTE GOLFO,2026-04-23,NA,55,53,158,92,197
ORIENTE GOLFO,2026-04-24,NA,48,58,135,107,188
ORIENTE GOLFO,2026-04-25,NA,52,54,145,106,150
ORIENTE GOLFO,2026-04-26,NA,51,43,139,79,162
ORIENTE GOLFO,2026-04-27,NA,39,44,95,80,152
ORIENTE GOLFO,2026-04-28,NA,60,45,121,87,185
ORIENTE GOLFO,2026-04-29,NA,74,54,164,93,193
ORIENTE GOLFO,2026-04-30,NA,75,65,178,120,181
ORIENTE GOLFO,2026-05-01,NA,69,65,162,111,188
ORIENTE GOLFO,2026-05-02,NA,82,54,154,134,169
ORIENTE GOLFO,2026-05-03,NA,65,52,196,96,162
ORIENTE GOLFO,2026-05-04,NA,54,57,151,89,137
ORIENTE GOLFO,2026-05-05,NA,55,62,168,106,163
ORIENTE GOLFO,2026-05-06,NA,47,56,154,102,190
ORIENTE GOLFO,2026-05-07,NA,45,66,143,109,188
ORIENTE GOLFO,2026-05-08,NA,49,56,147,113,188
ORIENTE GOLFO,2026-05-09,NA,55,54,150,134,189
ORIENTE GOLFO,2026-05-10,NA,39,60,155,112,180
ORIENTE GOLFO,2026-05-11,NA,36,48,122,103,161
ORIENTE GOLFO,2026-05-12,NA,44,53,146,129,140
ORIENTE GOLFO,2026-05-13,NA,51,54,134,136,164
ORIENTE GOLFO,2026-05-14,NA,50,51,160,136,178
ORIENTE GOLFO,2026-05-15,NA,68,60,146,147,194
ORIENTE GOLFO,2026-05-16,NA,77,60,119,179,205
ORIENTE GOLFO,2026-05-17,NA,61,48,125,141,200
ORIENTE GOLFO,2026-05-18,NA,57,51,142,124,192
ORIENTE GOLFO,2026-05-19,NA,53,52,184,133,199
ORIENTE GOLFO,2026-05-20,NA,63,53,219,146,209
ORIENTE GOLFO,2026-05-21,NA,65,68,243,149,219
ORIENTE GOLFO,2026-05-22,NA,67,75,244,156,211
ORIENTE GOLFO,2026-05-23,NA,74,57,231,166,210
ORIENTE GOLFO,2026-05-24,NA,54,57,200,133,180
ORIENTE GOLFO,2026-05-25,NA,56,52,183,102,168
ORIENTE GOLFO,2026-05-26,NA,57,58,196,156,190
ORIENTE GOLFO,2026-05-27,NA,67,61,189,141,192
ORIENTE GOLFO,2026-05-28,NA,76,49,172,153,204
ORIENTE GOLFO,2026-05-29,NA,90,53,160,166,201
ORIENTE GOLFO,2026-05-30,NA,108,53,199,170,209
ORIENTE GOLFO,2026-05-31,NA,92,51,160,138,207
ORIENTE GOLFO,2026-06-01,NA,79,45,147,95,184
ORIENTE GOLFO,2026-06-02,NA,84,57,201,138,193
ORIENTE GOLFO,2026-06-03,NA,68,67,222,147,194
ORIENTE GOLFO,2026-06-04,NA,74,77,215,155,203
ORIENTE GOLFO,2026-06-05,NA,61,60,225,155,185
ORIENTE GOLFO,2026-06-06,NA,73,62,207,176,184
ORIENTE GOLFO,2026-06-07,NA,69,82,205,155,170
ORIENTE GOLFO,2026-06-08,NA,60,73,211,134,158
ORIENTE GOLFO,2026-06-09,NA,60,82,211,177,179
ORIENTE GOLFO,2026-06-10,NA,58,103,232,158,161
ORIENTE GOLFO,2026-06-11,NA,60,94,251,150,164
ORIENTE GOLFO,2026-06-12,NA,54,88,160,151,165
ORIENTE GOLFO,2026-06-13,NA,56,70,187,169,169
ORIENTE GOLFO,2026-06-14,NA,54,71,154,150,178
ORIENTE GOLFO,2026-06-15,NA,40,57,166,123,169
ORIENTE GOLFO,2026-06-16,NA,50,65,216,146,183
ORIENTE GOLFO,2026-06-17,NA,60,72,240,146,162
ORIENTE GOLFO,2026-06-18,NA,60,79,193,129,161
ORIENTE GOLFO,2026-06-19,NA,58,60,193,149,167
ORIENTE GOLFO,2026-06-20,NA,75,73,190,145,155
ORIENTE GOLFO,2026-06-21,NA,61,48,150,131,131
ORIENTE GOLFO,2026-06-22,NA,41,36,123,100,126
ORIENTE GOLFO,2026-06-23,NA,62,54,167,117,138
ORIENTE GOLFO,2026-06-24,NA,58,64,171,129,149
ORIENTE GOLFO,2026-06-25,NA,63,77,190,124,159
ORIENTE GOLFO,2026-06-26,NA,67,50,144,146,197
ORIENTE GOLFO,2026-06-27,NA,72,54,160,125,195
ORIENTE GOLFO,2026-06-28,NA,60,38,138,114,153
ORIENTE GOLFO,2026-06-29,NA,56,42,149,92,134
ORIENTE GOLFO,2026-06-30,NA,60,57,145,129,154
ORIENTE GOLFO,2026-07-01,NA,59,51,156,112,150
ORIENTE GOLFO,2026-07-02,NA,72,62,182,110,160
ORIENTE GOLFO,2026-07-03,NA,84,85,191,140,173
ORIENTE GOLFO,2026-07-04,NA,91,73,184,146,168
ORIENTE GOLFO,2026-07-05,NA,98,74,170,104,158
ORIENTE GOLFO,2026-07-06,NA,68,58,159,71,142
ORIENTE GOLFO,2026-07-07,NA,58,59,174,97,142
ORIENTE GOLFO,2026-07-08,NA,56,52,134,115,152
ORIENTE GOLFO,2026-07-09,NA,65,43,141,91,153
ORIENTE GOLFO,2026-07-10,NA,63,38,112,103,176
ORIENTE GOLFO,2026-07-11,NA,65,39,160,105,186
ORIENTE GOLFO,2026-07-12,NA,57,39,127,109,167
ORIENTE GOLFO,2026-07-13,NA,53,38,105,96,165
ORIENTE GOLFO,2026-07-14,NA,70,41,144,113,162
ORIENTE GOLFO,2026-07-15,NA,61,40,155,126,176
ORIENTE GOLFO,2026-07-16,NA,67,36,142,129,164
ORIENTE GOLFO,2026-07-17,NA,63,57,151,144,161
ORIENTE GOLFO,2026-07-18,NA,74,53,182,142,140
ORIENTE GOLFO,2026-07-19,NA,57,38,166,115,141
ORIENTE GOLFO,2026-07-20,NA,36,39,123,88,128
ORIENTE GOLFO,2026-07-21,NA,53,46,126,113,119
ORIENTE GOLFO,2026-07-22,NA,55,38,143,113,147
ORIENTE GOLFO,2026-07-23,NA,64,46,120,119,140
ORIENTE GOLFO,2026-07-24,NA,67,63,138,140,152
ORIENTE GOLFO,2026-07-25,NA,76,49,148,148,160
ORIENTE GOLFO,2026-07-26,NA,63,48,139,96,138
ORIENTE GOLFO,2026-07-27,NA,43,45,117,72,126
ORIENTE GOLFO,2026-07-28,NA,57,55,146,111,144
ORIENTE GOLFO,2026-07-29,NA,69,58,169,121,149
ORIENTE GOLFO,2026-07-30,NA,81,49,183,130,158
ORIENTE GOLFO,2026-07-31,NA,96,56,182,143,184
ORIENTE GOLFO,2026-08-01,38,85,78,206,123,172
ORIENTE GOLFO,2026-08-02,25,90,48,151,127,144
ORIENTE GOLFO,2026-08-03,16,71,39,127,121,136
ORIENTE GOLFO,2026-08-04,27,69,61,195,152,134
ORIENTE GOLFO,2026-08-05,30,77,74,190,147,170
ORIENTE GOLFO,2026-08-06,22,83,79,182,164,179
ORIENTE GOLFO,2026-08-07,41,69,81,186,170,172
ORIENTE GOLFO,2026-08-08,23,82,62,176,159,179
ORIENTE GOLFO,2026-08-09,12,68,38,149,122,157
ORIENTE GOLFO,2026-08-10,10,60,38,120,114,143
ORIENTE GOLFO,2026-08-11,18,62,65,169,121,147
ORIENTE GOLFO,2026-08-12,16,79,62,166,149,152
ORIENTE GOLFO,2026-08-13,13,81,59,185,160,161
ORIENTE GOLFO,2026-08-14,23,75,51,156,161,178
ORIENTE GOLFO,2026-08-15,24,72,53,233,184,187
ORIENTE GOLFO,2026-08-16,26,71,37,198,139,168
ORIENTE GOLFO,2026-08-17,11,59,44,144,119,141
ORIENTE GOLFO,2026-08-18,21,59,48,186,149,152
ORIENTE GOLFO,2026-08-19,17,62,48,157,158,180
ORIENTE GOLFO,2026-08-20,24,61,52,157,148,194
ORIENTE GOLFO,2026-08-21,23,67,53,171,160,190
ORIENTE GOLFO,2026-08-22,27,63,54,185,156,180
ORIENTE GOLFO,2026-08-23,24,65,62,154,121,157
ORIENTE GOLFO,2026-08-24,13,57,48,134,129,145
ORIENTE PACIFICO,2025-08-24,NA,73,51,164,109,187
ORIENTE PACIFICO,2025-08-25,NA,66,46,115,107,159
ORIENTE PACIFICO,2025-08-26,NA,89,56,144,112,172
ORIENTE PACIFICO,2025-08-27,NA,82,52,153,119,189
ORIENTE PACIFICO,2025-08-28,NA,100,60,147,135,201
ORIENTE PACIFICO,2025-08-29,NA,107,57,126,152,197
ORIENTE PACIFICO,2025-08-30,NA,119,70,117,182,176
ORIENTE PACIFICO,2025-08-31,NA,111,59,121,128,140
ORIENTE PACIFICO,2025-09-01,NA,86,56,119,99,124
ORIENTE PACIFICO,2025-09-02,NA,118,64,124,102,156
ORIENTE PACIFICO,2025-09-03,NA,114,71,153,126,189
ORIENTE PACIFICO,2025-09-04,NA,112,62,143,104,213
ORIENTE PACIFICO,2025-09-05,NA,110,61,148,110,199
ORIENTE PACIFICO,2025-09-06,NA,133,62,161,113,199
ORIENTE PACIFICO,2025-09-07,NA,116,66,147,115,177
ORIENTE PACIFICO,2025-09-08,NA,99,49,138,112,144
ORIENTE PACIFICO,2025-09-09,NA,100,55,141,128,161
ORIENTE PACIFICO,2025-09-10,NA,102,54,140,122,156
ORIENTE PACIFICO,2025-09-11,NA,106,49,132,124,146
ORIENTE PACIFICO,2025-09-12,NA,96,36,141,139,137
ORIENTE PACIFICO,2025-09-13,NA,98,42,159,143,129
ORIENTE PACIFICO,2025-09-14,NA,83,58,141,107,111
ORIENTE PACIFICO,2025-09-15,NA,61,56,132,103,106
ORIENTE PACIFICO,2025-09-16,NA,61,57,143,117,140
ORIENTE PACIFICO,2025-09-17,NA,63,48,113,94,131
ORIENTE PACIFICO,2025-09-18,NA,69,53,128,102,145
ORIENTE PACIFICO,2025-09-19,NA,80,63,143,114,146
ORIENTE PACIFICO,2025-09-20,NA,85,61,143,129,144
ORIENTE PACIFICO,2025-09-21,NA,67,57,124,101,149
ORIENTE PACIFICO,2025-09-22,NA,64,49,101,89,137
ORIENTE PACIFICO,2025-09-23,NA,77,46,138,109,176
ORIENTE PACIFICO,2025-09-24,NA,86,62,117,134,191
ORIENTE PACIFICO,2025-09-25,NA,96,52,120,135,185
ORIENTE PACIFICO,2025-09-26,NA,105,55,123,147,188
ORIENTE PACIFICO,2025-09-27,NA,114,52,112,187,185
ORIENTE PACIFICO,2025-09-28,NA,101,61,126,133,178
ORIENTE PACIFICO,2025-09-29,NA,89,48,118,121,152
ORIENTE PACIFICO,2025-09-30,NA,105,49,190,148,160
ORIENTE PACIFICO,2025-10-01,NA,127,56,188,131,175
ORIENTE PACIFICO,2025-10-02,NA,129,70,175,119,173
ORIENTE PACIFICO,2025-10-03,NA,121,81,189,142,198
ORIENTE PACIFICO,2025-10-04,NA,119,74,160,163,186
ORIENTE PACIFICO,2025-10-05,NA,104,76,143,139,171
ORIENTE PACIFICO,2025-10-06,NA,108,72,126,80,153
ORIENTE PACIFICO,2025-10-07,NA,124,89,138,110,181
ORIENTE PACIFICO,2025-10-08,NA,129,88,159,114,182
ORIENTE PACIFICO,2025-10-09,NA,117,92,172,107,177
ORIENTE PACIFICO,2025-10-10,NA,116,85,161,114,182
ORIENTE PACIFICO,2025-10-11,NA,130,74,176,138,181
ORIENTE PACIFICO,2025-10-12,NA,110,73,142,118,149
ORIENTE PACIFICO,2025-10-13,NA,101,49,136,92,148
ORIENTE PACIFICO,2025-10-14,NA,91,40,142,91,185
ORIENTE PACIFICO,2025-10-15,NA,89,40,141,119,186
ORIENTE PACIFICO,2025-10-16,NA,94,63,156,120,204
ORIENTE PACIFICO,2025-10-17,NA,90,60,137,153,199
ORIENTE PACIFICO,2025-10-18,NA,87,72,155,144,200
ORIENTE PACIFICO,2025-10-19,NA,89,56,154,103,164
ORIENTE PACIFICO,2025-10-20,NA,92,62,137,90,136
ORIENTE PACIFICO,2025-10-21,NA,94,65,161,125,164
ORIENTE PACIFICO,2025-10-22,NA,85,64,145,135,179
ORIENTE PACIFICO,2025-10-23,NA,92,65,142,138,164
ORIENTE PACIFICO,2025-10-24,NA,90,56,148,132,167
ORIENTE PACIFICO,2025-10-25,NA,95,49,148,138,177
ORIENTE PACIFICO,2025-10-26,NA,81,40,128,118,139
ORIENTE PACIFICO,2025-10-27,NA,69,35,119,90,108
ORIENTE PACIFICO,2025-10-28,NA,70,42,128,95,128
ORIENTE PACIFICO,2025-10-29,NA,83,44,139,105,139
ORIENTE PACIFICO,2025-10-30,NA,87,47,142,99,119
ORIENTE PACIFICO,2025-10-31,NA,89,31,143,120,120
ORIENTE PACIFICO,2025-11-01,NA,105,45,171,100,138
ORIENTE PACIFICO,2025-11-02,NA,89,46,112,83,119
ORIENTE PACIFICO,2025-11-03,NA,86,37,100,87,105
ORIENTE PACIFICO,2025-11-04,NA,88,47,111,96,142
ORIENTE PACIFICO,2025-11-05,NA,91,45,125,112,145
ORIENTE PACIFICO,2025-11-06,NA,95,46,124,141,168
ORIENTE PACIFICO,2025-11-07,NA,74,50,111,147,160
ORIENTE PACIFICO,2025-11-08,NA,101,48,137,162,145
ORIENTE PACIFICO,2025-11-09,NA,77,46,125,157,124
ORIENTE PACIFICO,2025-11-10,NA,70,40,97,150,110
ORIENTE PACIFICO,2025-11-11,NA,85,46,138,146,148
ORIENTE PACIFICO,2025-11-12,NA,79,56,140,169,159
ORIENTE PACIFICO,2025-11-13,NA,82,62,168,155,156
ORIENTE PACIFICO,2025-11-14,NA,73,69,139,188,157
ORIENTE PACIFICO,2025-11-15,NA,92,73,157,215,161
ORIENTE PACIFICO,2025-11-16,NA,102,90,126,224,162
ORIENTE PACIFICO,2025-11-17,NA,91,81,127,194,139
ORIENTE PACIFICO,2025-11-18,NA,111,91,163,207,173
ORIENTE PACIFICO,2025-11-19,NA,112,108,202,209,226
ORIENTE PACIFICO,2025-11-20,NA,108,118,183,213,251
ORIENTE PACIFICO,2025-11-21,NA,106,111,151,220,245
ORIENTE PACIFICO,2025-11-22,NA,104,86,164,240,246
ORIENTE PACIFICO,2025-11-23,NA,98,90,173,207,244
ORIENTE PACIFICO,2025-11-24,NA,91,78,159,170,200
ORIENTE PACIFICO,2025-11-25,NA,101,65,163,201,194
ORIENTE PACIFICO,2025-11-26,NA,107,69,138,217,187
ORIENTE PACIFICO,2025-11-27,NA,115,72,144,175,203
ORIENTE PACIFICO,2025-11-28,NA,107,51,140,193,195
ORIENTE PACIFICO,2025-11-29,NA,128,56,135,210,172
ORIENTE PACIFICO,2025-11-30,NA,116,58,113,203,150
ORIENTE PACIFICO,2025-12-01,NA,95,47,112,195,137
ORIENTE PACIFICO,2025-12-02,NA,86,66,121,195,161
ORIENTE PACIFICO,2025-12-03,NA,100,68,109,159,188
ORIENTE PACIFICO,2025-12-04,NA,79,71,119,146,181
ORIENTE PACIFICO,2025-12-05,NA,81,58,113,183,127
ORIENTE PACIFICO,2025-12-06,NA,81,69,122,165,111
ORIENTE PACIFICO,2025-12-07,NA,87,61,124,137,98
ORIENTE PACIFICO,2025-12-08,NA,74,57,105,120,82
ORIENTE PACIFICO,2025-12-09,NA,82,62,108,155,110
ORIENTE PACIFICO,2025-12-10,NA,66,54,87,160,126
ORIENTE PACIFICO,2025-12-11,NA,73,44,121,168,154
ORIENTE PACIFICO,2025-12-12,NA,86,53,118,204,126
ORIENTE PACIFICO,2025-12-13,NA,83,54,128,210,124
ORIENTE PACIFICO,2025-12-14,NA,81,49,119,206,118
ORIENTE PACIFICO,2025-12-15,NA,81,36,122,178,96
ORIENTE PACIFICO,2025-12-16,NA,94,60,147,227,146
ORIENTE PACIFICO,2025-12-17,NA,112,79,183,239,175
ORIENTE PACIFICO,2025-12-18,NA,110,98,199,248,212
ORIENTE PACIFICO,2025-12-19,NA,124,109,176,212,214
ORIENTE PACIFICO,2025-12-20,NA,119,98,168,227,218
ORIENTE PACIFICO,2025-12-21,NA,100,82,149,190,199
ORIENTE PACIFICO,2025-12-22,NA,82,78,129,175,180
ORIENTE PACIFICO,2025-12-23,NA,89,94,135,204,185
ORIENTE PACIFICO,2025-12-24,NA,88,89,149,153,191
ORIENTE PACIFICO,2025-12-25,NA,86,81,126,138,191
ORIENTE PACIFICO,2025-12-26,NA,76,67,109,121,181
ORIENTE PACIFICO,2025-12-27,NA,80,67,129,145,175
ORIENTE PACIFICO,2025-12-28,NA,82,79,145,124,184
ORIENTE PACIFICO,2025-12-29,NA,72,60,101,107,150
ORIENTE PACIFICO,2025-12-30,NA,88,85,105,129,144
ORIENTE PACIFICO,2025-12-31,NA,84,63,98,127,135
ORIENTE PACIFICO,2026-01-01,NA,76,48,59,104,126
ORIENTE PACIFICO,2026-01-02,NA,74,44,76,97,119
ORIENTE PACIFICO,2026-01-03,NA,85,71,121,139,136
ORIENTE PACIFICO,2026-01-04,NA,87,59,94,144,125
ORIENTE PACIFICO,2026-01-05,NA,59,48,98,129,118
ORIENTE PACIFICO,2026-01-06,NA,68,68,122,169,138
ORIENTE PACIFICO,2026-01-07,NA,81,84,113,155,162
ORIENTE PACIFICO,2026-01-08,NA,91,83,152,205,169
ORIENTE PACIFICO,2026-01-09,NA,109,84,133,213,163
ORIENTE PACIFICO,2026-01-10,NA,128,93,140,215,158
ORIENTE PACIFICO,2026-01-11,NA,111,83,148,198,138
ORIENTE PACIFICO,2026-01-12,NA,89,73,136,164,124
ORIENTE PACIFICO,2026-01-13,NA,91,87,130,199,159
ORIENTE PACIFICO,2026-01-14,NA,94,99,175,201,180
ORIENTE PACIFICO,2026-01-15,NA,113,99,180,209,192
ORIENTE PACIFICO,2026-01-16,NA,124,106,155,245,192
ORIENTE PACIFICO,2026-01-17,NA,112,124,169,263,206
ORIENTE PACIFICO,2026-01-18,NA,130,108,188,207,194
ORIENTE PACIFICO,2026-01-19,NA,115,105,171,161,212
ORIENTE PACIFICO,2026-01-20,NA,121,112,207,190,266
ORIENTE PACIFICO,2026-01-21,NA,112,105,202,171,270
ORIENTE PACIFICO,2026-01-22,NA,103,101,191,201,259
ORIENTE PACIFICO,2026-01-23,NA,119,115,162,189,251
ORIENTE PACIFICO,2026-01-24,NA,114,113,169,213,251
ORIENTE PACIFICO,2026-01-25,NA,115,101,144,166,223
ORIENTE PACIFICO,2026-01-26,NA,92,94,93,130,203
ORIENTE PACIFICO,2026-01-27,NA,101,76,101,146,221
ORIENTE PACIFICO,2026-01-28,NA,109,88,102,164,206
ORIENTE PACIFICO,2026-01-29,NA,129,85,129,185,206
ORIENTE PACIFICO,2026-01-30,NA,117,67,133,196,197
ORIENTE PACIFICO,2026-01-31,NA,125,74,142,199,194
ORIENTE PACIFICO,2026-02-01,NA,154,81,148,136,193
ORIENTE PACIFICO,2026-02-02,NA,141,92,128,140,162
ORIENTE PACIFICO,2026-02-03,NA,134,108,195,120,187
ORIENTE PACIFICO,2026-02-04,NA,119,83,196,145,185
ORIENTE PACIFICO,2026-02-05,NA,101,85,151,175,205
ORIENTE PACIFICO,2026-02-06,NA,80,73,142,161,195
ORIENTE PACIFICO,2026-02-07,NA,89,86,137,173,172
ORIENTE PACIFICO,2026-02-08,NA,94,68,132,149,158
ORIENTE PACIFICO,2026-02-09,NA,83,69,107,113,127
ORIENTE PACIFICO,2026-02-10,NA,93,87,145,159,158
ORIENTE PACIFICO,2026-02-11,NA,107,105,149,165,195
ORIENTE PACIFICO,2026-02-12,NA,110,97,149,185,199
ORIENTE PACIFICO,2026-02-13,NA,107,102,120,222,184
ORIENTE PACIFICO,2026-02-14,NA,108,72,160,252,185
ORIENTE PACIFICO,2026-02-15,NA,104,75,130,170,177
ORIENTE PACIFICO,2026-02-16,NA,95,81,108,174,172
ORIENTE PACIFICO,2026-02-17,NA,97,89,125,176,211
ORIENTE PACIFICO,2026-02-18,NA,87,84,144,166,227
ORIENTE PACIFICO,2026-02-19,NA,83,80,143,187,204
ORIENTE PACIFICO,2026-02-20,NA,80,65,164,186,205
ORIENTE PACIFICO,2026-02-21,NA,95,60,156,194,214
ORIENTE PACIFICO,2026-02-22,NA,89,63,117,161,198
ORIENTE PACIFICO,2026-02-23,NA,73,49,111,142,179
ORIENTE PACIFICO,2026-02-24,NA,86,59,142,109,207
ORIENTE PACIFICO,2026-02-25,NA,100,56,101,131,224
ORIENTE PACIFICO,2026-02-26,NA,105,59,118,141,215
ORIENTE PACIFICO,2026-02-27,NA,131,59,115,182,241
ORIENTE PACIFICO,2026-02-28,NA,133,74,129,199,250
ORIENTE PACIFICO,2026-03-01,NA,122,88,153,199,236
ORIENTE PACIFICO,2026-03-02,NA,112,95,132,114,208
ORIENTE PACIFICO,2026-03-03,NA,109,106,130,159,233
ORIENTE PACIFICO,2026-03-04,NA,105,108,147,138,242
ORIENTE PACIFICO,2026-03-05,NA,110,106,139,166,223
ORIENTE PACIFICO,2026-03-06,NA,112,100,137,185,221
ORIENTE PACIFICO,2026-03-07,NA,113,76,151,207,205
ORIENTE PACIFICO,2026-03-08,NA,91,72,144,173,187
ORIENTE PACIFICO,2026-03-09,NA,75,63,105,129,166
ORIENTE PACIFICO,2026-03-10,NA,80,53,141,175,175
ORIENTE PACIFICO,2026-03-11,NA,86,50,122,184,150
ORIENTE PACIFICO,2026-03-12,NA,91,65,114,198,138
ORIENTE PACIFICO,2026-03-13,NA,88,63,119,173,132
ORIENTE PACIFICO,2026-03-14,NA,98,51,137,198,120
ORIENTE PACIFICO,2026-03-15,NA,94,68,133,178,115
ORIENTE PACIFICO,2026-03-16,NA,61,65,106,161,100
ORIENTE PACIFICO,2026-03-17,NA,83,72,158,134,136
ORIENTE PACIFICO,2026-03-18,NA,73,75,148,140,134
ORIENTE PACIFICO,2026-03-19,NA,78,71,172,147,163
ORIENTE PACIFICO,2026-03-20,NA,91,65,167,170,167
ORIENTE PACIFICO,2026-03-21,NA,103,69,132,159,180
ORIENTE PACIFICO,2026-03-22,NA,83,69,101,104,192
ORIENTE PACIFICO,2026-03-23,NA,78,59,77,101,171
ORIENTE PACIFICO,2026-03-24,NA,83,59,124,126,158
ORIENTE PACIFICO,2026-03-25,NA,80,68,139,156,167
ORIENTE PACIFICO,2026-03-26,NA,84,61,122,189,168
ORIENTE PACIFICO,2026-03-27,NA,110,64,122,196,173
ORIENTE PACIFICO,2026-03-28,NA,116,76,154,238,179
ORIENTE PACIFICO,2026-03-29,NA,116,84,178,167,156
ORIENTE PACIFICO,2026-03-30,NA,116,77,117,135,133
ORIENTE PACIFICO,2026-03-31,NA,122,76,120,160,152
ORIENTE PACIFICO,2026-04-01,NA,111,86,142,175,156
ORIENTE PACIFICO,2026-04-02,NA,125,93,161,225,176
ORIENTE PACIFICO,2026-04-03,NA,133,89,144,188,169
ORIENTE PACIFICO,2026-04-04,NA,128,78,111,141,155
ORIENTE PACIFICO,2026-04-05,NA,123,62,108,139,140
ORIENTE PACIFICO,2026-04-06,NA,94,47,85,130,136
ORIENTE PACIFICO,2026-04-07,NA,89,67,176,129,163
ORIENTE PACIFICO,2026-04-08,NA,86,79,156,159,165
ORIENTE PACIFICO,2026-04-09,NA,91,67,155,179,161
ORIENTE PACIFICO,2026-04-10,NA,102,72,135,158,168
ORIENTE PACIFICO,2026-04-11,NA,106,78,150,174,178
ORIENTE PACIFICO,2026-04-12,NA,93,74,139,123,152
ORIENTE PACIFICO,2026-04-13,NA,72,69,96,116,143
ORIENTE PACIFICO,2026-04-14,NA,82,62,140,109,148
ORIENTE PACIFICO,2026-04-15,NA,73,68,152,138,204
ORIENTE PACIFICO,2026-04-16,NA,82,85,179,163,239
ORIENTE PACIFICO,2026-04-17,NA,88,82,180,178,247
ORIENTE PACIFICO,2026-04-18,NA,89,88,176,161,225
ORIENTE PACIFICO,2026-04-19,NA,80,97,165,140,195
ORIENTE PACIFICO,2026-04-20,NA,80,98,134,101,181
ORIENTE PACIFICO,2026-04-21,NA,107,104,128,134,194
ORIENTE PACIFICO,2026-04-22,NA,100,88,120,120,191
ORIENTE PACIFICO,2026-04-23,NA,89,87,175,124,220
ORIENTE PACIFICO,2026-04-24,NA,99,87,185,129,207
ORIENTE PACIFICO,2026-04-25,NA,109,84,182,145,195
ORIENTE PACIFICO,2026-04-26,NA,105,73,165,129,180
ORIENTE PACIFICO,2026-04-27,NA,88,45,147,127,161
ORIENTE PACIFICO,2026-04-28,NA,96,56,165,152,166
ORIENTE PACIFICO,2026-04-29,NA,112,59,122,170,183
ORIENTE PACIFICO,2026-04-30,NA,113,67,139,164,185
ORIENTE PACIFICO,2026-05-01,NA,107,69,154,163,196
ORIENTE PACIFICO,2026-05-02,NA,116,88,191,140,186
ORIENTE PACIFICO,2026-05-03,NA,98,80,166,106,175
ORIENTE PACIFICO,2026-05-04,NA,93,88,155,90,164
ORIENTE PACIFICO,2026-05-05,NA,98,88,172,136,157
ORIENTE PACIFICO,2026-05-06,NA,94,107,136,140,154
ORIENTE PACIFICO,2026-05-07,NA,88,88,146,151,152
ORIENTE PACIFICO,2026-05-08,NA,77,81,145,161,155
ORIENTE PACIFICO,2026-05-09,NA,68,74,156,172,138
ORIENTE PACIFICO,2026-05-10,NA,57,57,112,104,120
ORIENTE PACIFICO,2026-05-11,NA,50,50,120,85,113
ORIENTE PACIFICO,2026-05-12,NA,54,58,134,129,114
ORIENTE PACIFICO,2026-05-13,NA,53,58,148,158,126
ORIENTE PACIFICO,2026-05-14,NA,59,45,140,175,122
ORIENTE PACIFICO,2026-05-15,NA,73,58,135,209,133
ORIENTE PACIFICO,2026-05-16,NA,93,66,166,201,131
ORIENTE PACIFICO,2026-05-17,NA,84,64,145,149,120
ORIENTE PACIFICO,2026-05-18,NA,63,72,126,126,117
ORIENTE PACIFICO,2026-05-19,NA,78,69,142,172,161
ORIENTE PACIFICO,2026-05-20,NA,86,95,176,183,169
ORIENTE PACIFICO,2026-05-21,NA,96,97,182,176,179
ORIENTE PACIFICO,2026-05-22,NA,89,104,174,186,181
ORIENTE PACIFICO,2026-05-23,NA,98,101,161,195,175
ORIENTE PACIFICO,2026-05-24,NA,88,91,120,146,154
ORIENTE PACIFICO,2026-05-25,NA,75,86,106,132,139
ORIENTE PACIFICO,2026-05-26,NA,95,89,139,148,149
ORIENTE PACIFICO,2026-05-27,NA,101,100,168,173,162
ORIENTE PACIFICO,2026-05-28,NA,102,96,153,186,169
ORIENTE PACIFICO,2026-05-29,NA,111,84,159,204,190
ORIENTE PACIFICO,2026-05-30,NA,139,93,186,201,194
ORIENTE PACIFICO,2026-05-31,NA,143,103,214,157,178
ORIENTE PACIFICO,2026-06-01,NA,124,86,197,121,177
ORIENTE PACIFICO,2026-06-02,NA,120,105,187,157,180
ORIENTE PACIFICO,2026-06-03,NA,135,114,182,151,219
ORIENTE PACIFICO,2026-06-04,NA,140,132,206,191,203
ORIENTE PACIFICO,2026-06-05,NA,147,139,209,206,192
ORIENTE PACIFICO,2026-06-06,NA,143,144,237,231,173
ORIENTE PACIFICO,2026-06-07,NA,129,141,240,179,158
ORIENTE PACIFICO,2026-06-08,NA,116,125,202,142,128
ORIENTE PACIFICO,2026-06-09,NA,105,144,236,162,136
ORIENTE PACIFICO,2026-06-10,NA,115,168,240,208,158
ORIENTE PACIFICO,2026-06-11,NA,106,166,271,241,166
ORIENTE PACIFICO,2026-06-12,NA,110,147,280,202,166
ORIENTE PACIFICO,2026-06-13,NA,126,149,269,231,166
ORIENTE PACIFICO,2026-06-14,NA,110,134,236,180,170
ORIENTE PACIFICO,2026-06-15,NA,103,127,201,141,145
ORIENTE PACIFICO,2026-06-16,NA,117,134,207,180,161
ORIENTE PACIFICO,2026-06-17,NA,109,126,200,208,197
ORIENTE PACIFICO,2026-06-18,NA,103,119,166,218,198
ORIENTE PACIFICO,2026-06-19,NA,101,114,192,223,215
ORIENTE PACIFICO,2026-06-20,NA,113,94,258,233,192
ORIENTE PACIFICO,2026-06-21,NA,116,99,244,176,162
ORIENTE PACIFICO,2026-06-22,NA,107,90,180,137,144
ORIENTE PACIFICO,2026-06-23,NA,116,93,196,184,153
ORIENTE PACIFICO,2026-06-24,NA,98,109,210,189,183
ORIENTE PACIFICO,2026-06-25,NA,107,96,192,170,171
ORIENTE PACIFICO,2026-06-26,NA,120,100,174,171,171
ORIENTE PACIFICO,2026-06-27,NA,133,88,184,215,188
ORIENTE PACIFICO,2026-06-28,NA,133,98,161,186,187
ORIENTE PACIFICO,2026-06-29,NA,131,86,131,161,174
ORIENTE PACIFICO,2026-06-30,NA,126,83,166,169,157
ORIENTE PACIFICO,2026-07-01,NA,124,85,176,153,163
ORIENTE PACIFICO,2026-07-02,NA,117,86,192,173,159
ORIENTE PACIFICO,2026-07-03,NA,114,85,191,202,164
ORIENTE PACIFICO,2026-07-04,NA,131,93,226,213,176
ORIENTE PACIFICO,2026-07-05,NA,119,100,233,173,166
ORIENTE PACIFICO,2026-07-06,NA,112,93,188,123,142
ORIENTE PACIFICO,2026-07-07,NA,99,113,194,180,144
ORIENTE PACIFICO,2026-07-08,NA,106,108,202,188,154
ORIENTE PACIFICO,2026-07-09,NA,115,98,219,181,159
ORIENTE PACIFICO,2026-07-10,NA,108,90,196,183,180
ORIENTE PACIFICO,2026-07-11,NA,109,73,192,207,177
ORIENTE PACIFICO,2026-07-12,NA,99,52,193,171,166
ORIENTE PACIFICO,2026-07-13,NA,89,50,171,131,143
ORIENTE PACIFICO,2026-07-14,NA,104,67,183,156,166
ORIENTE PACIFICO,2026-07-15,NA,102,66,210,191,181
ORIENTE PACIFICO,2026-07-16,NA,94,81,164,203,194
ORIENTE PACIFICO,2026-07-17,NA,98,83,205,200,214
ORIENTE PACIFICO,2026-07-18,NA,102,93,217,212,214
ORIENTE PACIFICO,2026-07-19,NA,86,83,236,183,207
ORIENTE PACIFICO,2026-07-20,NA,62,72,183,122,186
ORIENTE PACIFICO,2026-07-21,NA,70,71,161,180,201
ORIENTE PACIFICO,2026-07-22,NA,89,101,162,196,227
ORIENTE PACIFICO,2026-07-23,NA,88,74,163,170,198
ORIENTE PACIFICO,2026-07-24,NA,100,90,170,200,171
ORIENTE PACIFICO,2026-07-25,NA,96,75,161,205,159
ORIENTE PACIFICO,2026-07-26,NA,95,61,162,172,142
ORIENTE PACIFICO,2026-07-27,NA,83,50,107,145,138
ORIENTE PACIFICO,2026-07-28,NA,100,52,124,183,173
ORIENTE PACIFICO,2026-07-29,NA,107,55,145,202,197
ORIENTE PACIFICO,2026-07-30,NA,113,66,159,199,203
ORIENTE PACIFICO,2026-07-31,NA,131,64,168,228,228
ORIENTE PACIFICO,2026-08-01,26,129,97,208,202,205
ORIENTE PACIFICO,2026-08-02,24,121,106,242,177,205
ORIENTE PACIFICO,2026-08-03,26,105,102,184,141,166
ORIENTE PACIFICO,2026-08-04,37,103,95,248,205,185
ORIENTE PACIFICO,2026-08-05,42,108,90,206,220,216
ORIENTE PACIFICO,2026-08-06,51,106,92,241,227,224
ORIENTE PACIFICO,2026-08-07,48,118,98,235,240,226
ORIENTE PACIFICO,2026-08-08,40,121,88,206,259,218
ORIENTE PACIFICO,2026-08-09,31,98,98,209,210,202
ORIENTE PACIFICO,2026-08-10,25,83,77,162,160,183
ORIENTE PACIFICO,2026-08-11,31,93,75,205,148,188
ORIENTE PACIFICO,2026-08-12,34,98,93,192,174,215
ORIENTE PACIFICO,2026-08-13,35,112,86,205,170,206
ORIENTE PACIFICO,2026-08-14,42,113,79,219,230,210
ORIENTE PACIFICO,2026-08-15,36,91,69,260,255,198
ORIENTE PACIFICO,2026-08-16,29,79,71,223,214,176
ORIENTE PACIFICO,2026-08-17,25,67,69,198,159,149
ORIENTE PACIFICO,2026-08-18,29,95,102,232,214,198
ORIENTE PACIFICO,2026-08-19,41,104,115,250,226,223
ORIENTE PACIFICO,2026-08-20,38,105,103,206,232,204
ORIENTE PACIFICO,2026-08-21,39,111,107,202,230,193
ORIENTE PACIFICO,2026-08-22,43,102,90,192,248,193
ORIENTE PACIFICO,2026-08-23,28,86,72,161,206,144
ORIENTE PACIFICO,2026-08-24,26,74,68,129,165,132
PACIFICO,2025-08-24,NA,31,13,122,58,67
PACIFICO,2025-08-25,NA,29,14,106,39,54
PACIFICO,2025-08-26,NA,27,17,188,64,65
PACIFICO,2025-08-27,NA,37,22,193,64,63
PACIFICO,2025-08-28,NA,41,29,178,83,61
PACIFICO,2025-08-29,NA,45,20,205,94,72
PACIFICO,2025-08-30,NA,48,11,168,66,63
PACIFICO,2025-08-31,NA,48,17,137,92,57
PACIFICO,2025-09-01,NA,46,14,154,65,48
PACIFICO,2025-09-02,NA,51,23,222,91,67
PACIFICO,2025-09-03,NA,51,26,225,90,83
PACIFICO,2025-09-04,NA,48,28,215,88,96
PACIFICO,2025-09-05,NA,48,22,164,84,96
PACIFICO,2025-09-06,NA,45,18,209,87,91
PACIFICO,2025-09-07,NA,38,18,202,73,75
PACIFICO,2025-09-08,NA,35,18,169,46,63
PACIFICO,2025-09-09,NA,33,17,174,66,77
PACIFICO,2025-09-10,NA,46,19,183,95,78
PACIFICO,2025-09-11,NA,37,11,158,80,58
PACIFICO,2025-09-12,NA,42,17,176,87,78
PACIFICO,2025-09-13,NA,46,17,159,84,76
PACIFICO,2025-09-14,NA,42,15,124,69,58
PACIFICO,2025-09-15,NA,32,10,79,49,47
PACIFICO,2025-09-16,NA,35,12,133,71,58
PACIFICO,2025-09-17,NA,30,21,127,60,51
PACIFICO,2025-09-18,NA,32,20,119,54,66
PACIFICO,2025-09-19,NA,29,17,113,62,62
PACIFICO,2025-09-20,NA,38,21,99,53,47
PACIFICO,2025-09-21,NA,27,19,98,37,53
PACIFICO,2025-09-22,NA,19,14,82,28,36
PACIFICO,2025-09-23,NA,22,13,86,39,48
PACIFICO,2025-09-24,NA,26,18,104,50,52
PACIFICO,2025-09-25,NA,19,9,104,59,61
PACIFICO,2025-09-26,NA,22,16,111,71,61
PACIFICO,2025-09-27,NA,26,11,140,64,71
PACIFICO,2025-09-28,NA,42,17,122,40,64
PACIFICO,2025-09-29,NA,30,9,65,33,43
PACIFICO,2025-09-30,NA,33,13,96,45,41
PACIFICO,2025-10-01,NA,36,16,102,47,53
PACIFICO,2025-10-02,NA,31,22,107,58,58
PACIFICO,2025-10-03,NA,29,16,100,62,54
PACIFICO,2025-10-04,NA,38,13,109,58,44
PACIFICO,2025-10-05,NA,36,15,79,27,39
PACIFICO,2025-10-06,NA,28,15,74,26,30
PACIFICO,2025-10-07,NA,27,16,95,49,59
PACIFICO,2025-10-08,NA,32,14,96,56,55
PACIFICO,2025-10-09,NA,25,13,103,62,56
PACIFICO,2025-10-10,NA,20,16,81,67,67
PACIFICO,2025-10-11,NA,28,24,93,60,60
PACIFICO,2025-10-12,NA,32,14,86,56,52
PACIFICO,2025-10-13,NA,26,10,121,52,43
PACIFICO,2025-10-14,NA,26,20,124,58,52
PACIFICO,2025-10-15,NA,25,13,115,66,60
PACIFICO,2025-10-16,NA,32,21,164,55,59
PACIFICO,2025-10-17,NA,35,27,139,67,67
PACIFICO,2025-10-18,NA,33,23,118,66,69
PACIFICO,2025-10-19,NA,33,16,95,40,57
PACIFICO,2025-10-20,NA,35,13,78,42,54
PACIFICO,2025-10-21,NA,24,16,100,49,62
PACIFICO,2025-10-22,NA,20,13,92,45,52
PACIFICO,2025-10-23,NA,20,14,102,49,54
PACIFICO,2025-10-24,NA,17,12,91,55,53
PACIFICO,2025-10-25,NA,24,8,90,48,54
PACIFICO,2025-10-26,NA,18,8,78,40,49
PACIFICO,2025-10-27,NA,14,7,52,54,37
PACIFICO,2025-10-28,NA,23,12,81,52,49
PACIFICO,2025-10-29,NA,23,14,78,47,45
PACIFICO,2025-10-30,NA,23,12,67,51,49
PACIFICO,2025-10-31,NA,32,15,84,47,42
PACIFICO,2025-11-01,NA,28,14,81,53,47
PACIFICO,2025-11-02,NA,29,10,64,35,34
PACIFICO,2025-11-03,NA,30,10,71,35,38
PACIFICO,2025-11-04,NA,28,17,92,45,49
PACIFICO,2025-11-05,NA,33,13,102,41,47
PACIFICO,2025-11-06,NA,28,13,77,63,57
PACIFICO,2025-11-07,NA,26,15,86,62,58
PACIFICO,2025-11-08,NA,37,15,87,64,39
PACIFICO,2025-11-09,NA,27,5,69,53,48
PACIFICO,2025-11-10,NA,24,11,40,47,33
PACIFICO,2025-11-11,NA,24,10,74,50,55
PACIFICO,2025-11-12,NA,30,11,83,54,62
PACIFICO,2025-11-13,NA,32,16,77,57,59
PACIFICO,2025-11-14,NA,27,12,67,64,70
PACIFICO,2025-11-15,NA,31,17,84,75,53
PACIFICO,2025-11-16,NA,35,10,78,53,47
PACIFICO,2025-11-17,NA,29,14,76,45,33
PACIFICO,2025-11-18,NA,26,14,79,48,33
PACIFICO,2025-11-19,NA,20,13,96,55,51
PACIFICO,2025-11-20,NA,21,12,86,54,62
PACIFICO,2025-11-21,NA,25,17,105,48,84
PACIFICO,2025-11-22,NA,20,14,105,54,81
PACIFICO,2025-11-23,NA,21,13,93,64,73
PACIFICO,2025-11-24,NA,20,10,64,50,55
PACIFICO,2025-11-25,NA,24,18,75,65,73
PACIFICO,2025-11-26,NA,23,11,72,61,56
PACIFICO,2025-11-27,NA,26,12,83,84,53
PACIFICO,2025-11-28,NA,26,14,58,60,60
PACIFICO,2025-11-29,NA,31,14,68,66,55
PACIFICO,2025-11-30,NA,27,18,56,59,46
PACIFICO,2025-12-01,NA,31,19,44,55,39
PACIFICO,2025-12-02,NA,32,22,75,68,53
PACIFICO,2025-12-03,NA,27,24,80,54,44
PACIFICO,2025-12-04,NA,24,21,60,66,61
PACIFICO,2025-12-05,NA,23,18,71,92,65
PACIFICO,2025-12-06,NA,27,14,73,109,68
PACIFICO,2025-12-07,NA,24,16,114,119,63
PACIFICO,2025-12-08,NA,28,15,84,78,51
PACIFICO,2025-12-09,NA,32,23,102,114,65
PACIFICO,2025-12-10,NA,32,21,129,99,55
PACIFICO,2025-12-11,NA,38,19,109,111,60
PACIFICO,2025-12-12,NA,25,22,124,110,53
PACIFICO,2025-12-13,NA,33,24,102,125,48
PACIFICO,2025-12-14,NA,27,30,87,98,49
PACIFICO,2025-12-15,NA,21,17,77,79,36
PACIFICO,2025-12-16,NA,27,18,85,113,58
PACIFICO,2025-12-17,NA,26,24,121,105,58
PACIFICO,2025-12-18,NA,30,19,126,107,65
PACIFICO,2025-12-19,NA,29,22,102,101,66
PACIFICO,2025-12-20,NA,27,19,101,96,55
PACIFICO,2025-12-21,NA,27,17,100,89,59
PACIFICO,2025-12-22,NA,21,16,69,76,55
PACIFICO,2025-12-23,NA,25,13,88,87,55
PACIFICO,2025-12-24,NA,19,14,67,62,53
PACIFICO,2025-12-25,NA,14,7,43,59,51
PACIFICO,2025-12-26,NA,17,7,56,56,42
PACIFICO,2025-12-27,NA,27,14,66,80,41
PACIFICO,2025-12-28,NA,18,5,32,52,24
PACIFICO,2025-12-29,NA,17,7,60,40,23
PACIFICO,2025-12-30,NA,22,16,61,65,40
PACIFICO,2025-12-31,NA,20,13,66,58,48
PACIFICO,2026-01-01,NA,18,4,42,40,45
PACIFICO,2026-01-02,NA,21,6,49,34,40
PACIFICO,2026-01-03,NA,24,10,58,62,42
PACIFICO,2026-01-04,NA,23,10,51,74,42
PACIFICO,2026-01-05,NA,22,14,56,71,35
PACIFICO,2026-01-06,NA,34,26,99,99,47
PACIFICO,2026-01-07,NA,31,16,95,101,52
PACIFICO,2026-01-08,NA,35,21,107,157,58
PACIFICO,2026-01-09,NA,38,29,104,156,65
PACIFICO,2026-01-10,NA,40,33,93,146,64
PACIFICO,2026-01-11,NA,36,22,89,112,58
PACIFICO,2026-01-12,NA,32,19,76,84,55
PACIFICO,2026-01-13,NA,27,21,101,116,51
PACIFICO,2026-01-14,NA,27,22,72,107,61
PACIFICO,2026-01-15,NA,31,21,94,135,52
PACIFICO,2026-01-16,NA,30,26,104,153,67
PACIFICO,2026-01-17,NA,31,24,94,147,66
PACIFICO,2026-01-18,NA,29,21,93,104,53
PACIFICO,2026-01-19,NA,21,16,82,75,40
PACIFICO,2026-01-20,NA,30,22,112,125,51
PACIFICO,2026-01-21,NA,28,17,88,127,73
PACIFICO,2026-01-22,NA,25,21,85,122,64
PACIFICO,2026-01-23,NA,25,21,77,94,61
PACIFICO,2026-01-24,NA,26,17,82,120,61
PACIFICO,2026-01-25,NA,26,13,106,84,53
PACIFICO,2026-01-26,NA,31,12,78,69,45
PACIFICO,2026-01-27,NA,33,19,81,76,50
PACIFICO,2026-01-28,NA,24,11,73,104,61
PACIFICO,2026-01-29,NA,28,16,63,97,71
PACIFICO,2026-01-30,NA,37,23,107,114,46
PACIFICO,2026-01-31,NA,39,20,88,124,58
PACIFICO,2026-02-01,NA,44,14,103,78,65
PACIFICO,2026-02-02,NA,45,13,80,62,53
PACIFICO,2026-02-03,NA,40,20,86,90,67
PACIFICO,2026-02-04,NA,37,15,86,101,64
PACIFICO,2026-02-05,NA,36,19,86,84,78
PACIFICO,2026-02-06,NA,30,12,75,126,68
PACIFICO,2026-02-07,NA,39,11,78,119,77
PACIFICO,2026-02-08,NA,39,7,80,86,80
PACIFICO,2026-02-09,NA,33,5,48,71,75
PACIFICO,2026-02-10,NA,32,14,77,101,77
PACIFICO,2026-02-11,NA,34,20,80,100,77
PACIFICO,2026-02-12,NA,35,18,87,115,71
PACIFICO,2026-02-13,NA,31,7,71,116,66
PACIFICO,2026-02-14,NA,30,17,74,118,47
PACIFICO,2026-02-15,NA,26,13,91,92,58
PACIFICO,2026-02-16,NA,27,15,77,53,57
PACIFICO,2026-02-17,NA,21,20,102,118,75
PACIFICO,2026-02-18,NA,25,13,83,88,75
PACIFICO,2026-02-19,NA,25,16,82,84,68
PACIFICO,2026-02-20,NA,26,15,60,92,72
PACIFICO,2026-02-21,NA,34,11,70,90,63
PACIFICO,2026-02-22,NA,21,14,77,71,57
PACIFICO,2026-02-23,NA,18,9,64,52,53
PACIFICO,2026-02-24,NA,24,9,79,68,55
PACIFICO,2026-02-25,NA,25,14,82,67,66
PACIFICO,2026-02-26,NA,29,20,88,75,76
PACIFICO,2026-02-27,NA,37,15,69,90,64
PACIFICO,2026-02-28,NA,40,17,80,102,73
PACIFICO,2026-03-01,NA,36,12,81,81,71
PACIFICO,2026-03-02,NA,35,15,68,71,63
PACIFICO,2026-03-03,NA,36,20,74,74,66
PACIFICO,2026-03-04,NA,34,24,96,98,71
PACIFICO,2026-03-05,NA,30,20,72,99,78
PACIFICO,2026-03-06,NA,30,19,82,82,78
PACIFICO,2026-03-07,NA,34,19,80,95,75
PACIFICO,2026-03-08,NA,25,17,73,80,69
PACIFICO,2026-03-09,NA,16,11,49,55,54
PACIFICO,2026-03-10,NA,21,15,55,82,50
PACIFICO,2026-03-11,NA,22,16,66,89,52
PACIFICO,2026-03-12,NA,28,14,72,98,65
PACIFICO,2026-03-13,NA,29,16,82,90,55
PACIFICO,2026-03-14,NA,27,15,83,90,67
PACIFICO,2026-03-15,NA,29,11,63,85,69
PACIFICO,2026-03-16,NA,19,11,67,66,62
PACIFICO,2026-03-17,NA,20,7,56,54,62
PACIFICO,2026-03-18,NA,32,12,82,77,62
PACIFICO,2026-03-19,NA,27,20,64,75,82
PACIFICO,2026-03-20,NA,34,18,70,80,82
PACIFICO,2026-03-21,NA,35,28,107,87,71
PACIFICO,2026-03-22,NA,17,25,74,72,52
PACIFICO,2026-03-23,NA,12,17,71,50,41
PACIFICO,2026-03-24,NA,12,19,71,68,51
PACIFICO,2026-03-25,NA,17,18,95,69,47
PACIFICO,2026-03-26,NA,17,16,66,83,59
PACIFICO,2026-03-27,NA,20,13,72,80,55
PACIFICO,2026-03-28,NA,26,13,68,77,55
PACIFICO,2026-03-29,NA,17,9,94,71,53
PACIFICO,2026-03-30,NA,15,7,61,56,45
PACIFICO,2026-03-31,NA,20,14,89,70,52
PACIFICO,2026-04-01,NA,22,18,111,80,60
PACIFICO,2026-04-02,NA,24,15,120,94,59
PACIFICO,2026-04-03,NA,24,13,98,67,58
PACIFICO,2026-04-04,NA,24,14,105,51,52
PACIFICO,2026-04-05,NA,19,13,81,45,46
PACIFICO,2026-04-06,NA,16,11,64,58,44
PACIFICO,2026-04-07,NA,26,7,95,80,58
PACIFICO,2026-04-08,NA,35,14,89,83,65
PACIFICO,2026-04-09,NA,30,17,93,93,72
PACIFICO,2026-04-10,NA,28,18,104,125,74
PACIFICO,2026-04-11,NA,35,13,102,131,94
PACIFICO,2026-04-12,NA,45,20,116,100,81
PACIFICO,2026-04-13,NA,27,14,82,68,61
PACIFICO,2026-04-14,NA,30,25,110,85,70
PACIFICO,2026-04-15,NA,28,21,104,101,68
PACIFICO,2026-04-16,NA,25,23,109,87,75
PACIFICO,2026-04-17,NA,26,20,67,81,81
PACIFICO,2026-04-18,NA,25,21,90,101,85
PACIFICO,2026-04-19,NA,23,22,76,75,78
PACIFICO,2026-04-20,NA,22,18,58,55,66
PACIFICO,2026-04-21,NA,22,18,79,60,70
PACIFICO,2026-04-22,NA,23,19,76,69,82
PACIFICO,2026-04-23,NA,28,22,75,67,75
PACIFICO,2026-04-24,NA,25,10,62,61,71
PACIFICO,2026-04-25,NA,30,13,85,77,65
PACIFICO,2026-04-26,NA,20,12,81,58,58
PACIFICO,2026-04-27,NA,20,11,54,44,49
PACIFICO,2026-04-28,NA,22,19,76,58,67
PACIFICO,2026-04-29,NA,21,19,85,58,43
PACIFICO,2026-04-30,NA,27,11,87,70,44
PACIFICO,2026-05-01,NA,33,15,80,51,52
PACIFICO,2026-05-02,NA,25,23,77,42,52
PACIFICO,2026-05-03,NA,29,22,89,64,50
PACIFICO,2026-05-04,NA,29,18,74,53,43
PACIFICO,2026-05-05,NA,36,19,90,89,73
PACIFICO,2026-05-06,NA,32,19,108,56,81
PACIFICO,2026-05-07,NA,23,23,86,85,84
PACIFICO,2026-05-08,NA,18,20,91,73,78
PACIFICO,2026-05-09,NA,31,17,86,74,73
PACIFICO,2026-05-10,NA,21,15,66,67,67
PACIFICO,2026-05-11,NA,15,10,49,55,61
PACIFICO,2026-05-12,NA,18,10,73,81,61
PACIFICO,2026-05-13,NA,27,13,93,87,54
PACIFICO,2026-05-14,NA,27,12,97,96,51
PACIFICO,2026-05-15,NA,23,15,94,80,63
PACIFICO,2026-05-16,NA,24,24,104,96,59
PACIFICO,2026-05-17,NA,21,22,108,59,55
PACIFICO,2026-05-18,NA,18,18,80,36,49
PACIFICO,2026-05-19,NA,22,27,87,73,62
PACIFICO,2026-05-20,NA,22,24,78,71,67
PACIFICO,2026-05-21,NA,21,20,74,93,74
PACIFICO,2026-05-22,NA,25,16,83,88,77
PACIFICO,2026-05-23,NA,25,20,92,89,80
PACIFICO,2026-05-24,NA,18,19,85,71,84
PACIFICO,2026-05-25,NA,19,13,76,53,65
PACIFICO,2026-05-26,NA,22,18,86,63,74
PACIFICO,2026-05-27,NA,25,9,91,69,75
PACIFICO,2026-05-28,NA,28,13,102,67,86
PACIFICO,2026-05-29,NA,33,20,104,77,84
PACIFICO,2026-05-30,NA,29,24,101,81,85
PACIFICO,2026-05-31,NA,24,16,91,53,84
PACIFICO,2026-06-01,NA,22,16,69,39,72
PACIFICO,2026-06-02,NA,30,20,97,63,81
PACIFICO,2026-06-03,NA,29,27,111,61,77
PACIFICO,2026-06-04,NA,35,27,117,76,66
PACIFICO,2026-06-05,NA,26,31,108,67,72
PACIFICO,2026-06-06,NA,30,28,104,97,79
PACIFICO,2026-06-07,NA,26,20,104,75,73
PACIFICO,2026-06-08,NA,25,17,91,50,74
PACIFICO,2026-06-09,NA,29,34,113,90,101
PACIFICO,2026-06-10,NA,35,22,135,95,85
PACIFICO,2026-06-11,NA,34,25,138,98,93
PACIFICO,2026-06-12,NA,31,23,146,87,87
PACIFICO,2026-06-13,NA,34,20,122,112,95
PACIFICO,2026-06-14,NA,38,17,136,88,93
PACIFICO,2026-06-15,NA,40,19,123,66,86
PACIFICO,2026-06-16,NA,46,19,166,110,98
PACIFICO,2026-06-17,NA,42,32,197,113,87
PACIFICO,2026-06-18,NA,43,35,164,113,117
PACIFICO,2026-06-19,NA,47,33,157,89,102
PACIFICO,2026-06-20,NA,32,27,160,69,124
PACIFICO,2026-06-21,NA,29,25,116,46,98
PACIFICO,2026-06-22,NA,24,25,94,38,83
PACIFICO,2026-06-23,NA,28,40,147,70,91
PACIFICO,2026-06-24,NA,26,33,163,77,105
PACIFICO,2026-06-25,NA,27,24,167,77,104
PACIFICO,2026-06-26,NA,30,27,120,71,113
PACIFICO,2026-06-27,NA,34,28,138,72,137
PACIFICO,2026-06-28,NA,38,28,148,57,126
PACIFICO,2026-06-29,NA,33,23,112,45,103
PACIFICO,2026-06-30,NA,34,21,134,67,115
PACIFICO,2026-07-01,NA,28,27,130,42,123
PACIFICO,2026-07-02,NA,37,37,147,67,131
PACIFICO,2026-07-03,NA,42,31,137,76,135
PACIFICO,2026-07-04,NA,43,32,130,81,123
PACIFICO,2026-07-05,NA,28,32,138,63,103
PACIFICO,2026-07-06,NA,31,30,122,44,89
PACIFICO,2026-07-07,NA,39,24,159,77,102
PACIFICO,2026-07-08,NA,41,28,141,90,108
PACIFICO,2026-07-09,NA,37,17,177,81,117
PACIFICO,2026-07-10,NA,32,22,187,100,107
PACIFICO,2026-07-11,NA,42,26,278,92,97
PACIFICO,2026-07-12,NA,41,24,271,62,93
PACIFICO,2026-07-13,NA,38,18,229,59,73
PACIFICO,2026-07-14,NA,27,30,228,104,89
PACIFICO,2026-07-15,NA,30,26,319,120,91
PACIFICO,2026-07-16,NA,34,32,274,143,113
PACIFICO,2026-07-17,NA,39,34,275,162,116
PACIFICO,2026-07-18,NA,46,46,242,161,117
PACIFICO,2026-07-19,NA,54,45,175,123,113
PACIFICO,2026-07-20,NA,43,38,117,78,101
PACIFICO,2026-07-21,NA,30,29,174,116,91
PACIFICO,2026-07-22,NA,32,28,149,124,105
PACIFICO,2026-07-23,NA,25,22,163,124,100
PACIFICO,2026-07-24,NA,36,25,201,125,99
PACIFICO,2026-07-25,NA,41,27,178,117,102
PACIFICO,2026-07-26,NA,37,23,171,94,90
PACIFICO,2026-07-27,NA,27,15,87,35,67
PACIFICO,2026-07-28,NA,34,15,169,91,104
PACIFICO,2026-07-29,NA,37,18,241,98,105
PACIFICO,2026-07-30,NA,38,27,253,121,112
PACIFICO,2026-07-31,NA,33,29,263,118,103
PACIFICO,2026-08-01,7,34,34,258,122,102
PACIFICO,2026-08-02,9,48,33,230,121,102
PACIFICO,2026-08-03,7,38,33,246,83,98
PACIFICO,2026-08-04,10,40,42,258,150,99
PACIFICO,2026-08-05,11,41,35,282,137,116
PACIFICO,2026-08-06,11,35,31,260,133,118
PACIFICO,2026-08-07,13,41,37,249,129,109
PACIFICO,2026-08-08,13,44,38,249,140,96
PACIFICO,2026-08-09,13,39,30,267,125,88
PACIFICO,2026-08-10,12,39,32,254,86,78
PACIFICO,2026-08-11,7,34,42,297,118,92
PACIFICO,2026-08-12,9,33,33,305,166,98
PACIFICO,2026-08-13,9,40,36,295,165,104
PACIFICO,2026-08-14,7,42,31,247,167,107
PACIFICO,2026-08-15,8,46,34,208,177,123
PACIFICO,2026-08-16,8,49,28,208,127,121
PACIFICO,2026-08-17,5,48,25,122,83,100
PACIFICO,2026-08-18,7,48,24,189,138,96
PACIFICO,2026-08-19,10,52,28,267,123,97
PACIFICO,2026-08-20,8,48,30,274,147,108
PACIFICO,2026-08-21,9,42,28,223,148,108
PACIFICO,2026-08-22,9,37,40,222,147,112
PACIFICO,2026-08-23,10,41,37,203,135,97
PACIFICO,2026-08-24,6,38,31,223,119,76
SURESTE,2025-08-24,NA,64,34,111,181,138
SURESTE,2025-08-25,NA,58,32,105,149,98
SURESTE,2025-08-26,NA,66,30,154,176,119
SURESTE,2025-08-27,NA,60,34,170,179,145
SURESTE,2025-08-28,NA,68,31,164,165,117
SURESTE,2025-08-29,NA,69,32,145,198,119
SURESTE,2025-08-30,NA,66,30,149,194,107
SURESTE,2025-08-31,NA,65,22,129,159,104
SURESTE,2025-09-01,NA,64,15,93,119,81
SURESTE,2025-09-02,NA,70,30,154,139,94
SURESTE,2025-09-03,NA,66,20,193,182,124
SURESTE,2025-09-04,NA,69,15,175,171,109
SURESTE,2025-09-05,NA,83,22,177,187,111
SURESTE,2025-09-06,NA,81,17,164,171,110
SURESTE,2025-09-07,NA,59,18,124,142,98
SURESTE,2025-09-08,NA,57,21,117,127,76
SURESTE,2025-09-09,NA,51,26,140,168,92
SURESTE,2025-09-10,NA,56,20,130,184,103
SURESTE,2025-09-11,NA,45,21,169,198,119
SURESTE,2025-09-12,NA,64,16,165,199,123
SURESTE,2025-09-13,NA,63,20,169,183,100
SURESTE,2025-09-14,NA,63,18,148,177,103
SURESTE,2025-09-15,NA,54,14,111,135,78
SURESTE,2025-09-16,NA,59,22,157,167,95
SURESTE,2025-09-17,NA,68,22,146,131,100
SURESTE,2025-09-18,NA,60,28,194,139,115
SURESTE,2025-09-19,NA,64,33,175,142,130
SURESTE,2025-09-20,NA,61,27,152,169,148
SURESTE,2025-09-21,NA,60,36,157,149,139
SURESTE,2025-09-22,NA,41,23,124,144,101
SURESTE,2025-09-23,NA,34,26,146,150,140
SURESTE,2025-09-24,NA,31,26,160,149,142
SURESTE,2025-09-25,NA,36,29,138,149,140
SURESTE,2025-09-26,NA,56,23,154,180,137
SURESTE,2025-09-27,NA,58,21,180,184,138
SURESTE,2025-09-28,NA,69,29,208,156,115
SURESTE,2025-09-29,NA,65,25,196,135,108
SURESTE,2025-09-30,NA,78,38,220,174,121
SURESTE,2025-10-01,NA,90,44,221,149,140
SURESTE,2025-10-02,NA,89,47,229,138,137
SURESTE,2025-10-03,NA,78,36,229,147,138
SURESTE,2025-10-04,NA,84,36,196,142,136
SURESTE,2025-10-05,NA,72,34,182,112,121
SURESTE,2025-10-06,NA,69,30,162,100,91
SURESTE,2025-10-07,NA,67,27,174,107,117
SURESTE,2025-10-08,NA,64,36,179,122,111
SURESTE,2025-10-09,NA,58,28,165,145,128
SURESTE,2025-10-10,NA,61,29,153,176,128
SURESTE,2025-10-11,NA,69,27,138,195,124
SURESTE,2025-10-12,NA,58,25,135,156,118
SURESTE,2025-10-13,NA,59,22,128,159,83
SURESTE,2025-10-14,NA,64,27,146,184,117
SURESTE,2025-10-15,NA,66,30,167,179,116
SURESTE,2025-10-16,NA,73,39,183,183,124
SURESTE,2025-10-17,NA,63,31,159,185,143
SURESTE,2025-10-18,NA,62,29,148,184,148
SURESTE,2025-10-19,NA,62,14,148,151,116
SURESTE,2025-10-20,NA,61,19,135,123,90
SURESTE,2025-10-21,NA,61,27,205,152,138
SURESTE,2025-10-22,NA,55,26,190,152,151
SURESTE,2025-10-23,NA,62,39,170,159,150
SURESTE,2025-10-24,NA,64,42,168,205,156
SURESTE,2025-10-25,NA,66,31,161,218,147
SURESTE,2025-10-26,NA,44,26,144,190,116
SURESTE,2025-10-27,NA,37,23,117,160,87
SURESTE,2025-10-28,NA,56,24,144,164,109
SURESTE,2025-10-29,NA,64,27,150,158,119
SURESTE,2025-10-30,NA,74,28,178,179,114
SURESTE,2025-10-31,NA,66,27,182,184,114
SURESTE,2025-11-01,NA,71,31,165,141,107
SURESTE,2025-11-02,NA,66,20,143,134,96
SURESTE,2025-11-03,NA,59,18,137,102,65
SURESTE,2025-11-04,NA,66,29,144,121,97
SURESTE,2025-11-05,NA,49,24,150,124,102
SURESTE,2025-11-06,NA,52,27,147,155,108
SURESTE,2025-11-07,NA,51,37,155,167,110
SURESTE,2025-11-08,NA,50,34,142,195,121
SURESTE,2025-11-09,NA,53,25,154,185,115
SURESTE,2025-11-10,NA,46,17,122,185,87
SURESTE,2025-11-11,NA,49,35,203,196,120
SURESTE,2025-11-12,NA,58,32,208,211,105
SURESTE,2025-11-13,NA,71,39,177,215,118
SURESTE,2025-11-14,NA,73,44,159,227,120
SURESTE,2025-11-15,NA,93,42,162,242,115
SURESTE,2025-11-16,NA,91,37,162,199,130
SURESTE,2025-11-17,NA,78,43,136,165,106
SURESTE,2025-11-18,NA,66,58,158,189,116
SURESTE,2025-11-19,NA,54,56,152,196,128
SURESTE,2025-11-20,NA,59,43,148,215,139
SURESTE,2025-11-21,NA,64,36,165,212,152
SURESTE,2025-11-22,NA,60,46,173,245,177
SURESTE,2025-11-23,NA,50,35,148,218,157
SURESTE,2025-11-24,NA,48,31,123,194,112
SURESTE,2025-11-25,NA,67,30,178,216,128
SURESTE,2025-11-26,NA,73,41,159,204,138
SURESTE,2025-11-27,NA,66,32,148,227,129
SURESTE,2025-11-28,NA,65,39,157,221,109
SURESTE,2025-11-29,NA,70,34,179,224,112
SURESTE,2025-11-30,NA,77,34,166,200,98
SURESTE,2025-12-01,NA,65,33,148,134,76
SURESTE,2025-12-02,NA,73,37,135,161,84
SURESTE,2025-12-03,NA,87,42,170,155,105
SURESTE,2025-12-04,NA,70,44,156,157,101
SURESTE,2025-12-05,NA,58,47,153,178,105
SURESTE,2025-12-06,NA,65,32,167,185,87
SURESTE,2025-12-07,NA,58,31,150,174,88
SURESTE,2025-12-08,NA,57,23,125,153,68
SURESTE,2025-12-09,NA,52,31,168,183,108
SURESTE,2025-12-10,NA,53,20,197,188,126
SURESTE,2025-12-11,NA,60,27,195,187,124
SURESTE,2025-12-12,NA,56,36,174,196,115
SURESTE,2025-12-13,NA,63,30,159,217,106
SURESTE,2025-12-14,NA,56,23,139,214,96
SURESTE,2025-12-15,NA,52,29,131,195,71
SURESTE,2025-12-16,NA,75,45,136,230,110
SURESTE,2025-12-17,NA,72,42,171,233,102
SURESTE,2025-12-18,NA,77,43,168,244,135
SURESTE,2025-12-19,NA,65,46,171,254,151
SURESTE,2025-12-20,NA,84,47,205,209,125
SURESTE,2025-12-21,NA,66,39,174,174,117
SURESTE,2025-12-22,NA,52,30,159,137,90
SURESTE,2025-12-23,NA,48,27,179,151,88
SURESTE,2025-12-24,NA,45,33,142,147,91
SURESTE,2025-12-25,NA,40,26,111,123,68
SURESTE,2025-12-26,NA,46,26,108,83,54
SURESTE,2025-12-27,NA,55,23,130,123,76
SURESTE,2025-12-28,NA,53,20,111,136,90
SURESTE,2025-12-29,NA,47,18,117,115,71
SURESTE,2025-12-30,NA,51,36,170,150,110
SURESTE,2025-12-31,NA,61,28,178,158,117
SURESTE,2026-01-01,NA,57,28,184,97,101
SURESTE,2026-01-02,NA,67,31,203,91,95
SURESTE,2026-01-03,NA,77,40,220,171,125
SURESTE,2026-01-04,NA,63,40,195,177,109
SURESTE,2026-01-05,NA,43,27,149,166,94
SURESTE,2026-01-06,NA,71,42,180,188,130
SURESTE,2026-01-07,NA,71,39,148,208,132
SURESTE,2026-01-08,NA,69,41,174,248,126
SURESTE,2026-01-09,NA,66,43,177,241,121
SURESTE,2026-01-10,NA,77,44,158,248,111
SURESTE,2026-01-11,NA,76,34,161,233,102
SURESTE,2026-01-12,NA,80,29,153,199,74
SURESTE,2026-01-13,NA,92,43,253,227,106
SURESTE,2026-01-14,NA,98,51,264,349,124
SURESTE,2026-01-15,NA,97,50,273,375,148
SURESTE,2026-01-16,NA,99,65,309,399,169
SURESTE,2026-01-17,NA,125,75,282,355,187
SURESTE,2026-01-18,NA,117,56,240,279,169
SURESTE,2026-01-19,NA,95,59,199,243,146
SURESTE,2026-01-20,NA,107,62,193,246,163
SURESTE,2026-01-21,NA,88,65,147,232,168
SURESTE,2026-01-22,NA,89,59,175,236,164
SURESTE,2026-01-23,NA,103,50,192,241,147
SURESTE,2026-01-24,NA,106,42,194,275,156
SURESTE,2026-01-25,NA,95,25,156,228,114
SURESTE,2026-01-26,NA,84,25,125,196,84
SURESTE,2026-01-27,NA,77,38,168,225,127
SURESTE,2026-01-28,NA,71,25,167,216,136
SURESTE,2026-01-29,NA,86,33,141,219,125
SURESTE,2026-01-30,NA,86,38,142,219,130
SURESTE,2026-01-31,NA,94,28,139,230,137
SURESTE,2026-02-01,NA,91,30,165,191,125
SURESTE,2026-02-02,NA,87,37,122,171,101
SURESTE,2026-02-03,NA,93,48,121,162,101
SURESTE,2026-02-04,NA,88,44,165,176,119
SURESTE,2026-02-05,NA,82,39,157,215,131
SURESTE,2026-02-06,NA,87,46,163,217,145
SURESTE,2026-02-07,NA,79,45,132,209,138
SURESTE,2026-02-08,NA,78,31,137,176,113
SURESTE,2026-02-09,NA,47,29,105,157,88
SURESTE,2026-02-10,NA,58,33,145,194,115
SURESTE,2026-02-11,NA,61,33,136,179,146
SURESTE,2026-02-12,NA,65,36,142,197,151
SURESTE,2026-02-13,NA,59,41,171,226,131
SURESTE,2026-02-14,NA,72,49,161,249,130
SURESTE,2026-02-15,NA,60,32,151,183,123
SURESTE,2026-02-16,NA,59,27,126,140,111
SURESTE,2026-02-17,NA,68,36,130,194,121
SURESTE,2026-02-18,NA,63,33,161,179,128
SURESTE,2026-02-19,NA,76,47,139,166,159
SURESTE,2026-02-20,NA,77,30,159,201,149
SURESTE,2026-02-21,NA,64,27,166,221,145
SURESTE,2026-02-22,NA,62,35,123,178,125
SURESTE,2026-02-23,NA,47,21,141,153,82
SURESTE,2026-02-24,NA,66,36,187,200,116
SURESTE,2026-02-25,NA,65,30,140,205,144
SURESTE,2026-02-26,NA,71,32,144,204,144
SURESTE,2026-02-27,NA,70,43,157,216,154
SURESTE,2026-02-28,NA,82,41,160,292,157
SURESTE,2026-03-01,NA,80,46,156,173,140
SURESTE,2026-03-02,NA,74,36,130,130,109
SURESTE,2026-03-03,NA,69,38,151,191,105
SURESTE,2026-03-04,NA,70,40,188,216,120
SURESTE,2026-03-05,NA,65,43,186,166,128
SURESTE,2026-03-06,NA,79,54,177,165,128
SURESTE,2026-03-07,NA,62,43,168,153,141
SURESTE,2026-03-08,NA,60,35,150,155,158
SURESTE,2026-03-09,NA,44,25,141,131,140
SURESTE,2026-03-10,NA,65,32,152,171,156
SURESTE,2026-03-11,NA,63,35,144,193,141
SURESTE,2026-03-12,NA,64,43,159,205,141
SURESTE,2026-03-13,NA,76,30,154,186,139
SURESTE,2026-03-14,NA,79,35,172,223,131
SURESTE,2026-03-15,NA,69,31,176,205,141
SURESTE,2026-03-16,NA,62,24,145,153,118
SURESTE,2026-03-17,NA,75,28,177,172,113
SURESTE,2026-03-18,NA,68,43,209,201,154
SURESTE,2026-03-19,NA,69,45,212,207,151
SURESTE,2026-03-20,NA,78,44,192,212,142
SURESTE,2026-03-21,NA,61,38,176,230,134
SURESTE,2026-03-22,NA,58,33,138,169,131
SURESTE,2026-03-23,NA,38,31,136,141,100
SURESTE,2026-03-24,NA,43,35,154,190,107
SURESTE,2026-03-25,NA,50,39,166,150,131
SURESTE,2026-03-26,NA,53,31,151,189,134
SURESTE,2026-03-27,NA,82,31,140,199,121
SURESTE,2026-03-28,NA,78,32,161,217,121
SURESTE,2026-03-29,NA,72,34,164,181,111
SURESTE,2026-03-30,NA,54,38,132,135,87
SURESTE,2026-03-31,NA,72,49,147,168,103
SURESTE,2026-04-01,NA,75,60,173,160,134
SURESTE,2026-04-02,NA,82,62,174,186,146
SURESTE,2026-04-03,NA,60,51,169,173,117
SURESTE,2026-04-04,NA,61,38,154,126,127
SURESTE,2026-04-05,NA,55,32,122,135,114
SURESTE,2026-04-06,NA,48,21,128,116,91
SURESTE,2026-04-07,NA,62,36,178,162,103
SURESTE,2026-04-08,NA,65,43,167,164,133
SURESTE,2026-04-09,NA,60,35,177,176,148
SURESTE,2026-04-10,NA,51,35,155,169,168
SURESTE,2026-04-11,NA,69,36,176,179,153
SURESTE,2026-04-12,NA,78,44,153,167,122
SURESTE,2026-04-13,NA,69,33,131,141,94
SURESTE,2026-04-14,NA,67,36,154,201,111
SURESTE,2026-04-15,NA,62,49,155,189,152
SURESTE,2026-04-16,NA,72,45,186,192,163
SURESTE,2026-04-17,NA,62,42,174,182,182
SURESTE,2026-04-18,NA,63,37,171,218,184
SURESTE,2026-04-19,NA,57,47,141,163,179
SURESTE,2026-04-20,NA,51,44,146,110,146
SURESTE,2026-04-21,NA,49,40,162,138,180
SURESTE,2026-04-22,NA,44,46,171,158,148
SURESTE,2026-04-23,NA,61,40,199,150,162
SURESTE,2026-04-24,NA,72,39,188,232,139
SURESTE,2026-04-25,NA,77,43,187,263,150
SURESTE,2026-04-26,NA,58,40,165,256,128
SURESTE,2026-04-27,NA,53,40,148,193,110
SURESTE,2026-04-28,NA,58,45,152,223,151
SURESTE,2026-04-29,NA,63,38,171,232,144
SURESTE,2026-04-30,NA,72,33,183,196,161
SURESTE,2026-05-01,NA,70,34,175,156,167
SURESTE,2026-05-02,NA,78,50,161,141,144
SURESTE,2026-05-03,NA,90,45,163,126,126
SURESTE,2026-05-04,NA,69,44,130,107,112
SURESTE,2026-05-05,NA,64,49,175,165,153
SURESTE,2026-05-06,NA,61,40,192,178,155
SURESTE,2026-05-07,NA,56,45,214,174,153
SURESTE,2026-05-08,NA,52,44,193,188,130
SURESTE,2026-05-09,NA,50,56,209,198,150
SURESTE,2026-05-10,NA,44,39,236,135,134
SURESTE,2026-05-11,NA,37,33,168,97,108
SURESTE,2026-05-12,NA,50,46,188,157,124
SURESTE,2026-05-13,NA,68,42,233,172,133
SURESTE,2026-05-14,NA,67,43,249,182,126
SURESTE,2026-05-15,NA,74,44,191,212,145
SURESTE,2026-05-16,NA,71,62,205,200,159
SURESTE,2026-05-17,NA,71,67,199,176,151
SURESTE,2026-05-18,NA,66,53,212,124,132
SURESTE,2026-05-19,NA,66,58,205,182,174
SURESTE,2026-05-20,NA,72,54,262,212,191
SURESTE,2026-05-21,NA,78,54,271,230,197
SURESTE,2026-05-22,NA,87,57,257,217,183
SURESTE,2026-05-23,NA,80,73,251,205,160
SURESTE,2026-05-24,NA,66,50,236,156,166
SURESTE,2026-05-25,NA,63,28,195,131,140
SURESTE,2026-05-26,NA,66,43,253,182,136
SURESTE,2026-05-27,NA,66,48,293,181,150
SURESTE,2026-05-28,NA,66,50,336,209,152
SURESTE,2026-05-29,NA,77,48,309,251,163
SURESTE,2026-05-30,NA,90,60,340,256,152
SURESTE,2026-05-31,NA,78,71,336,173,150
SURESTE,2026-06-01,NA,68,63,316,119,140
SURESTE,2026-06-02,NA,91,64,383,187,147
SURESTE,2026-06-03,NA,104,75,383,184,164
SURESTE,2026-06-04,NA,96,80,406,207,183
SURESTE,2026-06-05,NA,100,90,396,215,169
SURESTE,2026-06-06,NA,112,103,413,222,179
SURESTE,2026-06-07,NA,103,119,344,179,149
SURESTE,2026-06-08,NA,90,115,272,154,136
SURESTE,2026-06-09,NA,84,120,268,209,175
SURESTE,2026-06-10,NA,81,127,280,186,165
SURESTE,2026-06-11,NA,81,124,265,211,160
SURESTE,2026-06-12,NA,74,104,298,202,143
SURESTE,2026-06-13,NA,78,90,322,224,149
SURESTE,2026-06-14,NA,70,97,303,191,155
SURESTE,2026-06-15,NA,59,63,242,154,120
SURESTE,2026-06-16,NA,75,74,252,230,153
SURESTE,2026-06-17,NA,69,61,286,216,174
SURESTE,2026-06-18,NA,82,56,314,196,193
SURESTE,2026-06-19,NA,77,75,312,234,204
SURESTE,2026-06-20,NA,72,88,303,286,201
SURESTE,2026-06-21,NA,69,86,297,264,204
SURESTE,2026-06-22,NA,64,78,253,194,176
SURESTE,2026-06-23,NA,73,78,261,260,189
SURESTE,2026-06-24,NA,79,75,295,323,204
SURESTE,2026-06-25,NA,89,70,323,283,210
SURESTE,2026-06-26,NA,86,66,252,252,231
SURESTE,2026-06-27,NA,70,67,285,253,208
SURESTE,2026-06-28,NA,64,66,250,220,194
SURESTE,2026-06-29,NA,65,53,202,166,163
SURESTE,2026-06-30,NA,76,74,200,200,177
SURESTE,2026-07-01,NA,83,77,194,161,182
SURESTE,2026-07-02,NA,86,94,209,167,190
SURESTE,2026-07-03,NA,87,97,272,161,203
SURESTE,2026-07-04,NA,89,85,231,185,196
SURESTE,2026-07-05,NA,77,60,251,153,154
SURESTE,2026-07-06,NA,68,46,189,103,130
SURESTE,2026-07-07,NA,83,55,251,135,140
SURESTE,2026-07-08,NA,83,59,282,190,144
SURESTE,2026-07-09,NA,81,57,295,173,156
SURESTE,2026-07-10,NA,90,56,279,167,145
SURESTE,2026-07-11,NA,98,44,285,187,166
SURESTE,2026-07-12,NA,90,45,314,146,147
SURESTE,2026-07-13,NA,81,43,269,135,134
SURESTE,2026-07-14,NA,75,60,306,192,165
SURESTE,2026-07-15,NA,90,68,337,203,164
SURESTE,2026-07-16,NA,87,71,349,227,170
SURESTE,2026-07-17,NA,95,73,402,212,198
SURESTE,2026-07-18,NA,91,77,435,237,202
SURESTE,2026-07-19,NA,91,83,413,199,210
SURESTE,2026-07-20,NA,95,71,248,155,178
SURESTE,2026-07-21,NA,98,81,269,201,201
SURESTE,2026-07-22,NA,104,82,290,230,201
SURESTE,2026-07-23,NA,86,73,270,234,193
SURESTE,2026-07-24,NA,98,69,272,209,177
SURESTE,2026-07-25,NA,89,81,257,220,171
SURESTE,2026-07-26,NA,81,70,232,184,182
SURESTE,2026-07-27,NA,54,60,184,145,152
SURESTE,2026-07-28,NA,65,69,222,155,147
SURESTE,2026-07-29,NA,84,65,224,179,150
SURESTE,2026-07-30,NA,85,52,234,198,129
SURESTE,2026-07-31,NA,105,64,264,218,137
SURESTE,2026-08-01,11,114,51,265,175,159
SURESTE,2026-08-02,11,104,61,252,168,166
SURESTE,2026-08-03,10,78,50,180,154,133
SURESTE,2026-08-04,9,94,55,247,183,147
SURESTE,2026-08-05,19,89,53,298,215,162
SURESTE,2026-08-06,24,85,51,271,225,169
SURESTE,2026-08-07,21,76,55,289,232,176
SURESTE,2026-08-08,22,90,62,265,239,183
SURESTE,2026-08-09,16,85,64,234,204,168
SURESTE,2026-08-10,14,65,56,178,179,124
SURESTE,2026-08-11,16,74,48,265,173,151
SURESTE,2026-08-12,19,85,62,316,237,175
SURESTE,2026-08-13,31,102,74,339,280,174
SURESTE,2026-08-14,26,108,78,381,268,174
SURESTE,2026-08-15,28,112,72,333,285,189
SURESTE,2026-08-16,27,100,52,343,254,173
SURESTE,2026-08-17,22,88,51,277,197,137
SURESTE,2026-08-18,27,103,68,274,250,147
SURESTE,2026-08-19,21,103,63,257,244,157
SURESTE,2026-08-20,27,100,67,280,236,158
SURESTE,2026-08-21,15,84,56,288,234,171
SURESTE,2026-08-22,15,96,63,267,236,173
SURESTE,2026-08-23,14,98,56,226,193,169
SURESTE,2026-08-24,6,69,48,196,155,130
SURORIENTE,2025-08-24,NA,105,35,106,150,97
SURORIENTE,2025-08-25,NA,86,32,103,140,71
SURORIENTE,2025-08-26,NA,84,42,140,142,80
SURORIENTE,2025-08-27,NA,85,46,120,135,97
SURORIENTE,2025-08-28,NA,99,37,119,140,116
SURORIENTE,2025-08-29,NA,106,37,97,147,81
SURORIENTE,2025-08-30,NA,104,32,123,178,85
SURORIENTE,2025-08-31,NA,128,40,128,150,89
SURORIENTE,2025-09-01,NA,114,46,113,104,69
SURORIENTE,2025-09-02,NA,96,34,142,99,112
SURORIENTE,2025-09-03,NA,92,29,134,106,111
SURORIENTE,2025-09-04,NA,91,33,145,118,131
SURORIENTE,2025-09-05,NA,89,42,132,134,144
SURORIENTE,2025-09-06,NA,90,39,124,142,124
SURORIENTE,2025-09-07,NA,75,24,126,132,121
SURORIENTE,2025-09-08,NA,63,23,105,137,90
SURORIENTE,2025-09-09,NA,62,41,119,134,115
SURORIENTE,2025-09-10,NA,70,32,125,140,127
SURORIENTE,2025-09-11,NA,73,31,134,119,127
SURORIENTE,2025-09-12,NA,69,27,102,138,110
SURORIENTE,2025-09-13,NA,75,20,115,162,109
SURORIENTE,2025-09-14,NA,77,31,101,155,93
SURORIENTE,2025-09-15,NA,78,32,128,151,80
SURORIENTE,2025-09-16,NA,67,28,125,139,89
SURORIENTE,2025-09-17,NA,61,30,134,143,86
SURORIENTE,2025-09-18,NA,79,51,142,130,115
SURORIENTE,2025-09-19,NA,77,41,131,153,119
SURORIENTE,2025-09-20,NA,73,28,138,136,130
SURORIENTE,2025-09-21,NA,77,27,136,141,144
SURORIENTE,2025-09-22,NA,57,28,117,139,117
SURORIENTE,2025-09-23,NA,58,35,104,114,141
SURORIENTE,2025-09-24,NA,64,29,114,124,151
SURORIENTE,2025-09-25,NA,59,27,121,113,132
SURORIENTE,2025-09-26,NA,59,39,137,124,130
SURORIENTE,2025-09-27,NA,72,36,140,132,111
SURORIENTE,2025-09-28,NA,64,42,152,148,125
SURORIENTE,2025-09-29,NA,70,41,139,136,85
SURORIENTE,2025-09-30,NA,83,60,174,142,104
SURORIENTE,2025-10-01,NA,88,59,172,117,101
SURORIENTE,2025-10-02,NA,74,71,159,116,117
SURORIENTE,2025-10-03,NA,77,59,148,92,101
SURORIENTE,2025-10-04,NA,90,59,126,125,91
SURORIENTE,2025-10-05,NA,72,55,104,106,88
SURORIENTE,2025-10-06,NA,61,42,103,128,65
SURORIENTE,2025-10-07,NA,60,45,112,113,102
SURORIENTE,2025-10-08,NA,67,41,120,99,96
SURORIENTE,2025-10-09,NA,66,36,113,109,89
SURORIENTE,2025-10-10,NA,63,38,130,115,88
SURORIENTE,2025-10-11,NA,85,41,137,157,73
SURORIENTE,2025-10-12,NA,78,42,125,145,70
SURORIENTE,2025-10-13,NA,85,39,127,154,70
SURORIENTE,2025-10-14,NA,80,38,143,136,87
SURORIENTE,2025-10-15,NA,89,52,152,178,99
SURORIENTE,2025-10-16,NA,86,59,148,198,90
SURORIENTE,2025-10-17,NA,89,51,141,180,89
SURORIENTE,2025-10-18,NA,83,36,120,176,116
SURORIENTE,2025-10-19,NA,96,32,118,148,126
SURORIENTE,2025-10-20,NA,71,40,113,149,86
SURORIENTE,2025-10-21,NA,84,43,115,160,104
SURORIENTE,2025-10-22,NA,94,60,120,166,101
SURORIENTE,2025-10-23,NA,86,43,128,138,90
SURORIENTE,2025-10-24,NA,100,32,118,164,112
SURORIENTE,2025-10-25,NA,106,27,124,160,119
SURORIENTE,2025-10-26,NA,94,30,97,169,98
SURORIENTE,2025-10-27,NA,69,27,101,140,82
SURORIENTE,2025-10-28,NA,64,35,106,147,69
SURORIENTE,2025-10-29,NA,71,42,109,125,76
SURORIENTE,2025-10-30,NA,83,32,118,149,77
SURORIENTE,2025-10-31,NA,95,36,119,144,71
SURORIENTE,2025-11-01,NA,109,44,103,126,77
SURORIENTE,2025-11-02,NA,82,31,98,112,65
SURORIENTE,2025-11-03,NA,74,32,92,95,47
SURORIENTE,2025-11-04,NA,88,43,127,95,79
SURORIENTE,2025-11-05,NA,82,39,125,108,96
SURORIENTE,2025-11-06,NA,75,38,101,149,102
SURORIENTE,2025-11-07,NA,82,47,105,165,119
SURORIENTE,2025-11-08,NA,91,48,121,175,87
SURORIENTE,2025-11-09,NA,81,49,112,191,65
SURORIENTE,2025-11-10,NA,75,39,101,203,44
SURORIENTE,2025-11-11,NA,82,46,148,160,87
SURORIENTE,2025-11-12,NA,91,55,131,191,102
SURORIENTE,2025-11-13,NA,86,50,137,207,98
SURORIENTE,2025-11-14,NA,98,57,138,261,97
SURORIENTE,2025-11-15,NA,100,54,145,287,94
SURORIENTE,2025-11-16,NA,97,67,111,220,75
SURORIENTE,2025-11-17,NA,95,71,104,249,49
SURORIENTE,2025-11-18,NA,102,93,158,324,90
SURORIENTE,2025-11-19,NA,107,94,165,234,124
SURORIENTE,2025-11-20,NA,72,71,140,198,143
SURORIENTE,2025-11-21,NA,84,62,134,226,135
SURORIENTE,2025-11-22,NA,96,63,155,200,165
SURORIENTE,2025-11-23,NA,95,45,116,220,140
SURORIENTE,2025-11-24,NA,82,44,122,228,97
SURORIENTE,2025-11-25,NA,79,55,137,203,116
SURORIENTE,2025-11-26,NA,82,38,114,197,104
SURORIENTE,2025-11-27,NA,94,39,116,201,105
SURORIENTE,2025-11-28,NA,86,46,141,208,112
SURORIENTE,2025-11-29,NA,103,49,119,216,108
SURORIENTE,2025-11-30,NA,98,48,145,220,94
SURORIENTE,2025-12-01,NA,80,41,112,208,75
SURORIENTE,2025-12-02,NA,82,45,164,194,93
SURORIENTE,2025-12-03,NA,83,45,135,173,116
SURORIENTE,2025-12-04,NA,87,38,134,146,103
SURORIENTE,2025-12-05,NA,97,43,115,165,83
SURORIENTE,2025-12-06,NA,93,46,126,161,76
SURORIENTE,2025-12-07,NA,87,35,112,135,71
SURORIENTE,2025-12-08,NA,77,37,127,146,48
SURORIENTE,2025-12-09,NA,74,51,153,157,75
SURORIENTE,2025-12-10,NA,71,48,155,158,84
SURORIENTE,2025-12-11,NA,74,61,164,179,111
SURORIENTE,2025-12-12,NA,77,51,127,204,100
SURORIENTE,2025-12-13,NA,88,58,132,207,87
SURORIENTE,2025-12-14,NA,90,52,112,202,84
SURORIENTE,2025-12-15,NA,73,49,156,217,64
SURORIENTE,2025-12-16,NA,88,64,176,233,99
SURORIENTE,2025-12-17,NA,99,90,200,239,111
SURORIENTE,2025-12-18,NA,117,90,192,205,132
SURORIENTE,2025-12-19,NA,118,93,174,199,105
SURORIENTE,2025-12-20,NA,109,91,168,236,111
SURORIENTE,2025-12-21,NA,105,77,124,198,109
SURORIENTE,2025-12-22,NA,100,47,117,195,69
SURORIENTE,2025-12-23,NA,76,55,164,155,93
SURORIENTE,2025-12-24,NA,63,57,159,139,88
SURORIENTE,2025-12-25,NA,64,45,123,86,83
SURORIENTE,2025-12-26,NA,72,42,141,96,60
SURORIENTE,2025-12-27,NA,73,47,140,125,82
SURORIENTE,2025-12-28,NA,68,47,107,128,61
SURORIENTE,2025-12-29,NA,73,40,119,136,48
SURORIENTE,2025-12-30,NA,66,55,140,149,73
SURORIENTE,2025-12-31,NA,77,31,123,118,65
SURORIENTE,2026-01-01,NA,68,20,92,102,51
SURORIENTE,2026-01-02,NA,69,35,103,88,43
SURORIENTE,2026-01-03,NA,81,55,146,124,63
SURORIENTE,2026-01-04,NA,66,43,116,141,59
SURORIENTE,2026-01-05,NA,71,38,111,126,49
SURORIENTE,2026-01-06,NA,65,48,134,145,71
SURORIENTE,2026-01-07,NA,68,49,143,128,74
SURORIENTE,2026-01-08,NA,86,52,149,170,92
SURORIENTE,2026-01-09,NA,82,57,131,174,96
SURORIENTE,2026-01-10,NA,104,67,151,195,94
SURORIENTE,2026-01-11,NA,102,67,126,184,82
SURORIENTE,2026-01-12,NA,88,50,127,172,59
SURORIENTE,2026-01-13,NA,94,64,168,188,87
SURORIENTE,2026-01-14,NA,79,60,153,195,81
SURORIENTE,2026-01-15,NA,92,61,154,220,79
SURORIENTE,2026-01-16,NA,94,60,151,203,79
SURORIENTE,2026-01-17,NA,101,64,126,223,88
SURORIENTE,2026-01-18,NA,97,46,151,195,89
SURORIENTE,2026-01-19,NA,87,58,156,160,66
SURORIENTE,2026-01-20,NA,89,59,145,191,112
SURORIENTE,2026-01-21,NA,73,74,158,171,111
SURORIENTE,2026-01-22,NA,79,51,158,194,117
SURORIENTE,2026-01-23,NA,82,56,175,186,113
SURORIENTE,2026-01-24,NA,95,60,159,233,108
SURORIENTE,2026-01-25,NA,97,55,139,172,80
SURORIENTE,2026-01-26,NA,80,38,125,176,60
SURORIENTE,2026-01-27,NA,87,78,150,167,108
SURORIENTE,2026-01-28,NA,103,60,162,169,92
SURORIENTE,2026-01-29,NA,110,69,148,209,105
SURORIENTE,2026-01-30,NA,117,63,173,196,90
SURORIENTE,2026-01-31,NA,132,74,169,242,107
SURORIENTE,2026-02-01,NA,157,78,169,174,108
SURORIENTE,2026-02-02,NA,147,92,167,178,68
SURORIENTE,2026-02-03,NA,149,110,168,187,98
SURORIENTE,2026-02-04,NA,114,104,188,202,137
SURORIENTE,2026-02-05,NA,109,101,177,184,139
SURORIENTE,2026-02-06,NA,106,94,149,199,143
SURORIENTE,2026-02-07,NA,115,96,163,199,120
SURORIENTE,2026-02-08,NA,110,93,141,176,118
SURORIENTE,2026-02-09,NA,74,65,124,152,90
SURORIENTE,2026-02-10,NA,77,70,152,174,113
SURORIENTE,2026-02-11,NA,86,67,147,143,125
SURORIENTE,2026-02-12,NA,82,87,144,181,108
SURORIENTE,2026-02-13,NA,77,64,153,204,107
SURORIENTE,2026-02-14,NA,93,56,145,219,101
SURORIENTE,2026-02-15,NA,100,45,170,172,89
SURORIENTE,2026-02-16,NA,90,52,158,120,72
SURORIENTE,2026-02-17,NA,92,75,184,174,115
SURORIENTE,2026-02-18,NA,79,84,168,160,138
SURORIENTE,2026-02-19,NA,70,64,160,165,129
SURORIENTE,2026-02-20,NA,74,56,166,200,114
SURORIENTE,2026-02-21,NA,78,55,168,184,101
SURORIENTE,2026-02-22,NA,68,50,154,163,96
SURORIENTE,2026-02-23,NA,68,42,111,153,63
SURORIENTE,2026-02-24,NA,77,44,154,126,98
SURORIENTE,2026-02-25,NA,81,54,181,152,105
SURORIENTE,2026-02-26,NA,78,53,155,157,113
SURORIENTE,2026-02-27,NA,102,53,151,171,129
SURORIENTE,2026-02-28,NA,128,63,176,166,137
SURORIENTE,2026-03-01,NA,118,57,164,140,129
SURORIENTE,2026-03-02,NA,111,50,164,107,119
SURORIENTE,2026-03-03,NA,107,68,206,114,153
SURORIENTE,2026-03-04,NA,100,68,188,120,149
SURORIENTE,2026-03-05,NA,87,75,173,155,149
SURORIENTE,2026-03-06,NA,86,55,180,157,106
SURORIENTE,2026-03-07,NA,96,65,189,191,112
SURORIENTE,2026-03-08,NA,84,60,146,125,89
SURORIENTE,2026-03-09,NA,75,55,151,108,90
SURORIENTE,2026-03-10,NA,70,57,159,137,131
SURORIENTE,2026-03-11,NA,65,44,178,143,126
SURORIENTE,2026-03-12,NA,71,48,170,140,114
SURORIENTE,2026-03-13,NA,90,30,157,160,107
SURORIENTE,2026-03-14,NA,114,42,158,190,127
SURORIENTE,2026-03-15,NA,101,45,137,184,115
SURORIENTE,2026-03-16,NA,91,44,144,145,90
SURORIENTE,2026-03-17,NA,87,56,160,132,96
SURORIENTE,2026-03-18,NA,87,53,211,161,104
SURORIENTE,2026-03-19,NA,84,68,215,148,131
SURORIENTE,2026-03-20,NA,86,80,190,163,111
SURORIENTE,2026-03-21,NA,90,70,189,166,122
SURORIENTE,2026-03-22,NA,88,62,163,162,129
SURORIENTE,2026-03-23,NA,67,56,148,129,81
SURORIENTE,2026-03-24,NA,70,60,141,129,79
SURORIENTE,2026-03-25,NA,75,62,165,114,98
SURORIENTE,2026-03-26,NA,79,48,155,131,92
SURORIENTE,2026-03-27,NA,87,47,162,140,87
SURORIENTE,2026-03-28,NA,97,46,165,160,90
SURORIENTE,2026-03-29,NA,98,31,134,144,79
SURORIENTE,2026-03-30,NA,82,35,145,153,64
SURORIENTE,2026-03-31,NA,99,52,177,142,97
SURORIENTE,2026-04-01,NA,120,74,240,125,130
SURORIENTE,2026-04-02,NA,124,90,258,162,127
SURORIENTE,2026-04-03,NA,105,69,195,122,106
SURORIENTE,2026-04-04,NA,93,54,180,95,99
SURORIENTE,2026-04-05,NA,88,57,179,112,100
SURORIENTE,2026-04-06,NA,71,42,158,108,87
SURORIENTE,2026-04-07,NA,75,68,168,125,125
SURORIENTE,2026-04-08,NA,79,62,220,107,123
SURORIENTE,2026-04-09,NA,84,62,216,127,118
SURORIENTE,2026-04-10,NA,94,63,189,121,120
SURORIENTE,2026-04-11,NA,87,54,185,148,116
SURORIENTE,2026-04-12,NA,88,64,187,137,101
SURORIENTE,2026-04-13,NA,73,61,165,132,89
SURORIENTE,2026-04-14,NA,69,71,195,150,110
SURORIENTE,2026-04-15,NA,79,62,193,154,144
SURORIENTE,2026-04-16,NA,80,63,230,180,142
SURORIENTE,2026-04-17,NA,81,77,210,197,172
SURORIENTE,2026-04-18,NA,94,57,186,189,172
SURORIENTE,2026-04-19,NA,85,46,157,142,147
SURORIENTE,2026-04-20,NA,73,58,160,122,141
SURORIENTE,2026-04-21,NA,85,61,195,161,158
SURORIENTE,2026-04-22,NA,77,64,188,112,133
SURORIENTE,2026-04-23,NA,67,54,215,102,134
SURORIENTE,2026-04-24,NA,68,64,219,103,136
SURORIENTE,2026-04-25,NA,66,80,196,149,120
SURORIENTE,2026-04-26,NA,66,55,175,133,119
SURORIENTE,2026-04-27,NA,70,50,192,148,105
SURORIENTE,2026-04-28,NA,65,58,194,142,119
SURORIENTE,2026-04-29,NA,66,52,206,150,114
SURORIENTE,2026-04-30,NA,82,57,162,114,129
SURORIENTE,2026-05-01,NA,96,56,178,103,141
SURORIENTE,2026-05-02,NA,111,55,217,128,115
SURORIENTE,2026-05-03,NA,90,63,184,91,102
SURORIENTE,2026-05-04,NA,92,52,198,124,91
SURORIENTE,2026-05-05,NA,93,67,197,124,112
SURORIENTE,2026-05-06,NA,97,76,193,132,133
SURORIENTE,2026-05-07,NA,76,73,183,107,133
SURORIENTE,2026-05-08,NA,72,58,169,126,111
SURORIENTE,2026-05-09,NA,97,47,182,133,130
SURORIENTE,2026-05-10,NA,82,54,136,130,115
SURORIENTE,2026-05-11,NA,55,47,139,102,112
SURORIENTE,2026-05-12,NA,69,43,183,119,116
SURORIENTE,2026-05-13,NA,73,60,192,135,135
SURORIENTE,2026-05-14,NA,77,57,192,136,119
SURORIENTE,2026-05-15,NA,64,53,210,184,115
SURORIENTE,2026-05-16,NA,84,53,210,213,116
SURORIENTE,2026-05-17,NA,86,73,222,150,111
SURORIENTE,2026-05-18,NA,82,92,225,121,101
SURORIENTE,2026-05-19,NA,92,95,221,149,120
SURORIENTE,2026-05-20,NA,89,90,234,163,147
SURORIENTE,2026-05-21,NA,98,82,220,166,131
SURORIENTE,2026-05-22,NA,88,78,205,171,117
SURORIENTE,2026-05-23,NA,94,77,231,192,127
SURORIENTE,2026-05-24,NA,101,59,214,181,127
SURORIENTE,2026-05-25,NA,80,52,171,120,99
SURORIENTE,2026-05-26,NA,92,62,221,142,135
SURORIENTE,2026-05-27,NA,94,56,197,169,155
SURORIENTE,2026-05-28,NA,97,56,181,166,179
SURORIENTE,2026-05-29,NA,98,53,189,167,189
SURORIENTE,2026-05-30,NA,114,64,201,192,204
SURORIENTE,2026-05-31,NA,112,69,206,157,212
SURORIENTE,2026-06-01,NA,101,81,241,106,216
SURORIENTE,2026-06-02,NA,118,102,286,153,236
SURORIENTE,2026-06-03,NA,121,121,257,161,262
SURORIENTE,2026-06-04,NA,108,99,303,163,248
SURORIENTE,2026-06-05,NA,104,86,262,159,272
SURORIENTE,2026-06-06,NA,101,83,268,189,263
SURORIENTE,2026-06-07,NA,107,87,202,171,261
SURORIENTE,2026-06-08,NA,86,101,216,127,228
SURORIENTE,2026-06-09,NA,97,112,278,142,250
SURORIENTE,2026-06-10,NA,96,97,267,131,253
SURORIENTE,2026-06-11,NA,85,62,177,147,254
SURORIENTE,2026-06-12,NA,89,66,212,124,253
SURORIENTE,2026-06-13,NA,82,56,189,150,255
SURORIENTE,2026-06-14,NA,105,67,175,177,266
SURORIENTE,2026-06-15,NA,94,73,212,124,258
SURORIENTE,2026-06-16,NA,101,60,261,186,277
SURORIENTE,2026-06-17,NA,97,80,269,196,309
SURORIENTE,2026-06-18,NA,95,78,227,209,311
SURORIENTE,2026-06-19,NA,76,66,221,171,318
SURORIENTE,2026-06-20,NA,84,51,214,155,339
SURORIENTE,2026-06-21,NA,81,53,211,156,344
SURORIENTE,2026-06-22,NA,77,50,182,107,341
SURORIENTE,2026-06-23,NA,84,61,220,132,367
SURORIENTE,2026-06-24,NA,91,47,214,145,364
SURORIENTE,2026-06-25,NA,98,37,194,106,376
SURORIENTE,2026-06-26,NA,86,59,211,117,375
SURORIENTE,2026-06-27,NA,89,60,212,137,397
SURORIENTE,2026-06-28,NA,78,67,210,154,423
SURORIENTE,2026-06-29,NA,81,63,217,138,404
SURORIENTE,2026-06-30,NA,93,94,212,153,423
SURORIENTE,2026-07-01,NA,108,103,217,118,420
SURORIENTE,2026-07-02,NA,118,93,225,130,412
SURORIENTE,2026-07-03,NA,114,86,198,144,413
SURORIENTE,2026-07-04,NA,115,69,175,182,434
SURORIENTE,2026-07-05,NA,99,67,212,145,374
SURORIENTE,2026-07-06,NA,87,65,170,90,335
SURORIENTE,2026-07-07,NA,78,66,204,123,337
SURORIENTE,2026-07-08,NA,90,55,177,137,360
SURORIENTE,2026-07-09,NA,84,59,206,134,323
SURORIENTE,2026-07-10,NA,88,55,214,124,328
SURORIENTE,2026-07-11,NA,95,55,202,153,314
SURORIENTE,2026-07-12,NA,82,51,177,114,278
SURORIENTE,2026-07-13,NA,88,42,150,127,260
SURORIENTE,2026-07-14,NA,96,53,180,142,285
SURORIENTE,2026-07-15,NA,102,70,172,120,295
SURORIENTE,2026-07-16,NA,109,69,189,149,296
SURORIENTE,2026-07-17,NA,123,58,169,156,260
SURORIENTE,2026-07-18,NA,103,50,186,154,172
SURORIENTE,2026-07-19,NA,103,60,168,154,185
SURORIENTE,2026-07-20,NA,94,59,179,141,177
SURORIENTE,2026-07-21,NA,88,51,199,136,209
SURORIENTE,2026-07-22,NA,80,72,199,178,212
SURORIENTE,2026-07-23,NA,76,59,202,137,235
SURORIENTE,2026-07-24,NA,105,67,196,178,207
SURORIENTE,2026-07-25,NA,106,66,200,176,158
SURORIENTE,2026-07-26,NA,100,78,186,146,131
SURORIENTE,2026-07-27,NA,88,64,141,111,123
SURORIENTE,2026-07-28,NA,80,69,198,131,100
SURORIENTE,2026-07-29,NA,101,60,193,156,123
SURORIENTE,2026-07-30,NA,109,61,182,170,118
SURORIENTE,2026-07-31,NA,121,63,176,157,137
SURORIENTE,2026-08-01,23,136,68,202,165,128
SURORIENTE,2026-08-02,21,144,62,195,162,111
SURORIENTE,2026-08-03,19,117,70,197,132,121
SURORIENTE,2026-08-04,29,129,92,247,173,149
SURORIENTE,2026-08-05,30,112,105,204,177,146
SURORIENTE,2026-08-06,31,108,81,190,124,121
SURORIENTE,2026-08-07,25,114,69,202,122,92
SURORIENTE,2026-08-08,19,106,69,202,180,97
SURORIENTE,2026-08-09,19,109,72,201,159,97
SURORIENTE,2026-08-10,13,82,60,157,116,107
SURORIENTE,2026-08-11,16,89,65,204,116,143
SURORIENTE,2026-08-12,20,120,77,202,171,145
SURORIENTE,2026-08-13,29,109,80,197,183,134
SURORIENTE,2026-08-14,26,107,83,182,186,121
SURORIENTE,2026-08-15,28,112,69,197,190,131
SURORIENTE,2026-08-16,23,114,64,201,184,143
SURORIENTE,2026-08-17,16,105,72,176,120,148
SURORIENTE,2026-08-18,19,101,99,208,150,179
SURORIENTE,2026-08-19,25,108,96,203,169,189
SURORIENTE,2026-08-20,30,97,98,217,166,177
SURORIENTE,2026-08-21,27,92,85,233,181,181
SURORIENTE,2026-08-22,28,99,78,231,190,133
SURORIENTE,2026-08-23,22,94,66,167,146,129
SURORIENTE,2026-08-24,21,84,61,162,103,102
