DIRECCION,Fecha_Descarga,CDD,Addon,Soportes,Instalaciones,Recolecciones
BAJIO,2025-08-25,37,29,124,67,130
BAJIO,2025-08-26,72,47,156,112,157
BAJIO,2025-08-27,65,57,187,128,201
BAJIO,2025-08-28,75,55,200,123,194
BAJIO,2025-08-29,76,48,168,140,186
BAJIO,2025-08-30,83,36,147,146,183
BAJIO,2025-08-31,69,37,133,96,165
BAJIO,2025-09-01,52,25,112,57,143
BAJIO,2025-09-02,60,34,113,93,162
BAJIO,2025-09-03,65,34,157,146,198
BAJIO,2025-09-04,62,37,167,140,199
BAJIO,2025-09-05,56,48,168,146,212
BAJIO,2025-09-06,63,43,183,156,209
BAJIO,2025-09-07,58,40,144,126,190
BAJIO,2025-09-08,48,28,143,80,162
BAJIO,2025-09-09,43,44,152,135,183
BAJIO,2025-09-10,48,50,166,147,207
BAJIO,2025-09-11,52,51,154,139,221
BAJIO,2025-09-12,59,39,148,173,205
BAJIO,2025-09-13,66,35,146,163,191
BAJIO,2025-09-14,72,28,131,126,179
BAJIO,2025-09-15,60,25,136,90,141
BAJIO,2025-09-16,54,36,146,121,150
BAJIO,2025-09-17,50,37,140,103,135
BAJIO,2025-09-18,65,49,166,105,144
BAJIO,2025-09-19,67,42,146,145,156
BAJIO,2025-09-20,68,48,138,109,171
BAJIO,2025-09-21,53,35,126,102,148
BAJIO,2025-09-22,43,23,109,72,125
BAJIO,2025-09-23,45,25,118,81,162
BAJIO,2025-09-24,44,44,116,89,192
BAJIO,2025-09-25,42,39,104,84,201
BAJIO,2025-09-26,53,22,115,105,201
BAJIO,2025-09-27,66,27,122,127,206
BAJIO,2025-09-28,47,34,118,103,201
BAJIO,2025-09-29,43,32,113,75,192
BAJIO,2025-09-30,47,44,139,110,193
BAJIO,2025-10-01,58,48,141,83,210
BAJIO,2025-10-02,55,51,142,74,214
BAJIO,2025-10-03,61,42,123,101,198
BAJIO,2025-10-04,67,37,118,109,189
BAJIO,2025-10-05,58,28,103,69,176
BAJIO,2025-10-06,45,25,98,56,141
BAJIO,2025-10-07,54,37,95,96,148
BAJIO,2025-10-08,48,42,128,95,156
BAJIO,2025-10-09,45,35,110,97,153
BAJIO,2025-10-10,59,40,106,90,160
BAJIO,2025-10-11,63,46,118,114,150
BAJIO,2025-10-12,51,46,117,76,128
BAJIO,2025-10-13,43,48,108,75,105
BAJIO,2025-10-14,46,51,108,88,110
BAJIO,2025-10-15,49,47,140,112,127
BAJIO,2025-10-16,49,55,148,144,109
BAJIO,2025-10-17,50,41,140,160,104
BAJIO,2025-10-18,50,47,129,179,117
BAJIO,2025-10-19,36,39,103,128,116
BAJIO,2025-10-20,33,39,102,100,98
BAJIO,2025-10-21,53,45,139,113,143
BAJIO,2025-10-22,50,39,144,110,162
BAJIO,2025-10-23,51,38,122,112,165
BAJIO,2025-10-24,40,30,114,148,164
BAJIO,2025-10-25,51,22,126,127,156
BAJIO,2025-10-26,43,16,103,92,139
BAJIO,2025-10-27,34,19,82,78,121
BAJIO,2025-10-28,52,31,113,117,139
BAJIO,2025-10-29,58,34,101,114,133
BAJIO,2025-10-30,49,34,116,141,127
BAJIO,2025-10-31,60,30,107,136,142
BAJIO,2025-11-01,65,33,93,101,128
BAJIO,2025-11-02,58,26,85,94,130
BAJIO,2025-11-03,42,26,86,80,126
BAJIO,2025-11-04,42,32,94,93,162
BAJIO,2025-11-05,44,43,100,92,179
BAJIO,2025-11-06,43,49,103,134,190
BAJIO,2025-11-07,49,36,120,156,167
BAJIO,2025-11-08,64,45,132,174,153
BAJIO,2025-11-09,53,47,97,126,127
BAJIO,2025-11-10,48,39,73,105,115
BAJIO,2025-11-11,60,39,109,113,125
BAJIO,2025-11-12,44,40,109,132,142
BAJIO,2025-11-13,49,53,117,147,123
BAJIO,2025-11-14,65,47,123,140,144
BAJIO,2025-11-15,63,49,133,177,124
BAJIO,2025-11-16,48,39,117,118,109
BAJIO,2025-11-17,46,41,112,108,100
BAJIO,2025-11-18,41,49,109,151,85
BAJIO,2025-11-19,38,53,123,131,112
BAJIO,2025-11-20,46,46,128,125,125
BAJIO,2025-11-21,48,51,129,142,153
BAJIO,2025-11-22,63,40,141,176,188
BAJIO,2025-11-23,51,32,107,124,195
BAJIO,2025-11-24,38,32,102,108,180
BAJIO,2025-11-25,50,41,134,112,202
BAJIO,2025-11-26,54,32,131,118,203
BAJIO,2025-11-27,54,44,140,189,201
BAJIO,2025-11-28,65,48,125,307,182
BAJIO,2025-11-29,82,62,154,291,167
BAJIO,2025-11-30,78,51,138,218,155
BAJIO,2025-12-01,75,38,117,188,135
BAJIO,2025-12-02,75,52,152,179,143
BAJIO,2025-12-03,58,45,136,129,160
BAJIO,2025-12-04,59,46,139,140,163
BAJIO,2025-12-05,65,50,136,164,162
BAJIO,2025-12-06,48,60,136,186,125
BAJIO,2025-12-07,48,53,113,158,97
BAJIO,2025-12-08,41,29,87,114,71
BAJIO,2025-12-09,52,29,121,140,103
BAJIO,2025-12-10,43,37,134,158,120
BAJIO,2025-12-11,52,42,167,160,112
BAJIO,2025-12-12,57,50,164,165,135
BAJIO,2025-12-13,50,52,169,210,124
BAJIO,2025-12-14,48,41,146,154,108
BAJIO,2025-12-15,34,40,124,108,85
BAJIO,2025-12-16,46,45,143,186,108
BAJIO,2025-12-17,54,61,115,162,125
BAJIO,2025-12-18,59,43,136,177,132
BAJIO,2025-12-19,61,46,144,177,135
BAJIO,2025-12-20,54,54,149,196,147
BAJIO,2025-12-21,45,48,135,164,146
BAJIO,2025-12-22,41,39,112,131,134
BAJIO,2025-12-23,40,41,145,149,151
BAJIO,2025-12-24,48,41,127,145,139
BAJIO,2025-12-25,27,25,98,106,132
BAJIO,2025-12-26,26,23,95,97,115
BAJIO,2025-12-27,41,30,127,156,107
BAJIO,2025-12-28,42,28,99,111,99
BAJIO,2025-12-29,41,24,82,112,82
BAJIO,2025-12-30,42,47,108,111,116
BAJIO,2025-12-31,41,37,114,119,114
BAJIO,2026-01-01,38,29,110,68,108
BAJIO,2026-01-02,47,31,112,78,101
BAJIO,2026-01-03,58,54,141,130,102
BAJIO,2026-01-04,55,49,96,132,102
BAJIO,2026-01-05,45,36,90,92,82
BAJIO,2026-01-06,55,35,141,132,111
BAJIO,2026-01-07,59,49,144,147,139
BAJIO,2026-01-08,67,65,147,218,149
BAJIO,2026-01-09,49,68,162,204,156
BAJIO,2026-01-10,63,75,143,207,169
BAJIO,2026-01-11,61,57,113,150,151
BAJIO,2026-01-12,48,48,139,126,129
BAJIO,2026-01-13,47,51,168,194,127
BAJIO,2026-01-14,52,52,150,190,145
BAJIO,2026-01-15,54,56,151,248,140
BAJIO,2026-01-16,66,47,145,207,160
BAJIO,2026-01-17,69,49,142,219,186
BAJIO,2026-01-18,65,56,127,147,168
BAJIO,2026-01-19,50,51,117,103,143
BAJIO,2026-01-20,60,50,146,155,158
BAJIO,2026-01-21,58,60,131,168,168
BAJIO,2026-01-22,59,65,150,190,186
BAJIO,2026-01-23,66,66,167,221,199
BAJIO,2026-01-24,69,71,183,234,196
BAJIO,2026-01-25,62,41,137,176,182
BAJIO,2026-01-26,56,28,101,121,139
BAJIO,2026-01-27,77,43,148,142,164
BAJIO,2026-01-28,63,50,118,161,208
BAJIO,2026-01-29,77,53,142,172,210
BAJIO,2026-01-30,75,65,131,181,210
BAJIO,2026-01-31,72,55,129,212,209
BAJIO,2026-02-01,78,41,105,129,179
BAJIO,2026-02-02,63,42,99,94,147
BAJIO,2026-02-03,58,54,130,130,156
BAJIO,2026-02-04,67,73,133,147,179
BAJIO,2026-02-05,70,70,147,184,187
BAJIO,2026-02-06,76,61,146,192,194
BAJIO,2026-02-07,92,64,140,215,192
BAJIO,2026-02-08,81,54,129,145,172
BAJIO,2026-02-09,58,47,106,95,147
BAJIO,2026-02-10,60,43,125,126,152
BAJIO,2026-02-11,61,47,129,164,151
BAJIO,2026-02-12,56,40,138,165,137
BAJIO,2026-02-13,64,49,140,177,155
BAJIO,2026-02-14,65,72,144,214,178
BAJIO,2026-02-15,75,71,144,177,169
BAJIO,2026-02-16,71,67,105,101,152
BAJIO,2026-02-17,67,81,136,172,160
BAJIO,2026-02-18,56,64,156,146,175
BAJIO,2026-02-19,63,60,146,159,163
BAJIO,2026-02-20,66,42,155,198,157
BAJIO,2026-02-21,77,51,147,207,176
BAJIO,2026-02-22,67,34,109,144,179
BAJIO,2026-02-23,60,34,136,132,172
BAJIO,2026-02-24,53,45,180,108,184
BAJIO,2026-02-25,68,42,143,150,219
BAJIO,2026-02-26,60,41,129,145,223
BAJIO,2026-02-27,68,52,123,169,223
BAJIO,2026-02-28,96,46,137,189,221
BAJIO,2026-03-01,83,45,112,118,190
BAJIO,2026-03-02,55,43,97,109,155
BAJIO,2026-03-03,53,44,120,127,162
BAJIO,2026-03-04,56,40,137,121,189
BAJIO,2026-03-05,61,42,122,133,176
BAJIO,2026-03-06,54,41,124,142,178
BAJIO,2026-03-07,63,47,147,180,180
BAJIO,2026-03-08,51,29,120,147,160
BAJIO,2026-03-09,40,28,97,96,140
BAJIO,2026-03-10,48,35,124,143,165
BAJIO,2026-03-11,44,33,143,143,176
BAJIO,2026-03-12,41,32,141,153,180
BAJIO,2026-03-13,70,32,128,148,174
BAJIO,2026-03-14,67,37,164,173,184
BAJIO,2026-03-15,59,34,117,134,180
BAJIO,2026-03-16,49,27,113,93,149
BAJIO,2026-03-17,45,31,127,109,156
BAJIO,2026-03-18,53,53,143,97,189
BAJIO,2026-03-19,54,36,137,130,219
BAJIO,2026-03-20,55,38,127,170,209
BAJIO,2026-03-21,52,47,139,185,197
BAJIO,2026-03-22,67,41,123,154,177
BAJIO,2026-03-23,52,41,115,90,146
BAJIO,2026-03-24,65,57,135,133,168
BAJIO,2026-03-25,63,61,126,136,201
BAJIO,2026-03-26,63,53,129,172,211
BAJIO,2026-03-27,67,46,126,180,209
BAJIO,2026-03-28,58,45,134,176,210
BAJIO,2026-03-29,58,41,176,157,179
BAJIO,2026-03-30,67,34,136,132,148
BAJIO,2026-03-31,84,57,199,190,160
BAJIO,2026-04-01,107,78,204,159,174
BAJIO,2026-04-02,119,92,193,201,177
BAJIO,2026-04-03,98,100,184,176,173
BAJIO,2026-04-04,63,79,143,98,150
BAJIO,2026-04-05,33,41,162,96,121
BAJIO,2026-04-06,32,33,153,88,98
BAJIO,2026-04-07,45,57,221,162,123
BAJIO,2026-04-08,56,71,261,185,159
BAJIO,2026-04-09,78,75,230,238,197
BAJIO,2026-04-10,106,87,219,215,196
BAJIO,2026-04-11,107,93,204,240,205
BAJIO,2026-04-12,87,91,154,175,172
BAJIO,2026-04-13,59,67,144,137,147
BAJIO,2026-04-14,48,71,192,172,152
BAJIO,2026-04-15,38,90,185,163,188
BAJIO,2026-04-16,56,92,168,192,212
BAJIO,2026-04-17,65,93,169,196,217
BAJIO,2026-04-18,77,87,181,209,220
BAJIO,2026-04-19,60,70,159,138,213
BAJIO,2026-04-20,52,67,138,101,194
BAJIO,2026-04-21,57,65,161,142,215
BAJIO,2026-04-22,51,56,191,121,258
BAJIO,2026-04-23,56,49,173,138,246
BAJIO,2026-04-24,50,57,163,164,235
BAJIO,2026-04-25,61,64,167,171,232
BAJIO,2026-04-26,40,50,141,128,213
BAJIO,2026-04-27,29,36,112,91,191
BAJIO,2026-04-28,43,50,155,140,170
BAJIO,2026-04-29,40,47,204,148,169
BAJIO,2026-04-30,60,53,226,164,151
BAJIO,2026-05-01,68,62,204,132,151
BAJIO,2026-05-02,73,59,195,135,151
BAJIO,2026-05-03,91,68,185,137,145
BAJIO,2026-05-04,88,59,170,89,127
BAJIO,2026-05-05,80,74,166,124,172
BAJIO,2026-05-06,70,84,195,146,197
BAJIO,2026-05-07,76,84,177,166,177
BAJIO,2026-05-08,79,96,222,162,208
BAJIO,2026-05-09,82,90,224,189,210
BAJIO,2026-05-10,67,82,177,139,185
BAJIO,2026-05-11,50,76,162,71,169
BAJIO,2026-05-12,66,62,190,125,166
BAJIO,2026-05-13,58,67,242,140,188
BAJIO,2026-05-14,71,59,250,154,186
BAJIO,2026-05-15,83,78,255,205,200
BAJIO,2026-05-16,86,85,220,223,201
BAJIO,2026-05-17,62,80,189,145,191
BAJIO,2026-05-18,64,83,192,109,167
BAJIO,2026-05-19,67,92,190,150,191
BAJIO,2026-05-20,68,87,221,160,220
BAJIO,2026-05-21,57,85,229,175,230
BAJIO,2026-05-22,63,83,226,198,250
BAJIO,2026-05-23,82,83,251,210,253
BAJIO,2026-05-24,83,79,172,181,216
BAJIO,2026-05-25,76,85,165,124,208
BAJIO,2026-05-26,73,89,159,143,205
BAJIO,2026-05-27,81,78,168,160,204
BAJIO,2026-05-28,76,63,162,228,193
BAJIO,2026-05-29,75,74,191,217,211
BAJIO,2026-05-30,88,70,187,226,201
BAJIO,2026-05-31,63,65,188,156,181
BAJIO,2026-06-01,53,50,166,76,163
BAJIO,2026-06-02,60,55,225,149,179
BAJIO,2026-06-03,68,71,253,174,218
BAJIO,2026-06-04,77,79,242,191,218
BAJIO,2026-06-05,65,98,263,184,251
BAJIO,2026-06-06,88,107,249,230,254
BAJIO,2026-06-07,73,111,286,213,227
BAJIO,2026-06-08,78,138,291,152,217
BAJIO,2026-06-09,73,165,304,227,197
BAJIO,2026-06-10,77,190,338,245,217
BAJIO,2026-06-11,74,209,314,276,255
BAJIO,2026-06-12,94,235,260,229,277
BAJIO,2026-06-13,97,235,270,248,277
BAJIO,2026-06-14,102,223,220,144,278
BAJIO,2026-06-15,69,206,265,96,255
BAJIO,2026-06-16,65,206,288,212,262
BAJIO,2026-06-17,72,178,336,197,284
BAJIO,2026-06-18,71,185,296,188,284
BAJIO,2026-06-19,64,194,299,214,247
BAJIO,2026-06-20,83,207,319,203,217
BAJIO,2026-06-21,68,195,308,142,200
BAJIO,2026-06-22,50,182,249,96,196
BAJIO,2026-06-23,58,179,271,160,192
BAJIO,2026-06-24,63,139,289,140,191
BAJIO,2026-06-25,68,100,250,137,162
BAJIO,2026-06-26,65,74,190,162,156
BAJIO,2026-06-27,76,75,217,186,162
BAJIO,2026-06-28,68,69,239,139,140
BAJIO,2026-06-29,55,69,222,122,122
BAJIO,2026-06-30,62,74,234,170,150
BAJIO,2026-07-01,65,73,228,154,137
BAJIO,2026-07-02,69,73,236,172,142
BAJIO,2026-07-03,86,79,251,177,133
BAJIO,2026-07-04,88,70,245,176,148
BAJIO,2026-07-05,81,67,240,142,134
BAJIO,2026-07-06,83,66,195,90,120
BAJIO,2026-07-07,70,75,224,129,133
BAJIO,2026-07-08,66,64,219,142,138
BAJIO,2026-07-09,68,55,192,159,128
BAJIO,2026-07-10,83,61,233,181,129
BAJIO,2026-07-11,77,62,205,183,131
BAJIO,2026-07-12,78,64,231,139,128
BAJIO,2026-07-13,65,55,189,98,116
BAJIO,2026-07-14,72,86,185,156,128
BAJIO,2026-07-15,71,74,192,196,138
BAJIO,2026-07-16,72,64,192,183,135
BAJIO,2026-07-17,76,67,143,187,146
BAJIO,2026-07-18,68,46,161,214,122
BAJIO,2026-07-19,43,46,158,125,69
BAJIO,2026-07-20,46,51,134,93,64
BAJIO,2026-07-21,63,46,195,145,99
BAJIO,2026-07-22,47,60,176,162,129
BAJIO,2026-07-23,51,56,166,176,120
BAJIO,2026-07-24,59,65,178,172,107
BAJIO,2026-07-25,69,52,189,201,120
BAJIO,2026-07-26,52,37,167,150,105
BAJIO,2026-07-27,50,31,133,117,86
BAJIO,2026-07-28,71,57,165,156,124
BAJIO,2026-07-29,77,72,202,174,141
BAJIO,2026-07-30,73,72,200,188,149
BAJIO,2026-07-31,89,73,216,192,148
BAJIO,2026-08-01,85,59,228,158,146
BAJIO,2026-08-02,89,62,226,172,135
BAJIO,2026-08-03,74,54,201,113,116
BAJIO,2026-08-04,65,59,198,128,130
BAJIO,2026-08-05,64,52,200,167,131
BAJIO,2026-08-06,72,61,236,184,118
BAJIO,2026-08-07,84,62,252,181,116
BAJIO,2026-08-08,88,68,232,191,108
BAJIO,2026-08-09,70,68,195,160,88
BAJIO,2026-08-10,64,51,171,127,67
BAJIO,2026-08-11,74,49,199,150,96
BAJIO,2026-08-12,90,81,233,187,105
BAJIO,2026-08-13,81,64,213,183,123
BAJIO,2026-08-14,91,74,218,198,124
BAJIO,2026-08-15,101,88,233,233,135
BAJIO,2026-08-16,93,87,192,191,117
BAJIO,2026-08-17,82,83,175,127,94
BAJIO,2026-08-18,65,89,186,194,111
BAJIO,2026-08-19,70,83,163,207,119
BAJIO,2026-08-20,62,81,209,197,118
BAJIO,2026-08-21,58,70,244,224,143
BAJIO,2026-08-22,70,84,253,247,125
BAJIO,2026-08-23,82,85,164,201,113
BAJIO,2026-08-24,86,69,136,148,90
CENTRO 1,2025-08-25,263,92,459,403,415
CENTRO 1,2025-08-26,307,149,598,387,520
CENTRO 1,2025-08-27,299,157,593,415,539
CENTRO 1,2025-08-28,330,135,511,434,565
CENTRO 1,2025-08-29,377,147,517,429,464
CENTRO 1,2025-08-30,408,139,631,551,494
CENTRO 1,2025-08-31,448,159,614,477,513
CENTRO 1,2025-09-01,376,174,526,355,419
CENTRO 1,2025-09-02,361,191,691,357,501
CENTRO 1,2025-09-03,323,186,669,390,567
CENTRO 1,2025-09-04,328,168,750,408,594
CENTRO 1,2025-09-05,341,208,681,439,618
CENTRO 1,2025-09-06,367,183,702,449,555
CENTRO 1,2025-09-07,329,150,659,424,515
CENTRO 1,2025-09-08,276,116,538,366,422
CENTRO 1,2025-09-09,275,151,610,412,512
CENTRO 1,2025-09-10,285,165,561,469,533
CENTRO 1,2025-09-11,288,152,613,412,516
CENTRO 1,2025-09-12,306,155,565,496,511
CENTRO 1,2025-09-13,307,128,590,538,502
CENTRO 1,2025-09-14,282,120,527,445,427
CENTRO 1,2025-09-15,253,122,601,433,368
CENTRO 1,2025-09-16,224,105,504,445,369
CENTRO 1,2025-09-17,227,119,519,420,361
CENTRO 1,2025-09-18,256,165,599,453,452
CENTRO 1,2025-09-19,264,152,596,431,490
CENTRO 1,2025-09-20,257,129,575,436,508
CENTRO 1,2025-09-21,257,126,482,403,529
CENTRO 1,2025-09-22,216,113,471,376,435
CENTRO 1,2025-09-23,251,140,546,438,545
CENTRO 1,2025-09-24,259,155,561,512,594
CENTRO 1,2025-09-25,260,151,671,412,547
CENTRO 1,2025-09-26,283,153,671,439,530
CENTRO 1,2025-09-27,324,161,661,462,490
CENTRO 1,2025-09-28,294,153,647,458,472
CENTRO 1,2025-09-29,274,133,553,429,352
CENTRO 1,2025-09-30,339,206,656,459,434
CENTRO 1,2025-10-01,334,198,653,337,472
CENTRO 1,2025-10-02,329,209,705,362,502
CENTRO 1,2025-10-03,311,187,688,375,474
CENTRO 1,2025-10-04,334,180,585,401,410
CENTRO 1,2025-10-05,297,167,525,365,393
CENTRO 1,2025-10-06,242,131,473,320,297
CENTRO 1,2025-10-07,257,161,553,345,413
CENTRO 1,2025-10-08,268,144,517,326,461
CENTRO 1,2025-10-09,263,121,517,358,401
CENTRO 1,2025-10-10,285,145,541,370,450
CENTRO 1,2025-10-11,331,161,597,443,437
CENTRO 1,2025-10-12,321,139,580,404,392
CENTRO 1,2025-10-13,284,139,540,393,290
CENTRO 1,2025-10-14,271,136,609,403,376
CENTRO 1,2025-10-15,298,151,596,492,414
CENTRO 1,2025-10-16,307,189,668,551,438
CENTRO 1,2025-10-17,315,168,605,527,442
CENTRO 1,2025-10-18,331,164,590,522,455
CENTRO 1,2025-10-19,336,154,546,453,454
CENTRO 1,2025-10-20,262,130,514,414,334
CENTRO 1,2025-10-21,286,171,574,449,449
CENTRO 1,2025-10-22,276,171,547,469,456
CENTRO 1,2025-10-23,264,153,544,418,419
CENTRO 1,2025-10-24,294,136,562,465,422
CENTRO 1,2025-10-25,324,122,572,477,431
CENTRO 1,2025-10-26,294,106,496,486,388
CENTRO 1,2025-10-27,247,95,465,413,315
CENTRO 1,2025-10-28,257,130,481,434,355
CENTRO 1,2025-10-29,275,137,526,397,374
CENTRO 1,2025-10-30,310,121,527,461,338
CENTRO 1,2025-10-31,324,132,512,458,342
CENTRO 1,2025-11-01,337,141,504,362,328
CENTRO 1,2025-11-02,289,140,453,300,288
CENTRO 1,2025-11-03,257,133,464,280,230
CENTRO 1,2025-11-04,270,179,570,334,375
CENTRO 1,2025-11-05,275,160,528,323,417
CENTRO 1,2025-11-06,265,148,501,429,406
CENTRO 1,2025-11-07,269,157,479,499,410
CENTRO 1,2025-11-08,300,181,557,526,376
CENTRO 1,2025-11-09,275,151,488,530,329
CENTRO 1,2025-11-10,232,146,462,610,270
CENTRO 1,2025-11-11,267,185,602,474,398
CENTRO 1,2025-11-12,287,220,585,553,412
CENTRO 1,2025-11-13,289,209,552,547,432
CENTRO 1,2025-11-14,318,211,573,664,445
CENTRO 1,2025-11-15,352,188,595,765,438
CENTRO 1,2025-11-16,302,224,529,640,366
CENTRO 1,2025-11-17,272,214,474,692,297
CENTRO 1,2025-11-18,283,281,627,849,419
CENTRO 1,2025-11-19,281,281,648,609,491
CENTRO 1,2025-11-20,266,255,623,581,493
CENTRO 1,2025-11-21,300,202,591,639,481
CENTRO 1,2025-11-22,324,208,590,612,602
CENTRO 1,2025-11-23,297,150,468,563,541
CENTRO 1,2025-11-24,265,153,492,648,399
CENTRO 1,2025-11-25,300,182,591,577,500
CENTRO 1,2025-11-26,303,158,513,558,450
CENTRO 1,2025-11-27,296,155,551,557,428
CENTRO 1,2025-11-28,329,164,560,659,454
CENTRO 1,2025-11-29,365,154,546,698,419
CENTRO 1,2025-11-30,350,158,535,656,366
CENTRO 1,2025-12-01,281,146,515,682,309
CENTRO 1,2025-12-02,306,175,609,616,396
CENTRO 1,2025-12-03,299,165,581,507,419
CENTRO 1,2025-12-04,292,168,581,448,400
CENTRO 1,2025-12-05,315,166,546,520,409
CENTRO 1,2025-12-06,310,161,601,558,386
CENTRO 1,2025-12-07,289,162,542,516,312
CENTRO 1,2025-12-08,254,149,491,477,246
CENTRO 1,2025-12-09,265,173,622,491,354
CENTRO 1,2025-12-10,265,161,601,503,369
CENTRO 1,2025-12-11,274,169,603,546,394
CENTRO 1,2025-12-12,275,161,631,538,357
CENTRO 1,2025-12-13,314,165,576,653,357
CENTRO 1,2025-12-14,301,163,549,624,341
CENTRO 1,2025-12-15,237,163,595,612,286
CENTRO 1,2025-12-16,279,213,677,662,397
CENTRO 1,2025-12-17,328,259,704,700,428
CENTRO 1,2025-12-18,346,240,713,624,464
CENTRO 1,2025-12-19,354,245,657,604,416
CENTRO 1,2025-12-20,362,219,658,666,395
CENTRO 1,2025-12-21,347,199,607,590,383
CENTRO 1,2025-12-22,309,181,551,514,286
CENTRO 1,2025-12-23,319,200,631,522,427
CENTRO 1,2025-12-24,237,183,598,446,374
CENTRO 1,2025-12-25,200,130,439,332,291
CENTRO 1,2025-12-26,226,132,488,317,253
CENTRO 1,2025-12-27,259,170,585,413,316
CENTRO 1,2025-12-28,245,170,500,425,293
CENTRO 1,2025-12-29,221,159,494,414,218
CENTRO 1,2025-12-30,263,198,553,465,297
CENTRO 1,2025-12-31,246,135,495,365,318
CENTRO 1,2026-01-01,210,108,404,276,270
CENTRO 1,2026-01-02,247,130,481,308,256
CENTRO 1,2026-01-03,287,178,614,423,288
CENTRO 1,2026-01-04,267,156,518,478,288
CENTRO 1,2026-01-05,249,139,456,390,232
CENTRO 1,2026-01-06,273,197,588,500,351
CENTRO 1,2026-01-07,284,196,594,479,337
CENTRO 1,2026-01-08,306,207,655,582,405
CENTRO 1,2026-01-09,299,188,626,595,403
CENTRO 1,2026-01-10,344,246,656,643,448
CENTRO 1,2026-01-11,319,220,573,552,427
CENTRO 1,2026-01-12,286,176,549,519,310
CENTRO 1,2026-01-13,332,219,710,596,391
CENTRO 1,2026-01-14,313,230,669,603,372
CENTRO 1,2026-01-15,353,250,680,638,382
CENTRO 1,2026-01-16,363,238,653,699,433
CENTRO 1,2026-01-17,366,243,637,758,419
CENTRO 1,2026-01-18,361,198,628,644,427
CENTRO 1,2026-01-19,324,201,627,553,345
CENTRO 1,2026-01-20,348,245,677,619,472
CENTRO 1,2026-01-21,320,259,685,582,461
CENTRO 1,2026-01-22,317,245,620,610,460
CENTRO 1,2026-01-23,326,222,707,614,491
CENTRO 1,2026-01-24,341,203,675,694,443
CENTRO 1,2026-01-25,347,181,571,587,374
CENTRO 1,2026-01-26,284,139,517,516,266
CENTRO 1,2026-01-27,293,220,628,565,417
CENTRO 1,2026-01-28,362,203,602,552,440
CENTRO 1,2026-01-29,387,206,620,614,462
CENTRO 1,2026-01-30,422,230,634,602,461
CENTRO 1,2026-01-31,461,247,686,699,461
CENTRO 1,2026-02-01,487,265,689,532,449
CENTRO 1,2026-02-02,441,276,613,549,350
CENTRO 1,2026-02-03,460,336,684,538,473
CENTRO 1,2026-02-04,415,306,729,598,536
CENTRO 1,2026-02-05,355,285,687,576,535
CENTRO 1,2026-02-06,348,276,581,619,528
CENTRO 1,2026-02-07,394,250,649,625,490
CENTRO 1,2026-02-08,363,267,591,595,425
CENTRO 1,2026-02-09,290,205,553,470,330
CENTRO 1,2026-02-10,292,214,657,542,405
CENTRO 1,2026-02-11,307,206,628,525,476
CENTRO 1,2026-02-12,282,248,676,593,402
CENTRO 1,2026-02-13,302,197,655,600,416
CENTRO 1,2026-02-14,350,187,619,682,410
CENTRO 1,2026-02-15,343,188,648,609,392
CENTRO 1,2026-02-16,298,190,555,456,335
CENTRO 1,2026-02-17,309,243,783,545,480
CENTRO 1,2026-02-18,308,266,705,486,532
CENTRO 1,2026-02-19,295,197,614,514,481
CENTRO 1,2026-02-20,300,182,652,585,472
CENTRO 1,2026-02-21,341,197,671,626,468
CENTRO 1,2026-02-22,301,185,637,575,466
CENTRO 1,2026-02-23,264,137,529,457,362
CENTRO 1,2026-02-24,314,169,681,461,448
CENTRO 1,2026-02-25,278,187,701,517,459
CENTRO 1,2026-02-26,335,200,668,585,488
CENTRO 1,2026-02-27,387,209,680,602,539
CENTRO 1,2026-02-28,448,225,747,633,548
CENTRO 1,2026-03-01,429,233,740,456,485
CENTRO 1,2026-03-02,377,218,698,433,413
CENTRO 1,2026-03-03,374,267,832,474,514
CENTRO 1,2026-03-04,344,263,773,449,503
CENTRO 1,2026-03-05,333,248,762,508,503
CENTRO 1,2026-03-06,337,207,733,478,447
CENTRO 1,2026-03-07,359,200,730,566,449
CENTRO 1,2026-03-08,320,209,708,444,418
CENTRO 1,2026-03-09,285,179,635,395,410
CENTRO 1,2026-03-10,283,225,738,485,503
CENTRO 1,2026-03-11,287,209,814,506,523
CENTRO 1,2026-03-12,284,218,762,523,524
CENTRO 1,2026-03-13,320,185,703,574,506
CENTRO 1,2026-03-14,377,172,684,605,497
CENTRO 1,2026-03-15,339,187,638,592,459
CENTRO 1,2026-03-16,296,169,557,478,362
CENTRO 1,2026-03-17,287,213,632,453,370
CENTRO 1,2026-03-18,311,241,810,508,444
CENTRO 1,2026-03-19,316,286,872,498,498
CENTRO 1,2026-03-20,318,235,752,516,463
CENTRO 1,2026-03-21,329,224,684,562,447
CENTRO 1,2026-03-22,304,196,666,503,443
CENTRO 1,2026-03-23,259,161,603,403,340
CENTRO 1,2026-03-24,281,199,657,446,386
CENTRO 1,2026-03-25,294,194,657,412,433
CENTRO 1,2026-03-26,300,180,671,463,413
CENTRO 1,2026-03-27,328,189,661,495,393
CENTRO 1,2026-03-28,365,178,720,560,406
CENTRO 1,2026-03-29,361,160,652,525,352
CENTRO 1,2026-03-30,319,164,574,503,281
CENTRO 1,2026-03-31,398,259,748,505,400
CENTRO 1,2026-04-01,403,302,855,488,477
CENTRO 1,2026-04-02,441,307,951,579,496
CENTRO 1,2026-04-03,393,251,808,480,449
CENTRO 1,2026-04-04,336,204,630,368,402
CENTRO 1,2026-04-05,301,218,623,387,354
CENTRO 1,2026-04-06,251,178,614,382,307
CENTRO 1,2026-04-07,276,253,715,482,441
CENTRO 1,2026-04-08,292,278,787,455,468
CENTRO 1,2026-04-09,306,273,920,502,443
CENTRO 1,2026-04-10,315,283,893,467,499
CENTRO 1,2026-04-11,321,247,875,554,470
CENTRO 1,2026-04-12,312,274,824,479,388
CENTRO 1,2026-04-13,263,247,796,491,346
CENTRO 1,2026-04-14,256,294,954,530,392
CENTRO 1,2026-04-15,296,312,897,544,577
CENTRO 1,2026-04-16,310,317,965,620,609
CENTRO 1,2026-04-17,340,335,922,575,683
CENTRO 1,2026-04-18,375,303,848,621,580
CENTRO 1,2026-04-19,344,294,795,506,556
CENTRO 1,2026-04-20,268,268,717,388,502
CENTRO 1,2026-04-21,280,282,835,461,609
CENTRO 1,2026-04-22,288,300,759,400,589
CENTRO 1,2026-04-23,276,282,825,388,564
CENTRO 1,2026-04-24,287,240,820,418,543
CENTRO 1,2026-04-25,312,258,821,533,518
CENTRO 1,2026-04-26,303,214,753,462,445
CENTRO 1,2026-04-27,281,231,727,462,387
CENTRO 1,2026-04-28,292,287,824,494,484
CENTRO 1,2026-04-29,331,269,859,503,483
CENTRO 1,2026-04-30,351,263,747,437,553
CENTRO 1,2026-05-01,393,234,797,388,577
CENTRO 1,2026-05-02,420,251,888,476,507
CENTRO 1,2026-05-03,374,275,804,392,462
CENTRO 1,2026-05-04,336,227,783,380,406
CENTRO 1,2026-05-05,348,265,932,416,483
CENTRO 1,2026-05-06,348,289,864,454,543
CENTRO 1,2026-05-07,292,280,859,422,549
CENTRO 1,2026-05-08,304,240,821,443,558
CENTRO 1,2026-05-09,348,240,883,500,555
CENTRO 1,2026-05-10,290,212,705,433,465
CENTRO 1,2026-05-11,246,195,689,366,423
CENTRO 1,2026-05-12,273,208,790,487,465
CENTRO 1,2026-05-13,281,214,871,505,515
CENTRO 1,2026-05-14,314,227,871,504,519
CENTRO 1,2026-05-15,302,223,933,592,534
CENTRO 1,2026-05-16,324,248,927,701,536
CENTRO 1,2026-05-17,309,267,885,539,501
CENTRO 1,2026-05-18,268,270,970,473,454
CENTRO 1,2026-05-19,277,293,1005,545,524
CENTRO 1,2026-05-20,296,325,996,602,591
CENTRO 1,2026-05-21,299,322,1041,602,603
CENTRO 1,2026-05-22,307,317,891,611,573
CENTRO 1,2026-05-23,344,298,1012,682,575
CENTRO 1,2026-05-24,343,257,967,643,571
CENTRO 1,2026-05-25,285,240,850,439,435
CENTRO 1,2026-05-26,317,276,991,566,626
CENTRO 1,2026-05-27,335,283,999,549,756
CENTRO 1,2026-05-28,360,265,896,562,846
CENTRO 1,2026-05-29,362,257,893,550,881
CENTRO 1,2026-05-30,404,257,952,739,938
CENTRO 1,2026-05-31,389,274,955,579,1026
CENTRO 1,2026-06-01,357,282,1013,442,1064
CENTRO 1,2026-06-02,403,383,1184,581,1216
CENTRO 1,2026-06-03,390,398,1121,623,1342
CENTRO 1,2026-06-04,390,355,1196,671,1362
CENTRO 1,2026-06-05,380,328,1139,602,1464
CENTRO 1,2026-06-06,387,317,1175,700,1489
CENTRO 1,2026-06-07,364,321,959,612,1495
CENTRO 1,2026-06-08,311,324,876,492,1421
CENTRO 1,2026-06-09,316,400,1085,546,1575
CENTRO 1,2026-06-10,327,391,952,594,1698
CENTRO 1,2026-06-11,306,270,736,634,1748
CENTRO 1,2026-06-12,318,271,814,515,1746
CENTRO 1,2026-06-13,358,260,866,624,1787
CENTRO 1,2026-06-14,351,266,851,597,1796
CENTRO 1,2026-06-15,314,233,852,444,1774
CENTRO 1,2026-06-16,349,297,1081,597,1858
CENTRO 1,2026-06-17,344,369,1075,645,1961
CENTRO 1,2026-06-18,354,345,857,631,2031
CENTRO 1,2026-06-19,326,301,881,600,2108
CENTRO 1,2026-06-20,350,301,1028,577,2192
CENTRO 1,2026-06-21,314,300,887,538,2237
CENTRO 1,2026-06-22,267,239,739,383,2208
CENTRO 1,2026-06-23,311,238,862,504,2321
CENTRO 1,2026-06-24,312,230,789,534,2338
CENTRO 1,2026-06-25,332,211,857,448,2382
CENTRO 1,2026-06-26,352,223,788,491,2414
CENTRO 1,2026-06-27,386,255,893,523,2418
CENTRO 1,2026-06-28,360,246,782,532,2411
CENTRO 1,2026-06-29,325,227,791,446,2318
CENTRO 1,2026-06-30,364,291,906,567,2348
CENTRO 1,2026-07-01,387,317,936,423,2368
CENTRO 1,2026-07-02,408,328,1036,484,2421
CENTRO 1,2026-07-03,385,327,1040,513,2400
CENTRO 1,2026-07-04,402,298,901,593,2478
CENTRO 1,2026-07-05,344,257,896,556,2487
CENTRO 1,2026-07-06,302,225,768,367,2428
CENTRO 1,2026-07-07,317,245,898,474,2487
CENTRO 1,2026-07-08,346,264,901,534,2438
CENTRO 1,2026-07-09,372,268,950,578,2314
CENTRO 1,2026-07-10,385,237,860,541,2227
CENTRO 1,2026-07-11,391,237,822,590,2095
CENTRO 1,2026-07-12,345,233,743,448,1969
CENTRO 1,2026-07-13,302,187,631,419,1770
CENTRO 1,2026-07-14,334,222,814,511,1775
CENTRO 1,2026-07-15,322,253,815,500,1677
CENTRO 1,2026-07-16,347,257,787,564,1644
CENTRO 1,2026-07-17,392,238,703,623,1679
CENTRO 1,2026-07-18,376,226,814,643,1622
CENTRO 1,2026-07-19,362,223,752,561,1576
CENTRO 1,2026-07-20,302,191,734,452,1486
CENTRO 1,2026-07-21,302,211,837,510,1443
CENTRO 1,2026-07-22,294,273,859,584,1352
CENTRO 1,2026-07-23,296,269,863,556,1259
CENTRO 1,2026-07-24,361,273,806,679,1171
CENTRO 1,2026-07-25,384,236,815,603,1085
CENTRO 1,2026-07-26,338,239,720,568,972
CENTRO 1,2026-07-27,287,209,577,419,915
CENTRO 1,2026-07-28,294,246,708,487,885
CENTRO 1,2026-07-29,324,227,807,530,842
CENTRO 1,2026-07-30,375,244,766,570,793
CENTRO 1,2026-07-31,401,233,759,586,775
CENTRO 1,2026-08-01,446,249,822,536,759
CENTRO 1,2026-08-02,425,241,857,527,725
CENTRO 1,2026-08-03,370,228,768,432,721
CENTRO 1,2026-08-04,399,291,900,561,774
CENTRO 1,2026-08-05,350,298,798,564,747
CENTRO 1,2026-08-06,352,260,815,471,730
CENTRO 1,2026-08-07,372,262,777,508,678
CENTRO 1,2026-08-08,385,253,801,601,691
CENTRO 1,2026-08-09,350,232,685,527,665
CENTRO 1,2026-08-10,279,212,585,444,636
CENTRO 1,2026-08-11,311,233,771,424,726
CENTRO 1,2026-08-12,334,297,795,542,756
CENTRO 1,2026-08-13,336,286,766,624,756
CENTRO 1,2026-08-14,346,255,720,635,727
CENTRO 1,2026-08-15,405,228,817,681,755
CENTRO 1,2026-08-16,382,229,820,647,811
CENTRO 1,2026-08-17,328,227,691,491,810
CENTRO 1,2026-08-18,314,295,833,581,935
CENTRO 1,2026-08-19,342,319,821,554,967
CENTRO 1,2026-08-20,343,339,765,581,917
CENTRO 1,2026-08-21,352,299,805,629,881
CENTRO 1,2026-08-22,355,273,792,688,657
CENTRO 1,2026-08-23,319,248,733,582,561
CENTRO 1,2026-08-24,285,209,622,425,441
CENTRO 2,2025-08-25,319,164,576,519,503
CENTRO 2,2025-08-26,372,190,685,597,590
CENTRO 2,2025-08-27,398,191,752,592,651
CENTRO 2,2025-08-28,460,199,671,687,621
CENTRO 2,2025-08-29,571,205,640,661,569
CENTRO 2,2025-08-30,602,200,627,711,608
CENTRO 2,2025-08-31,553,188,604,580,547
CENTRO 2,2025-09-01,484,168,566,499,447
CENTRO 2,2025-09-02,477,195,665,612,579
CENTRO 2,2025-09-03,446,234,801,616,718
CENTRO 2,2025-09-04,432,228,770,658,763
CENTRO 2,2025-09-05,452,222,744,634,764
CENTRO 2,2025-09-06,447,216,727,614,747
CENTRO 2,2025-09-07,368,210,650,545,600
CENTRO 2,2025-09-08,296,144,573,499,499
CENTRO 2,2025-09-09,321,151,634,585,519
CENTRO 2,2025-09-10,341,173,542,626,530
CENTRO 2,2025-09-11,350,165,606,681,514
CENTRO 2,2025-09-12,362,136,578,641,516
CENTRO 2,2025-09-13,422,130,598,620,489
CENTRO 2,2025-09-14,337,135,537,510,438
CENTRO 2,2025-09-15,286,122,531,515,347
CENTRO 2,2025-09-16,240,109,517,458,387
CENTRO 2,2025-09-17,253,118,548,477,374
CENTRO 2,2025-09-18,269,139,631,525,456
CENTRO 2,2025-09-19,286,149,652,519,484
CENTRO 2,2025-09-20,303,147,723,555,517
CENTRO 2,2025-09-21,273,133,563,522,540
CENTRO 2,2025-09-22,235,139,518,443,431
CENTRO 2,2025-09-23,257,148,622,501,608
CENTRO 2,2025-09-24,283,156,553,540,635
CENTRO 2,2025-09-25,319,137,587,533,646
CENTRO 2,2025-09-26,381,159,654,604,619
CENTRO 2,2025-09-27,435,168,726,600,614
CENTRO 2,2025-09-28,383,165,652,543,586
CENTRO 2,2025-09-29,356,158,587,471,500
CENTRO 2,2025-09-30,381,200,700,540,539
CENTRO 2,2025-10-01,400,199,706,525,553
CENTRO 2,2025-10-02,389,185,695,554,560
CENTRO 2,2025-10-03,406,217,652,542,519
CENTRO 2,2025-10-04,416,204,602,556,519
CENTRO 2,2025-10-05,350,198,520,445,476
CENTRO 2,2025-10-06,300,172,503,451,419
CENTRO 2,2025-10-07,289,207,632,531,518
CENTRO 2,2025-10-08,275,217,620,491,483
CENTRO 2,2025-10-09,315,217,628,529,521
CENTRO 2,2025-10-10,372,227,619,593,521
CENTRO 2,2025-10-11,417,248,695,569,491
CENTRO 2,2025-10-12,376,231,686,494,430
CENTRO 2,2025-10-13,310,217,625,485,339
CENTRO 2,2025-10-14,339,246,642,567,467
CENTRO 2,2025-10-15,380,226,651,642,482
CENTRO 2,2025-10-16,433,266,672,663,528
CENTRO 2,2025-10-17,416,240,683,637,506
CENTRO 2,2025-10-18,424,233,675,628,479
CENTRO 2,2025-10-19,349,197,612,556,436
CENTRO 2,2025-10-20,305,168,552,486,357
CENTRO 2,2025-10-21,306,174,638,576,444
CENTRO 2,2025-10-22,347,187,572,615,528
CENTRO 2,2025-10-23,354,188,607,624,551
CENTRO 2,2025-10-24,373,197,641,636,554
CENTRO 2,2025-10-25,387,190,662,639,550
CENTRO 2,2025-10-26,337,152,550,540,473
CENTRO 2,2025-10-27,300,134,549,543,382
CENTRO 2,2025-10-28,341,158,625,632,460
CENTRO 2,2025-10-29,380,159,585,631,501
CENTRO 2,2025-10-30,447,158,559,637,468
CENTRO 2,2025-10-31,498,150,553,652,501
CENTRO 2,2025-11-01,477,151,608,521,469
CENTRO 2,2025-11-02,390,126,477,441,390
CENTRO 2,2025-11-03,345,139,530,411,340
CENTRO 2,2025-11-04,322,177,604,484,412
CENTRO 2,2025-11-05,308,194,563,509,461
CENTRO 2,2025-11-06,339,206,627,592,492
CENTRO 2,2025-11-07,380,201,611,598,472
CENTRO 2,2025-11-08,399,190,609,644,455
CENTRO 2,2025-11-09,326,169,526,517,415
CENTRO 2,2025-11-10,295,146,509,554,335
CENTRO 2,2025-11-11,312,216,575,615,385
CENTRO 2,2025-11-12,338,212,562,612,398
CENTRO 2,2025-11-13,376,195,543,681,429
CENTRO 2,2025-11-14,423,201,589,756,428
CENTRO 2,2025-11-15,450,196,607,849,467
CENTRO 2,2025-11-16,390,204,581,746,460
CENTRO 2,2025-11-17,333,206,546,808,404
CENTRO 2,2025-11-18,327,256,593,863,457
CENTRO 2,2025-11-19,347,270,677,771,529
CENTRO 2,2025-11-20,362,233,627,780,525
CENTRO 2,2025-11-21,361,212,623,764,595
CENTRO 2,2025-11-22,378,209,638,789,747
CENTRO 2,2025-11-23,296,161,543,688,680
CENTRO 2,2025-11-24,266,121,499,711,542
CENTRO 2,2025-11-25,318,160,597,724,546
CENTRO 2,2025-11-26,383,166,543,733,526
CENTRO 2,2025-11-27,437,179,680,724,573
CENTRO 2,2025-11-28,502,180,632,799,580
CENTRO 2,2025-11-29,562,198,639,807,542
CENTRO 2,2025-11-30,477,195,642,690,438
CENTRO 2,2025-12-01,399,204,619,659,378
CENTRO 2,2025-12-02,407,215,698,713,403
CENTRO 2,2025-12-03,421,236,690,684,492
CENTRO 2,2025-12-04,427,228,662,652,487
CENTRO 2,2025-12-05,426,201,633,667,491
CENTRO 2,2025-12-06,395,192,614,673,422
CENTRO 2,2025-12-07,336,181,542,597,373
CENTRO 2,2025-12-08,285,144,514,527,283
CENTRO 2,2025-12-09,327,179,633,559,377
CENTRO 2,2025-12-10,321,183,644,560,362
CENTRO 2,2025-12-11,349,174,649,593,415
CENTRO 2,2025-12-12,384,150,644,636,456
CENTRO 2,2025-12-13,392,159,672,640,425
CENTRO 2,2025-12-14,348,131,613,597,363
CENTRO 2,2025-12-15,307,124,525,580,299
CENTRO 2,2025-12-16,340,184,622,642,407
CENTRO 2,2025-12-17,331,214,648,655,462
CENTRO 2,2025-12-18,359,194,672,694,486
CENTRO 2,2025-12-19,378,219,704,690,498
CENTRO 2,2025-12-20,407,204,681,677,472
CENTRO 2,2025-12-21,363,157,535,578,486
CENTRO 2,2025-12-22,321,144,547,558,413
CENTRO 2,2025-12-23,317,181,568,536,486
CENTRO 2,2025-12-24,255,140,538,500,439
CENTRO 2,2025-12-25,212,98,398,382,349
CENTRO 2,2025-12-26,238,103,437,411,331
CENTRO 2,2025-12-27,290,147,517,514,372
CENTRO 2,2025-12-28,290,147,460,482,370
CENTRO 2,2025-12-29,282,143,486,433,279
CENTRO 2,2025-12-30,304,159,580,488,377
CENTRO 2,2025-12-31,286,149,487,425,393
CENTRO 2,2026-01-01,236,123,406,312,361
CENTRO 2,2026-01-02,279,143,554,386,376
CENTRO 2,2026-01-03,327,169,652,518,435
CENTRO 2,2026-01-04,282,153,574,473,378
CENTRO 2,2026-01-05,251,132,608,507,315
CENTRO 2,2026-01-06,285,166,678,620,452
CENTRO 2,2026-01-07,321,195,719,627,438
CENTRO 2,2026-01-08,340,190,747,708,449
CENTRO 2,2026-01-09,399,216,702,691,524
CENTRO 2,2026-01-10,431,249,684,735,549
CENTRO 2,2026-01-11,349,207,621,610,457
CENTRO 2,2026-01-12,297,178,529,583,366
CENTRO 2,2026-01-13,314,230,650,609,421
CENTRO 2,2026-01-14,326,193,640,725,432
CENTRO 2,2026-01-15,365,181,645,734,491
CENTRO 2,2026-01-16,407,194,607,798,464
CENTRO 2,2026-01-17,396,222,676,738,484
CENTRO 2,2026-01-18,335,208,605,656,470
CENTRO 2,2026-01-19,301,205,554,598,375
CENTRO 2,2026-01-20,312,205,614,711,485
CENTRO 2,2026-01-21,331,197,657,693,493
CENTRO 2,2026-01-22,341,206,697,704,533
CENTRO 2,2026-01-23,384,201,671,710,515
CENTRO 2,2026-01-24,420,221,717,801,502
CENTRO 2,2026-01-25,334,177,584,665,436
CENTRO 2,2026-01-26,323,166,496,658,329
CENTRO 2,2026-01-27,360,191,617,717,419
CENTRO 2,2026-01-28,432,231,601,756,513
CENTRO 2,2026-01-29,514,215,680,806,513
CENTRO 2,2026-01-30,605,215,652,869,517
CENTRO 2,2026-01-31,644,230,672,871,525
CENTRO 2,2026-02-01,605,286,634,676,492
CENTRO 2,2026-02-02,504,272,581,680,402
CENTRO 2,2026-02-03,501,310,692,582,485
CENTRO 2,2026-02-04,492,337,702,658,534
CENTRO 2,2026-02-05,467,317,728,830,537
CENTRO 2,2026-02-06,448,301,724,816,501
CENTRO 2,2026-02-07,471,278,726,813,501
CENTRO 2,2026-02-08,428,237,608,669,436
CENTRO 2,2026-02-09,377,217,600,621,371
CENTRO 2,2026-02-10,359,208,682,663,424
CENTRO 2,2026-02-11,347,174,719,659,463
CENTRO 2,2026-02-12,373,190,742,735,443
CENTRO 2,2026-02-13,420,205,713,774,458
CENTRO 2,2026-02-14,446,205,714,792,459
CENTRO 2,2026-02-15,408,200,731,704,435
CENTRO 2,2026-02-16,355,186,637,621,383
CENTRO 2,2026-02-17,418,242,804,741,537
CENTRO 2,2026-02-18,431,256,731,734,585
CENTRO 2,2026-02-19,393,223,781,751,596
CENTRO 2,2026-02-20,433,216,817,764,623
CENTRO 2,2026-02-21,451,213,737,769,556
CENTRO 2,2026-02-22,360,187,651,618,526
CENTRO 2,2026-02-23,308,156,630,551,418
CENTRO 2,2026-02-24,352,203,669,606,515
CENTRO 2,2026-02-25,390,213,682,663,552
CENTRO 2,2026-02-26,448,202,704,627,594
CENTRO 2,2026-02-27,537,185,641,666,539
CENTRO 2,2026-02-28,553,192,695,715,527
CENTRO 2,2026-03-01,502,210,641,556,472
CENTRO 2,2026-03-02,423,192,617,515,370
CENTRO 2,2026-03-03,425,247,745,657,485
CENTRO 2,2026-03-04,393,239,709,669,517
CENTRO 2,2026-03-05,399,229,708,675,547
CENTRO 2,2026-03-06,428,234,734,680,525
CENTRO 2,2026-03-07,448,226,744,682,535
CENTRO 2,2026-03-08,428,213,718,548,545
CENTRO 2,2026-03-09,331,187,612,508,496
CENTRO 2,2026-03-10,356,230,719,574,568
CENTRO 2,2026-03-11,382,250,666,582,598
CENTRO 2,2026-03-12,422,237,675,659,625
CENTRO 2,2026-03-13,458,218,663,632,620
CENTRO 2,2026-03-14,474,186,643,644,591
CENTRO 2,2026-03-15,394,175,605,577,513
CENTRO 2,2026-03-16,316,141,543,539,423
CENTRO 2,2026-03-17,322,170,553,541,463
CENTRO 2,2026-03-18,345,178,781,617,506
CENTRO 2,2026-03-19,350,220,844,603,544
CENTRO 2,2026-03-20,342,189,795,658,533
CENTRO 2,2026-03-21,382,214,766,691,604
CENTRO 2,2026-03-22,307,179,607,493,572
CENTRO 2,2026-03-23,257,145,550,485,457
CENTRO 2,2026-03-24,316,162,643,574,514
CENTRO 2,2026-03-25,339,160,620,554,565
CENTRO 2,2026-03-26,376,150,611,569,571
CENTRO 2,2026-03-27,397,155,626,611,555
CENTRO 2,2026-03-28,472,159,688,675,545
CENTRO 2,2026-03-29,397,147,602,558,500
CENTRO 2,2026-03-30,337,136,563,554,403
CENTRO 2,2026-03-31,418,189,689,561,460
CENTRO 2,2026-04-01,457,231,749,521,540
CENTRO 2,2026-04-02,468,227,761,606,541
CENTRO 2,2026-04-03,414,216,670,549,509
CENTRO 2,2026-04-04,372,176,601,425,447
CENTRO 2,2026-04-05,295,166,608,426,395
CENTRO 2,2026-04-06,261,157,616,448,361
CENTRO 2,2026-04-07,314,208,725,567,443
CENTRO 2,2026-04-08,310,221,782,571,458
CENTRO 2,2026-04-09,340,250,802,660,479
CENTRO 2,2026-04-10,360,274,793,626,456
CENTRO 2,2026-04-11,365,263,869,631,485
CENTRO 2,2026-04-12,319,272,777,517,416
CENTRO 2,2026-04-13,251,214,723,518,379
CENTRO 2,2026-04-14,264,236,826,589,453
CENTRO 2,2026-04-15,312,276,897,634,610
CENTRO 2,2026-04-16,365,329,864,679,664
CENTRO 2,2026-04-17,401,317,917,665,714
CENTRO 2,2026-04-18,408,302,906,740,708
CENTRO 2,2026-04-19,356,275,889,614,680
CENTRO 2,2026-04-20,300,238,813,520,616
CENTRO 2,2026-04-21,331,260,848,539,675
CENTRO 2,2026-04-22,339,268,907,568,703
CENTRO 2,2026-04-23,353,259,977,566,736
CENTRO 2,2026-04-24,364,241,860,543,694
CENTRO 2,2026-04-25,400,213,849,669,649
CENTRO 2,2026-04-26,360,190,745,564,556
CENTRO 2,2026-04-27,316,187,722,507,500
CENTRO 2,2026-04-28,372,224,856,605,614
CENTRO 2,2026-04-29,434,266,906,578,617
CENTRO 2,2026-04-30,484,267,917,582,672
CENTRO 2,2026-05-01,549,249,924,509,684
CENTRO 2,2026-05-02,554,266,996,538,656
CENTRO 2,2026-05-03,436,262,876,516,590
CENTRO 2,2026-05-04,381,234,826,452,532
CENTRO 2,2026-05-05,383,266,936,568,627
CENTRO 2,2026-05-06,362,277,860,625,674
CENTRO 2,2026-05-07,374,260,920,594,696
CENTRO 2,2026-05-08,368,228,891,608,657
CENTRO 2,2026-05-09,362,217,896,659,662
CENTRO 2,2026-05-10,326,170,782,512,572
CENTRO 2,2026-05-11,285,174,777,482,513
CENTRO 2,2026-05-12,300,209,815,598,558
CENTRO 2,2026-05-13,318,211,938,651,594
CENTRO 2,2026-05-14,365,232,965,676,626
CENTRO 2,2026-05-15,418,218,871,811,689
CENTRO 2,2026-05-16,419,227,967,823,697
CENTRO 2,2026-05-17,379,241,907,661,637
CENTRO 2,2026-05-18,320,231,902,570,569
CENTRO 2,2026-05-19,341,259,866,659,623
CENTRO 2,2026-05-20,338,259,855,694,669
CENTRO 2,2026-05-21,344,254,970,733,716
CENTRO 2,2026-05-22,364,273,798,757,697
CENTRO 2,2026-05-23,400,246,907,780,694
CENTRO 2,2026-05-24,354,252,859,677,665
CENTRO 2,2026-05-25,312,217,749,612,573
CENTRO 2,2026-05-26,343,264,865,743,616
CENTRO 2,2026-05-27,386,287,926,761,660
CENTRO 2,2026-05-28,446,283,966,826,707
CENTRO 2,2026-05-29,525,272,963,928,713
CENTRO 2,2026-05-30,572,286,1023,1035,705
CENTRO 2,2026-05-31,509,326,1090,825,726
CENTRO 2,2026-06-01,496,330,1033,704,691
CENTRO 2,2026-06-02,538,455,1176,922,852
CENTRO 2,2026-06-03,538,469,1267,999,970
CENTRO 2,2026-06-04,574,499,1398,1032,1004
CENTRO 2,2026-06-05,578,501,1355,1103,1020
CENTRO 2,2026-06-06,613,511,1343,1172,996
CENTRO 2,2026-06-07,555,538,1332,1094,924
CENTRO 2,2026-06-08,539,565,1334,914,840
CENTRO 2,2026-06-09,568,670,1537,1059,910
CENTRO 2,2026-06-10,613,757,1733,1207,999
CENTRO 2,2026-06-11,632,774,1704,1240,1076
CENTRO 2,2026-06-12,636,749,1672,1163,1078
CENTRO 2,2026-06-13,683,770,1681,1228,1128
CENTRO 2,2026-06-14,641,749,1576,1019,1104
CENTRO 2,2026-06-15,595,711,1494,974,1026
CENTRO 2,2026-06-16,605,728,1658,1150,1130
CENTRO 2,2026-06-17,636,758,1691,1202,1204
CENTRO 2,2026-06-18,619,805,1676,1186,1289
CENTRO 2,2026-06-19,632,804,1626,1173,1353
CENTRO 2,2026-06-20,662,795,1663,1110,1366
CENTRO 2,2026-06-21,595,748,1580,999,1326
CENTRO 2,2026-06-22,526,700,1413,917,1210
CENTRO 2,2026-06-23,560,672,1546,1027,1246
CENTRO 2,2026-06-24,610,688,1580,1029,1309
CENTRO 2,2026-06-25,654,692,1464,963,1340
CENTRO 2,2026-06-26,678,642,1389,928,1419
CENTRO 2,2026-06-27,712,605,1440,1039,1451
CENTRO 2,2026-06-28,684,570,1379,925,1445
CENTRO 2,2026-06-29,682,535,1323,876,1355
CENTRO 2,2026-06-30,684,586,1427,1018,1408
CENTRO 2,2026-07-01,707,618,1615,902,1458
CENTRO 2,2026-07-02,741,647,1693,1028,1512
CENTRO 2,2026-07-03,750,632,1487,1182,1527
CENTRO 2,2026-07-04,760,626,1502,1203,1492
CENTRO 2,2026-07-05,658,515,1383,1096,1402
CENTRO 2,2026-07-06,582,443,1245,885,1282
CENTRO 2,2026-07-07,581,467,1351,963,1296
CENTRO 2,2026-07-08,559,495,1340,1032,1275
CENTRO 2,2026-07-09,550,506,1302,1017,1321
CENTRO 2,2026-07-10,570,415,1223,1106,1411
CENTRO 2,2026-07-11,571,396,1169,1055,1483
CENTRO 2,2026-07-12,512,368,1045,891,1322
CENTRO 2,2026-07-13,450,314,1014,849,1211
CENTRO 2,2026-07-14,487,324,1140,903,1230
CENTRO 2,2026-07-15,492,330,1087,959,1307
CENTRO 2,2026-07-16,496,327,1036,963,1339
CENTRO 2,2026-07-17,521,330,954,967,1337
CENTRO 2,2026-07-18,498,301,1026,1002,1440
CENTRO 2,2026-07-19,412,278,1013,878,1464
CENTRO 2,2026-07-20,364,258,890,697,1240
CENTRO 2,2026-07-21,371,277,1020,810,1204
CENTRO 2,2026-07-22,415,280,991,909,1198
CENTRO 2,2026-07-23,418,251,919,897,1137
CENTRO 2,2026-07-24,479,276,956,1042,1079
CENTRO 2,2026-07-25,462,246,924,1045,1044
CENTRO 2,2026-07-26,369,228,844,861,898
CENTRO 2,2026-07-27,324,191,743,766,720
CENTRO 2,2026-07-28,373,213,880,847,801
CENTRO 2,2026-07-29,435,212,895,876,735
CENTRO 2,2026-07-30,507,245,951,895,734
CENTRO 2,2026-07-31,584,267,984,940,760
CENTRO 2,2026-08-01,557,299,1020,879,778
CENTRO 2,2026-08-02,529,312,1015,821,727
CENTRO 2,2026-08-03,464,278,938,768,654
CENTRO 2,2026-08-04,475,339,1108,890,792
CENTRO 2,2026-08-05,502,364,1084,1005,868
CENTRO 2,2026-08-06,505,381,986,916,856
CENTRO 2,2026-08-07,517,340,948,940,786
CENTRO 2,2026-08-08,528,310,974,944,759
CENTRO 2,2026-08-09,426,297,964,771,681
CENTRO 2,2026-08-10,370,286,801,701,592
CENTRO 2,2026-08-11,371,314,862,720,629
CENTRO 2,2026-08-12,406,352,990,869,690
CENTRO 2,2026-08-13,425,367,930,909,682
CENTRO 2,2026-08-14,478,314,904,885,671
CENTRO 2,2026-08-15,468,302,969,967,635
CENTRO 2,2026-08-16,382,283,901,904,594
CENTRO 2,2026-08-17,327,279,830,792,507
CENTRO 2,2026-08-18,370,325,984,937,631
CENTRO 2,2026-08-19,403,339,907,1007,702
CENTRO 2,2026-08-20,390,330,846,1052,743
CENTRO 2,2026-08-21,418,326,932,1100,753
CENTRO 2,2026-08-22,429,336,982,1068,765
CENTRO 2,2026-08-23,398,316,909,886,719
CENTRO 2,2026-08-24,339,270,745,814,633
NORESTE-FRONTERA,2025-08-25,218,111,904,567,213
NORESTE-FRONTERA,2025-08-26,258,128,1143,716,245
NORESTE-FRONTERA,2025-08-27,278,131,1179,702,279
NORESTE-FRONTERA,2025-08-28,280,144,1081,799,238
NORESTE-FRONTERA,2025-08-29,262,133,1014,804,232
NORESTE-FRONTERA,2025-08-30,307,132,1065,839,229
NORESTE-FRONTERA,2025-08-31,306,120,981,678,190
NORESTE-FRONTERA,2025-09-01,241,101,796,515,151
NORESTE-FRONTERA,2025-09-02,263,104,960,692,203
NORESTE-FRONTERA,2025-09-03,233,130,1142,801,273
NORESTE-FRONTERA,2025-09-04,275,134,1125,773,275
NORESTE-FRONTERA,2025-09-05,266,139,1088,823,240
NORESTE-FRONTERA,2025-09-06,262,122,963,819,237
NORESTE-FRONTERA,2025-09-07,222,84,845,748,228
NORESTE-FRONTERA,2025-09-08,192,75,795,525,164
NORESTE-FRONTERA,2025-09-09,188,94,1268,725,219
NORESTE-FRONTERA,2025-09-10,219,115,1259,886,237
NORESTE-FRONTERA,2025-09-11,217,100,1198,878,253
NORESTE-FRONTERA,2025-09-12,234,113,1247,891,278
NORESTE-FRONTERA,2025-09-13,246,98,1116,942,243
NORESTE-FRONTERA,2025-09-14,246,90,1010,796,204
NORESTE-FRONTERA,2025-09-15,204,73,785,643,160
NORESTE-FRONTERA,2025-09-16,190,77,983,739,186
NORESTE-FRONTERA,2025-09-17,190,80,925,690,170
NORESTE-FRONTERA,2025-09-18,187,84,1054,686,227
NORESTE-FRONTERA,2025-09-19,206,88,1074,688,271
NORESTE-FRONTERA,2025-09-20,203,90,1028,717,234
NORESTE-FRONTERA,2025-09-21,198,96,910,581,230
NORESTE-FRONTERA,2025-09-22,153,70,712,374,147
NORESTE-FRONTERA,2025-09-23,180,91,784,510,230
NORESTE-FRONTERA,2025-09-24,164,91,781,555,230
NORESTE-FRONTERA,2025-09-25,161,104,709,550,201
NORESTE-FRONTERA,2025-09-26,175,104,741,605,195
NORESTE-FRONTERA,2025-09-27,212,93,863,677,208
NORESTE-FRONTERA,2025-09-28,215,90,753,495,179
NORESTE-FRONTERA,2025-09-29,178,74,660,330,129
NORESTE-FRONTERA,2025-09-30,182,103,785,477,179
NORESTE-FRONTERA,2025-10-01,204,97,786,438,204
NORESTE-FRONTERA,2025-10-02,211,122,828,489,203
NORESTE-FRONTERA,2025-10-03,214,124,781,520,191
NORESTE-FRONTERA,2025-10-04,215,102,738,577,202
NORESTE-FRONTERA,2025-10-05,189,89,636,418,188
NORESTE-FRONTERA,2025-10-06,164,60,535,339,134
NORESTE-FRONTERA,2025-10-07,195,95,675,481,235
NORESTE-FRONTERA,2025-10-08,182,103,744,559,212
NORESTE-FRONTERA,2025-10-09,181,103,887,579,232
NORESTE-FRONTERA,2025-10-10,180,110,837,648,238
NORESTE-FRONTERA,2025-10-11,198,128,967,710,229
NORESTE-FRONTERA,2025-10-12,174,131,942,547,197
NORESTE-FRONTERA,2025-10-13,157,103,725,451,142
NORESTE-FRONTERA,2025-10-14,194,111,826,528,244
NORESTE-FRONTERA,2025-10-15,184,121,850,621,243
NORESTE-FRONTERA,2025-10-16,186,125,945,700,237
NORESTE-FRONTERA,2025-10-17,186,114,771,779,236
NORESTE-FRONTERA,2025-10-18,181,115,793,766,249
NORESTE-FRONTERA,2025-10-19,195,100,733,610,236
NORESTE-FRONTERA,2025-10-20,170,82,613,451,176
NORESTE-FRONTERA,2025-10-21,172,86,734,572,214
NORESTE-FRONTERA,2025-10-22,180,95,830,607,247
NORESTE-FRONTERA,2025-10-23,156,83,832,648,236
NORESTE-FRONTERA,2025-10-24,185,97,903,701,214
NORESTE-FRONTERA,2025-10-25,183,85,828,696,219
NORESTE-FRONTERA,2025-10-26,165,85,715,568,189
NORESTE-FRONTERA,2025-10-27,139,64,625,419,135
NORESTE-FRONTERA,2025-10-28,187,96,723,524,217
NORESTE-FRONTERA,2025-10-29,215,85,792,567,243
NORESTE-FRONTERA,2025-10-30,219,107,958,638,175
NORESTE-FRONTERA,2025-10-31,223,121,857,661,179
NORESTE-FRONTERA,2025-11-01,212,105,826,517,183
NORESTE-FRONTERA,2025-11-02,222,116,749,496,171
NORESTE-FRONTERA,2025-11-03,177,81,592,365,119
NORESTE-FRONTERA,2025-11-04,182,116,659,467,178
NORESTE-FRONTERA,2025-11-05,193,108,685,528,201
NORESTE-FRONTERA,2025-11-06,193,133,681,626,201
NORESTE-FRONTERA,2025-11-07,192,125,714,713,200
NORESTE-FRONTERA,2025-11-08,198,127,832,786,198
NORESTE-FRONTERA,2025-11-09,175,117,631,621,158
NORESTE-FRONTERA,2025-11-10,129,82,607,453,116
NORESTE-FRONTERA,2025-11-11,166,117,731,629,194
NORESTE-FRONTERA,2025-11-12,165,140,762,691,207
NORESTE-FRONTERA,2025-11-13,181,138,779,749,201
NORESTE-FRONTERA,2025-11-14,176,124,716,793,221
NORESTE-FRONTERA,2025-11-15,209,148,796,917,218
NORESTE-FRONTERA,2025-11-16,192,123,740,748,196
NORESTE-FRONTERA,2025-11-17,146,94,562,564,141
NORESTE-FRONTERA,2025-11-18,184,110,752,727,179
NORESTE-FRONTERA,2025-11-19,195,139,824,738,213
NORESTE-FRONTERA,2025-11-20,190,135,812,728,233
NORESTE-FRONTERA,2025-11-21,186,114,776,824,246
NORESTE-FRONTERA,2025-11-22,210,119,850,806,323
NORESTE-FRONTERA,2025-11-23,184,108,707,651,245
NORESTE-FRONTERA,2025-11-24,165,76,564,477,180
NORESTE-FRONTERA,2025-11-25,170,118,693,614,201
NORESTE-FRONTERA,2025-11-26,196,125,724,717,220
NORESTE-FRONTERA,2025-11-27,206,144,954,746,228
NORESTE-FRONTERA,2025-11-28,217,113,891,822,234
NORESTE-FRONTERA,2025-11-29,256,130,905,856,211
NORESTE-FRONTERA,2025-11-30,249,132,889,668,171
NORESTE-FRONTERA,2025-12-01,184,103,706,501,134
NORESTE-FRONTERA,2025-12-02,205,172,976,667,206
NORESTE-FRONTERA,2025-12-03,203,198,879,635,252
NORESTE-FRONTERA,2025-12-04,209,174,822,655,203
NORESTE-FRONTERA,2025-12-05,193,138,712,668,215
NORESTE-FRONTERA,2025-12-06,201,126,749,736,190
NORESTE-FRONTERA,2025-12-07,185,113,784,676,156
NORESTE-FRONTERA,2025-12-08,172,85,672,521,112
NORESTE-FRONTERA,2025-12-09,174,127,815,628,195
NORESTE-FRONTERA,2025-12-10,156,189,729,698,218
NORESTE-FRONTERA,2025-12-11,170,152,738,731,231
NORESTE-FRONTERA,2025-12-12,153,135,856,769,203
NORESTE-FRONTERA,2025-12-13,196,122,791,751,183
NORESTE-FRONTERA,2025-12-14,191,114,741,647,140
NORESTE-FRONTERA,2025-12-15,167,103,641,527,101
NORESTE-FRONTERA,2025-12-16,183,137,795,725,202
NORESTE-FRONTERA,2025-12-17,187,145,850,739,224
NORESTE-FRONTERA,2025-12-18,197,150,844,725,222
NORESTE-FRONTERA,2025-12-19,195,147,867,722,213
NORESTE-FRONTERA,2025-12-20,226,148,833,770,191
NORESTE-FRONTERA,2025-12-21,208,127,765,642,214
NORESTE-FRONTERA,2025-12-22,198,108,603,497,129
NORESTE-FRONTERA,2025-12-23,214,129,721,599,221
NORESTE-FRONTERA,2025-12-24,189,109,686,546,199
NORESTE-FRONTERA,2025-12-25,125,56,498,361,134
NORESTE-FRONTERA,2025-12-26,134,55,554,374,108
NORESTE-FRONTERA,2025-12-27,171,98,645,657,134
NORESTE-FRONTERA,2025-12-28,150,85,596,539,128
NORESTE-FRONTERA,2025-12-29,134,70,509,398,93
NORESTE-FRONTERA,2025-12-30,155,115,851,543,174
NORESTE-FRONTERA,2025-12-31,132,114,768,577,157
NORESTE-FRONTERA,2026-01-01,120,68,561,365,119
NORESTE-FRONTERA,2026-01-02,151,73,609,422,110
NORESTE-FRONTERA,2026-01-03,180,109,749,724,176
NORESTE-FRONTERA,2026-01-04,173,89,697,748,170
NORESTE-FRONTERA,2026-01-05,154,80,581,554,123
NORESTE-FRONTERA,2026-01-06,180,134,826,755,228
NORESTE-FRONTERA,2026-01-07,189,130,809,808,234
NORESTE-FRONTERA,2026-01-08,194,164,850,861,219
NORESTE-FRONTERA,2026-01-09,228,157,865,945,221
NORESTE-FRONTERA,2026-01-10,236,142,918,1015,260
NORESTE-FRONTERA,2026-01-11,230,143,877,840,182
NORESTE-FRONTERA,2026-01-12,202,132,749,670,132
NORESTE-FRONTERA,2026-01-13,204,171,829,848,192
NORESTE-FRONTERA,2026-01-14,209,179,846,868,222
NORESTE-FRONTERA,2026-01-15,221,183,821,930,230
NORESTE-FRONTERA,2026-01-16,222,157,831,1003,251
NORESTE-FRONTERA,2026-01-17,249,164,919,1088,261
NORESTE-FRONTERA,2026-01-18,244,153,783,941,217
NORESTE-FRONTERA,2026-01-19,183,129,635,645,165
NORESTE-FRONTERA,2026-01-20,214,137,758,828,209
NORESTE-FRONTERA,2026-01-21,206,143,689,813,220
NORESTE-FRONTERA,2026-01-22,206,140,789,795,218
NORESTE-FRONTERA,2026-01-23,238,161,828,809,218
NORESTE-FRONTERA,2026-01-24,236,142,781,966,239
NORESTE-FRONTERA,2026-01-25,203,102,816,773,238
NORESTE-FRONTERA,2026-01-26,157,85,732,587,163
NORESTE-FRONTERA,2026-01-27,201,130,746,704,188
NORESTE-FRONTERA,2026-01-28,195,147,691,706,229
NORESTE-FRONTERA,2026-01-29,221,139,708,775,223
NORESTE-FRONTERA,2026-01-30,271,130,761,835,205
NORESTE-FRONTERA,2026-01-31,306,153,809,883,211
NORESTE-FRONTERA,2026-02-01,295,173,770,728,188
NORESTE-FRONTERA,2026-02-02,229,108,557,558,136
NORESTE-FRONTERA,2026-02-03,232,112,633,597,163
NORESTE-FRONTERA,2026-02-04,242,125,688,663,230
NORESTE-FRONTERA,2026-02-05,215,111,738,669,247
NORESTE-FRONTERA,2026-02-06,206,124,632,747,210
NORESTE-FRONTERA,2026-02-07,195,130,678,804,192
NORESTE-FRONTERA,2026-02-08,185,114,593,677,165
NORESTE-FRONTERA,2026-02-09,149,77,505,441,130
NORESTE-FRONTERA,2026-02-10,171,93,602,607,170
NORESTE-FRONTERA,2026-02-11,203,114,699,662,198
NORESTE-FRONTERA,2026-02-12,204,120,771,755,190
NORESTE-FRONTERA,2026-02-13,210,114,832,860,185
NORESTE-FRONTERA,2026-02-14,207,108,822,953,195
NORESTE-FRONTERA,2026-02-15,184,122,830,771,152
NORESTE-FRONTERA,2026-02-16,145,109,678,574,112
NORESTE-FRONTERA,2026-02-17,175,121,786,800,152
NORESTE-FRONTERA,2026-02-18,160,122,781,758,200
NORESTE-FRONTERA,2026-02-19,158,97,725,775,194
NORESTE-FRONTERA,2026-02-20,182,105,837,875,193
NORESTE-FRONTERA,2026-02-21,199,91,838,884,207
NORESTE-FRONTERA,2026-02-22,184,93,716,701,192
NORESTE-FRONTERA,2026-02-23,151,82,627,536,116
NORESTE-FRONTERA,2026-02-24,161,103,774,653,198
NORESTE-FRONTERA,2026-02-25,168,94,691,665,203
NORESTE-FRONTERA,2026-02-26,196,92,719,739,205
NORESTE-FRONTERA,2026-02-27,236,109,829,858,223
NORESTE-FRONTERA,2026-02-28,297,104,758,947,222
NORESTE-FRONTERA,2026-03-01,278,111,793,651,197
NORESTE-FRONTERA,2026-03-02,234,81,627,494,141
NORESTE-FRONTERA,2026-03-03,229,114,769,630,187
NORESTE-FRONTERA,2026-03-04,199,105,835,670,232
NORESTE-FRONTERA,2026-03-05,169,109,807,707,223
NORESTE-FRONTERA,2026-03-06,216,131,891,793,197
NORESTE-FRONTERA,2026-03-07,228,146,904,864,220
NORESTE-FRONTERA,2026-03-08,219,128,762,708,208
NORESTE-FRONTERA,2026-03-09,168,81,606,490,142
NORESTE-FRONTERA,2026-03-10,179,140,849,707,208
NORESTE-FRONTERA,2026-03-11,202,135,916,739,238
NORESTE-FRONTERA,2026-03-12,222,129,1001,774,232
NORESTE-FRONTERA,2026-03-13,212,130,992,902,207
NORESTE-FRONTERA,2026-03-14,227,129,912,997,215
NORESTE-FRONTERA,2026-03-15,210,131,889,772,187
NORESTE-FRONTERA,2026-03-16,178,129,692,554,140
NORESTE-FRONTERA,2026-03-17,184,148,955,644,166
NORESTE-FRONTERA,2026-03-18,225,141,1106,774,203
NORESTE-FRONTERA,2026-03-19,208,179,946,868,233
NORESTE-FRONTERA,2026-03-20,204,142,913,862,228
NORESTE-FRONTERA,2026-03-21,220,133,869,912,257
NORESTE-FRONTERA,2026-03-22,185,119,746,750,201
NORESTE-FRONTERA,2026-03-23,145,85,546,482,133
NORESTE-FRONTERA,2026-03-24,181,117,753,660,195
NORESTE-FRONTERA,2026-03-25,180,124,719,597,187
NORESTE-FRONTERA,2026-03-26,175,89,718,656,179
NORESTE-FRONTERA,2026-03-27,200,101,715,803,194
NORESTE-FRONTERA,2026-03-28,212,116,832,907,192
NORESTE-FRONTERA,2026-03-29,213,103,753,812,194
NORESTE-FRONTERA,2026-03-30,181,82,682,561,127
NORESTE-FRONTERA,2026-03-31,220,116,820,735,202
NORESTE-FRONTERA,2026-04-01,236,128,756,647,252
NORESTE-FRONTERA,2026-04-02,250,148,795,828,235
NORESTE-FRONTERA,2026-04-03,222,113,802,754,211
NORESTE-FRONTERA,2026-04-04,163,99,687,685,198
NORESTE-FRONTERA,2026-04-05,176,105,762,689,188
NORESTE-FRONTERA,2026-04-06,158,95,977,602,149
NORESTE-FRONTERA,2026-04-07,207,149,1216,960,241
NORESTE-FRONTERA,2026-04-08,231,203,1071,1151,255
NORESTE-FRONTERA,2026-04-09,250,203,1071,1070,266
NORESTE-FRONTERA,2026-04-10,266,197,1025,1036,282
NORESTE-FRONTERA,2026-04-11,254,196,1099,1114,285
NORESTE-FRONTERA,2026-04-12,251,189,1039,1052,206
NORESTE-FRONTERA,2026-04-13,223,158,1003,778,194
NORESTE-FRONTERA,2026-04-14,244,215,1240,961,262
NORESTE-FRONTERA,2026-04-15,263,259,1248,1019,378
NORESTE-FRONTERA,2026-04-16,266,266,1139,1110,340
NORESTE-FRONTERA,2026-04-17,277,242,1110,1057,325
NORESTE-FRONTERA,2026-04-18,282,283,1243,1118,329
NORESTE-FRONTERA,2026-04-19,273,229,1147,905,320
NORESTE-FRONTERA,2026-04-20,243,222,939,612,250
NORESTE-FRONTERA,2026-04-21,228,237,1169,755,337
NORESTE-FRONTERA,2026-04-22,210,203,1179,801,344
NORESTE-FRONTERA,2026-04-23,211,172,1170,780,338
NORESTE-FRONTERA,2026-04-24,234,159,1075,849,323
NORESTE-FRONTERA,2026-04-25,220,172,1109,866,294
NORESTE-FRONTERA,2026-04-26,208,168,1050,697,242
NORESTE-FRONTERA,2026-04-27,165,108,891,466,192
NORESTE-FRONTERA,2026-04-28,199,130,980,609,244
NORESTE-FRONTERA,2026-04-29,237,131,1031,724,271
NORESTE-FRONTERA,2026-04-30,243,133,925,720,267
NORESTE-FRONTERA,2026-05-01,254,113,901,700,238
NORESTE-FRONTERA,2026-05-02,273,136,1031,841,222
NORESTE-FRONTERA,2026-05-03,285,148,1007,731,204
NORESTE-FRONTERA,2026-05-04,240,115,779,488,167
NORESTE-FRONTERA,2026-05-05,237,134,895,723,246
NORESTE-FRONTERA,2026-05-06,255,168,922,852,275
NORESTE-FRONTERA,2026-05-07,226,150,1027,839,268
NORESTE-FRONTERA,2026-05-08,222,146,984,812,244
NORESTE-FRONTERA,2026-05-09,244,165,1080,969,254
NORESTE-FRONTERA,2026-05-10,205,160,1016,803,233
NORESTE-FRONTERA,2026-05-11,172,116,793,526,186
NORESTE-FRONTERA,2026-05-12,196,175,1018,787,219
NORESTE-FRONTERA,2026-05-13,216,160,991,862,241
NORESTE-FRONTERA,2026-05-14,206,167,1025,928,263
NORESTE-FRONTERA,2026-05-15,246,183,992,1062,265
NORESTE-FRONTERA,2026-05-16,280,176,1104,1121,301
NORESTE-FRONTERA,2026-05-17,270,169,1082,925,309
NORESTE-FRONTERA,2026-05-18,242,128,1051,617,229
NORESTE-FRONTERA,2026-05-19,230,142,1063,792,304
NORESTE-FRONTERA,2026-05-20,233,150,1085,846,323
NORESTE-FRONTERA,2026-05-21,212,178,1279,958,314
NORESTE-FRONTERA,2026-05-22,205,159,1270,1015,290
NORESTE-FRONTERA,2026-05-23,243,152,1450,1085,306
NORESTE-FRONTERA,2026-05-24,239,162,1276,912,251
NORESTE-FRONTERA,2026-05-25,219,146,904,624,200
NORESTE-FRONTERA,2026-05-26,195,136,1089,860,238
NORESTE-FRONTERA,2026-05-27,211,126,1024,865,292
NORESTE-FRONTERA,2026-05-28,253,136,1056,868,310
NORESTE-FRONTERA,2026-05-29,274,141,1041,948,280
NORESTE-FRONTERA,2026-05-30,323,165,1046,1034,292
NORESTE-FRONTERA,2026-05-31,313,163,1009,823,275
NORESTE-FRONTERA,2026-06-01,250,127,912,544,230
NORESTE-FRONTERA,2026-06-02,271,182,1025,763,293
NORESTE-FRONTERA,2026-06-03,263,182,1084,894,333
NORESTE-FRONTERA,2026-06-04,271,198,1234,1011,332
NORESTE-FRONTERA,2026-06-05,276,214,1197,1084,362
NORESTE-FRONTERA,2026-06-06,285,223,1310,1171,355
NORESTE-FRONTERA,2026-06-07,245,189,1142,944,311
NORESTE-FRONTERA,2026-06-08,211,158,1014,641,229
NORESTE-FRONTERA,2026-06-09,254,191,1201,881,293
NORESTE-FRONTERA,2026-06-10,229,186,1259,867,283
NORESTE-FRONTERA,2026-06-11,229,220,1227,971,281
NORESTE-FRONTERA,2026-06-12,238,239,1279,896,278
NORESTE-FRONTERA,2026-06-13,265,236,1190,990,344
NORESTE-FRONTERA,2026-06-14,260,216,1078,851,319
NORESTE-FRONTERA,2026-06-15,213,187,1057,606,228
NORESTE-FRONTERA,2026-06-16,244,244,1387,870,287
NORESTE-FRONTERA,2026-06-17,281,280,1775,878,309
NORESTE-FRONTERA,2026-06-18,267,304,1760,1013,310
NORESTE-FRONTERA,2026-06-19,260,298,2114,1079,335
NORESTE-FRONTERA,2026-06-20,284,313,2419,1154,377
NORESTE-FRONTERA,2026-06-21,314,358,2113,1332,382
NORESTE-FRONTERA,2026-06-22,345,355,1824,1214,337
NORESTE-FRONTERA,2026-06-23,370,376,2266,1598,390
NORESTE-FRONTERA,2026-06-24,424,438,2216,1878,451
NORESTE-FRONTERA,2026-06-25,433,441,1809,1815,472
NORESTE-FRONTERA,2026-06-26,447,465,1600,1912,510
NORESTE-FRONTERA,2026-06-27,450,481,1352,1977,581
NORESTE-FRONTERA,2026-06-28,439,427,1105,1815,585
NORESTE-FRONTERA,2026-06-29,449,416,934,1520,534
NORESTE-FRONTERA,2026-06-30,456,419,1237,1812,562
NORESTE-FRONTERA,2026-07-01,447,442,1548,1620,542
NORESTE-FRONTERA,2026-07-02,455,455,1632,1629,544
NORESTE-FRONTERA,2026-07-03,479,431,1520,1652,557
NORESTE-FRONTERA,2026-07-04,501,423,1406,1673,523
NORESTE-FRONTERA,2026-07-05,485,378,1255,1440,518
NORESTE-FRONTERA,2026-07-06,432,336,994,1082,452
NORESTE-FRONTERA,2026-07-07,403,335,1240,1177,461
NORESTE-FRONTERA,2026-07-08,351,275,1351,1212,460
NORESTE-FRONTERA,2026-07-09,335,262,1394,1184,441
NORESTE-FRONTERA,2026-07-10,365,245,1390,1201,403
NORESTE-FRONTERA,2026-07-11,393,233,1371,1261,407
NORESTE-FRONTERA,2026-07-12,325,182,1242,1031,373
NORESTE-FRONTERA,2026-07-13,290,176,971,792,284
NORESTE-FRONTERA,2026-07-14,281,211,1191,991,327
NORESTE-FRONTERA,2026-07-15,297,240,1289,1029,376
NORESTE-FRONTERA,2026-07-16,285,223,1233,1114,348
NORESTE-FRONTERA,2026-07-17,297,243,1295,1285,353
NORESTE-FRONTERA,2026-07-18,320,257,1254,1239,345
NORESTE-FRONTERA,2026-07-19,309,216,1128,1105,341
NORESTE-FRONTERA,2026-07-20,291,194,881,699,289
NORESTE-FRONTERA,2026-07-21,286,171,1049,867,330
NORESTE-FRONTERA,2026-07-22,258,182,1160,874,332
NORESTE-FRONTERA,2026-07-23,237,146,1058,881,282
NORESTE-FRONTERA,2026-07-24,259,147,1102,854,249
NORESTE-FRONTERA,2026-07-25,270,140,1142,952,263
NORESTE-FRONTERA,2026-07-26,265,115,1001,773,223
NORESTE-FRONTERA,2026-07-27,226,94,725,608,144
NORESTE-FRONTERA,2026-07-28,252,147,879,777,242
NORESTE-FRONTERA,2026-07-29,247,152,917,815,262
NORESTE-FRONTERA,2026-07-30,275,142,938,839,255
NORESTE-FRONTERA,2026-07-31,282,142,1030,906,231
NORESTE-FRONTERA,2026-08-01,284,148,1008,805,238
NORESTE-FRONTERA,2026-08-02,264,142,953,696,213
NORESTE-FRONTERA,2026-08-03,209,108,1009,563,157
NORESTE-FRONTERA,2026-08-04,263,176,1447,856,230
NORESTE-FRONTERA,2026-08-05,314,208,1582,896,270
NORESTE-FRONTERA,2026-08-06,309,242,1658,1017,306
NORESTE-FRONTERA,2026-08-07,332,282,1612,1142,333
NORESTE-FRONTERA,2026-08-08,365,268,1437,1246,376
NORESTE-FRONTERA,2026-08-09,355,247,1422,1132,328
NORESTE-FRONTERA,2026-08-10,327,215,1210,941,270
NORESTE-FRONTERA,2026-08-11,369,236,1353,998,327
NORESTE-FRONTERA,2026-08-12,362,171,1344,1199,341
NORESTE-FRONTERA,2026-08-13,338,208,1249,1244,354
NORESTE-FRONTERA,2026-08-14,337,200,1287,1263,346
NORESTE-FRONTERA,2026-08-15,315,205,1187,1385,350
NORESTE-FRONTERA,2026-08-16,301,198,1115,1212,313
NORESTE-FRONTERA,2026-08-17,259,174,999,905,194
NORESTE-FRONTERA,2026-08-18,324,229,1211,1144,275
NORESTE-FRONTERA,2026-08-19,309,241,1209,1143,291
NORESTE-FRONTERA,2026-08-20,263,226,1196,1141,267
NORESTE-FRONTERA,2026-08-21,239,199,1055,1191,290
NORESTE-FRONTERA,2026-08-22,295,200,1112,1231,284
NORESTE-FRONTERA,2026-08-23,271,154,978,964,250
NORESTE-FRONTERA,2026-08-24,226,112,812,673,179
NORTE,2025-08-25,176,86,326,175,155
NORTE,2025-08-26,160,77,446,196,162
NORTE,2025-08-27,147,76,623,189,146
NORTE,2025-08-28,147,82,674,215,155
NORTE,2025-08-29,175,79,729,245,152
NORTE,2025-08-30,189,82,794,244,156
NORTE,2025-08-31,231,98,780,199,170
NORTE,2025-09-01,219,93,582,130,148
NORTE,2025-09-02,208,94,708,198,160
NORTE,2025-09-03,181,108,678,232,179
NORTE,2025-09-04,160,102,611,214,221
NORTE,2025-09-05,151,72,534,239,227
NORTE,2025-09-06,136,65,529,211,223
NORTE,2025-09-07,122,66,477,188,198
NORTE,2025-09-08,115,64,427,140,159
NORTE,2025-09-09,123,63,485,205,169
NORTE,2025-09-10,95,51,419,155,146
NORTE,2025-09-11,114,37,409,180,159
NORTE,2025-09-12,117,36,384,174,158
NORTE,2025-09-13,129,35,405,187,128
NORTE,2025-09-14,127,35,373,168,111
NORTE,2025-09-15,90,25,352,120,87
NORTE,2025-09-16,87,37,451,207,98
NORTE,2025-09-17,91,54,534,221,115
NORTE,2025-09-18,91,58,508,197,120
NORTE,2025-09-19,98,44,545,176,135
NORTE,2025-09-20,104,52,632,213,155
NORTE,2025-09-21,110,67,665,168,166
NORTE,2025-09-22,120,56,455,133,135
NORTE,2025-09-23,137,89,473,167,185
NORTE,2025-09-24,115,87,437,166,205
NORTE,2025-09-25,123,64,451,193,166
NORTE,2025-09-26,107,51,451,185,137
NORTE,2025-09-27,118,57,447,242,122
NORTE,2025-09-28,148,56,452,153,147
NORTE,2025-09-29,122,34,378,167,86
NORTE,2025-09-30,141,46,480,150,106
NORTE,2025-10-01,139,59,508,153,131
NORTE,2025-10-02,139,59,475,146,146
NORTE,2025-10-03,121,62,393,178,169
NORTE,2025-10-04,118,55,418,172,149
NORTE,2025-10-05,111,60,385,117,141
NORTE,2025-10-06,101,44,295,90,84
NORTE,2025-10-07,83,41,386,157,127
NORTE,2025-10-08,88,34,350,174,150
NORTE,2025-10-09,99,34,400,189,126
NORTE,2025-10-10,104,44,458,223,116
NORTE,2025-10-11,120,54,494,242,107
NORTE,2025-10-12,130,38,501,206,105
NORTE,2025-10-13,108,27,617,150,85
NORTE,2025-10-14,124,52,674,161,142
NORTE,2025-10-15,150,83,751,180,167
NORTE,2025-10-16,147,109,874,205,192
NORTE,2025-10-17,169,110,761,224,217
NORTE,2025-10-18,188,115,682,240,211
NORTE,2025-10-19,192,120,642,165,202
NORTE,2025-10-20,180,101,420,144,185
NORTE,2025-10-21,153,91,460,178,159
NORTE,2025-10-22,122,71,453,182,197
NORTE,2025-10-23,130,49,414,207,150
NORTE,2025-10-24,114,51,370,221,151
NORTE,2025-10-25,108,33,400,199,126
NORTE,2025-10-26,94,36,334,150,86
NORTE,2025-10-27,80,27,276,139,65
NORTE,2025-10-28,82,28,321,141,84
NORTE,2025-10-29,80,40,325,165,101
NORTE,2025-10-30,86,38,402,172,94
NORTE,2025-10-31,115,47,383,213,115
NORTE,2025-11-01,147,52,371,158,112
NORTE,2025-11-02,150,42,391,146,106
NORTE,2025-11-03,124,34,304,124,86
NORTE,2025-11-04,111,47,348,163,87
NORTE,2025-11-05,109,53,368,163,96
NORTE,2025-11-06,88,58,319,168,101
NORTE,2025-11-07,110,52,310,184,108
NORTE,2025-11-08,129,44,275,208,123
NORTE,2025-11-09,137,40,275,159,120
NORTE,2025-11-10,88,34,268,155,84
NORTE,2025-11-11,93,51,343,173,133
NORTE,2025-11-12,87,54,362,189,125
NORTE,2025-11-13,111,56,352,213,147
NORTE,2025-11-14,91,59,366,222,158
NORTE,2025-11-15,96,56,342,264,130
NORTE,2025-11-16,122,56,391,206,108
NORTE,2025-11-17,113,57,321,168,87
NORTE,2025-11-18,142,76,474,238,132
NORTE,2025-11-19,149,79,445,218,162
NORTE,2025-11-20,159,88,408,207,183
NORTE,2025-11-21,120,75,409,198,184
NORTE,2025-11-22,136,84,461,237,213
NORTE,2025-11-23,142,82,409,216,193
NORTE,2025-11-24,127,78,345,146,132
NORTE,2025-11-25,119,80,372,196,121
NORTE,2025-11-26,115,50,424,220,130
NORTE,2025-11-27,116,58,374,214,162
NORTE,2025-11-28,115,59,346,228,138
NORTE,2025-11-29,112,35,356,215,125
NORTE,2025-11-30,125,59,376,196,115
NORTE,2025-12-01,99,45,273,142,90
NORTE,2025-12-02,92,54,372,219,129
NORTE,2025-12-03,96,38,356,186,124
NORTE,2025-12-04,93,69,374,212,108
NORTE,2025-12-05,113,74,362,237,125
NORTE,2025-12-06,125,73,373,272,123
NORTE,2025-12-07,123,80,342,224,118
NORTE,2025-12-08,96,48,247,183,70
NORTE,2025-12-09,99,54,321,188,109
NORTE,2025-12-10,86,65,303,208,141
NORTE,2025-12-11,94,51,304,208,126
NORTE,2025-12-12,100,42,315,247,115
NORTE,2025-12-13,106,45,316,268,83
NORTE,2025-12-14,101,42,310,237,95
NORTE,2025-12-15,74,37,273,189,81
NORTE,2025-12-16,88,60,311,271,128
NORTE,2025-12-17,114,76,364,293,148
NORTE,2025-12-18,111,71,361,338,129
NORTE,2025-12-19,110,65,322,298,135
NORTE,2025-12-20,130,64,315,289,147
NORTE,2025-12-21,133,62,295,245,148
NORTE,2025-12-22,133,48,233,157,103
NORTE,2025-12-23,112,53,302,243,136
NORTE,2025-12-24,85,49,294,182,138
NORTE,2025-12-25,93,38,311,160,125
NORTE,2025-12-26,107,39,372,164,111
NORTE,2025-12-27,124,67,449,261,130
NORTE,2025-12-28,124,58,448,222,100
NORTE,2025-12-29,97,48,344,195,65
NORTE,2025-12-30,117,73,416,205,104
NORTE,2025-12-31,130,80,389,219,125
NORTE,2026-01-01,123,73,333,182,130
NORTE,2026-01-02,140,84,479,215,122
NORTE,2026-01-03,160,93,598,256,141
NORTE,2026-01-04,154,84,587,252,129
NORTE,2026-01-05,143,77,448,207,101
NORTE,2026-01-06,152,90,505,240,144
NORTE,2026-01-07,150,96,411,243,145
NORTE,2026-01-08,138,86,471,296,135
NORTE,2026-01-09,151,89,463,272,152
NORTE,2026-01-10,174,89,474,309,160
NORTE,2026-01-11,178,98,496,254,131
NORTE,2026-01-12,148,91,405,195,115
NORTE,2026-01-13,140,96,496,291,139
NORTE,2026-01-14,161,129,467,314,160
NORTE,2026-01-15,162,104,425,343,147
NORTE,2026-01-16,148,94,413,349,158
NORTE,2026-01-17,174,111,424,351,194
NORTE,2026-01-18,181,126,405,286,183
NORTE,2026-01-19,176,126,315,188,160
NORTE,2026-01-20,160,115,389,243,165
NORTE,2026-01-21,137,94,367,266,154
NORTE,2026-01-22,118,95,356,306,157
NORTE,2026-01-23,117,89,374,298,151
NORTE,2026-01-24,123,90,480,347,169
NORTE,2026-01-25,159,91,507,246,169
NORTE,2026-01-26,147,105,637,206,164
NORTE,2026-01-27,153,106,652,280,189
NORTE,2026-01-28,152,93,622,295,186
NORTE,2026-01-29,160,80,586,302,174
NORTE,2026-01-30,160,91,623,339,165
NORTE,2026-01-31,179,114,579,338,179
NORTE,2026-02-01,229,116,566,238,172
NORTE,2026-02-02,195,107,454,217,166
NORTE,2026-02-03,220,124,571,260,181
NORTE,2026-02-04,191,120,463,277,223
NORTE,2026-02-05,174,108,415,281,213
NORTE,2026-02-06,147,92,308,257,188
NORTE,2026-02-07,140,73,334,298,188
NORTE,2026-02-08,139,72,339,221,166
NORTE,2026-02-09,129,67,292,170,132
NORTE,2026-02-10,141,56,335,261,132
NORTE,2026-02-11,145,62,396,273,173
NORTE,2026-02-12,149,57,391,309,173
NORTE,2026-02-13,137,53,385,338,171
NORTE,2026-02-14,145,59,386,310,155
NORTE,2026-02-15,152,71,359,227,160
NORTE,2026-02-16,130,61,341,184,135
NORTE,2026-02-17,128,94,395,276,178
NORTE,2026-02-18,147,103,489,278,195
NORTE,2026-02-19,135,97,597,316,191
NORTE,2026-02-20,137,102,585,366,210
NORTE,2026-02-21,163,100,579,361,194
NORTE,2026-02-22,167,115,565,296,212
NORTE,2026-02-23,139,95,447,205,175
NORTE,2026-02-24,169,101,450,292,216
NORTE,2026-02-25,159,81,391,259,227
NORTE,2026-02-26,159,73,392,306,206
NORTE,2026-02-27,185,79,399,320,161
NORTE,2026-02-28,207,80,444,298,172
NORTE,2026-03-01,244,90,554,207,170
NORTE,2026-03-02,233,86,426,165,159
NORTE,2026-03-03,221,107,508,209,182
NORTE,2026-03-04,191,81,415,210,183
NORTE,2026-03-05,158,75,422,234,180
NORTE,2026-03-06,152,81,390,215,175
NORTE,2026-03-07,169,71,421,241,175
NORTE,2026-03-08,154,65,380,192,179
NORTE,2026-03-09,118,62,325,162,150
NORTE,2026-03-10,132,70,381,230,179
NORTE,2026-03-11,127,94,405,232,183
NORTE,2026-03-12,110,75,416,277,188
NORTE,2026-03-13,127,65,415,277,156
NORTE,2026-03-14,138,80,423,308,175
NORTE,2026-03-15,130,81,419,275,171
NORTE,2026-03-16,129,64,331,185,126
NORTE,2026-03-17,134,90,316,215,137
NORTE,2026-03-18,117,89,440,248,171
NORTE,2026-03-19,115,80,445,285,175
NORTE,2026-03-20,113,74,489,277,170
NORTE,2026-03-21,126,76,503,303,168
NORTE,2026-03-22,137,82,497,251,157
NORTE,2026-03-23,127,62,348,171,112
NORTE,2026-03-24,111,60,369,224,137
NORTE,2026-03-25,116,68,404,255,156
NORTE,2026-03-26,116,65,399,268,169
NORTE,2026-03-27,119,46,342,247,142
NORTE,2026-03-28,151,46,393,289,144
NORTE,2026-03-29,159,40,369,206,145
NORTE,2026-03-30,129,44,342,174,110
NORTE,2026-03-31,141,65,368,249,160
NORTE,2026-04-01,139,65,403,217,157
NORTE,2026-04-02,140,72,429,259,161
NORTE,2026-04-03,151,66,352,238,160
NORTE,2026-04-04,114,42,298,182,126
NORTE,2026-04-05,106,52,273,168,101
NORTE,2026-04-06,94,53,251,170,72
NORTE,2026-04-07,93,68,359,200,122
NORTE,2026-04-08,91,71,371,237,139
NORTE,2026-04-09,92,51,394,291,136
NORTE,2026-04-10,105,50,426,301,159
NORTE,2026-04-11,130,68,467,280,174
NORTE,2026-04-12,119,68,447,199,152
NORTE,2026-04-13,95,56,370,159,102
NORTE,2026-04-14,121,81,508,203,143
NORTE,2026-04-15,142,100,464,275,204
NORTE,2026-04-16,158,92,480,284,228
NORTE,2026-04-17,141,81,472,253,227
NORTE,2026-04-18,151,74,456,301,255
NORTE,2026-04-19,140,75,438,208,208
NORTE,2026-04-20,101,65,303,142,168
NORTE,2026-04-21,106,73,376,231,216
NORTE,2026-04-22,100,82,428,247,209
NORTE,2026-04-23,104,66,432,242,179
NORTE,2026-04-24,128,65,392,261,173
NORTE,2026-04-25,146,73,375,295,178
NORTE,2026-04-26,137,64,401,215,162
NORTE,2026-04-27,100,53,370,180,145
NORTE,2026-04-28,119,88,409,246,177
NORTE,2026-04-29,128,78,437,253,178
NORTE,2026-04-30,124,61,340,238,179
NORTE,2026-05-01,139,66,388,187,169
NORTE,2026-05-02,173,85,566,195,167
NORTE,2026-05-03,183,97,521,180,176
NORTE,2026-05-04,162,85,404,140,159
NORTE,2026-05-05,142,97,427,211,195
NORTE,2026-05-06,120,94,396,248,211
NORTE,2026-05-07,93,69,383,236,216
NORTE,2026-05-08,108,65,389,238,199
NORTE,2026-05-09,125,69,430,276,185
NORTE,2026-05-10,130,53,421,213,176
NORTE,2026-05-11,91,48,354,146,149
NORTE,2026-05-12,116,75,459,229,198
NORTE,2026-05-13,110,72,459,265,205
NORTE,2026-05-14,109,81,468,286,224
NORTE,2026-05-15,126,84,420,284,210
NORTE,2026-05-16,143,87,459,330,211
NORTE,2026-05-17,135,79,457,267,197
NORTE,2026-05-18,103,49,405,205,131
NORTE,2026-05-19,105,58,409,259,183
NORTE,2026-05-20,113,64,439,255,166
NORTE,2026-05-21,102,70,445,283,203
NORTE,2026-05-22,111,58,411,287,192
NORTE,2026-05-23,128,53,426,296,183
NORTE,2026-05-24,121,43,413,240,173
NORTE,2026-05-25,112,51,331,189,131
NORTE,2026-05-26,106,56,429,202,163
NORTE,2026-05-27,106,65,463,222,173
NORTE,2026-05-28,105,58,471,241,172
NORTE,2026-05-29,130,72,427,240,172
NORTE,2026-05-30,173,70,572,292,173
NORTE,2026-05-31,197,86,572,206,197
NORTE,2026-06-01,171,85,496,128,182
NORTE,2026-06-02,170,114,519,201,244
NORTE,2026-06-03,168,106,525,235,245
NORTE,2026-06-04,160,103,583,311,237
NORTE,2026-06-05,181,132,827,300,254
NORTE,2026-06-06,183,148,791,311,265
NORTE,2026-06-07,201,167,817,243,297
NORTE,2026-06-08,204,174,614,177,257
NORTE,2026-06-09,180,172,590,234,276
NORTE,2026-06-10,182,199,560,257,327
NORTE,2026-06-11,161,191,501,241,309
NORTE,2026-06-12,130,161,406,258,266
NORTE,2026-06-13,156,154,475,279,231
NORTE,2026-06-14,167,153,530,253,220
NORTE,2026-06-15,152,143,466,156,197
NORTE,2026-06-16,180,166,715,279,225
NORTE,2026-06-17,197,171,667,251,253
NORTE,2026-06-18,210,195,613,269,253
NORTE,2026-06-19,222,201,576,263,290
NORTE,2026-06-20,208,213,658,275,302
NORTE,2026-06-21,218,216,592,246,284
NORTE,2026-06-22,190,219,387,170,240
NORTE,2026-06-23,154,148,432,224,217
NORTE,2026-06-24,146,160,404,235,226
NORTE,2026-06-25,153,122,379,275,226
NORTE,2026-06-26,154,100,316,269,230
NORTE,2026-06-27,175,104,410,267,227
NORTE,2026-06-28,168,106,452,239,203
NORTE,2026-06-29,123,96,363,157,166
NORTE,2026-06-30,128,72,375,233,166
NORTE,2026-07-01,130,65,368,176,173
NORTE,2026-07-02,139,64,437,249,176
NORTE,2026-07-03,134,74,453,264,185
NORTE,2026-07-04,157,74,552,345,204
NORTE,2026-07-05,155,87,495,251,184
NORTE,2026-07-06,148,76,413,140,137
NORTE,2026-07-07,141,86,493,259,175
NORTE,2026-07-08,135,92,456,232,178
NORTE,2026-07-09,112,84,424,234,186
NORTE,2026-07-10,120,84,410,271,203
NORTE,2026-07-11,132,86,478,306,203
NORTE,2026-07-12,122,74,495,222,193
NORTE,2026-07-13,106,68,453,170,113
NORTE,2026-07-14,134,105,596,269,191
NORTE,2026-07-15,136,104,731,383,215
NORTE,2026-07-16,160,128,778,397,258
NORTE,2026-07-17,196,149,685,427,262
NORTE,2026-07-18,237,172,633,445,250
NORTE,2026-07-19,264,191,643,403,286
NORTE,2026-07-20,269,185,478,262,249
NORTE,2026-07-21,228,199,546,312,269
NORTE,2026-07-22,209,197,536,336,278
NORTE,2026-07-23,200,190,514,316,275
NORTE,2026-07-24,186,185,454,295,280
NORTE,2026-07-25,175,144,473,324,267
NORTE,2026-07-26,171,144,431,273,261
NORTE,2026-07-27,136,117,379,196,226
NORTE,2026-07-28,136,141,511,260,241
NORTE,2026-07-29,147,110,509,273,268
NORTE,2026-07-30,166,100,483,261,244
NORTE,2026-07-31,167,93,448,270,232
NORTE,2026-08-01,173,91,553,285,244
NORTE,2026-08-02,195,105,587,267,244
NORTE,2026-08-03,167,98,609,220,213
NORTE,2026-08-04,208,121,630,273,234
NORTE,2026-08-05,214,115,579,320,239
NORTE,2026-08-06,201,116,554,307,219
NORTE,2026-08-07,205,108,551,324,237
NORTE,2026-08-08,177,100,581,298,223
NORTE,2026-08-09,153,88,589,307,225
NORTE,2026-08-10,136,71,460,208,180
NORTE,2026-08-11,153,99,551,211,242
NORTE,2026-08-12,156,96,556,293,250
NORTE,2026-08-13,135,83,581,290,235
NORTE,2026-08-14,145,80,602,278,206
NORTE,2026-08-15,152,73,589,393,189
NORTE,2026-08-16,180,87,662,287,211
NORTE,2026-08-17,141,75,590,210,201
NORTE,2026-08-18,162,102,710,367,229
NORTE,2026-08-19,156,110,649,315,206
NORTE,2026-08-20,166,108,620,303,234
NORTE,2026-08-21,152,76,605,341,234
NORTE,2026-08-22,181,80,592,327,218
NORTE,2026-08-23,188,77,567,298,195
NORTE,2026-08-24,132,57,390,187,170
OCCIDENTE,2025-08-25,293,595,1523,279,913
OCCIDENTE,2025-08-26,329,624,1662,351,991
OCCIDENTE,2025-08-27,322,636,1621,384,960
OCCIDENTE,2025-08-28,307,632,1441,432,925
OCCIDENTE,2025-08-29,307,625,1444,410,865
OCCIDENTE,2025-08-30,346,610,1476,446,904
OCCIDENTE,2025-08-31,321,622,1482,333,897
OCCIDENTE,2025-09-01,306,606,1704,285,832
OCCIDENTE,2025-09-02,329,635,1875,360,860
OCCIDENTE,2025-09-03,324,636,1938,375,907
OCCIDENTE,2025-09-04,336,622,1765,416,939
OCCIDENTE,2025-09-05,311,613,1496,421,907
OCCIDENTE,2025-09-06,310,606,1380,414,904
OCCIDENTE,2025-09-07,267,610,1190,316,844
OCCIDENTE,2025-09-08,256,567,1284,288,791
OCCIDENTE,2025-09-09,235,551,1350,343,806
OCCIDENTE,2025-09-10,251,532,1315,375,807
OCCIDENTE,2025-09-11,236,527,1217,349,781
OCCIDENTE,2025-09-12,229,464,1177,414,784
OCCIDENTE,2025-09-13,256,425,1255,425,811
OCCIDENTE,2025-09-14,232,392,1132,265,765
OCCIDENTE,2025-09-15,210,362,1107,264,724
OCCIDENTE,2025-09-16,198,334,1091,344,756
OCCIDENTE,2025-09-17,200,300,1176,343,721
OCCIDENTE,2025-09-18,210,281,1307,359,786
OCCIDENTE,2025-09-19,239,298,1231,366,793
OCCIDENTE,2025-09-20,231,318,1193,366,808
OCCIDENTE,2025-09-21,215,362,1143,280,797
OCCIDENTE,2025-09-22,192,334,1101,234,787
OCCIDENTE,2025-09-23,206,332,1184,316,878
OCCIDENTE,2025-09-24,179,318,1053,348,902
OCCIDENTE,2025-09-25,205,291,998,381,878
OCCIDENTE,2025-09-26,228,261,998,382,872
OCCIDENTE,2025-09-27,234,217,1015,378,881
OCCIDENTE,2025-09-28,213,203,858,267,875
OCCIDENTE,2025-09-29,198,194,883,210,817
OCCIDENTE,2025-09-30,222,212,1044,301,811
OCCIDENTE,2025-10-01,206,229,1135,310,773
OCCIDENTE,2025-10-02,221,242,1134,320,765
OCCIDENTE,2025-10-03,239,230,1002,355,734
OCCIDENTE,2025-10-04,246,222,927,346,715
OCCIDENTE,2025-10-05,211,202,730,273,671
OCCIDENTE,2025-10-06,180,175,639,206,627
OCCIDENTE,2025-10-07,199,168,775,261,639
OCCIDENTE,2025-10-08,189,151,744,285,547
OCCIDENTE,2025-10-09,184,148,747,296,478
OCCIDENTE,2025-10-10,217,129,666,307,456
OCCIDENTE,2025-10-11,234,129,734,349,443
OCCIDENTE,2025-10-12,189,106,668,253,386
OCCIDENTE,2025-10-13,166,100,725,229,326
OCCIDENTE,2025-10-14,176,125,827,297,369
OCCIDENTE,2025-10-15,193,129,837,346,423
OCCIDENTE,2025-10-16,198,145,997,377,475
OCCIDENTE,2025-10-17,208,155,912,387,509
OCCIDENTE,2025-10-18,229,168,854,356,497
OCCIDENTE,2025-10-19,184,154,772,297,480
OCCIDENTE,2025-10-20,153,136,717,249,426
OCCIDENTE,2025-10-21,185,135,772,385,507
OCCIDENTE,2025-10-22,179,123,876,385,577
OCCIDENTE,2025-10-23,177,137,812,377,591
OCCIDENTE,2025-10-24,206,147,759,373,546
OCCIDENTE,2025-10-25,218,122,777,429,529
OCCIDENTE,2025-10-26,186,107,683,334,428
OCCIDENTE,2025-10-27,177,92,603,270,360
OCCIDENTE,2025-10-28,208,101,723,326,404
OCCIDENTE,2025-10-29,204,102,697,348,410
OCCIDENTE,2025-10-30,230,82,752,397,373
OCCIDENTE,2025-10-31,239,83,709,410,401
OCCIDENTE,2025-11-01,270,85,638,346,377
OCCIDENTE,2025-11-02,244,92,607,278,316
OCCIDENTE,2025-11-03,197,81,638,217,281
OCCIDENTE,2025-11-04,209,107,661,304,347
OCCIDENTE,2025-11-05,231,136,702,304,394
OCCIDENTE,2025-11-06,210,124,666,346,395
OCCIDENTE,2025-11-07,194,120,623,384,358
OCCIDENTE,2025-11-08,204,105,625,394,350
OCCIDENTE,2025-11-09,166,104,581,300,323
OCCIDENTE,2025-11-10,144,84,534,260,281
OCCIDENTE,2025-11-11,157,123,612,331,348
OCCIDENTE,2025-11-12,186,118,652,327,378
OCCIDENTE,2025-11-13,188,113,673,388,401
OCCIDENTE,2025-11-14,208,110,669,442,416
OCCIDENTE,2025-11-15,230,118,641,517,390
OCCIDENTE,2025-11-16,183,126,641,415,365
OCCIDENTE,2025-11-17,152,119,649,342,310
OCCIDENTE,2025-11-18,163,168,726,476,338
OCCIDENTE,2025-11-19,177,173,713,421,435
OCCIDENTE,2025-11-20,197,154,686,448,466
OCCIDENTE,2025-11-21,182,133,704,473,512
OCCIDENTE,2025-11-22,212,154,768,515,575
OCCIDENTE,2025-11-23,180,126,673,407,538
OCCIDENTE,2025-11-24,154,110,606,372,468
OCCIDENTE,2025-11-25,208,125,690,436,476
OCCIDENTE,2025-11-26,219,144,660,460,433
OCCIDENTE,2025-11-27,228,124,712,509,438
OCCIDENTE,2025-11-28,230,135,715,524,460
OCCIDENTE,2025-11-29,245,114,754,525,459
OCCIDENTE,2025-11-30,231,103,676,446,423
OCCIDENTE,2025-12-01,211,103,636,335,381
OCCIDENTE,2025-12-02,240,129,657,401,440
OCCIDENTE,2025-12-03,213,136,667,406,482
OCCIDENTE,2025-12-04,210,142,732,403,457
OCCIDENTE,2025-12-05,226,137,707,424,460
OCCIDENTE,2025-12-06,226,133,776,479,464
OCCIDENTE,2025-12-07,190,144,719,411,402
OCCIDENTE,2025-12-08,164,135,720,408,393
OCCIDENTE,2025-12-09,202,140,913,404,446
OCCIDENTE,2025-12-10,224,157,928,467,457
OCCIDENTE,2025-12-11,240,160,959,481,460
OCCIDENTE,2025-12-12,242,185,898,515,479
OCCIDENTE,2025-12-13,233,166,824,510,466
OCCIDENTE,2025-12-14,228,160,692,457,428
OCCIDENTE,2025-12-15,203,158,664,411,380
OCCIDENTE,2025-12-16,217,178,791,530,431
OCCIDENTE,2025-12-17,215,191,802,516,472
OCCIDENTE,2025-12-18,231,196,838,452,470
OCCIDENTE,2025-12-19,254,180,773,495,468
OCCIDENTE,2025-12-20,239,181,848,516,475
OCCIDENTE,2025-12-21,199,161,735,434,448
OCCIDENTE,2025-12-22,202,159,763,354,393
OCCIDENTE,2025-12-23,213,163,742,387,436
OCCIDENTE,2025-12-24,178,141,652,303,396
OCCIDENTE,2025-12-25,136,86,449,223,336
OCCIDENTE,2025-12-26,146,88,515,270,326
OCCIDENTE,2025-12-27,172,115,586,362,378
OCCIDENTE,2025-12-28,166,113,462,326,364
OCCIDENTE,2025-12-29,160,78,505,309,333
OCCIDENTE,2025-12-30,194,111,621,411,412
OCCIDENTE,2025-12-31,183,113,622,345,404
OCCIDENTE,2026-01-01,153,93,461,276,379
OCCIDENTE,2026-01-02,179,94,557,319,369
OCCIDENTE,2026-01-03,219,125,626,400,426
OCCIDENTE,2026-01-04,207,119,547,386,371
OCCIDENTE,2026-01-05,180,112,550,362,366
OCCIDENTE,2026-01-06,227,129,675,486,468
OCCIDENTE,2026-01-07,225,144,740,478,504
OCCIDENTE,2026-01-08,219,178,800,566,557
OCCIDENTE,2026-01-09,234,203,833,534,551
OCCIDENTE,2026-01-10,253,216,746,592,571
OCCIDENTE,2026-01-11,203,185,671,432,485
OCCIDENTE,2026-01-12,175,169,631,362,462
OCCIDENTE,2026-01-13,219,165,757,507,500
OCCIDENTE,2026-01-14,220,181,740,568,553
OCCIDENTE,2026-01-15,242,193,757,546,583
OCCIDENTE,2026-01-16,243,193,770,608,595
OCCIDENTE,2026-01-17,236,193,846,640,625
OCCIDENTE,2026-01-18,212,173,800,473,610
OCCIDENTE,2026-01-19,195,182,833,375,544
OCCIDENTE,2026-01-20,205,234,938,481,591
OCCIDENTE,2026-01-21,224,228,833,504,610
OCCIDENTE,2026-01-22,245,236,843,534,614
OCCIDENTE,2026-01-23,248,225,849,559,620
OCCIDENTE,2026-01-24,264,230,875,547,607
OCCIDENTE,2026-01-25,232,193,730,455,540
OCCIDENTE,2026-01-26,214,180,678,379,478
OCCIDENTE,2026-01-27,259,165,765,487,557
OCCIDENTE,2026-01-28,268,178,689,535,596
OCCIDENTE,2026-01-29,286,171,706,544,568
OCCIDENTE,2026-01-30,287,144,693,582,499
OCCIDENTE,2026-01-31,297,140,712,585,509
OCCIDENTE,2026-02-01,269,119,671,443,498
OCCIDENTE,2026-02-02,267,127,654,385,449
OCCIDENTE,2026-02-03,264,148,829,410,454
OCCIDENTE,2026-02-04,248,181,884,489,463
OCCIDENTE,2026-02-05,237,191,871,498,489
OCCIDENTE,2026-02-06,260,172,790,538,516
OCCIDENTE,2026-02-07,271,154,762,540,482
OCCIDENTE,2026-02-08,214,152,712,443,450
OCCIDENTE,2026-02-09,213,156,667,353,401
OCCIDENTE,2026-02-10,214,151,648,472,474
OCCIDENTE,2026-02-11,207,140,704,497,508
OCCIDENTE,2026-02-12,229,134,721,534,513
OCCIDENTE,2026-02-13,241,140,748,597,482
OCCIDENTE,2026-02-14,244,147,791,561,508
OCCIDENTE,2026-02-15,209,128,786,448,456
OCCIDENTE,2026-02-16,191,123,786,376,412
OCCIDENTE,2026-02-17,230,139,850,498,494
OCCIDENTE,2026-02-18,227,125,796,450,502
OCCIDENTE,2026-02-19,218,134,805,469,496
OCCIDENTE,2026-02-20,244,126,947,500,536
OCCIDENTE,2026-02-21,241,137,883,508,558
OCCIDENTE,2026-02-22,204,135,784,424,539
OCCIDENTE,2026-02-23,205,145,938,393,543
OCCIDENTE,2026-02-24,211,148,911,441,644
OCCIDENTE,2026-02-25,266,168,909,464,679
OCCIDENTE,2026-02-26,283,202,916,537,694
OCCIDENTE,2026-02-27,319,206,936,617,758
OCCIDENTE,2026-02-28,356,206,1017,607,820
OCCIDENTE,2026-03-01,330,237,1061,482,827
OCCIDENTE,2026-03-02,303,240,1105,437,767
OCCIDENTE,2026-03-03,320,272,1249,519,817
OCCIDENTE,2026-03-04,292,301,1155,487,810
OCCIDENTE,2026-03-05,315,305,980,494,803
OCCIDENTE,2026-03-06,309,262,1025,487,767
OCCIDENTE,2026-03-07,303,234,909,532,758
OCCIDENTE,2026-03-08,266,218,890,402,700
OCCIDENTE,2026-03-09,231,215,863,326,650
OCCIDENTE,2026-03-10,232,196,920,444,707
OCCIDENTE,2026-03-11,250,202,880,487,657
OCCIDENTE,2026-03-12,232,188,849,486,655
OCCIDENTE,2026-03-13,226,151,810,518,615
OCCIDENTE,2026-03-14,258,158,850,519,657
OCCIDENTE,2026-03-15,211,173,836,473,580
OCCIDENTE,2026-03-16,219,185,784,381,500
OCCIDENTE,2026-03-17,191,175,777,369,474
OCCIDENTE,2026-03-18,216,205,932,483,517
OCCIDENTE,2026-03-19,217,210,956,497,579
OCCIDENTE,2026-03-20,230,217,908,500,622
OCCIDENTE,2026-03-21,235,200,897,531,661
OCCIDENTE,2026-03-22,200,195,798,394,635
OCCIDENTE,2026-03-23,198,177,706,331,589
OCCIDENTE,2026-03-24,216,163,850,444,607
OCCIDENTE,2026-03-25,215,188,913,450,638
OCCIDENTE,2026-03-26,244,153,818,433,648
OCCIDENTE,2026-03-27,283,135,798,495,656
OCCIDENTE,2026-03-28,315,151,843,540,645
OCCIDENTE,2026-03-29,282,134,810,437,600
OCCIDENTE,2026-03-30,265,139,754,399,559
OCCIDENTE,2026-03-31,288,176,961,474,642
OCCIDENTE,2026-04-01,305,187,1117,455,704
OCCIDENTE,2026-04-02,293,207,1139,489,724
OCCIDENTE,2026-04-03,261,174,975,434,678
OCCIDENTE,2026-04-04,203,134,694,389,600
OCCIDENTE,2026-04-05,182,114,625,353,516
OCCIDENTE,2026-04-06,164,119,778,325,468
OCCIDENTE,2026-04-07,233,136,1048,424,522
OCCIDENTE,2026-04-08,225,184,1068,474,543
OCCIDENTE,2026-04-09,231,212,1089,511,606
OCCIDENTE,2026-04-10,240,231,1035,510,623
OCCIDENTE,2026-04-11,248,223,950,532,606
OCCIDENTE,2026-04-12,213,211,919,423,536
OCCIDENTE,2026-04-13,194,180,805,355,483
OCCIDENTE,2026-04-14,230,178,946,416,544
OCCIDENTE,2026-04-15,242,170,971,500,610
OCCIDENTE,2026-04-16,232,172,988,511,634
OCCIDENTE,2026-04-17,257,180,952,503,633
OCCIDENTE,2026-04-18,251,189,1001,498,631
OCCIDENTE,2026-04-19,194,164,916,363,601
OCCIDENTE,2026-04-20,163,132,803,295,536
OCCIDENTE,2026-04-21,213,161,980,455,636
OCCIDENTE,2026-04-22,199,159,1028,427,672
OCCIDENTE,2026-04-23,212,178,870,463,677
OCCIDENTE,2026-04-24,229,150,903,444,689
OCCIDENTE,2026-04-25,224,117,881,496,667
OCCIDENTE,2026-04-26,212,93,787,426,608
OCCIDENTE,2026-04-27,183,110,734,370,558
OCCIDENTE,2026-04-28,217,126,892,439,606
OCCIDENTE,2026-04-29,257,127,1001,470,577
OCCIDENTE,2026-04-30,287,142,997,470,586
OCCIDENTE,2026-05-01,299,178,990,436,606
OCCIDENTE,2026-05-02,297,197,1002,422,600
OCCIDENTE,2026-05-03,226,205,867,350,563
OCCIDENTE,2026-05-04,201,187,801,303,499
OCCIDENTE,2026-05-05,225,224,911,415,600
OCCIDENTE,2026-05-06,185,211,919,467,638
OCCIDENTE,2026-05-07,188,218,963,474,618
OCCIDENTE,2026-05-08,200,188,966,466,603
OCCIDENTE,2026-05-09,236,199,1011,486,594
OCCIDENTE,2026-05-10,205,169,856,330,571
OCCIDENTE,2026-05-11,195,146,661,283,488
OCCIDENTE,2026-05-12,215,128,873,377,487
OCCIDENTE,2026-05-13,232,120,961,420,505
OCCIDENTE,2026-05-14,260,130,939,471,540
OCCIDENTE,2026-05-15,258,159,1126,530,592
OCCIDENTE,2026-05-16,287,190,1220,587,597
OCCIDENTE,2026-05-17,275,198,1184,464,557
OCCIDENTE,2026-05-18,280,222,1318,409,548
OCCIDENTE,2026-05-19,295,251,1185,514,670
OCCIDENTE,2026-05-20,285,293,1295,488,724
OCCIDENTE,2026-05-21,274,299,1315,528,759
OCCIDENTE,2026-05-22,270,310,1264,546,768
OCCIDENTE,2026-05-23,281,292,1307,546,789
OCCIDENTE,2026-05-24,263,276,1165,451,735
OCCIDENTE,2026-05-25,245,271,1034,358,679
OCCIDENTE,2026-05-26,260,291,1217,436,722
OCCIDENTE,2026-05-27,279,298,1163,468,726
OCCIDENTE,2026-05-28,298,288,1152,521,742
OCCIDENTE,2026-05-29,310,276,1058,565,731
OCCIDENTE,2026-05-30,325,263,1158,555,742
OCCIDENTE,2026-05-31,300,283,1160,438,711
OCCIDENTE,2026-06-01,297,264,1288,348,669
OCCIDENTE,2026-06-02,360,314,2101,454,769
OCCIDENTE,2026-06-03,370,347,2094,626,844
OCCIDENTE,2026-06-04,417,442,2312,804,920
OCCIDENTE,2026-06-05,459,478,2280,889,961
OCCIDENTE,2026-06-06,490,539,2148,980,1038
OCCIDENTE,2026-06-07,481,591,2204,852,1033
OCCIDENTE,2026-06-08,460,630,2193,699,981
OCCIDENTE,2026-06-09,457,694,2463,874,1017
OCCIDENTE,2026-06-10,476,772,2748,982,1100
OCCIDENTE,2026-06-11,496,833,2693,1205,1156
OCCIDENTE,2026-06-12,502,915,2550,1324,1185
OCCIDENTE,2026-06-13,514,966,2874,1115,1252
OCCIDENTE,2026-06-14,508,980,3179,815,1268
OCCIDENTE,2026-06-15,497,1020,3264,694,1225
OCCIDENTE,2026-06-16,488,1060,3575,885,1316
OCCIDENTE,2026-06-17,499,1093,3586,1055,1372
OCCIDENTE,2026-06-18,471,1116,3508,1110,1435
OCCIDENTE,2026-06-19,467,1156,3333,1073,1490
OCCIDENTE,2026-06-20,488,1206,2979,1136,1562
OCCIDENTE,2026-06-21,476,1190,3105,766,1575
OCCIDENTE,2026-06-22,454,1196,2834,578,1557
OCCIDENTE,2026-06-23,462,1230,2780,838,1667
OCCIDENTE,2026-06-24,459,1259,2994,680,1701
OCCIDENTE,2026-06-25,465,1224,2652,666,1703
OCCIDENTE,2026-06-26,463,1206,2346,803,1722
OCCIDENTE,2026-06-27,490,1203,2208,896,1743
OCCIDENTE,2026-06-28,465,1179,2465,645,1777
OCCIDENTE,2026-06-29,448,1158,2539,546,1751
OCCIDENTE,2026-06-30,463,1191,2441,727,1830
OCCIDENTE,2026-07-01,453,1154,2534,572,1857
OCCIDENTE,2026-07-02,474,1155,2673,739,1861
OCCIDENTE,2026-07-03,486,1173,2614,776,1809
OCCIDENTE,2026-07-04,474,1178,2773,780,1838
OCCIDENTE,2026-07-05,493,1195,2602,533,1894
OCCIDENTE,2026-07-06,495,1185,2139,452,1803
OCCIDENTE,2026-07-07,493,1158,2252,601,1842
OCCIDENTE,2026-07-08,519,1141,2210,552,1892
OCCIDENTE,2026-07-09,513,1058,2101,595,1884
OCCIDENTE,2026-07-10,536,1031,1921,684,1835
OCCIDENTE,2026-07-11,517,960,1884,710,1811
OCCIDENTE,2026-07-12,444,931,1877,502,1774
OCCIDENTE,2026-07-13,428,886,1609,387,1675
OCCIDENTE,2026-07-14,431,887,1778,503,1733
OCCIDENTE,2026-07-15,421,897,1868,551,1775
OCCIDENTE,2026-07-16,392,844,1822,529,1769
OCCIDENTE,2026-07-17,399,816,1927,571,1785
OCCIDENTE,2026-07-18,409,822,1933,565,1794
OCCIDENTE,2026-07-19,365,826,1894,463,1771
OCCIDENTE,2026-07-20,362,830,1677,382,1676
OCCIDENTE,2026-07-21,375,862,1832,552,1671
OCCIDENTE,2026-07-22,416,852,1700,686,1685
OCCIDENTE,2026-07-23,403,805,1827,587,1622
OCCIDENTE,2026-07-24,414,801,1898,640,1579
OCCIDENTE,2026-07-25,378,768,1802,624,1622
OCCIDENTE,2026-07-26,338,730,1760,516,1557
OCCIDENTE,2026-07-27,333,704,1548,433,1472
OCCIDENTE,2026-07-28,382,682,1680,552,1465
OCCIDENTE,2026-07-29,373,695,1952,546,1450
OCCIDENTE,2026-07-30,371,660,1959,567,1425
OCCIDENTE,2026-07-31,411,670,1631,645,1438
OCCIDENTE,2026-08-01,421,685,1997,599,1417
OCCIDENTE,2026-08-02,416,700,2067,506,1353
OCCIDENTE,2026-08-03,413,713,1927,435,1299
OCCIDENTE,2026-08-04,435,697,2057,520,1374
OCCIDENTE,2026-08-05,440,721,2242,543,1410
OCCIDENTE,2026-08-06,427,709,2112,569,1411
OCCIDENTE,2026-08-07,421,698,2048,616,1402
OCCIDENTE,2026-08-08,445,793,1967,637,1480
OCCIDENTE,2026-08-09,415,835,1775,485,1462
OCCIDENTE,2026-08-10,389,814,1556,442,1390
OCCIDENTE,2026-08-11,387,809,1763,478,1454
OCCIDENTE,2026-08-12,399,845,1854,666,1492
OCCIDENTE,2026-08-13,394,861,1697,706,1492
OCCIDENTE,2026-08-14,409,879,1596,730,1484
OCCIDENTE,2026-08-15,426,897,1677,771,1497
OCCIDENTE,2026-08-16,448,902,1570,652,1446
OCCIDENTE,2026-08-17,429,894,1532,530,1371
OCCIDENTE,2026-08-18,394,927,1957,616,1406
OCCIDENTE,2026-08-19,405,952,2007,664,1439
OCCIDENTE,2026-08-20,413,987,1891,645,1460
OCCIDENTE,2026-08-21,413,1037,1776,645,1489
OCCIDENTE,2026-08-22,404,1032,1750,640,1457
OCCIDENTE,2026-08-23,418,1013,1676,509,1410
OCCIDENTE,2026-08-24,401,1000,1690,399,1344
ORIENTE,2025-08-25,101,59,191,174,315
ORIENTE,2025-08-26,139,85,259,202,329
ORIENTE,2025-08-27,151,88,243,267,343
ORIENTE,2025-08-28,168,108,257,259,398
ORIENTE,2025-08-29,169,95,257,272,375
ORIENTE,2025-08-30,204,109,220,294,343
ORIENTE,2025-08-31,193,97,220,217,317
ORIENTE,2025-09-01,155,86,234,179,274
ORIENTE,2025-09-02,180,97,242,178,304
ORIENTE,2025-09-03,180,104,269,213,366
ORIENTE,2025-09-04,170,109,269,184,388
ORIENTE,2025-09-05,176,115,270,201,361
ORIENTE,2025-09-06,199,97,263,200,366
ORIENTE,2025-09-07,171,92,248,193,334
ORIENTE,2025-09-08,147,76,223,189,275
ORIENTE,2025-09-09,148,89,242,215,314
ORIENTE,2025-09-10,153,82,248,220,330
ORIENTE,2025-09-11,145,85,221,219,318
ORIENTE,2025-09-12,134,62,233,246,298
ORIENTE,2025-09-13,150,64,280,241,276
ORIENTE,2025-09-14,140,88,224,193,241
ORIENTE,2025-09-15,114,79,226,184,228
ORIENTE,2025-09-16,105,90,238,185,291
ORIENTE,2025-09-17,103,77,222,180,270
ORIENTE,2025-09-18,118,106,262,175,277
ORIENTE,2025-09-19,134,102,285,189,291
ORIENTE,2025-09-20,144,82,261,229,291
ORIENTE,2025-09-21,123,79,228,168,291
ORIENTE,2025-09-22,104,64,198,152,264
ORIENTE,2025-09-23,127,76,271,174,339
ORIENTE,2025-09-24,138,97,242,207,382
ORIENTE,2025-09-25,141,88,244,222,355
ORIENTE,2025-09-26,146,89,262,231,353
ORIENTE,2025-09-27,169,82,270,289,366
ORIENTE,2025-09-28,151,80,237,214,347
ORIENTE,2025-09-29,133,72,225,194,294
ORIENTE,2025-09-30,164,88,338,225,313
ORIENTE,2025-10-01,186,97,295,213,342
ORIENTE,2025-10-02,189,112,289,210,332
ORIENTE,2025-10-03,184,117,282,224,370
ORIENTE,2025-10-04,176,106,281,244,353
ORIENTE,2025-10-05,163,109,253,201,306
ORIENTE,2025-10-06,152,101,225,130,272
ORIENTE,2025-10-07,178,122,259,168,319
ORIENTE,2025-10-08,193,133,292,185,325
ORIENTE,2025-10-09,179,140,331,194,335
ORIENTE,2025-10-10,177,128,306,188,306
ORIENTE,2025-10-11,214,114,342,216,308
ORIENTE,2025-10-12,191,113,306,229,259
ORIENTE,2025-10-13,174,84,285,250,242
ORIENTE,2025-10-14,180,77,308,300,310
ORIENTE,2025-10-15,170,79,303,364,342
ORIENTE,2025-10-16,165,108,313,357,371
ORIENTE,2025-10-17,173,124,315,382,389
ORIENTE,2025-10-18,178,118,320,365,380
ORIENTE,2025-10-19,165,96,326,280,327
ORIENTE,2025-10-20,155,97,288,226,284
ORIENTE,2025-10-21,157,112,341,244,328
ORIENTE,2025-10-22,148,111,310,227,352
ORIENTE,2025-10-23,167,106,283,228,361
ORIENTE,2025-10-24,159,92,283,229,366
ORIENTE,2025-10-25,176,84,289,237,379
ORIENTE,2025-10-26,128,68,257,206,310
ORIENTE,2025-10-27,120,57,230,163,229
ORIENTE,2025-10-28,126,71,243,182,280
ORIENTE,2025-10-29,150,83,254,219,276
ORIENTE,2025-10-30,162,84,401,208,242
ORIENTE,2025-10-31,156,63,388,239,247
ORIENTE,2025-11-01,179,83,404,187,252
ORIENTE,2025-11-02,152,81,296,149,237
ORIENTE,2025-11-03,144,72,257,140,226
ORIENTE,2025-11-04,151,74,281,182,265
ORIENTE,2025-11-05,149,90,279,202,283
ORIENTE,2025-11-06,162,91,267,246,322
ORIENTE,2025-11-07,140,88,282,252,332
ORIENTE,2025-11-08,158,87,280,290,317
ORIENTE,2025-11-09,122,85,265,268,277
ORIENTE,2025-11-10,111,74,203,251,232
ORIENTE,2025-11-11,142,87,279,254,300
ORIENTE,2025-11-12,139,103,278,279,331
ORIENTE,2025-11-13,146,111,299,289,315
ORIENTE,2025-11-14,146,112,246,356,326
ORIENTE,2025-11-15,164,119,283,386,327
ORIENTE,2025-11-16,173,140,241,378,294
ORIENTE,2025-11-17,138,127,233,349,258
ORIENTE,2025-11-18,154,147,280,391,309
ORIENTE,2025-11-19,157,174,300,372,408
ORIENTE,2025-11-20,158,174,281,367,437
ORIENTE,2025-11-21,159,163,259,350,462
ORIENTE,2025-11-22,160,131,264,381,488
ORIENTE,2025-11-23,149,130,285,321,462
ORIENTE,2025-11-24,131,120,261,280,378
ORIENTE,2025-11-25,155,110,277,327,364
ORIENTE,2025-11-26,162,105,240,344,332
ORIENTE,2025-11-27,182,110,258,310,360
ORIENTE,2025-11-28,179,95,268,337,367
ORIENTE,2025-11-29,222,96,258,348,338
ORIENTE,2025-11-30,204,96,242,315,311
ORIENTE,2025-12-01,164,86,225,319,269
ORIENTE,2025-12-02,158,124,272,309,317
ORIENTE,2025-12-03,171,134,255,256,351
ORIENTE,2025-12-04,140,130,249,233,349
ORIENTE,2025-12-05,141,107,220,295,296
ORIENTE,2025-12-06,155,124,246,285,267
ORIENTE,2025-12-07,139,111,223,248,253
ORIENTE,2025-12-08,116,95,199,214,207
ORIENTE,2025-12-09,126,119,247,264,247
ORIENTE,2025-12-10,117,105,236,279,276
ORIENTE,2025-12-11,130,89,264,282,291
ORIENTE,2025-12-12,138,93,240,349,267
ORIENTE,2025-12-13,145,101,252,351,266
ORIENTE,2025-12-14,136,96,235,326,238
ORIENTE,2025-12-15,124,74,220,291,208
ORIENTE,2025-12-16,148,114,281,356,269
ORIENTE,2025-12-17,174,129,330,372,298
ORIENTE,2025-12-18,168,161,335,387,355
ORIENTE,2025-12-19,175,180,331,333,376
ORIENTE,2025-12-20,184,171,304,371,379
ORIENTE,2025-12-21,145,147,268,288,358
ORIENTE,2025-12-22,120,136,238,262,323
ORIENTE,2025-12-23,133,151,267,304,343
ORIENTE,2025-12-24,128,130,281,246,351
ORIENTE,2025-12-25,113,104,218,206,338
ORIENTE,2025-12-26,107,91,184,196,314
ORIENTE,2025-12-27,132,116,240,258,310
ORIENTE,2025-12-28,119,127,245,222,303
ORIENTE,2025-12-29,117,107,187,214,240
ORIENTE,2025-12-30,150,122,207,205,262
ORIENTE,2025-12-31,132,103,227,192,272
ORIENTE,2026-01-01,117,68,134,160,257
ORIENTE,2026-01-02,117,77,164,166,252
ORIENTE,2026-01-03,151,122,235,247,270
ORIENTE,2026-01-04,136,107,213,251,265
ORIENTE,2026-01-05,111,87,216,225,237
ORIENTE,2026-01-06,124,130,247,304,280
ORIENTE,2026-01-07,136,138,243,293,344
ORIENTE,2026-01-08,156,135,293,374,338
ORIENTE,2026-01-09,178,143,270,378,339
ORIENTE,2026-01-10,198,139,274,369,339
ORIENTE,2026-01-11,179,129,282,325,311
ORIENTE,2026-01-12,149,107,294,299,254
ORIENTE,2026-01-13,159,134,327,341,295
ORIENTE,2026-01-14,151,143,330,352,339
ORIENTE,2026-01-15,160,145,333,363,369
ORIENTE,2026-01-16,180,167,305,421,382
ORIENTE,2026-01-17,173,191,316,431,396
ORIENTE,2026-01-18,176,185,301,336,366
ORIENTE,2026-01-19,159,160,278,276,369
ORIENTE,2026-01-20,167,175,353,323,462
ORIENTE,2026-01-21,158,167,329,328,479
ORIENTE,2026-01-22,158,163,333,362,456
ORIENTE,2026-01-23,183,174,274,349,444
ORIENTE,2026-01-24,185,169,283,399,422
ORIENTE,2026-01-25,177,139,240,298,373
ORIENTE,2026-01-26,150,138,178,248,295
ORIENTE,2026-01-27,165,120,268,265,359
ORIENTE,2026-01-28,171,152,231,317,373
ORIENTE,2026-01-29,210,147,273,355,374
ORIENTE,2026-01-30,212,125,240,364,357
ORIENTE,2026-01-31,224,138,249,382,356
ORIENTE,2026-02-01,249,140,275,269,354
ORIENTE,2026-02-02,224,143,245,296,299
ORIENTE,2026-02-03,207,183,307,251,339
ORIENTE,2026-02-04,193,148,323,268,349
ORIENTE,2026-02-05,164,141,277,327,377
ORIENTE,2026-02-06,149,136,260,317,366
ORIENTE,2026-02-07,169,143,244,322,346
ORIENTE,2026-02-08,168,127,233,280,295
ORIENTE,2026-02-09,143,113,192,240,234
ORIENTE,2026-02-10,154,140,261,290,279
ORIENTE,2026-02-11,164,155,239,311,326
ORIENTE,2026-02-12,176,150,289,332,360
ORIENTE,2026-02-13,175,157,251,393,361
ORIENTE,2026-02-14,185,122,290,421,344
ORIENTE,2026-02-15,170,113,224,282,317
ORIENTE,2026-02-16,162,115,209,290,293
ORIENTE,2026-02-17,163,123,241,316,354
ORIENTE,2026-02-18,148,121,262,300,357
ORIENTE,2026-02-19,151,123,272,325,344
ORIENTE,2026-02-20,133,107,279,312,347
ORIENTE,2026-02-21,164,96,260,327,351
ORIENTE,2026-02-22,161,101,223,267,342
ORIENTE,2026-02-23,127,77,260,243,299
ORIENTE,2026-02-24,140,106,302,232,368
ORIENTE,2026-02-25,154,98,197,273,367
ORIENTE,2026-02-26,171,101,217,286,392
ORIENTE,2026-02-27,219,113,237,349,407
ORIENTE,2026-02-28,238,114,246,383,416
ORIENTE,2026-03-01,205,124,273,320,390
ORIENTE,2026-03-02,180,128,220,219,346
ORIENTE,2026-03-03,179,158,244,315,399
ORIENTE,2026-03-04,170,161,257,266,402
ORIENTE,2026-03-05,168,147,273,291,381
ORIENTE,2026-03-06,163,144,267,331,384
ORIENTE,2026-03-07,179,129,292,347,359
ORIENTE,2026-03-08,143,115,250,264,345
ORIENTE,2026-03-09,127,102,197,229,316
ORIENTE,2026-03-10,140,104,250,298,312
ORIENTE,2026-03-11,145,97,232,313,299
ORIENTE,2026-03-12,146,106,239,331,289
ORIENTE,2026-03-13,147,100,220,316,286
ORIENTE,2026-03-14,164,94,239,356,265
ORIENTE,2026-03-15,156,103,241,306,264
ORIENTE,2026-03-16,124,90,180,288,225
ORIENTE,2026-03-17,150,106,340,240,260
ORIENTE,2026-03-18,135,131,569,291,260
ORIENTE,2026-03-19,151,135,591,298,332
ORIENTE,2026-03-20,173,132,576,319,362
ORIENTE,2026-03-21,182,142,474,321,394
ORIENTE,2026-03-22,149,147,431,238,380
ORIENTE,2026-03-23,133,135,309,217,332
ORIENTE,2026-03-24,143,137,351,242,312
ORIENTE,2026-03-25,153,144,352,255,331
ORIENTE,2026-03-26,148,123,307,298,322
ORIENTE,2026-03-27,178,117,245,324,335
ORIENTE,2026-03-28,186,130,282,388,348
ORIENTE,2026-03-29,181,124,311,311,298
ORIENTE,2026-03-30,172,103,191,264,259
ORIENTE,2026-03-31,191,130,248,296,302
ORIENTE,2026-04-01,189,140,265,298,305
ORIENTE,2026-04-02,217,145,317,353,340
ORIENTE,2026-04-03,212,152,306,300,347
ORIENTE,2026-04-04,189,131,223,251,307
ORIENTE,2026-04-05,175,106,195,226,272
ORIENTE,2026-04-06,133,84,186,233,252
ORIENTE,2026-04-07,136,113,312,257,290
ORIENTE,2026-04-08,142,144,324,294,300
ORIENTE,2026-04-09,159,131,313,310,305
ORIENTE,2026-04-10,166,135,296,280,339
ORIENTE,2026-04-11,178,123,312,328,336
ORIENTE,2026-04-12,159,120,298,230,301
ORIENTE,2026-04-13,125,102,218,223,275
ORIENTE,2026-04-14,136,101,296,233,270
ORIENTE,2026-04-15,140,131,306,282,385
ORIENTE,2026-04-16,136,140,327,307,448
ORIENTE,2026-04-17,145,131,316,304,467
ORIENTE,2026-04-18,144,138,317,285,437
ORIENTE,2026-04-19,120,146,283,215,396
ORIENTE,2026-04-20,115,132,232,191,352
ORIENTE,2026-04-21,158,167,290,249,383
ORIENTE,2026-04-22,153,145,271,207,395
ORIENTE,2026-04-23,144,140,333,216,417
ORIENTE,2026-04-24,147,145,320,236,395
ORIENTE,2026-04-25,161,138,327,251,345
ORIENTE,2026-04-26,156,116,304,208,342
ORIENTE,2026-04-27,127,89,242,207,313
ORIENTE,2026-04-28,156,101,286,239,351
ORIENTE,2026-04-29,186,113,286,263,376
ORIENTE,2026-04-30,188,132,317,284,366
ORIENTE,2026-05-01,176,134,316,274,384
ORIENTE,2026-05-02,198,142,345,274,355
ORIENTE,2026-05-03,163,132,362,202,337
ORIENTE,2026-05-04,147,145,306,179,301
ORIENTE,2026-05-05,153,150,340,242,320
ORIENTE,2026-05-06,141,163,290,242,344
ORIENTE,2026-05-07,133,154,289,260,340
ORIENTE,2026-05-08,126,137,292,274,343
ORIENTE,2026-05-09,123,128,306,306,327
ORIENTE,2026-05-10,96,117,267,216,300
ORIENTE,2026-05-11,86,98,242,188,274
ORIENTE,2026-05-12,98,111,280,258,254
ORIENTE,2026-05-13,104,112,282,294,290
ORIENTE,2026-05-14,109,96,300,311,300
ORIENTE,2026-05-15,141,118,281,356,327
ORIENTE,2026-05-16,170,126,285,380,336
ORIENTE,2026-05-17,145,112,270,290,320
ORIENTE,2026-05-18,120,123,268,250,309
ORIENTE,2026-05-19,131,121,326,305,360
ORIENTE,2026-05-20,149,148,395,329,378
ORIENTE,2026-05-21,161,165,425,325,398
ORIENTE,2026-05-22,156,179,418,342,392
ORIENTE,2026-05-23,172,158,392,361,385
ORIENTE,2026-05-24,142,148,320,279,334
ORIENTE,2026-05-25,131,138,289,234,307
ORIENTE,2026-05-26,152,147,335,304,339
ORIENTE,2026-05-27,168,161,357,314,354
ORIENTE,2026-05-28,178,145,325,339,373
ORIENTE,2026-05-29,201,137,319,370,391
ORIENTE,2026-05-30,247,146,385,371,403
ORIENTE,2026-05-31,235,154,374,295,385
ORIENTE,2026-06-01,203,131,344,216,361
ORIENTE,2026-06-02,204,162,388,295,373
ORIENTE,2026-06-03,203,181,404,298,413
ORIENTE,2026-06-04,214,209,421,346,406
ORIENTE,2026-06-05,208,199,434,361,377
ORIENTE,2026-06-06,216,206,444,407,357
ORIENTE,2026-06-07,198,223,445,334,328
ORIENTE,2026-06-08,176,198,413,276,286
ORIENTE,2026-06-09,165,226,447,339,315
ORIENTE,2026-06-10,173,271,472,366,319
ORIENTE,2026-06-11,166,260,522,391,330
ORIENTE,2026-06-12,164,235,440,353,331
ORIENTE,2026-06-13,182,219,456,400,335
ORIENTE,2026-06-14,164,205,390,330,348
ORIENTE,2026-06-15,143,184,367,264,314
ORIENTE,2026-06-16,167,199,423,326,344
ORIENTE,2026-06-17,169,198,440,354,359
ORIENTE,2026-06-18,163,198,359,347,359
ORIENTE,2026-06-19,159,174,385,372,382
ORIENTE,2026-06-20,188,167,448,378,347
ORIENTE,2026-06-21,177,147,394,307,293
ORIENTE,2026-06-22,148,126,303,237,270
ORIENTE,2026-06-23,178,147,363,301,291
ORIENTE,2026-06-24,156,173,381,318,332
ORIENTE,2026-06-25,170,173,382,294,330
ORIENTE,2026-06-26,187,150,318,317,368
ORIENTE,2026-06-27,205,142,344,340,383
ORIENTE,2026-06-28,193,136,299,300,340
ORIENTE,2026-06-29,187,128,280,253,308
ORIENTE,2026-06-30,186,140,311,298,311
ORIENTE,2026-07-01,183,136,332,265,313
ORIENTE,2026-07-02,189,148,374,283,319
ORIENTE,2026-07-03,198,170,382,342,337
ORIENTE,2026-07-04,222,166,410,359,344
ORIENTE,2026-07-05,217,174,403,277,324
ORIENTE,2026-07-06,180,151,347,194,284
ORIENTE,2026-07-07,157,172,368,277,286
ORIENTE,2026-07-08,162,160,336,303,306
ORIENTE,2026-07-09,180,141,360,272,312
ORIENTE,2026-07-10,171,128,308,286,356
ORIENTE,2026-07-11,174,112,352,312,363
ORIENTE,2026-07-12,156,91,320,280,333
ORIENTE,2026-07-13,142,88,276,227,308
ORIENTE,2026-07-14,174,108,327,269,328
ORIENTE,2026-07-15,163,106,365,317,357
ORIENTE,2026-07-16,161,117,306,332,358
ORIENTE,2026-07-17,161,140,356,344,375
ORIENTE,2026-07-18,176,146,399,354,354
ORIENTE,2026-07-19,143,121,402,298,348
ORIENTE,2026-07-20,98,111,306,210,314
ORIENTE,2026-07-21,123,117,287,293,320
ORIENTE,2026-07-22,144,139,305,309,374
ORIENTE,2026-07-23,152,120,283,289,338
ORIENTE,2026-07-24,167,153,308,340,323
ORIENTE,2026-07-25,172,124,309,353,319
ORIENTE,2026-07-26,158,109,301,268,280
ORIENTE,2026-07-27,126,95,224,217,264
ORIENTE,2026-07-28,157,107,270,294,317
ORIENTE,2026-07-29,176,113,314,323,346
ORIENTE,2026-07-30,194,115,342,329,361
ORIENTE,2026-07-31,227,120,350,371,412
ORIENTE,2026-08-01,214,175,414,325,377
ORIENTE,2026-08-02,211,154,393,304,349
ORIENTE,2026-08-03,176,141,311,262,302
ORIENTE,2026-08-04,172,156,443,357,319
ORIENTE,2026-08-05,185,164,396,367,386
ORIENTE,2026-08-06,189,171,423,391,403
ORIENTE,2026-08-07,187,179,421,410,398
ORIENTE,2026-08-08,203,150,382,418,397
ORIENTE,2026-08-09,166,136,358,332,359
ORIENTE,2026-08-10,143,115,282,274,326
ORIENTE,2026-08-11,155,140,374,269,335
ORIENTE,2026-08-12,177,155,358,323,367
ORIENTE,2026-08-13,193,145,390,330,367
ORIENTE,2026-08-14,188,130,375,391,388
ORIENTE,2026-08-15,163,122,493,439,385
ORIENTE,2026-08-16,150,108,421,353,344
ORIENTE,2026-08-17,126,113,342,278,290
ORIENTE,2026-08-18,154,150,418,363,350
ORIENTE,2026-08-19,166,163,407,384,403
ORIENTE,2026-08-20,166,155,363,380,398
ORIENTE,2026-08-21,178,160,373,390,383
ORIENTE,2026-08-22,165,144,377,404,373
ORIENTE,2026-08-23,151,134,315,327,301
ORIENTE,2026-08-24,131,116,263,294,277
PACIFICO,2025-08-25,29,14,106,39,54
PACIFICO,2025-08-26,27,17,188,64,65
PACIFICO,2025-08-27,37,22,193,64,63
PACIFICO,2025-08-28,41,29,178,83,61
PACIFICO,2025-08-29,45,20,205,94,72
PACIFICO,2025-08-30,48,11,168,66,63
PACIFICO,2025-08-31,48,17,137,92,57
PACIFICO,2025-09-01,46,14,154,65,48
PACIFICO,2025-09-02,51,23,222,91,67
PACIFICO,2025-09-03,51,26,225,90,83
PACIFICO,2025-09-04,48,28,215,88,96
PACIFICO,2025-09-05,48,22,164,84,96
PACIFICO,2025-09-06,45,18,209,87,91
PACIFICO,2025-09-07,38,18,202,73,75
PACIFICO,2025-09-08,35,18,169,46,63
PACIFICO,2025-09-09,33,17,174,66,77
PACIFICO,2025-09-10,46,19,183,95,78
PACIFICO,2025-09-11,37,11,158,80,58
PACIFICO,2025-09-12,42,17,176,87,78
PACIFICO,2025-09-13,46,17,159,84,76
PACIFICO,2025-09-14,42,15,124,69,58
PACIFICO,2025-09-15,32,10,79,49,47
PACIFICO,2025-09-16,35,12,133,71,58
PACIFICO,2025-09-17,30,21,127,60,51
PACIFICO,2025-09-18,32,20,119,54,66
PACIFICO,2025-09-19,29,17,113,62,62
PACIFICO,2025-09-20,38,21,99,53,47
PACIFICO,2025-09-21,27,19,98,37,53
PACIFICO,2025-09-22,19,14,82,28,36
PACIFICO,2025-09-23,22,13,86,39,48
PACIFICO,2025-09-24,26,18,104,50,52
PACIFICO,2025-09-25,19,9,104,59,61
PACIFICO,2025-09-26,22,16,111,71,61
PACIFICO,2025-09-27,26,11,140,64,71
PACIFICO,2025-09-28,42,17,122,40,64
PACIFICO,2025-09-29,30,9,65,33,43
PACIFICO,2025-09-30,33,13,96,45,41
PACIFICO,2025-10-01,36,16,102,47,53
PACIFICO,2025-10-02,31,22,107,58,58
PACIFICO,2025-10-03,29,16,100,62,54
PACIFICO,2025-10-04,38,13,109,58,44
PACIFICO,2025-10-05,36,15,79,27,39
PACIFICO,2025-10-06,28,15,74,26,30
PACIFICO,2025-10-07,27,16,95,49,59
PACIFICO,2025-10-08,32,14,96,56,55
PACIFICO,2025-10-09,25,13,103,62,56
PACIFICO,2025-10-10,20,16,81,67,67
PACIFICO,2025-10-11,28,24,93,60,60
PACIFICO,2025-10-12,32,14,86,56,52
PACIFICO,2025-10-13,26,10,121,52,43
PACIFICO,2025-10-14,26,20,124,58,52
PACIFICO,2025-10-15,25,13,115,66,60
PACIFICO,2025-10-16,32,21,164,55,59
PACIFICO,2025-10-17,35,27,139,67,67
PACIFICO,2025-10-18,33,23,118,66,69
PACIFICO,2025-10-19,33,16,95,40,57
PACIFICO,2025-10-20,35,13,78,42,54
PACIFICO,2025-10-21,24,16,100,49,62
PACIFICO,2025-10-22,20,13,92,45,52
PACIFICO,2025-10-23,20,14,102,49,54
PACIFICO,2025-10-24,17,12,91,55,53
PACIFICO,2025-10-25,24,8,90,48,54
PACIFICO,2025-10-26,18,8,78,40,49
PACIFICO,2025-10-27,14,7,52,54,37
PACIFICO,2025-10-28,23,12,81,52,49
PACIFICO,2025-10-29,23,14,78,47,45
PACIFICO,2025-10-30,23,12,67,51,49
PACIFICO,2025-10-31,32,15,84,47,42
PACIFICO,2025-11-01,28,14,81,53,47
PACIFICO,2025-11-02,29,10,64,35,34
PACIFICO,2025-11-03,30,10,71,35,38
PACIFICO,2025-11-04,28,17,92,45,49
PACIFICO,2025-11-05,33,13,102,41,47
PACIFICO,2025-11-06,28,13,77,63,57
PACIFICO,2025-11-07,26,15,86,62,58
PACIFICO,2025-11-08,37,15,87,64,39
PACIFICO,2025-11-09,27,5,69,53,48
PACIFICO,2025-11-10,24,11,40,47,33
PACIFICO,2025-11-11,24,10,74,50,55
PACIFICO,2025-11-12,30,11,83,54,62
PACIFICO,2025-11-13,32,16,77,57,59
PACIFICO,2025-11-14,27,12,67,64,70
PACIFICO,2025-11-15,31,17,84,75,53
PACIFICO,2025-11-16,35,10,78,53,47
PACIFICO,2025-11-17,29,14,76,45,33
PACIFICO,2025-11-18,26,14,79,48,33
PACIFICO,2025-11-19,20,13,96,55,51
PACIFICO,2025-11-20,21,12,86,54,62
PACIFICO,2025-11-21,25,17,105,48,84
PACIFICO,2025-11-22,20,14,105,54,81
PACIFICO,2025-11-23,21,13,93,64,73
PACIFICO,2025-11-24,20,10,64,50,55
PACIFICO,2025-11-25,24,18,75,65,73
PACIFICO,2025-11-26,23,11,72,61,56
PACIFICO,2025-11-27,26,12,83,84,53
PACIFICO,2025-11-28,26,14,58,60,60
PACIFICO,2025-11-29,31,14,68,66,55
PACIFICO,2025-11-30,27,18,56,59,46
PACIFICO,2025-12-01,31,19,44,55,39
PACIFICO,2025-12-02,32,22,75,68,53
PACIFICO,2025-12-03,27,24,80,54,44
PACIFICO,2025-12-04,24,21,60,66,61
PACIFICO,2025-12-05,23,18,71,92,65
PACIFICO,2025-12-06,27,14,73,109,68
PACIFICO,2025-12-07,24,16,114,119,63
PACIFICO,2025-12-08,28,15,84,78,51
PACIFICO,2025-12-09,32,23,102,114,65
PACIFICO,2025-12-10,32,21,129,99,55
PACIFICO,2025-12-11,38,19,109,111,60
PACIFICO,2025-12-12,25,22,124,110,53
PACIFICO,2025-12-13,33,24,102,125,48
PACIFICO,2025-12-14,27,30,87,98,49
PACIFICO,2025-12-15,21,17,77,79,36
PACIFICO,2025-12-16,27,18,85,113,58
PACIFICO,2025-12-17,26,24,121,105,58
PACIFICO,2025-12-18,30,19,126,107,65
PACIFICO,2025-12-19,29,22,102,101,66
PACIFICO,2025-12-20,27,19,101,96,55
PACIFICO,2025-12-21,27,17,100,89,59
PACIFICO,2025-12-22,21,16,69,76,55
PACIFICO,2025-12-23,25,13,88,87,55
PACIFICO,2025-12-24,19,14,67,62,53
PACIFICO,2025-12-25,14,7,43,59,51
PACIFICO,2025-12-26,17,7,56,56,42
PACIFICO,2025-12-27,27,14,66,80,41
PACIFICO,2025-12-28,18,5,32,52,24
PACIFICO,2025-12-29,17,7,60,40,23
PACIFICO,2025-12-30,22,16,61,65,40
PACIFICO,2025-12-31,20,13,66,58,48
PACIFICO,2026-01-01,18,4,42,40,45
PACIFICO,2026-01-02,21,6,49,34,40
PACIFICO,2026-01-03,24,10,58,62,42
PACIFICO,2026-01-04,23,10,51,74,42
PACIFICO,2026-01-05,22,14,56,71,35
PACIFICO,2026-01-06,34,26,99,99,47
PACIFICO,2026-01-07,31,16,95,101,52
PACIFICO,2026-01-08,35,21,107,157,58
PACIFICO,2026-01-09,38,29,104,156,65
PACIFICO,2026-01-10,40,33,93,146,64
PACIFICO,2026-01-11,36,22,89,112,58
PACIFICO,2026-01-12,32,19,76,84,55
PACIFICO,2026-01-13,27,21,101,116,51
PACIFICO,2026-01-14,27,22,72,107,61
PACIFICO,2026-01-15,31,21,94,135,52
PACIFICO,2026-01-16,30,26,104,153,67
PACIFICO,2026-01-17,31,24,94,147,66
PACIFICO,2026-01-18,29,21,93,104,53
PACIFICO,2026-01-19,21,16,82,75,40
PACIFICO,2026-01-20,30,22,112,125,51
PACIFICO,2026-01-21,28,17,88,127,73
PACIFICO,2026-01-22,25,21,85,122,64
PACIFICO,2026-01-23,25,21,77,94,61
PACIFICO,2026-01-24,26,17,82,120,61
PACIFICO,2026-01-25,26,13,106,84,53
PACIFICO,2026-01-26,31,12,78,69,45
PACIFICO,2026-01-27,33,19,81,76,50
PACIFICO,2026-01-28,24,11,73,104,61
PACIFICO,2026-01-29,28,16,63,97,71
PACIFICO,2026-01-30,37,23,107,114,46
PACIFICO,2026-01-31,39,20,88,124,58
PACIFICO,2026-02-01,44,14,103,78,65
PACIFICO,2026-02-02,45,13,80,62,53
PACIFICO,2026-02-03,40,20,86,90,67
PACIFICO,2026-02-04,37,15,86,101,64
PACIFICO,2026-02-05,36,19,86,84,78
PACIFICO,2026-02-06,30,12,75,126,68
PACIFICO,2026-02-07,39,11,78,119,77
PACIFICO,2026-02-08,39,7,80,86,80
PACIFICO,2026-02-09,33,5,48,71,75
PACIFICO,2026-02-10,32,14,77,101,77
PACIFICO,2026-02-11,34,20,80,100,77
PACIFICO,2026-02-12,35,18,87,115,71
PACIFICO,2026-02-13,31,7,71,116,66
PACIFICO,2026-02-14,30,17,74,118,47
PACIFICO,2026-02-15,26,13,91,92,58
PACIFICO,2026-02-16,27,15,77,53,57
PACIFICO,2026-02-17,21,20,102,118,75
PACIFICO,2026-02-18,25,13,83,88,75
PACIFICO,2026-02-19,25,16,82,84,68
PACIFICO,2026-02-20,26,15,60,92,72
PACIFICO,2026-02-21,34,11,70,90,63
PACIFICO,2026-02-22,21,14,77,71,57
PACIFICO,2026-02-23,18,9,64,52,53
PACIFICO,2026-02-24,24,9,79,68,55
PACIFICO,2026-02-25,25,14,82,67,66
PACIFICO,2026-02-26,29,20,88,75,76
PACIFICO,2026-02-27,37,15,69,90,64
PACIFICO,2026-02-28,40,17,80,102,73
PACIFICO,2026-03-01,36,12,81,81,71
PACIFICO,2026-03-02,35,15,68,71,63
PACIFICO,2026-03-03,36,20,74,74,66
PACIFICO,2026-03-04,34,24,96,98,71
PACIFICO,2026-03-05,30,20,72,99,78
PACIFICO,2026-03-06,30,19,82,82,78
PACIFICO,2026-03-07,34,19,80,95,75
PACIFICO,2026-03-08,25,17,73,80,69
PACIFICO,2026-03-09,16,11,49,55,54
PACIFICO,2026-03-10,21,15,55,82,50
PACIFICO,2026-03-11,22,16,66,89,52
PACIFICO,2026-03-12,28,14,72,98,65
PACIFICO,2026-03-13,29,16,82,90,55
PACIFICO,2026-03-14,27,15,83,90,67
PACIFICO,2026-03-15,29,11,63,85,69
PACIFICO,2026-03-16,19,11,67,66,62
PACIFICO,2026-03-17,20,7,56,54,62
PACIFICO,2026-03-18,32,12,82,77,62
PACIFICO,2026-03-19,27,20,64,75,82
PACIFICO,2026-03-20,34,18,70,80,82
PACIFICO,2026-03-21,35,28,107,87,71
PACIFICO,2026-03-22,17,25,74,72,52
PACIFICO,2026-03-23,12,17,71,50,41
PACIFICO,2026-03-24,12,19,71,68,51
PACIFICO,2026-03-25,17,18,95,69,47
PACIFICO,2026-03-26,17,16,66,83,59
PACIFICO,2026-03-27,20,13,72,80,55
PACIFICO,2026-03-28,26,13,68,77,55
PACIFICO,2026-03-29,17,9,94,71,53
PACIFICO,2026-03-30,15,7,61,56,45
PACIFICO,2026-03-31,20,14,89,70,52
PACIFICO,2026-04-01,22,18,111,80,60
PACIFICO,2026-04-02,24,15,120,94,59
PACIFICO,2026-04-03,24,13,98,67,58
PACIFICO,2026-04-04,24,14,105,51,52
PACIFICO,2026-04-05,19,13,81,45,46
PACIFICO,2026-04-06,16,11,64,58,44
PACIFICO,2026-04-07,26,7,95,80,58
PACIFICO,2026-04-08,35,14,89,83,65
PACIFICO,2026-04-09,30,17,93,93,72
PACIFICO,2026-04-10,28,18,104,125,74
PACIFICO,2026-04-11,35,13,102,131,94
PACIFICO,2026-04-12,45,20,116,100,81
PACIFICO,2026-04-13,27,14,82,68,61
PACIFICO,2026-04-14,30,25,110,85,70
PACIFICO,2026-04-15,28,21,104,101,68
PACIFICO,2026-04-16,25,23,109,87,75
PACIFICO,2026-04-17,26,20,67,81,81
PACIFICO,2026-04-18,25,21,90,101,85
PACIFICO,2026-04-19,23,22,76,75,78
PACIFICO,2026-04-20,22,18,58,55,66
PACIFICO,2026-04-21,22,18,79,60,70
PACIFICO,2026-04-22,23,19,76,69,82
PACIFICO,2026-04-23,28,22,75,67,75
PACIFICO,2026-04-24,25,10,62,61,71
PACIFICO,2026-04-25,30,13,85,77,65
PACIFICO,2026-04-26,20,12,81,58,58
PACIFICO,2026-04-27,20,11,54,44,49
PACIFICO,2026-04-28,22,19,76,58,67
PACIFICO,2026-04-29,21,19,85,58,43
PACIFICO,2026-04-30,27,11,87,70,44
PACIFICO,2026-05-01,33,15,80,51,52
PACIFICO,2026-05-02,25,23,77,42,52
PACIFICO,2026-05-03,29,22,89,64,50
PACIFICO,2026-05-04,29,18,74,53,43
PACIFICO,2026-05-05,36,19,90,89,73
PACIFICO,2026-05-06,32,19,108,56,81
PACIFICO,2026-05-07,23,23,86,85,84
PACIFICO,2026-05-08,18,20,91,73,78
PACIFICO,2026-05-09,31,17,86,74,73
PACIFICO,2026-05-10,21,15,66,67,67
PACIFICO,2026-05-11,15,10,49,55,61
PACIFICO,2026-05-12,18,10,73,81,61
PACIFICO,2026-05-13,27,13,93,87,54
PACIFICO,2026-05-14,27,12,97,96,51
PACIFICO,2026-05-15,23,15,94,80,63
PACIFICO,2026-05-16,24,24,104,96,59
PACIFICO,2026-05-17,21,22,108,59,55
PACIFICO,2026-05-18,18,18,80,36,49
PACIFICO,2026-05-19,22,27,87,73,62
PACIFICO,2026-05-20,22,24,78,71,67
PACIFICO,2026-05-21,21,20,74,93,74
PACIFICO,2026-05-22,25,16,83,88,77
PACIFICO,2026-05-23,25,20,92,89,80
PACIFICO,2026-05-24,18,19,85,71,84
PACIFICO,2026-05-25,19,13,76,53,65
PACIFICO,2026-05-26,22,18,86,63,74
PACIFICO,2026-05-27,25,9,91,69,75
PACIFICO,2026-05-28,28,13,102,67,86
PACIFICO,2026-05-29,33,20,104,77,84
PACIFICO,2026-05-30,29,24,101,81,85
PACIFICO,2026-05-31,24,16,91,53,84
PACIFICO,2026-06-01,22,16,69,39,72
PACIFICO,2026-06-02,30,20,97,63,81
PACIFICO,2026-06-03,29,27,111,61,77
PACIFICO,2026-06-04,35,27,117,76,66
PACIFICO,2026-06-05,26,31,108,67,72
PACIFICO,2026-06-06,30,28,104,97,79
PACIFICO,2026-06-07,26,20,104,75,73
PACIFICO,2026-06-08,25,17,91,50,74
PACIFICO,2026-06-09,29,34,113,90,101
PACIFICO,2026-06-10,35,22,135,95,85
PACIFICO,2026-06-11,34,25,138,98,93
PACIFICO,2026-06-12,31,23,146,87,87
PACIFICO,2026-06-13,34,20,122,112,95
PACIFICO,2026-06-14,38,17,136,88,93
PACIFICO,2026-06-15,40,19,123,66,86
PACIFICO,2026-06-16,46,19,166,110,98
PACIFICO,2026-06-17,42,32,197,113,87
PACIFICO,2026-06-18,43,35,164,113,117
PACIFICO,2026-06-19,47,33,157,89,102
PACIFICO,2026-06-20,32,27,160,69,124
PACIFICO,2026-06-21,29,25,116,46,98
PACIFICO,2026-06-22,24,25,94,38,83
PACIFICO,2026-06-23,28,40,147,70,91
PACIFICO,2026-06-24,26,33,163,77,105
PACIFICO,2026-06-25,27,24,167,77,104
PACIFICO,2026-06-26,30,27,120,71,113
PACIFICO,2026-06-27,34,28,138,72,137
PACIFICO,2026-06-28,38,28,148,57,126
PACIFICO,2026-06-29,33,23,112,45,103
PACIFICO,2026-06-30,34,21,134,67,115
PACIFICO,2026-07-01,28,27,130,42,123
PACIFICO,2026-07-02,37,37,147,67,131
PACIFICO,2026-07-03,42,31,137,76,135
PACIFICO,2026-07-04,43,32,130,81,123
PACIFICO,2026-07-05,28,32,138,63,103
PACIFICO,2026-07-06,31,30,122,44,89
PACIFICO,2026-07-07,39,24,159,77,102
PACIFICO,2026-07-08,41,28,141,90,108
PACIFICO,2026-07-09,37,17,177,81,117
PACIFICO,2026-07-10,32,22,187,100,107
PACIFICO,2026-07-11,42,26,278,92,97
PACIFICO,2026-07-12,41,24,271,62,93
PACIFICO,2026-07-13,38,18,229,59,73
PACIFICO,2026-07-14,27,30,228,104,89
PACIFICO,2026-07-15,30,26,319,120,91
PACIFICO,2026-07-16,34,32,274,143,113
PACIFICO,2026-07-17,39,34,275,162,116
PACIFICO,2026-07-18,46,46,242,161,117
PACIFICO,2026-07-19,54,45,175,123,113
PACIFICO,2026-07-20,43,38,117,78,101
PACIFICO,2026-07-21,30,29,174,116,91
PACIFICO,2026-07-22,32,28,149,124,105
PACIFICO,2026-07-23,25,22,163,124,100
PACIFICO,2026-07-24,36,25,201,125,99
PACIFICO,2026-07-25,41,27,178,117,102
PACIFICO,2026-07-26,37,23,171,94,90
PACIFICO,2026-07-27,27,15,87,35,67
PACIFICO,2026-07-28,34,15,169,91,104
PACIFICO,2026-07-29,37,18,241,98,105
PACIFICO,2026-07-30,38,27,253,121,112
PACIFICO,2026-07-31,33,29,263,118,103
PACIFICO,2026-08-01,34,34,258,122,102
PACIFICO,2026-08-02,48,33,230,121,102
PACIFICO,2026-08-03,38,33,246,83,98
PACIFICO,2026-08-04,40,42,258,150,99
PACIFICO,2026-08-05,41,35,282,137,116
PACIFICO,2026-08-06,35,31,260,133,118
PACIFICO,2026-08-07,41,37,249,129,109
PACIFICO,2026-08-08,44,38,249,140,96
PACIFICO,2026-08-09,39,30,267,125,88
PACIFICO,2026-08-10,39,32,254,86,78
PACIFICO,2026-08-11,34,42,297,118,92
PACIFICO,2026-08-12,33,33,305,166,98
PACIFICO,2026-08-13,40,36,295,165,104
PACIFICO,2026-08-14,42,31,247,167,107
PACIFICO,2026-08-15,46,34,208,177,123
PACIFICO,2026-08-16,49,28,208,127,121
PACIFICO,2026-08-17,48,25,122,83,100
PACIFICO,2026-08-18,48,24,189,138,96
PACIFICO,2026-08-19,52,28,267,123,97
PACIFICO,2026-08-20,48,30,274,147,108
PACIFICO,2026-08-21,42,28,223,148,108
PACIFICO,2026-08-22,37,40,222,147,112
PACIFICO,2026-08-23,41,37,203,135,97
PACIFICO,2026-08-24,38,31,223,119,76
SURESTE,2025-08-25,58,32,105,149,98
SURESTE,2025-08-26,66,30,154,176,119
SURESTE,2025-08-27,60,34,170,179,145
SURESTE,2025-08-28,68,31,164,165,117
SURESTE,2025-08-29,69,32,145,198,119
SURESTE,2025-08-30,66,30,149,194,107
SURESTE,2025-08-31,65,22,129,159,104
SURESTE,2025-09-01,64,15,93,119,81
SURESTE,2025-09-02,70,30,154,139,94
SURESTE,2025-09-03,66,20,193,182,124
SURESTE,2025-09-04,69,15,175,171,109
SURESTE,2025-09-05,83,22,177,187,111
SURESTE,2025-09-06,81,17,164,171,110
SURESTE,2025-09-07,59,18,124,142,98
SURESTE,2025-09-08,57,21,117,127,76
SURESTE,2025-09-09,51,26,140,168,92
SURESTE,2025-09-10,56,20,130,184,103
SURESTE,2025-09-11,45,21,169,198,119
SURESTE,2025-09-12,64,16,165,199,123
SURESTE,2025-09-13,63,20,169,183,100
SURESTE,2025-09-14,63,18,148,177,103
SURESTE,2025-09-15,54,14,111,135,78
SURESTE,2025-09-16,59,22,157,167,95
SURESTE,2025-09-17,68,22,146,131,100
SURESTE,2025-09-18,60,28,194,139,115
SURESTE,2025-09-19,64,33,175,142,130
SURESTE,2025-09-20,61,27,152,169,148
SURESTE,2025-09-21,60,36,157,149,139
SURESTE,2025-09-22,41,23,124,144,101
SURESTE,2025-09-23,34,26,146,150,140
SURESTE,2025-09-24,31,26,160,149,142
SURESTE,2025-09-25,36,29,138,149,140
SURESTE,2025-09-26,56,23,154,180,137
SURESTE,2025-09-27,58,21,180,184,138
SURESTE,2025-09-28,69,29,208,156,115
SURESTE,2025-09-29,65,25,196,135,108
SURESTE,2025-09-30,78,38,220,174,121
SURESTE,2025-10-01,90,44,221,149,140
SURESTE,2025-10-02,89,47,229,138,137
SURESTE,2025-10-03,78,36,229,147,138
SURESTE,2025-10-04,84,36,196,142,136
SURESTE,2025-10-05,72,34,182,112,121
SURESTE,2025-10-06,69,30,162,100,91
SURESTE,2025-10-07,67,27,174,107,117
SURESTE,2025-10-08,64,36,179,122,111
SURESTE,2025-10-09,58,28,165,145,128
SURESTE,2025-10-10,61,29,153,176,128
SURESTE,2025-10-11,69,27,138,195,124
SURESTE,2025-10-12,58,25,135,156,118
SURESTE,2025-10-13,59,22,128,159,83
SURESTE,2025-10-14,64,27,146,184,117
SURESTE,2025-10-15,66,30,167,179,116
SURESTE,2025-10-16,73,39,183,183,124
SURESTE,2025-10-17,63,31,159,185,143
SURESTE,2025-10-18,62,29,148,184,148
SURESTE,2025-10-19,62,14,148,151,116
SURESTE,2025-10-20,61,19,135,123,90
SURESTE,2025-10-21,61,27,205,152,138
SURESTE,2025-10-22,55,26,190,152,151
SURESTE,2025-10-23,62,39,170,159,150
SURESTE,2025-10-24,64,42,168,205,156
SURESTE,2025-10-25,66,31,161,218,147
SURESTE,2025-10-26,44,26,144,190,116
SURESTE,2025-10-27,37,23,117,160,87
SURESTE,2025-10-28,56,24,144,164,109
SURESTE,2025-10-29,64,27,150,158,119
SURESTE,2025-10-30,74,28,178,179,114
SURESTE,2025-10-31,66,27,182,184,114
SURESTE,2025-11-01,71,31,165,141,107
SURESTE,2025-11-02,66,20,143,134,96
SURESTE,2025-11-03,59,18,137,102,65
SURESTE,2025-11-04,66,29,144,121,97
SURESTE,2025-11-05,49,24,150,124,102
SURESTE,2025-11-06,52,27,147,155,108
SURESTE,2025-11-07,51,37,155,167,110
SURESTE,2025-11-08,50,34,142,195,121
SURESTE,2025-11-09,53,25,154,185,115
SURESTE,2025-11-10,46,17,122,185,87
SURESTE,2025-11-11,49,35,203,196,120
SURESTE,2025-11-12,58,32,208,211,105
SURESTE,2025-11-13,71,39,177,215,118
SURESTE,2025-11-14,73,44,159,227,120
SURESTE,2025-11-15,93,42,162,242,115
SURESTE,2025-11-16,91,37,162,199,130
SURESTE,2025-11-17,78,43,136,165,106
SURESTE,2025-11-18,66,58,158,189,116
SURESTE,2025-11-19,54,56,152,196,128
SURESTE,2025-11-20,59,43,148,215,139
SURESTE,2025-11-21,64,36,165,212,152
SURESTE,2025-11-22,60,46,173,245,177
SURESTE,2025-11-23,50,35,148,218,157
SURESTE,2025-11-24,48,31,123,194,112
SURESTE,2025-11-25,67,30,178,216,128
SURESTE,2025-11-26,73,41,159,204,138
SURESTE,2025-11-27,66,32,148,227,129
SURESTE,2025-11-28,65,39,157,221,109
SURESTE,2025-11-29,70,34,179,224,112
SURESTE,2025-11-30,77,34,166,200,98
SURESTE,2025-12-01,65,33,148,134,76
SURESTE,2025-12-02,73,37,135,161,84
SURESTE,2025-12-03,87,42,170,155,105
SURESTE,2025-12-04,70,44,156,157,101
SURESTE,2025-12-05,58,47,153,178,105
SURESTE,2025-12-06,65,32,167,185,87
SURESTE,2025-12-07,58,31,150,174,88
SURESTE,2025-12-08,57,23,125,153,68
SURESTE,2025-12-09,52,31,168,183,108
SURESTE,2025-12-10,53,20,197,188,126
SURESTE,2025-12-11,60,27,195,187,124
SURESTE,2025-12-12,56,36,174,196,115
SURESTE,2025-12-13,63,30,159,217,106
SURESTE,2025-12-14,56,23,139,214,96
SURESTE,2025-12-15,52,29,131,195,71
SURESTE,2025-12-16,75,45,136,230,110
SURESTE,2025-12-17,72,42,171,233,102
SURESTE,2025-12-18,77,43,168,244,135
SURESTE,2025-12-19,65,46,171,254,151
SURESTE,2025-12-20,84,47,205,209,125
SURESTE,2025-12-21,66,39,174,174,117
SURESTE,2025-12-22,52,30,159,137,90
SURESTE,2025-12-23,48,27,179,151,88
SURESTE,2025-12-24,45,33,142,147,91
SURESTE,2025-12-25,40,26,111,123,68
SURESTE,2025-12-26,46,26,108,83,54
SURESTE,2025-12-27,55,23,130,123,76
SURESTE,2025-12-28,53,20,111,136,90
SURESTE,2025-12-29,47,18,117,115,71
SURESTE,2025-12-30,51,36,170,150,110
SURESTE,2025-12-31,61,28,178,158,117
SURESTE,2026-01-01,57,28,184,97,101
SURESTE,2026-01-02,67,31,203,91,95
SURESTE,2026-01-03,77,40,220,171,125
SURESTE,2026-01-04,63,40,195,177,109
SURESTE,2026-01-05,43,27,149,166,94
SURESTE,2026-01-06,71,42,180,188,130
SURESTE,2026-01-07,71,39,148,208,132
SURESTE,2026-01-08,69,41,174,248,126
SURESTE,2026-01-09,66,43,177,241,121
SURESTE,2026-01-10,77,44,158,248,111
SURESTE,2026-01-11,76,34,161,233,102
SURESTE,2026-01-12,80,29,153,199,74
SURESTE,2026-01-13,92,43,253,227,106
SURESTE,2026-01-14,98,51,264,349,124
SURESTE,2026-01-15,97,50,273,375,148
SURESTE,2026-01-16,99,65,309,399,169
SURESTE,2026-01-17,125,75,282,355,187
SURESTE,2026-01-18,117,56,240,279,169
SURESTE,2026-01-19,95,59,199,243,146
SURESTE,2026-01-20,107,62,193,246,163
SURESTE,2026-01-21,88,65,147,232,168
SURESTE,2026-01-22,89,59,175,236,164
SURESTE,2026-01-23,103,50,192,241,147
SURESTE,2026-01-24,106,42,194,275,156
SURESTE,2026-01-25,95,25,156,228,114
SURESTE,2026-01-26,84,25,125,196,84
SURESTE,2026-01-27,77,38,168,225,127
SURESTE,2026-01-28,71,25,167,216,136
SURESTE,2026-01-29,86,33,141,219,125
SURESTE,2026-01-30,86,38,142,219,130
SURESTE,2026-01-31,94,28,139,230,137
SURESTE,2026-02-01,91,30,165,191,125
SURESTE,2026-02-02,87,37,122,171,101
SURESTE,2026-02-03,93,48,121,162,101
SURESTE,2026-02-04,88,44,165,176,119
SURESTE,2026-02-05,82,39,157,215,131
SURESTE,2026-02-06,87,46,163,217,145
SURESTE,2026-02-07,79,45,132,209,138
SURESTE,2026-02-08,78,31,137,176,113
SURESTE,2026-02-09,47,29,105,157,88
SURESTE,2026-02-10,58,33,145,194,115
SURESTE,2026-02-11,61,33,136,179,146
SURESTE,2026-02-12,65,36,142,197,151
SURESTE,2026-02-13,59,41,171,226,131
SURESTE,2026-02-14,72,49,161,249,130
SURESTE,2026-02-15,60,32,151,183,123
SURESTE,2026-02-16,59,27,126,140,111
SURESTE,2026-02-17,68,36,130,194,121
SURESTE,2026-02-18,63,33,161,179,128
SURESTE,2026-02-19,76,47,139,166,159
SURESTE,2026-02-20,77,30,159,201,149
SURESTE,2026-02-21,64,27,166,221,145
SURESTE,2026-02-22,62,35,123,178,125
SURESTE,2026-02-23,47,21,141,153,82
SURESTE,2026-02-24,66,36,187,200,116
SURESTE,2026-02-25,65,30,140,205,144
SURESTE,2026-02-26,71,32,144,204,144
SURESTE,2026-02-27,70,43,157,216,154
SURESTE,2026-02-28,82,41,160,292,157
SURESTE,2026-03-01,80,46,156,173,140
SURESTE,2026-03-02,74,36,130,130,109
SURESTE,2026-03-03,69,38,151,191,105
SURESTE,2026-03-04,70,40,188,216,120
SURESTE,2026-03-05,65,43,186,166,128
SURESTE,2026-03-06,79,54,177,165,128
SURESTE,2026-03-07,62,43,168,153,141
SURESTE,2026-03-08,60,35,150,155,158
SURESTE,2026-03-09,44,25,141,131,140
SURESTE,2026-03-10,65,32,152,171,156
SURESTE,2026-03-11,63,35,144,193,141
SURESTE,2026-03-12,64,43,159,205,141
SURESTE,2026-03-13,76,30,154,186,139
SURESTE,2026-03-14,79,35,172,223,131
SURESTE,2026-03-15,69,31,176,205,141
SURESTE,2026-03-16,62,24,145,153,118
SURESTE,2026-03-17,75,28,177,172,113
SURESTE,2026-03-18,68,43,209,201,154
SURESTE,2026-03-19,69,45,212,207,151
SURESTE,2026-03-20,78,44,192,212,142
SURESTE,2026-03-21,61,38,176,230,134
SURESTE,2026-03-22,58,33,138,169,131
SURESTE,2026-03-23,38,31,136,141,100
SURESTE,2026-03-24,43,35,154,190,107
SURESTE,2026-03-25,50,39,166,150,131
SURESTE,2026-03-26,53,31,151,189,134
SURESTE,2026-03-27,82,31,140,199,121
SURESTE,2026-03-28,78,32,161,217,121
SURESTE,2026-03-29,72,34,164,181,111
SURESTE,2026-03-30,54,38,132,135,87
SURESTE,2026-03-31,72,49,147,168,103
SURESTE,2026-04-01,75,60,173,160,134
SURESTE,2026-04-02,82,62,174,186,146
SURESTE,2026-04-03,60,51,169,173,117
SURESTE,2026-04-04,61,38,154,126,127
SURESTE,2026-04-05,55,32,122,135,114
SURESTE,2026-04-06,48,21,128,116,91
SURESTE,2026-04-07,62,36,178,162,103
SURESTE,2026-04-08,65,43,167,164,133
SURESTE,2026-04-09,60,35,177,176,148
SURESTE,2026-04-10,51,35,155,169,168
SURESTE,2026-04-11,69,36,176,179,153
SURESTE,2026-04-12,78,44,153,167,122
SURESTE,2026-04-13,69,33,131,141,94
SURESTE,2026-04-14,67,36,154,201,111
SURESTE,2026-04-15,62,49,155,189,152
SURESTE,2026-04-16,72,45,186,192,163
SURESTE,2026-04-17,62,42,174,182,182
SURESTE,2026-04-18,63,37,171,218,184
SURESTE,2026-04-19,57,47,141,163,179
SURESTE,2026-04-20,51,44,146,110,146
SURESTE,2026-04-21,49,40,162,138,180
SURESTE,2026-04-22,44,46,171,158,148
SURESTE,2026-04-23,61,40,199,150,162
SURESTE,2026-04-24,72,39,188,232,139
SURESTE,2026-04-25,77,43,187,263,150
SURESTE,2026-04-26,58,40,165,256,128
SURESTE,2026-04-27,53,40,148,193,110
SURESTE,2026-04-28,58,45,152,223,151
SURESTE,2026-04-29,63,38,171,232,144
SURESTE,2026-04-30,72,33,183,196,161
SURESTE,2026-05-01,70,34,175,156,167
SURESTE,2026-05-02,78,50,161,141,144
SURESTE,2026-05-03,90,45,163,126,126
SURESTE,2026-05-04,69,44,130,107,112
SURESTE,2026-05-05,64,49,175,165,153
SURESTE,2026-05-06,61,40,192,178,155
SURESTE,2026-05-07,56,45,214,174,153
SURESTE,2026-05-08,52,44,193,188,130
SURESTE,2026-05-09,50,56,209,198,150
SURESTE,2026-05-10,44,39,236,135,134
SURESTE,2026-05-11,37,33,168,97,108
SURESTE,2026-05-12,50,46,188,157,124
SURESTE,2026-05-13,68,42,233,172,133
SURESTE,2026-05-14,67,43,249,182,126
SURESTE,2026-05-15,74,44,191,212,145
SURESTE,2026-05-16,71,62,205,200,159
SURESTE,2026-05-17,71,67,199,176,151
SURESTE,2026-05-18,66,53,212,124,132
SURESTE,2026-05-19,66,58,205,182,174
SURESTE,2026-05-20,72,54,262,212,191
SURESTE,2026-05-21,78,54,271,230,197
SURESTE,2026-05-22,87,57,257,217,183
SURESTE,2026-05-23,80,73,251,205,160
SURESTE,2026-05-24,66,50,236,156,166
SURESTE,2026-05-25,63,28,195,131,140
SURESTE,2026-05-26,66,43,253,182,136
SURESTE,2026-05-27,66,48,293,181,150
SURESTE,2026-05-28,66,50,336,209,152
SURESTE,2026-05-29,77,48,309,251,163
SURESTE,2026-05-30,90,60,340,256,152
SURESTE,2026-05-31,78,71,336,173,150
SURESTE,2026-06-01,68,63,316,119,140
SURESTE,2026-06-02,91,64,383,187,147
SURESTE,2026-06-03,104,75,383,184,164
SURESTE,2026-06-04,96,80,406,207,183
SURESTE,2026-06-05,100,90,396,215,169
SURESTE,2026-06-06,112,103,413,222,179
SURESTE,2026-06-07,103,119,344,179,149
SURESTE,2026-06-08,90,115,272,154,136
SURESTE,2026-06-09,84,120,268,209,175
SURESTE,2026-06-10,81,127,280,186,165
SURESTE,2026-06-11,81,124,265,211,160
SURESTE,2026-06-12,74,104,298,202,143
SURESTE,2026-06-13,78,90,322,224,149
SURESTE,2026-06-14,70,97,303,191,155
SURESTE,2026-06-15,59,63,242,154,120
SURESTE,2026-06-16,75,74,252,230,153
SURESTE,2026-06-17,69,61,286,216,174
SURESTE,2026-06-18,82,56,314,196,193
SURESTE,2026-06-19,77,75,312,234,204
SURESTE,2026-06-20,72,88,303,286,201
SURESTE,2026-06-21,69,86,297,264,204
SURESTE,2026-06-22,64,78,253,194,176
SURESTE,2026-06-23,73,78,261,260,189
SURESTE,2026-06-24,79,75,295,323,204
SURESTE,2026-06-25,89,70,323,283,210
SURESTE,2026-06-26,86,66,252,252,231
SURESTE,2026-06-27,70,67,285,253,208
SURESTE,2026-06-28,64,66,250,220,194
SURESTE,2026-06-29,65,53,202,166,163
SURESTE,2026-06-30,76,74,200,200,177
SURESTE,2026-07-01,83,77,194,161,182
SURESTE,2026-07-02,86,94,209,167,190
SURESTE,2026-07-03,87,97,272,161,203
SURESTE,2026-07-04,89,85,231,185,196
SURESTE,2026-07-05,77,60,251,153,154
SURESTE,2026-07-06,68,46,189,103,130
SURESTE,2026-07-07,83,55,251,135,140
SURESTE,2026-07-08,83,59,282,190,144
SURESTE,2026-07-09,81,57,295,173,156
SURESTE,2026-07-10,90,56,279,167,145
SURESTE,2026-07-11,98,44,285,187,166
SURESTE,2026-07-12,90,45,314,146,147
SURESTE,2026-07-13,81,43,269,135,134
SURESTE,2026-07-14,75,60,306,192,165
SURESTE,2026-07-15,90,68,337,203,164
SURESTE,2026-07-16,87,71,349,227,170
SURESTE,2026-07-17,95,73,402,212,198
SURESTE,2026-07-18,91,77,435,237,202
SURESTE,2026-07-19,91,83,413,199,210
SURESTE,2026-07-20,95,71,248,155,178
SURESTE,2026-07-21,98,81,269,201,201
SURESTE,2026-07-22,104,82,290,230,201
SURESTE,2026-07-23,86,73,270,234,193
SURESTE,2026-07-24,98,69,272,209,177
SURESTE,2026-07-25,89,81,257,220,171
SURESTE,2026-07-26,81,70,232,184,182
SURESTE,2026-07-27,54,60,184,145,152
SURESTE,2026-07-28,65,69,222,155,147
SURESTE,2026-07-29,84,65,224,179,150
SURESTE,2026-07-30,85,52,234,198,129
SURESTE,2026-07-31,105,64,264,218,137
SURESTE,2026-08-01,114,51,265,175,159
SURESTE,2026-08-02,104,61,252,168,166
SURESTE,2026-08-03,78,50,180,154,133
SURESTE,2026-08-04,94,55,247,183,147
SURESTE,2026-08-05,89,53,298,215,162
SURESTE,2026-08-06,85,51,271,225,169
SURESTE,2026-08-07,76,55,289,232,176
SURESTE,2026-08-08,90,62,265,239,183
SURESTE,2026-08-09,85,64,234,204,168
SURESTE,2026-08-10,65,56,178,179,124
SURESTE,2026-08-11,74,48,265,173,151
SURESTE,2026-08-12,85,62,316,237,175
SURESTE,2026-08-13,102,74,339,280,174
SURESTE,2026-08-14,108,78,381,268,174
SURESTE,2026-08-15,112,72,333,285,189
SURESTE,2026-08-16,100,52,343,254,173
SURESTE,2026-08-17,88,51,277,197,137
SURESTE,2026-08-18,103,68,274,250,147
SURESTE,2026-08-19,103,63,257,244,157
SURESTE,2026-08-20,100,67,280,236,158
SURESTE,2026-08-21,84,56,288,234,171
SURESTE,2026-08-22,96,63,267,236,173
SURESTE,2026-08-23,98,56,226,193,169
SURESTE,2026-08-24,69,48,196,155,130
